sub,roi,bin_ms,d,n_elec
R1001P,L-frontal,25.0,-0.08732732156149743,5
R1001P,L-frontal,75.0,-0.06953879671616656,5
R1001P,L-frontal,125.0,-0.04835702363770354,5
R1001P,L-frontal,175.0,0.005454305246950529,5
R1001P,L-frontal,225.0,0.044789602390665054,5
R1001P,L-frontal,275.0,0.0992071944813703,5
R1001P,L-frontal,325.0,0.10596299018690844,5
R1001P,L-frontal,375.0,0.1366514386303848,5
R1001P,L-frontal,425.0,0.1228381736876484,5
R1001P,L-frontal,475.0,0.13860602239752365,5
R1001P,L-frontal,525.0,0.1491661646133505,5
R1001P,L-frontal,575.0,0.1368876071120419,5
R1001P,L-frontal,625.0,0.18071140216737477,5
R1001P,L-frontal,675.0,0.1477961572237608,5
R1001P,L-frontal,725.0,0.14272092009432247,5
R1001P,L-frontal,775.0,0.143488647132943,5
R1001P,L-frontal,825.0,0.14472378340283604,5
R1001P,L-frontal,875.0,0.162791451438652,5
R1001P,L-frontal,925.0,0.15853287887980344,5
R1001P,L-frontal,975.0,0.1480279510644758,5
R1001P,L-frontal,1025.0,0.14475134844531926,5
R1001P,L-frontal,1075.0,0.16592938385633355,5
R1001P,L-frontal,1125.0,0.12168617644856776,5
R1001P,L-frontal,1175.0,0.11547284973266166,5
R1001P,L-frontal,1225.0,0.13004402865173786,5
R1001P,L-frontal,1275.0,0.1324051799451627,5
R1001P,L-frontal,1325.0,0.15393881069984056,5
R1001P,L-frontal,1375.0,0.16078781683694424,5
R1001P,L-frontal,1425.0,0.14529941157042645,5
R1001P,L-frontal,1475.0,0.13138483440030674,5
R1001P,L-frontal,1525.0,0.11680616221416473,5
R1001P,L-frontal,1575.0,0.09622196594145983,5
R1001P,L-occipital,25.0,0.08143289178054128,6
R1001P,L-occipital,75.0,0.3052715917454713,6
R1001P,L-occipital,125.0,0.9560289531159221,6
R1001P,L-occipital,175.0,1.313267907446801,6
R1001P,L-occipital,225.0,1.2356979400634183,6
R1001P,L-occipital,275.0,1.1747897912144865,6
R1001P,L-occipital,325.0,1.1487536620167866,6
R1001P,L-occipital,375.0,1.0658716371332193,6
R1001P,L-occipital,425.0,0.919288358306328,6
R1001P,L-occipital,475.0,0.8081902565022435,6
R1001P,L-occipital,525.0,0.6528819838232381,6
R1001P,L-occipital,575.0,0.465075731711003,6
R1001P,L-occipital,625.0,0.2986985847067251,6
R1001P,L-occipital,675.0,0.19181308135788233,6
R1001P,L-occipital,725.0,0.07903894286144152,6
R1001P,L-occipital,775.0,0.01613728359181753,6
R1001P,L-occipital,825.0,-0.009896679683885265,6
R1001P,L-occipital,875.0,-0.007295779464777617,6
R1001P,L-occipital,925.0,0.025465612231743113,6
R1001P,L-occipital,975.0,0.07460469138476691,6
R1001P,L-occipital,1025.0,0.07859137228953993,6
R1001P,L-occipital,1075.0,0.08759310353276871,6
R1001P,L-occipital,1125.0,0.10964457364470337,6
R1001P,L-occipital,1175.0,0.11318093811710533,6
R1001P,L-occipital,1225.0,0.14173790781873893,6
R1001P,L-occipital,1275.0,0.1662041686112927,6
R1001P,L-occipital,1325.0,0.12796076661905392,6
R1001P,L-occipital,1375.0,0.10137146643728541,6
R1001P,L-occipital,1425.0,0.1062945256711254,6
R1001P,L-occipital,1475.0,0.14718513822889334,6
R1001P,L-occipital,1525.0,0.13931547429645433,6
R1001P,L-occipital,1575.0,0.12413776007239323,6
R1001P,L-parietal,25.0,-0.04669445685990368,3
R1001P,L-parietal,75.0,-0.031375469836052404,3
R1001P,L-parietal,125.0,0.03494265372912115,3
R1001P,L-parietal,175.0,0.0985434484391823,3
R1001P,L-parietal,225.0,0.12207183082820072,3
R1001P,L-parietal,275.0,0.15389191978667413,3
R1001P,L-parietal,325.0,0.12881513000085418,3
R1001P,L-parietal,375.0,0.161787087951097,3
R1001P,L-parietal,425.0,0.16240991998529078,3
R1001P,L-parietal,475.0,0.1324150641551333,3
R1001P,L-parietal,525.0,0.1428462562135948,3
R1001P,L-parietal,575.0,0.14988128034136364,3
R1001P,L-parietal,625.0,0.08310208548184882,3
R1001P,L-parietal,675.0,0.09692466239635787,3
R1001P,L-parietal,725.0,0.1443146847326868,3
R1001P,L-parietal,775.0,0.16689461890692336,3
R1001P,L-parietal,825.0,0.14689877313020466,3
R1001P,L-parietal,875.0,0.13017893075071046,3
R1001P,L-parietal,925.0,0.1289413042525294,3
R1001P,L-parietal,975.0,0.12593036737569469,3
R1001P,L-parietal,1025.0,0.1541877581153025,3
R1001P,L-parietal,1075.0,0.14141072110163502,3
R1001P,L-parietal,1125.0,0.10033532235764953,3
R1001P,L-parietal,1175.0,0.12076859783265276,3
R1001P,L-parietal,1225.0,0.12285405204834117,3
R1001P,L-parietal,1275.0,0.1607173234404871,3
R1001P,L-parietal,1325.0,0.11759641454446347,3
R1001P,L-parietal,1375.0,0.10867990203520543,3
R1001P,L-parietal,1425.0,0.10914897646206996,3
R1001P,L-parietal,1475.0,0.1131244740001565,3
R1001P,L-parietal,1525.0,0.06828635307767107,3
R1001P,L-parietal,1575.0,0.039873722230629634,3
R1001P,R-frontal,25.0,-0.03802415220789299,4
R1001P,R-frontal,75.0,-0.00690809157588072,4
R1001P,R-frontal,125.0,0.02924858130893812,4
R1001P,R-frontal,175.0,-0.018891508919944955,4
R1001P,R-frontal,225.0,-0.0767429066610319,4
R1001P,R-frontal,275.0,-0.08017503668608887,4
R1001P,R-frontal,325.0,-0.068511376496832,4
R1001P,R-frontal,375.0,-0.06499576502398483,4
R1001P,R-frontal,425.0,-0.09580359235282282,4
R1001P,R-frontal,475.0,-0.10713440227514742,4
R1001P,R-frontal,525.0,-0.11386277740911294,4
R1001P,R-frontal,575.0,-0.1243744679672578,4
R1001P,R-frontal,625.0,-0.10799360393383883,4
R1001P,R-frontal,675.0,-0.08067875492890678,4
R1001P,R-frontal,725.0,-0.055274062646051635,4
R1001P,R-frontal,775.0,-0.0533380501970447,4
R1001P,R-frontal,825.0,0.0160829930254042,4
R1001P,R-frontal,875.0,0.0479077832596373,4
R1001P,R-frontal,925.0,0.06883172209281836,4
R1001P,R-frontal,975.0,0.0822081170790375,4
R1001P,R-frontal,1025.0,0.06666172768349493,4
R1001P,R-frontal,1075.0,0.033683269053555634,4
R1001P,R-frontal,1125.0,0.07218500100855146,4
R1001P,R-frontal,1175.0,0.07246742679564067,4
R1001P,R-frontal,1225.0,0.057705566382009396,4
R1001P,R-frontal,1275.0,0.0746906474127212,4
R1001P,R-frontal,1325.0,0.09275518524828477,4
R1001P,R-frontal,1375.0,0.12085581408669062,4
R1001P,R-frontal,1425.0,0.10276710919422287,4
R1001P,R-frontal,1475.0,0.09319217548414191,4
R1001P,R-frontal,1525.0,0.07336943203181553,4
R1001P,R-frontal,1575.0,0.03776126137647429,4
R1001P,R-occipital,25.0,0.14175481166332027,5
R1001P,R-occipital,75.0,0.46422787030978163,5
R1001P,R-occipital,125.0,0.8672580586533718,5
R1001P,R-occipital,175.0,0.9673051393516061,5
R1001P,R-occipital,225.0,0.795839530366022,5
R1001P,R-occipital,275.0,0.7401551582021615,5
R1001P,R-occipital,325.0,0.7821832649823811,5
R1001P,R-occipital,375.0,0.7523928490165768,5
R1001P,R-occipital,425.0,0.6546721222293789,5
R1001P,R-occipital,475.0,0.5486304811462513,5
R1001P,R-occipital,525.0,0.4317336864367224,5
R1001P,R-occipital,575.0,0.3132881057714218,5
R1001P,R-occipital,625.0,0.17743201664440894,5
R1001P,R-occipital,675.0,0.08695833497572487,5
R1001P,R-occipital,725.0,0.006030399387130847,5
R1001P,R-occipital,775.0,-0.0823192849568857,5
R1001P,R-occipital,825.0,-0.09796673955262407,5
R1001P,R-occipital,875.0,-0.06883048188615712,5
R1001P,R-occipital,925.0,-0.040712802287822515,5
R1001P,R-occipital,975.0,0.0033137276743790745,5
R1001P,R-occipital,1025.0,0.04737481408717803,5
R1001P,R-occipital,1075.0,0.03763328394326652,5
R1001P,R-occipital,1125.0,0.028850875626436578,5
R1001P,R-occipital,1175.0,0.03661699227903905,5
R1001P,R-occipital,1225.0,0.040927572725245234,5
R1001P,R-occipital,1275.0,0.08548450804868192,5
R1001P,R-occipital,1325.0,0.0702141181364051,5
R1001P,R-occipital,1375.0,0.07040161041484151,5
R1001P,R-occipital,1425.0,0.0678271525518718,5
R1001P,R-occipital,1475.0,0.030277148285752085,5
R1001P,R-occipital,1525.0,0.006898421078875549,5
R1001P,R-occipital,1575.0,0.029580511487825645,5
R1001P,R-parietal,25.0,-0.08448152891565458,3
R1001P,R-parietal,75.0,-0.09401222783620074,3
R1001P,R-parietal,125.0,-0.061363245044147106,3
R1001P,R-parietal,175.0,-0.01801219783215439,3
R1001P,R-parietal,225.0,-0.029461374545925765,3
R1001P,R-parietal,275.0,-0.06584805501406187,3
R1001P,R-parietal,325.0,-0.04983931886245965,3
R1001P,R-parietal,375.0,0.02660988594271073,3
R1001P,R-parietal,425.0,0.007606088258520352,3
R1001P,R-parietal,475.0,-0.011334704206847018,3
R1001P,R-parietal,525.0,-0.028604048497897886,3
R1001P,R-parietal,575.0,-0.03806187808721421,3
R1001P,R-parietal,625.0,0.004464649173136177,3
R1001P,R-parietal,675.0,0.04718327701867046,3
R1001P,R-parietal,725.0,0.01612903097442853,3
R1001P,R-parietal,775.0,0.003892387106889196,3
R1001P,R-parietal,825.0,0.04376737660897534,3
R1001P,R-parietal,875.0,0.06522448740589128,3
R1001P,R-parietal,925.0,0.06978540783275758,3
R1001P,R-parietal,975.0,0.10044025354138032,3
R1001P,R-parietal,1025.0,0.10529819862310703,3
R1001P,R-parietal,1075.0,0.11615783553807342,3
R1001P,R-parietal,1125.0,0.096269005234285,3
R1001P,R-parietal,1175.0,0.1254300844597608,3
R1001P,R-parietal,1225.0,0.08082874584346895,3
R1001P,R-parietal,1275.0,0.1018009301956319,3
R1001P,R-parietal,1325.0,0.14306725805803122,3
R1001P,R-parietal,1375.0,0.15011174908248448,3
R1001P,R-parietal,1425.0,0.16029124232268424,3
R1001P,R-parietal,1475.0,0.14281194485889961,3
R1001P,R-parietal,1525.0,0.12112318148279015,3
R1001P,R-parietal,1575.0,0.11911425722790976,3
R1002P,L-frontal,25.0,0.001592469304643568,14
R1002P,L-frontal,75.0,-0.005736667384238227,14
R1002P,L-frontal,125.0,-0.027242277098690742,14
R1002P,L-frontal,175.0,-0.06746793243304454,14
R1002P,L-frontal,225.0,-0.08572740390791259,14
R1002P,L-frontal,275.0,-0.10622305133806446,14
R1002P,L-frontal,325.0,-0.13147126093808603,14
R1002P,L-frontal,375.0,-0.1735570748013893,14
R1002P,L-frontal,425.0,-0.16073434063220257,14
R1002P,L-frontal,475.0,-0.14413359287134966,14
R1002P,L-frontal,525.0,-0.13300029695376642,14
R1002P,L-frontal,575.0,-0.07789667194504843,14
R1002P,L-frontal,625.0,-0.05665650892753117,14
R1002P,L-frontal,675.0,-0.03909251787228866,14
R1002P,L-frontal,725.0,-0.004048168216350211,14
R1002P,L-frontal,775.0,0.017452521580376777,14
R1002P,L-frontal,825.0,0.048348232311238575,14
R1002P,L-frontal,875.0,0.07469598570499282,14
R1002P,L-frontal,925.0,0.088022932849114,14
R1002P,L-frontal,975.0,0.104139576880854,14
R1002P,L-frontal,1025.0,0.11747666417200556,14
R1002P,L-frontal,1075.0,0.11269545131292444,14
R1002P,L-frontal,1125.0,0.11818381713029613,14
R1002P,L-frontal,1175.0,0.1354096301721788,14
R1002P,L-frontal,1225.0,0.10847433470414135,14
R1002P,L-frontal,1275.0,0.1166648040439908,14
R1002P,L-frontal,1325.0,0.1140573388437067,14
R1002P,L-frontal,1375.0,0.10248075682313364,14
R1002P,L-frontal,1425.0,0.10641468640063445,14
R1002P,L-frontal,1475.0,0.0980647535218804,14
R1002P,L-frontal,1525.0,0.09641715036984695,14
R1002P,L-frontal,1575.0,0.09782703740179985,14
R1002P,L-temporal,25.0,-0.03968227470665469,4
R1002P,L-temporal,75.0,-0.05972784902522609,4
R1002P,L-temporal,125.0,0.025565698661832156,4
R1002P,L-temporal,175.0,0.061561201379179795,4
R1002P,L-temporal,225.0,0.06259879818598671,4
R1002P,L-temporal,275.0,0.07090454185502468,4
R1002P,L-temporal,325.0,0.03677072006228141,4
R1002P,L-temporal,375.0,0.04406676528557523,4
R1002P,L-temporal,425.0,0.028479380903570745,4
R1002P,L-temporal,475.0,0.040021849486212284,4
R1002P,L-temporal,525.0,0.024854998120667583,4
R1002P,L-temporal,575.0,-0.014566252266419857,4
R1002P,L-temporal,625.0,0.039104973437610824,4
R1002P,L-temporal,675.0,0.04935824762246921,4
R1002P,L-temporal,725.0,0.05018852612098592,4
R1002P,L-temporal,775.0,0.043432613340510864,4
R1002P,L-temporal,825.0,0.004179090314860967,4
R1002P,L-temporal,875.0,-0.00045618514047466793,4
R1002P,L-temporal,925.0,-0.022820507708496616,4
R1002P,L-temporal,975.0,-0.029154580563278222,4
R1002P,L-temporal,1025.0,-0.039400760667139816,4
R1002P,L-temporal,1075.0,-0.047367231378813573,4
R1002P,L-temporal,1125.0,-0.0002754392947910359,4
R1002P,L-temporal,1175.0,0.005965738336766172,4
R1002P,L-temporal,1225.0,-0.01520019732718561,4
R1002P,L-temporal,1275.0,-0.06042308666320433,4
R1002P,L-temporal,1325.0,-0.04600765987609608,4
R1002P,L-temporal,1375.0,-0.020939088802903905,4
R1002P,L-temporal,1425.0,-0.037573188625624365,4
R1002P,L-temporal,1475.0,-0.024634762874126033,4
R1002P,L-temporal,1525.0,-0.0291610542461353,4
R1002P,L-temporal,1575.0,-0.004510093443079611,4
R1002P,R-frontal,25.0,0.06272639229536703,7
R1002P,R-frontal,75.0,0.05404834821295801,7
R1002P,R-frontal,125.0,0.014852780322654854,7
R1002P,R-frontal,175.0,0.007432647013921095,7
R1002P,R-frontal,225.0,-0.01223026480073377,7
R1002P,R-frontal,275.0,-0.029683311949361475,7
R1002P,R-frontal,325.0,-0.08805786287122248,7
R1002P,R-frontal,375.0,-0.16901197410049265,7
R1002P,R-frontal,425.0,-0.1934897353768633,7
R1002P,R-frontal,475.0,-0.1866624594823659,7
R1002P,R-frontal,525.0,-0.21551690394075199,7
R1002P,R-frontal,575.0,-0.24564442923139573,7
R1002P,R-frontal,625.0,-0.22076645575706497,7
R1002P,R-frontal,675.0,-0.16499469230129987,7
R1002P,R-frontal,725.0,-0.17983939021896894,7
R1002P,R-frontal,775.0,-0.1747291184433967,7
R1002P,R-frontal,825.0,-0.18461447394399683,7
R1002P,R-frontal,875.0,-0.14525363008886658,7
R1002P,R-frontal,925.0,-0.10520437385290692,7
R1002P,R-frontal,975.0,-0.12344019645949862,7
R1002P,R-frontal,1025.0,-0.13527065149676107,7
R1002P,R-frontal,1075.0,-0.08923177025463501,7
R1002P,R-frontal,1125.0,-0.09252355784838869,7
R1002P,R-frontal,1175.0,-0.09203755150804545,7
R1002P,R-frontal,1225.0,-0.09539288934045083,7
R1002P,R-frontal,1275.0,-0.09592530943149957,7
R1002P,R-frontal,1325.0,-0.06472498641718524,7
R1002P,R-frontal,1375.0,-0.04520320212813638,7
R1002P,R-frontal,1425.0,-0.023981139237372977,7
R1002P,R-frontal,1475.0,-0.01196703638045478,7
R1002P,R-frontal,1525.0,-0.025603407075566926,7
R1002P,R-frontal,1575.0,-0.03605571089000205,7
R1003P,L-frontal,25.0,-0.01321063398835391,28
R1003P,L-frontal,75.0,-0.011246656833081167,28
R1003P,L-frontal,125.0,-0.012997833154916665,28
R1003P,L-frontal,175.0,0.0023876741690982478,28
R1003P,L-frontal,225.0,0.037043397274301545,28
R1003P,L-frontal,275.0,0.0398697803927357,28
R1003P,L-frontal,325.0,0.007002713719475986,28
R1003P,L-frontal,375.0,-0.0010373800557410887,28
R1003P,L-frontal,425.0,0.0018121483846829012,28
R1003P,L-frontal,475.0,0.013177282694312146,28
R1003P,L-frontal,525.0,0.017655759364177764,28
R1003P,L-frontal,575.0,0.014215389641934131,28
R1003P,L-frontal,625.0,0.014416081454039784,28
R1003P,L-frontal,675.0,0.0033513405746503563,28
R1003P,L-frontal,725.0,0.017351455848013047,28
R1003P,L-frontal,775.0,0.023293412130336227,28
R1003P,L-frontal,825.0,0.02258840592268849,28
R1003P,L-frontal,875.0,-0.0013072166323216477,28
R1003P,L-frontal,925.0,0.0012576804451885236,28
R1003P,L-frontal,975.0,0.010285959995085909,28
R1003P,L-frontal,1025.0,-0.007465750257794681,28
R1003P,L-frontal,1075.0,-0.014437531246381566,28
R1003P,L-frontal,1125.0,-0.019964372164544216,28
R1003P,L-frontal,1175.0,-0.01786954761649251,28
R1003P,L-frontal,1225.0,-0.018086239097938932,28
R1003P,L-frontal,1275.0,-0.006362914169427805,28
R1003P,L-frontal,1325.0,-0.00896496358832352,28
R1003P,L-frontal,1375.0,-0.016465711380943677,28
R1003P,L-frontal,1425.0,0.0025921689868431677,28
R1003P,L-frontal,1475.0,0.002026531755926621,28
R1003P,L-frontal,1525.0,-0.006897504549359188,28
R1003P,L-frontal,1575.0,-0.01617860738375108,28
R1003P,L-occipital,25.0,0.10248457888085515,3
R1003P,L-occipital,75.0,0.5803196055064442,3
R1003P,L-occipital,125.0,1.8685479585319242,3
R1003P,L-occipital,175.0,2.2300278589616496,3
R1003P,L-occipital,225.0,1.87390773223774,3
R1003P,L-occipital,275.0,1.944539041196629,3
R1003P,L-occipital,325.0,1.9062973105231753,3
R1003P,L-occipital,375.0,1.6887995464807706,3
R1003P,L-occipital,425.0,1.4328956917266156,3
R1003P,L-occipital,475.0,1.1329207925532632,3
R1003P,L-occipital,525.0,0.8708879717946602,3
R1003P,L-occipital,575.0,0.7035508385319059,3
R1003P,L-occipital,625.0,0.5807469623888674,3
R1003P,L-occipital,675.0,0.4515064255378629,3
R1003P,L-occipital,725.0,0.3361810731986896,3
R1003P,L-occipital,775.0,0.22135707203672014,3
R1003P,L-occipital,825.0,0.11064026631608166,3
R1003P,L-occipital,875.0,0.07097954746518183,3
R1003P,L-occipital,925.0,0.05628427247049759,3
R1003P,L-occipital,975.0,0.07884636723786836,3
R1003P,L-occipital,1025.0,0.14935529512421578,3
R1003P,L-occipital,1075.0,0.16942961398617282,3
R1003P,L-occipital,1125.0,0.1562183467438386,3
R1003P,L-occipital,1175.0,0.13576750632801673,3
R1003P,L-occipital,1225.0,0.140504660131311,3
R1003P,L-occipital,1275.0,0.15933343969007807,3
R1003P,L-occipital,1325.0,0.1810901261183672,3
R1003P,L-occipital,1375.0,0.23443671817756703,3
R1003P,L-occipital,1425.0,0.2580212097764701,3
R1003P,L-occipital,1475.0,0.23678828644808306,3
R1003P,L-occipital,1525.0,0.2462892666203013,3
R1003P,L-occipital,1575.0,0.18357302141859644,3
R1003P,L-parietal,25.0,-0.09924222475829629,6
R1003P,L-parietal,75.0,-0.11779049966713205,6
R1003P,L-parietal,125.0,-0.0747693856281869,6
R1003P,L-parietal,175.0,-0.0012353541759800117,6
R1003P,L-parietal,225.0,0.07745762521020925,6
R1003P,L-parietal,275.0,0.14835172546855943,6
R1003P,L-parietal,325.0,0.2308787184451381,6
R1003P,L-parietal,375.0,0.24030027064559187,6
R1003P,L-parietal,425.0,0.24317819216989575,6
R1003P,L-parietal,475.0,0.27016549008373897,6
R1003P,L-parietal,525.0,0.2588239810944764,6
R1003P,L-parietal,575.0,0.2428972747653655,6
R1003P,L-parietal,625.0,0.2585944156704167,6
R1003P,L-parietal,675.0,0.2490183206295765,6
R1003P,L-parietal,725.0,0.19540646891403743,6
R1003P,L-parietal,775.0,0.1721551359577397,6
R1003P,L-parietal,825.0,0.1801685184102931,6
R1003P,L-parietal,875.0,0.17026836150760286,6
R1003P,L-parietal,925.0,0.14126801581101212,6
R1003P,L-parietal,975.0,0.13614704549883797,6
R1003P,L-parietal,1025.0,0.11539951987068804,6
R1003P,L-parietal,1075.0,0.10274475557470175,6
R1003P,L-parietal,1125.0,0.10181268820007323,6
R1003P,L-parietal,1175.0,0.10396761695360231,6
R1003P,L-parietal,1225.0,0.0978557961007066,6
R1003P,L-parietal,1275.0,0.11017362680968847,6
R1003P,L-parietal,1325.0,0.07605368013084576,6
R1003P,L-parietal,1375.0,0.09333107935205652,6
R1003P,L-parietal,1425.0,0.08596116130731496,6
R1003P,L-parietal,1475.0,0.058398109380550935,6
R1003P,L-parietal,1525.0,0.04369304825259665,6
R1003P,L-parietal,1575.0,0.03490735470360932,6
R1003P,L-temporal,25.0,-0.014762961619552003,14
R1003P,L-temporal,75.0,0.004830053610592419,14
R1003P,L-temporal,125.0,0.1326758661578566,14
R1003P,L-temporal,175.0,0.19489007455592283,14
R1003P,L-temporal,225.0,0.19692777140122683,14
R1003P,L-temporal,275.0,0.20128939836848336,14
R1003P,L-temporal,325.0,0.18134470792352012,14
R1003P,L-temporal,375.0,0.13591982838009778,14
R1003P,L-temporal,425.0,0.13961961135049364,14
R1003P,L-temporal,475.0,0.11242637578183189,14
R1003P,L-temporal,525.0,0.10129597443515856,14
R1003P,L-temporal,575.0,0.08056137866652849,14
R1003P,L-temporal,625.0,0.05942557167475323,14
R1003P,L-temporal,675.0,0.04757962653524851,14
R1003P,L-temporal,725.0,0.01257295087501088,14
R1003P,L-temporal,775.0,0.0005797942069630176,14
R1003P,L-temporal,825.0,-0.010766965982693626,14
R1003P,L-temporal,875.0,-0.05262361989752611,14
R1003P,L-temporal,925.0,-0.07158037544529108,14
R1003P,L-temporal,975.0,-0.05454085838764986,14
R1003P,L-temporal,1025.0,-0.05633290059049752,14
R1003P,L-temporal,1075.0,-0.06508474270001828,14
R1003P,L-temporal,1125.0,-0.07227881627196188,14
R1003P,L-temporal,1175.0,-0.05188056217561559,14
R1003P,L-temporal,1225.0,-0.05790474267793743,14
R1003P,L-temporal,1275.0,-0.04432628709703786,14
R1003P,L-temporal,1325.0,-0.052263472172164725,14
R1003P,L-temporal,1375.0,-0.05390151027895078,14
R1003P,L-temporal,1425.0,-0.035019472309060475,14
R1003P,L-temporal,1475.0,-0.03779388437240989,14
R1003P,L-temporal,1525.0,-0.036078990059814464,14
R1003P,L-temporal,1575.0,-0.03640704420604537,14
R1006P,R-occipital,25.0,0.07070805154761407,3
R1006P,R-occipital,75.0,0.2529256733520922,3
R1006P,R-occipital,125.0,0.45422404177349734,3
R1006P,R-occipital,175.0,0.3181884534423838,3
R1006P,R-occipital,225.0,0.16682635748833338,3
R1006P,R-occipital,275.0,0.0804975393786845,3
R1006P,R-occipital,325.0,0.06402640304548494,3
R1006P,R-occipital,375.0,0.025928097228534803,3
R1006P,R-occipital,425.0,0.03752246753486262,3
R1006P,R-occipital,475.0,0.02105275177186165,3
R1006P,R-occipital,525.0,0.058083020510471726,3
R1006P,R-occipital,575.0,0.06313206610198763,3
R1006P,R-occipital,625.0,0.10215574710870319,3
R1006P,R-occipital,675.0,0.0828586034041298,3
R1006P,R-occipital,725.0,0.06530434636214248,3
R1006P,R-occipital,775.0,0.07262227757733002,3
R1006P,R-occipital,825.0,0.05260620196966517,3
R1006P,R-occipital,875.0,-0.013296761840711926,3
R1006P,R-occipital,925.0,-0.01110235706174765,3
R1006P,R-occipital,975.0,-0.015037220465593743,3
R1006P,R-occipital,1025.0,-0.032245690547877286,3
R1006P,R-occipital,1075.0,-0.031773276499961985,3
R1006P,R-occipital,1125.0,-0.020412930177279062,3
R1006P,R-occipital,1175.0,-0.06590327581979032,3
R1006P,R-occipital,1225.0,-0.05595493417694309,3
R1006P,R-occipital,1275.0,-0.022260602151229488,3
R1006P,R-occipital,1325.0,-0.03142882124340484,3
R1006P,R-occipital,1375.0,-0.06770429503928045,3
R1006P,R-occipital,1425.0,-0.09436405821475156,3
R1006P,R-occipital,1475.0,-0.07449221828340193,3
R1006P,R-occipital,1525.0,-0.05919457708217091,3
R1006P,R-occipital,1575.0,-0.01741655650177344,3
R1010J,L-frontal,25.0,0.10950108989632683,6
R1010J,L-frontal,75.0,0.15649400010817624,6
R1010J,L-frontal,125.0,0.30587681733903904,6
R1010J,L-frontal,175.0,0.37445264718480625,6
R1010J,L-frontal,225.0,0.4255672055590614,6
R1010J,L-frontal,275.0,0.5288046180817139,6
R1010J,L-frontal,325.0,0.5630721939306479,6
R1010J,L-frontal,375.0,0.534477968046572,6
R1010J,L-frontal,425.0,0.4809411245090344,6
R1010J,L-frontal,475.0,0.4389739559567718,6
R1010J,L-frontal,525.0,0.39400978127703956,6
R1010J,L-frontal,575.0,0.35835714858455026,6
R1010J,L-frontal,625.0,0.32696810166413315,6
R1010J,L-frontal,675.0,0.2593883595297108,6
R1010J,L-frontal,725.0,0.20722709053531976,6
R1010J,L-frontal,775.0,0.17788087279711176,6
R1010J,L-frontal,825.0,0.12269198166943451,6
R1010J,L-frontal,875.0,0.05729074430957486,6
R1010J,L-frontal,925.0,0.01573158395405,6
R1010J,L-frontal,975.0,-0.018776909537376332,6
R1010J,L-frontal,1025.0,-0.047013404403718796,6
R1010J,L-frontal,1075.0,-0.02953489812312737,6
R1010J,L-frontal,1125.0,0.024484756155827136,6
R1010J,L-frontal,1175.0,0.024506048176829057,6
R1010J,L-frontal,1225.0,0.050563956393321764,6
R1010J,L-frontal,1275.0,0.05131561431815044,6
R1010J,L-frontal,1325.0,0.04323879919497527,6
R1010J,L-frontal,1375.0,0.035458695818285035,6
R1010J,L-frontal,1425.0,0.07576764355019829,6
R1010J,L-frontal,1475.0,0.042105788389021875,6
R1010J,L-frontal,1525.0,0.013004593308724222,6
R1010J,L-frontal,1575.0,0.035171978393371314,6
R1010J,L-parietal,25.0,0.09908735921075153,18
R1010J,L-parietal,75.0,0.12745164887928812,18
R1010J,L-parietal,125.0,0.15647306662519117,18
R1010J,L-parietal,175.0,0.16101851771599318,18
R1010J,L-parietal,225.0,0.149966482821474,18
R1010J,L-parietal,275.0,0.1321460512487253,18
R1010J,L-parietal,325.0,0.09912560510885804,18
R1010J,L-parietal,375.0,0.009792438529542397,18
R1010J,L-parietal,425.0,-0.02545393086753239,18
R1010J,L-parietal,475.0,-0.06675048468088157,18
R1010J,L-parietal,525.0,-0.09400763386100544,18
R1010J,L-parietal,575.0,-0.10852183703425534,18
R1010J,L-parietal,625.0,-0.13071996974049546,18
R1010J,L-parietal,675.0,-0.17140066563542014,18
R1010J,L-parietal,725.0,-0.16344342078218066,18
R1010J,L-parietal,775.0,-0.182916173302479,18
R1010J,L-parietal,825.0,-0.21260042866926837,18
R1010J,L-parietal,875.0,-0.21647663697995936,18
R1010J,L-parietal,925.0,-0.22907503325990344,18
R1010J,L-parietal,975.0,-0.24439245128931844,18
R1010J,L-parietal,1025.0,-0.2324399561673204,18
R1010J,L-parietal,1075.0,-0.22570623149891325,18
R1010J,L-parietal,1125.0,-0.19125601555334487,18
R1010J,L-parietal,1175.0,-0.16347493348932884,18
R1010J,L-parietal,1225.0,-0.17071296137881045,18
R1010J,L-parietal,1275.0,-0.13689895128576302,18
R1010J,L-parietal,1325.0,-0.1039604556649982,18
R1010J,L-parietal,1375.0,-0.08288587197858381,18
R1010J,L-parietal,1425.0,-0.05987444383110548,18
R1010J,L-parietal,1475.0,-0.06557768899615131,18
R1010J,L-parietal,1525.0,-0.10322940287688054,18
R1010J,L-parietal,1575.0,-0.07655764008979943,18
R1010J,L-temporal,25.0,0.13203025613938063,10
R1010J,L-temporal,75.0,0.14591523865176068,10
R1010J,L-temporal,125.0,0.11470236355521098,10
R1010J,L-temporal,175.0,0.06305998220239947,10
R1010J,L-temporal,225.0,0.03908555902905179,10
R1010J,L-temporal,275.0,0.029259648535589294,10
R1010J,L-temporal,325.0,-0.009228120188775673,10
R1010J,L-temporal,375.0,-0.04112457339174359,10
R1010J,L-temporal,425.0,-0.06389480481430908,10
R1010J,L-temporal,475.0,-0.05499263547423194,10
R1010J,L-temporal,525.0,-0.045813101944456154,10
R1010J,L-temporal,575.0,-0.03833017811479668,10
R1010J,L-temporal,625.0,-0.03830427854013506,10
R1010J,L-temporal,675.0,-0.09592404252385503,10
R1010J,L-temporal,725.0,-0.09353126034135655,10
R1010J,L-temporal,775.0,-0.11867271290874566,10
R1010J,L-temporal,825.0,-0.16652030415159264,10
R1010J,L-temporal,875.0,-0.20578999496608036,10
R1010J,L-temporal,925.0,-0.2217522113292516,10
R1010J,L-temporal,975.0,-0.22559154863258635,10
R1010J,L-temporal,1025.0,-0.19670977909386794,10
R1010J,L-temporal,1075.0,-0.1686064436904458,10
R1010J,L-temporal,1125.0,-0.15551039279428236,10
R1010J,L-temporal,1175.0,-0.15447770589928284,10
R1010J,L-temporal,1225.0,-0.12722129220535786,10
R1010J,L-temporal,1275.0,-0.1026289063739777,10
R1010J,L-temporal,1325.0,-0.08149727189413855,10
R1010J,L-temporal,1375.0,-0.05517705980697644,10
R1010J,L-temporal,1425.0,-0.03979888697572304,10
R1010J,L-temporal,1475.0,-0.06897105102008126,10
R1010J,L-temporal,1525.0,-0.10695507032918554,10
R1010J,L-temporal,1575.0,-0.07833989898361868,10
R1010J,R-frontal,25.0,0.06694568009537465,10
R1010J,R-frontal,75.0,0.0836202089415717,10
R1010J,R-frontal,125.0,0.16393183533395167,10
R1010J,R-frontal,175.0,0.21035603230363947,10
R1010J,R-frontal,225.0,0.22342528652457383,10
R1010J,R-frontal,275.0,0.29113782239744185,10
R1010J,R-frontal,325.0,0.29087814994057415,10
R1010J,R-frontal,375.0,0.25991964806272116,10
R1010J,R-frontal,425.0,0.22996570913325196,10
R1010J,R-frontal,475.0,0.19788274622959928,10
R1010J,R-frontal,525.0,0.1662121776881742,10
R1010J,R-frontal,575.0,0.18248334907952274,10
R1010J,R-frontal,625.0,0.1333132371442395,10
R1010J,R-frontal,675.0,0.12140023630113428,10
R1010J,R-frontal,725.0,0.11997037118471136,10
R1010J,R-frontal,775.0,0.06442220245973944,10
R1010J,R-frontal,825.0,0.03417527619497835,10
R1010J,R-frontal,875.0,-0.008821113229121921,10
R1010J,R-frontal,925.0,0.001407727735008829,10
R1010J,R-frontal,975.0,0.0060822961501032415,10
R1010J,R-frontal,1025.0,0.003621812980457251,10
R1010J,R-frontal,1075.0,-0.014732891723690928,10
R1010J,R-frontal,1125.0,-0.002952085977402627,10
R1010J,R-frontal,1175.0,-0.016968256833784792,10
R1010J,R-frontal,1225.0,-0.010393141792857247,10
R1010J,R-frontal,1275.0,0.001416480861915409,10
R1010J,R-frontal,1325.0,0.020160688405972967,10
R1010J,R-frontal,1375.0,0.02622992352133081,10
R1010J,R-frontal,1425.0,0.006714186673868454,10
R1010J,R-frontal,1475.0,-0.008829242520657976,10
R1010J,R-frontal,1525.0,-0.02725547552769616,10
R1010J,R-frontal,1575.0,-0.040251662413707846,10
R1010J,R-parietal,25.0,0.054276440412325974,20
R1010J,R-parietal,75.0,0.09038955591029092,20
R1010J,R-parietal,125.0,0.12734911927434425,20
R1010J,R-parietal,175.0,0.1453109722063713,20
R1010J,R-parietal,225.0,0.15792127062301148,20
R1010J,R-parietal,275.0,0.1561206365789016,20
R1010J,R-parietal,325.0,0.10964292681242102,20
R1010J,R-parietal,375.0,0.06885873068794542,20
R1010J,R-parietal,425.0,0.01450765850641388,20
R1010J,R-parietal,475.0,-0.04387044037927877,20
R1010J,R-parietal,525.0,-0.05918141924680549,20
R1010J,R-parietal,575.0,-0.09832939492636282,20
R1010J,R-parietal,625.0,-0.10827298377253995,20
R1010J,R-parietal,675.0,-0.11934172558024744,20
R1010J,R-parietal,725.0,-0.13864110564729787,20
R1010J,R-parietal,775.0,-0.11707240015541424,20
R1010J,R-parietal,825.0,-0.12595755162988026,20
R1010J,R-parietal,875.0,-0.1321531700453288,20
R1010J,R-parietal,925.0,-0.1456106522148383,20
R1010J,R-parietal,975.0,-0.1798815057024058,20
R1010J,R-parietal,1025.0,-0.16658301578537446,20
R1010J,R-parietal,1075.0,-0.1774430843443467,20
R1010J,R-parietal,1125.0,-0.1972621591287653,20
R1010J,R-parietal,1175.0,-0.18121778211125247,20
R1010J,R-parietal,1225.0,-0.1485145400647228,20
R1010J,R-parietal,1275.0,-0.10543816955654732,20
R1010J,R-parietal,1325.0,-0.12267592614361758,20
R1010J,R-parietal,1375.0,-0.1231814695418928,20
R1010J,R-parietal,1425.0,-0.09232769970049202,20
R1010J,R-parietal,1475.0,-0.09965634138320348,20
R1010J,R-parietal,1525.0,-0.13923173926708926,20
R1010J,R-parietal,1575.0,-0.15644328813074718,20
R1018P,L-frontal,25.0,-0.008879963709461411,7
R1018P,L-frontal,75.0,-0.038272100306366616,7
R1018P,L-frontal,125.0,-0.007882868814581464,7
R1018P,L-frontal,175.0,-0.02718641034756547,7
R1018P,L-frontal,225.0,-0.062141561549005124,7
R1018P,L-frontal,275.0,-0.022004427893616913,7
R1018P,L-frontal,325.0,-0.01378428609802314,7
R1018P,L-frontal,375.0,-0.01133533431124291,7
R1018P,L-frontal,425.0,-0.024254950655186118,7
R1018P,L-frontal,475.0,-0.024617588746149062,7
R1018P,L-frontal,525.0,-0.02386123418205101,7
R1018P,L-frontal,575.0,-0.0481695118418705,7
R1018P,L-frontal,625.0,-0.03161159583893265,7
R1018P,L-frontal,675.0,0.02307662091301978,7
R1018P,L-frontal,725.0,0.0714688723525638,7
R1018P,L-frontal,775.0,0.07769688066143969,7
R1018P,L-frontal,825.0,0.07395051038717726,7
R1018P,L-frontal,875.0,0.04608760908475451,7
R1018P,L-frontal,925.0,0.04421950998343337,7
R1018P,L-frontal,975.0,0.03125391981370594,7
R1018P,L-frontal,1025.0,0.006452485647153112,7
R1018P,L-frontal,1075.0,0.013276630649956591,7
R1018P,L-frontal,1125.0,0.07237130955836683,7
R1018P,L-frontal,1175.0,0.0676490016656058,7
R1018P,L-frontal,1225.0,0.03528049923986313,7
R1018P,L-frontal,1275.0,0.0008377272721434506,7
R1018P,L-frontal,1325.0,0.04281155939910185,7
R1018P,L-frontal,1375.0,0.04316299283934942,7
R1018P,L-frontal,1425.0,0.04676606802259053,7
R1018P,L-frontal,1475.0,0.03752970736128237,7
R1018P,L-frontal,1525.0,0.019931515307479403,7
R1018P,L-frontal,1575.0,0.025118204853955266,7
R1018P,L-occipital,25.0,-0.040667641028576035,3
R1018P,L-occipital,75.0,0.09141206346406223,3
R1018P,L-occipital,125.0,0.22360166173139628,3
R1018P,L-occipital,175.0,0.027339650652613883,3
R1018P,L-occipital,225.0,-0.22778141581552944,3
R1018P,L-occipital,275.0,-0.288474702545378,3
R1018P,L-occipital,325.0,-0.24927744919271833,3
R1018P,L-occipital,375.0,-0.23458424673994127,3
R1018P,L-occipital,425.0,-0.24672859660844768,3
R1018P,L-occipital,475.0,-0.20548771937972912,3
R1018P,L-occipital,525.0,-0.12393409973075685,3
R1018P,L-occipital,575.0,-0.08919424654972007,3
R1018P,L-occipital,625.0,-0.11559548129558868,3
R1018P,L-occipital,675.0,-0.07393484890273012,3
R1018P,L-occipital,725.0,-0.04132929088462147,3
R1018P,L-occipital,775.0,-0.04497494765355231,3
R1018P,L-occipital,825.0,0.013225953821090167,3
R1018P,L-occipital,875.0,0.006097715666382911,3
R1018P,L-occipital,925.0,-0.029031916968520394,3
R1018P,L-occipital,975.0,-0.03105806081557155,3
R1018P,L-occipital,1025.0,-0.0626293563690805,3
R1018P,L-occipital,1075.0,-0.13562056785465892,3
R1018P,L-occipital,1125.0,-0.17918896575406093,3
R1018P,L-occipital,1175.0,-0.2269020211962964,3
R1018P,L-occipital,1225.0,-0.21257210792659317,3
R1018P,L-occipital,1275.0,-0.1709679336043579,3
R1018P,L-occipital,1325.0,-0.13476601198970684,3
R1018P,L-occipital,1375.0,-0.10989410229320988,3
R1018P,L-occipital,1425.0,-0.1018125423548506,3
R1018P,L-occipital,1475.0,-0.1010449423764369,3
R1018P,L-occipital,1525.0,-0.06896035808812556,3
R1018P,L-occipital,1575.0,-0.08486324897321083,3
R1018P,L-parietal,25.0,0.007904569840770433,5
R1018P,L-parietal,75.0,0.029892113074254406,5
R1018P,L-parietal,125.0,0.10404085328686292,5
R1018P,L-parietal,175.0,0.08832003731761659,5
R1018P,L-parietal,225.0,-0.012434316515719284,5
R1018P,L-parietal,275.0,-0.07883707259750893,5
R1018P,L-parietal,325.0,-0.06198325083026216,5
R1018P,L-parietal,375.0,-0.10096908351417702,5
R1018P,L-parietal,425.0,-0.13393102086548678,5
R1018P,L-parietal,475.0,-0.13541932996850362,5
R1018P,L-parietal,525.0,-0.10749460706957596,5
R1018P,L-parietal,575.0,-0.08799526551839448,5
R1018P,L-parietal,625.0,-0.12994722610821396,5
R1018P,L-parietal,675.0,-0.0795420552047569,5
R1018P,L-parietal,725.0,-0.0382410736987989,5
R1018P,L-parietal,775.0,-0.079719264830711,5
R1018P,L-parietal,825.0,-0.10171838233169958,5
R1018P,L-parietal,875.0,-0.04372330249484822,5
R1018P,L-parietal,925.0,-0.06693470338995991,5
R1018P,L-parietal,975.0,-0.03910111960120451,5
R1018P,L-parietal,1025.0,-0.009330831839466407,5
R1018P,L-parietal,1075.0,-0.008147681665464661,5
R1018P,L-parietal,1125.0,-0.03290144361466038,5
R1018P,L-parietal,1175.0,-0.014212813342633713,5
R1018P,L-parietal,1225.0,-0.056532290327899415,5
R1018P,L-parietal,1275.0,-0.04944603434811839,5
R1018P,L-parietal,1325.0,-0.04262672684152111,5
R1018P,L-parietal,1375.0,-0.07346785497998276,5
R1018P,L-parietal,1425.0,-0.030125100639604874,5
R1018P,L-parietal,1475.0,0.021653806057873714,5
R1018P,L-parietal,1525.0,0.026877724637416868,5
R1018P,L-parietal,1575.0,-0.011762583078152988,5
R1018P,R-frontal,25.0,0.0051336992981283885,6
R1018P,R-frontal,75.0,-0.012907812725833946,6
R1018P,R-frontal,125.0,-0.005890517863960468,6
R1018P,R-frontal,175.0,-0.0038472044202032536,6
R1018P,R-frontal,225.0,0.05996895595355606,6
R1018P,R-frontal,275.0,0.0742962548001696,6
R1018P,R-frontal,325.0,0.030447456990073143,6
R1018P,R-frontal,375.0,0.005666271806926385,6
R1018P,R-frontal,425.0,0.017847115422088135,6
R1018P,R-frontal,475.0,-0.00764366720159616,6
R1018P,R-frontal,525.0,-0.035680192027320715,6
R1018P,R-frontal,575.0,-0.09531615596053328,6
R1018P,R-frontal,625.0,-0.07678289502191289,6
R1018P,R-frontal,675.0,-0.08838439828227695,6
R1018P,R-frontal,725.0,-0.10686100598338072,6
R1018P,R-frontal,775.0,-0.09776736910219408,6
R1018P,R-frontal,825.0,-0.09741125955367702,6
R1018P,R-frontal,875.0,-0.10014446384094507,6
R1018P,R-frontal,925.0,-0.10079824002956371,6
R1018P,R-frontal,975.0,-0.05831166163262286,6
R1018P,R-frontal,1025.0,-0.06797989140158617,6
R1018P,R-frontal,1075.0,-0.05236659223774354,6
R1018P,R-frontal,1125.0,-0.03006119919891112,6
R1018P,R-frontal,1175.0,-0.07619504523081473,6
R1018P,R-frontal,1225.0,-0.08008246405660686,6
R1018P,R-frontal,1275.0,-0.06456981862963818,6
R1018P,R-frontal,1325.0,-0.08201900964103269,6
R1018P,R-frontal,1375.0,-0.05201789384068651,6
R1018P,R-frontal,1425.0,-0.07856489547067193,6
R1018P,R-frontal,1475.0,-0.06472561642641873,6
R1018P,R-frontal,1525.0,-0.027735994573213255,6
R1018P,R-frontal,1575.0,-0.04241728731427366,6
R1018P,R-occipital,25.0,0.1869709185384458,4
R1018P,R-occipital,75.0,0.5756171905523811,4
R1018P,R-occipital,125.0,1.3635400301174645,4
R1018P,R-occipital,175.0,1.555402855696449,4
R1018P,R-occipital,225.0,1.6161246734406027,4
R1018P,R-occipital,275.0,1.5390293316863874,4
R1018P,R-occipital,325.0,1.2770942585535816,4
R1018P,R-occipital,375.0,1.3349666252489907,4
R1018P,R-occipital,425.0,1.4572300609614337,4
R1018P,R-occipital,475.0,1.4039882873355891,4
R1018P,R-occipital,525.0,1.2098814737298407,4
R1018P,R-occipital,575.0,1.2028226217688205,4
R1018P,R-occipital,625.0,1.2167774752583203,4
R1018P,R-occipital,675.0,1.1444797325186356,4
R1018P,R-occipital,725.0,1.0836096173005723,4
R1018P,R-occipital,775.0,0.9749163340312889,4
R1018P,R-occipital,825.0,0.9198291301356771,4
R1018P,R-occipital,875.0,0.9301074265953384,4
R1018P,R-occipital,925.0,0.8616826812717135,4
R1018P,R-occipital,975.0,0.838117479388062,4
R1018P,R-occipital,1025.0,0.8002305425336844,4
R1018P,R-occipital,1075.0,0.758834102811722,4
R1018P,R-occipital,1125.0,0.77895453836246,4
R1018P,R-occipital,1175.0,0.7491673438016414,4
R1018P,R-occipital,1225.0,0.7500461729882048,4
R1018P,R-occipital,1275.0,0.7213704936492717,4
R1018P,R-occipital,1325.0,0.626147852776865,4
R1018P,R-occipital,1375.0,0.6502465739280489,4
R1018P,R-occipital,1425.0,0.6285001769849724,4
R1018P,R-occipital,1475.0,0.6472803540840659,4
R1018P,R-occipital,1525.0,0.643118443764808,4
R1018P,R-occipital,1575.0,0.658711006294888,4
R1018P,R-parietal,25.0,0.05055237848895945,4
R1018P,R-parietal,75.0,0.01421355601227295,4
R1018P,R-parietal,125.0,0.05667801293804115,4
R1018P,R-parietal,175.0,0.06442439718157189,4
R1018P,R-parietal,225.0,0.012768500190174937,4
R1018P,R-parietal,275.0,-0.025954170103451024,4
R1018P,R-parietal,325.0,-0.06644502577680367,4
R1018P,R-parietal,375.0,-0.15212020217999464,4
R1018P,R-parietal,425.0,-0.15222936234680712,4
R1018P,R-parietal,475.0,-0.15958069626528404,4
R1018P,R-parietal,525.0,-0.17376430251444924,4
R1018P,R-parietal,575.0,-0.14311311424972942,4
R1018P,R-parietal,625.0,-0.15550765386082713,4
R1018P,R-parietal,675.0,-0.183341159741298,4
R1018P,R-parietal,725.0,-0.14243987054868795,4
R1018P,R-parietal,775.0,-0.12606374178170518,4
R1018P,R-parietal,825.0,-0.12100762554959403,4
R1018P,R-parietal,875.0,-0.16343550337529247,4
R1018P,R-parietal,925.0,-0.16192687871094735,4
R1018P,R-parietal,975.0,-0.16200678005333416,4
R1018P,R-parietal,1025.0,-0.13780355509495354,4
R1018P,R-parietal,1075.0,-0.1324929508781582,4
R1018P,R-parietal,1125.0,-0.13400264743187515,4
R1018P,R-parietal,1175.0,-0.13988089116045577,4
R1018P,R-parietal,1225.0,-0.1383096229301822,4
R1018P,R-parietal,1275.0,-0.08403809347808694,4
R1018P,R-parietal,1325.0,-0.09218882157814214,4
R1018P,R-parietal,1375.0,-0.10577335429953504,4
R1018P,R-parietal,1425.0,-0.09385094468347682,4
R1018P,R-parietal,1475.0,-0.08651530673862748,4
R1018P,R-parietal,1525.0,-0.0568508116560484,4
R1018P,R-parietal,1575.0,-0.0785132832746667,4
R1018P,R-temporal,25.0,0.009714244525713433,4
R1018P,R-temporal,75.0,0.015485942603160703,4
R1018P,R-temporal,125.0,0.13132085476988103,4
R1018P,R-temporal,175.0,0.2291705579945742,4
R1018P,R-temporal,225.0,0.2674906967378788,4
R1018P,R-temporal,275.0,0.17797797887660055,4
R1018P,R-temporal,325.0,0.1599890068442724,4
R1018P,R-temporal,375.0,0.19385396723847204,4
R1018P,R-temporal,425.0,0.13975241669647698,4
R1018P,R-temporal,475.0,0.08004026888507801,4
R1018P,R-temporal,525.0,0.025929896924180226,4
R1018P,R-temporal,575.0,0.0044672831693655934,4
R1018P,R-temporal,625.0,0.04843629419834197,4
R1018P,R-temporal,675.0,-0.01228527632274061,4
R1018P,R-temporal,725.0,-0.05164475331783064,4
R1018P,R-temporal,775.0,-0.03529919333122733,4
R1018P,R-temporal,825.0,-0.03385897309685616,4
R1018P,R-temporal,875.0,-0.05945523161698349,4
R1018P,R-temporal,925.0,-0.07319766151345279,4
R1018P,R-temporal,975.0,-0.0857027493311091,4
R1018P,R-temporal,1025.0,-0.08102376526173596,4
R1018P,R-temporal,1075.0,-0.08582183396633919,4
R1018P,R-temporal,1125.0,-0.023777629609863314,4
R1018P,R-temporal,1175.0,-0.042064757229727086,4
R1018P,R-temporal,1225.0,-0.030559524344969405,4
R1018P,R-temporal,1275.0,-0.04547882993281211,4
R1018P,R-temporal,1325.0,-0.10348157435975551,4
R1018P,R-temporal,1375.0,-0.10124810853393779,4
R1018P,R-temporal,1425.0,-0.09601341265121564,4
R1018P,R-temporal,1475.0,-0.07394945711307468,4
R1018P,R-temporal,1525.0,-0.0296348006981983,4
R1018P,R-temporal,1575.0,-0.09383156016983411,4
R1020J,R-frontal,25.0,-0.03137711089933598,19
R1020J,R-frontal,75.0,-0.037143311763757694,19
R1020J,R-frontal,125.0,-0.03826938519230865,19
R1020J,R-frontal,175.0,-0.05069350743219282,19
R1020J,R-frontal,225.0,-0.09413571303428572,19
R1020J,R-frontal,275.0,-0.1457325452596501,19
R1020J,R-frontal,325.0,-0.2262380953862324,19
R1020J,R-frontal,375.0,-0.25481388148698,19
R1020J,R-frontal,425.0,-0.28289839575044,19
R1020J,R-frontal,475.0,-0.2682487169902186,19
R1020J,R-frontal,525.0,-0.24083922058829627,19
R1020J,R-frontal,575.0,-0.19881170243400756,19
R1020J,R-frontal,625.0,-0.1514003801792517,19
R1020J,R-frontal,675.0,-0.1374152552756869,19
R1020J,R-frontal,725.0,-0.12499937172944912,19
R1020J,R-frontal,775.0,-0.11144813718539633,19
R1020J,R-frontal,825.0,-0.1230127116444449,19
R1020J,R-frontal,875.0,-0.1317869473156763,19
R1020J,R-frontal,925.0,-0.11540823316786175,19
R1020J,R-frontal,975.0,-0.10285884011685922,19
R1020J,R-frontal,1025.0,-0.0797502387207813,19
R1020J,R-frontal,1075.0,-0.0798725322464093,19
R1020J,R-frontal,1125.0,-0.10070362815605587,19
R1020J,R-frontal,1175.0,-0.0974556354307508,19
R1020J,R-frontal,1225.0,-0.08638297148518348,19
R1020J,R-frontal,1275.0,-0.08525224996814114,19
R1020J,R-frontal,1325.0,-0.09661090334747267,19
R1020J,R-frontal,1375.0,-0.11385713634882413,19
R1020J,R-frontal,1425.0,-0.10989826995175561,19
R1020J,R-frontal,1475.0,-0.10623616412033797,19
R1020J,R-frontal,1525.0,-0.09565928166100716,19
R1020J,R-frontal,1575.0,-0.08176842151708869,19
R1020J,R-occipital,25.0,0.18463548205299207,12
R1020J,R-occipital,75.0,0.6960916475269547,12
R1020J,R-occipital,125.0,1.5182028212722276,12
R1020J,R-occipital,175.0,1.3513152518941365,12
R1020J,R-occipital,225.0,0.9531424025873685,12
R1020J,R-occipital,275.0,0.9321120834202867,12
R1020J,R-occipital,325.0,1.023133529947667,12
R1020J,R-occipital,375.0,1.0454737924444026,12
R1020J,R-occipital,425.0,0.9625675624588964,12
R1020J,R-occipital,475.0,0.8893125131091496,12
R1020J,R-occipital,525.0,0.7818181089411462,12
R1020J,R-occipital,575.0,0.636244023850161,12
R1020J,R-occipital,625.0,0.48815574105744514,12
R1020J,R-occipital,675.0,0.3837178555222787,12
R1020J,R-occipital,725.0,0.34533570425285903,12
R1020J,R-occipital,775.0,0.32423797766289764,12
R1020J,R-occipital,825.0,0.3005802812769008,12
R1020J,R-occipital,875.0,0.3402792170060304,12
R1020J,R-occipital,925.0,0.3813965759895062,12
R1020J,R-occipital,975.0,0.35709430366877454,12
R1020J,R-occipital,1025.0,0.3754383557861638,12
R1020J,R-occipital,1075.0,0.4095347988369105,12
R1020J,R-occipital,1125.0,0.4338174210826398,12
R1020J,R-occipital,1175.0,0.4234323197387184,12
R1020J,R-occipital,1225.0,0.41637081045033386,12
R1020J,R-occipital,1275.0,0.3914157068850028,12
R1020J,R-occipital,1325.0,0.35950926521127763,12
R1020J,R-occipital,1375.0,0.3332810550092036,12
R1020J,R-occipital,1425.0,0.3370352496622955,12
R1020J,R-occipital,1475.0,0.34693424906986176,12
R1020J,R-occipital,1525.0,0.3229542201702101,12
R1020J,R-occipital,1575.0,0.3357138517190979,12
R1020J,R-parietal,25.0,0.008402014546048095,6
R1020J,R-parietal,75.0,-0.023719987630970368,6
R1020J,R-parietal,125.0,-0.01706116880736878,6
R1020J,R-parietal,175.0,-0.06558704159244692,6
R1020J,R-parietal,225.0,-0.1563548830619828,6
R1020J,R-parietal,275.0,-0.22684674369393965,6
R1020J,R-parietal,325.0,-0.2724435795010432,6
R1020J,R-parietal,375.0,-0.31390058680587746,6
R1020J,R-parietal,425.0,-0.3202768084683229,6
R1020J,R-parietal,475.0,-0.2764846348599181,6
R1020J,R-parietal,525.0,-0.2271583122142595,6
R1020J,R-parietal,575.0,-0.20948629570154317,6
R1020J,R-parietal,625.0,-0.1975139903989165,6
R1020J,R-parietal,675.0,-0.1348844740305576,6
R1020J,R-parietal,725.0,-0.11442814407734808,6
R1020J,R-parietal,775.0,-0.09722504217895085,6
R1020J,R-parietal,825.0,-0.04964919250515792,6
R1020J,R-parietal,875.0,-0.11279976631676641,6
R1020J,R-parietal,925.0,-0.11245758045157102,6
R1020J,R-parietal,975.0,-0.11748820976488632,6
R1020J,R-parietal,1025.0,-0.0949472196731775,6
R1020J,R-parietal,1075.0,-0.05937661097217634,6
R1020J,R-parietal,1125.0,-0.020540488769758433,6
R1020J,R-parietal,1175.0,-0.022051319732322373,6
R1020J,R-parietal,1225.0,-0.10735153059526958,6
R1020J,R-parietal,1275.0,-0.11170261265901253,6
R1020J,R-parietal,1325.0,-0.08175347494848596,6
R1020J,R-parietal,1375.0,-0.06337343994550089,6
R1020J,R-parietal,1425.0,-0.078842440435752,6
R1020J,R-parietal,1475.0,-0.08908862269461754,6
R1020J,R-parietal,1525.0,-0.09358921357642441,6
R1020J,R-parietal,1575.0,-0.1184869323122097,6
R1020J,R-temporal,25.0,-0.013674785661824314,15
R1020J,R-temporal,75.0,-0.038502754028074036,15
R1020J,R-temporal,125.0,0.03622433155133146,15
R1020J,R-temporal,175.0,0.14332436441693044,15
R1020J,R-temporal,225.0,0.19053876799962827,15
R1020J,R-temporal,275.0,0.2082084085209489,15
R1020J,R-temporal,325.0,0.15842164494323085,15
R1020J,R-temporal,375.0,0.1380452000545299,15
R1020J,R-temporal,425.0,0.10215521559176845,15
R1020J,R-temporal,475.0,0.09893653858584475,15
R1020J,R-temporal,525.0,0.09562902366073202,15
R1020J,R-temporal,575.0,0.07591653916828307,15
R1020J,R-temporal,625.0,0.0719006010456882,15
R1020J,R-temporal,675.0,0.0984154487845094,15
R1020J,R-temporal,725.0,0.07823780479401034,15
R1020J,R-temporal,775.0,0.0591640084896986,15
R1020J,R-temporal,825.0,0.024388980058617345,15
R1020J,R-temporal,875.0,-0.00662611190021869,15
R1020J,R-temporal,925.0,-0.027416304338214827,15
R1020J,R-temporal,975.0,-0.04123352794460224,15
R1020J,R-temporal,1025.0,-0.03691064470409711,15
R1020J,R-temporal,1075.0,0.002849763835941917,15
R1020J,R-temporal,1125.0,-0.015805623660912784,15
R1020J,R-temporal,1175.0,-0.024416912435333796,15
R1020J,R-temporal,1225.0,-0.06963956222426013,15
R1020J,R-temporal,1275.0,-0.10121654224722249,15
R1020J,R-temporal,1325.0,-0.07164484226564588,15
R1020J,R-temporal,1375.0,-0.02945413031162194,15
R1020J,R-temporal,1425.0,-0.025873287393889572,15
R1020J,R-temporal,1475.0,-0.0541984769084597,15
R1020J,R-temporal,1525.0,-0.04404534174170406,15
R1020J,R-temporal,1575.0,-0.05686844936664841,15
R1022J,L-occipital,25.0,-0.10851371502181366,11
R1022J,L-occipital,75.0,0.10431054372360235,11
R1022J,L-occipital,125.0,0.26783500411850686,11
R1022J,L-occipital,175.0,0.11710209959478603,11
R1022J,L-occipital,225.0,0.006794324932423265,11
R1022J,L-occipital,275.0,0.10348504472136107,11
R1022J,L-occipital,325.0,0.18440398005563088,11
R1022J,L-occipital,375.0,0.20056392800405398,11
R1022J,L-occipital,425.0,0.3079012959698602,11
R1022J,L-occipital,475.0,0.34214774111621105,11
R1022J,L-occipital,525.0,0.2689624172387173,11
R1022J,L-occipital,575.0,0.27476695253077243,11
R1022J,L-occipital,625.0,0.28590076188060903,11
R1022J,L-occipital,675.0,0.24271485922603492,11
R1022J,L-occipital,725.0,0.21067823377256117,11
R1022J,L-occipital,775.0,0.13887470945420238,11
R1022J,L-occipital,825.0,0.17868003060632665,11
R1022J,L-occipital,875.0,0.20072296539128962,11
R1022J,L-occipital,925.0,0.17901488775243246,11
R1022J,L-occipital,975.0,0.12986135871836674,11
R1022J,L-occipital,1025.0,0.10507133326372364,11
R1022J,L-occipital,1075.0,0.18229144557338844,11
R1022J,L-occipital,1125.0,0.19091896478796896,11
R1022J,L-occipital,1175.0,0.17764814738527204,11
R1022J,L-occipital,1225.0,0.14976710905240073,11
R1022J,L-occipital,1275.0,0.12178031764435482,11
R1022J,L-occipital,1325.0,0.15450730229926032,11
R1022J,L-occipital,1375.0,0.15742172166058915,11
R1022J,L-occipital,1425.0,0.11862869875820982,11
R1022J,L-occipital,1475.0,0.15413274686382597,11
R1022J,L-occipital,1525.0,0.15509175920467036,11
R1022J,L-occipital,1575.0,0.07683196342861426,11
R1023J,R-frontal,25.0,0.1223240302154819,3
R1023J,R-frontal,75.0,0.0890798108152242,3
R1023J,R-frontal,125.0,0.16133468391429576,3
R1023J,R-frontal,175.0,0.0813228824816754,3
R1023J,R-frontal,225.0,0.039697585371570275,3
R1023J,R-frontal,275.0,0.057771206415345285,3
R1023J,R-frontal,325.0,0.11597344919447199,3
R1023J,R-frontal,375.0,0.16122709986717446,3
R1023J,R-frontal,425.0,0.13391084666661116,3
R1023J,R-frontal,475.0,0.1247719419079969,3
R1023J,R-frontal,525.0,0.1313926298084106,3
R1023J,R-frontal,575.0,0.1194372823728227,3
R1023J,R-frontal,625.0,0.026721898454207197,3
R1023J,R-frontal,675.0,0.0023441622838146566,3
R1023J,R-frontal,725.0,0.0613808491274481,3
R1023J,R-frontal,775.0,0.0784560821404325,3
R1023J,R-frontal,825.0,0.010670313169689782,3
R1023J,R-frontal,875.0,0.01884814819461984,3
R1023J,R-frontal,925.0,0.032403779180794616,3
R1023J,R-frontal,975.0,0.061415554206242236,3
R1023J,R-frontal,1025.0,0.05850772687820576,3
R1023J,R-frontal,1075.0,0.09217322241280528,3
R1023J,R-frontal,1125.0,0.12388138357713964,3
R1023J,R-frontal,1175.0,0.04848939503414008,3
R1023J,R-frontal,1225.0,0.0775656438459305,3
R1023J,R-frontal,1275.0,0.057232124086545544,3
R1023J,R-frontal,1325.0,0.04841284858912435,3
R1023J,R-frontal,1375.0,0.09725489397461078,3
R1023J,R-frontal,1425.0,0.12267348199481638,3
R1023J,R-frontal,1475.0,0.06670500444354324,3
R1023J,R-frontal,1525.0,0.0230125089688963,3
R1023J,R-frontal,1575.0,0.038803036083335934,3
R1023J,R-temporal,25.0,0.034464783967868076,10
R1023J,R-temporal,75.0,0.1516608566121216,10
R1023J,R-temporal,125.0,0.590318322282076,10
R1023J,R-temporal,175.0,0.5418607912554021,10
R1023J,R-temporal,225.0,0.07906618265697532,10
R1023J,R-temporal,275.0,0.09524350721206412,10
R1023J,R-temporal,325.0,0.0735478647649913,10
R1023J,R-temporal,375.0,0.05915577762727514,10
R1023J,R-temporal,425.0,0.05784303110168974,10
R1023J,R-temporal,475.0,0.022152053820973305,10
R1023J,R-temporal,525.0,0.06392822266982254,10
R1023J,R-temporal,575.0,0.034474001617234185,10
R1023J,R-temporal,625.0,0.044371477322462965,10
R1023J,R-temporal,675.0,0.03574464521469364,10
R1023J,R-temporal,725.0,0.08145963686873813,10
R1023J,R-temporal,775.0,0.06418611651181173,10
R1023J,R-temporal,825.0,-0.0215358159665465,10
R1023J,R-temporal,875.0,0.004836934375003827,10
R1023J,R-temporal,925.0,0.006540804241781303,10
R1023J,R-temporal,975.0,0.027479283499872394,10
R1023J,R-temporal,1025.0,0.05466750872394639,10
R1023J,R-temporal,1075.0,-0.0007242939459984517,10
R1023J,R-temporal,1125.0,-0.008698576197942145,10
R1023J,R-temporal,1175.0,0.02586407499522997,10
R1023J,R-temporal,1225.0,0.035482540625289244,10
R1023J,R-temporal,1275.0,0.03517178667405009,10
R1023J,R-temporal,1325.0,0.05886995492754107,10
R1023J,R-temporal,1375.0,0.09709570397409936,10
R1023J,R-temporal,1425.0,0.16094719815856715,10
R1023J,R-temporal,1475.0,0.1586370051884047,10
R1023J,R-temporal,1525.0,0.09607701131604206,10
R1023J,R-temporal,1575.0,0.07237273800984836,10
R1026D,L-occipital,25.0,-0.061208076829897484,17
R1026D,L-occipital,75.0,0.05520039087190147,17
R1026D,L-occipital,125.0,0.3440105647623709,17
R1026D,L-occipital,175.0,0.29404513989730213,17
R1026D,L-occipital,225.0,0.21631711194256234,17
R1026D,L-occipital,275.0,0.27136820029657255,17
R1026D,L-occipital,325.0,0.3081975450852072,17
R1026D,L-occipital,375.0,0.3340311028356107,17
R1026D,L-occipital,425.0,0.3167592814805926,17
R1026D,L-occipital,475.0,0.2977162695633045,17
R1026D,L-occipital,525.0,0.2914698450916984,17
R1026D,L-occipital,575.0,0.2630138061303723,17
R1026D,L-occipital,625.0,0.2679305170493408,17
R1026D,L-occipital,675.0,0.29340291528812995,17
R1026D,L-occipital,725.0,0.3033405199206051,17
R1026D,L-occipital,775.0,0.3141198481104973,17
R1026D,L-occipital,825.0,0.29980053443823595,17
R1026D,L-occipital,875.0,0.29142499460059185,17
R1026D,L-occipital,925.0,0.26061429525537827,17
R1026D,L-occipital,975.0,0.2708291336475979,17
R1026D,L-occipital,1025.0,0.2872684495808693,17
R1026D,L-occipital,1075.0,0.3214239522420314,17
R1026D,L-occipital,1125.0,0.2862501314928019,17
R1026D,L-occipital,1175.0,0.2614495919687061,17
R1026D,L-occipital,1225.0,0.2547849672928957,17
R1026D,L-occipital,1275.0,0.25588151693668587,17
R1026D,L-occipital,1325.0,0.23654548766733233,17
R1026D,L-occipital,1375.0,0.22051642575397323,17
R1026D,L-occipital,1425.0,0.18708711867296823,17
R1026D,L-occipital,1475.0,0.1754563152203772,17
R1026D,L-occipital,1525.0,0.16774055975406843,17
R1026D,L-occipital,1575.0,0.1872066568187416,17
R1026D,L-parietal,25.0,-0.017217176073455662,14
R1026D,L-parietal,75.0,-0.011011340082526641,14
R1026D,L-parietal,125.0,-0.0006196005689739889,14
R1026D,L-parietal,175.0,-0.034543716498843406,14
R1026D,L-parietal,225.0,0.012734230267507429,14
R1026D,L-parietal,275.0,0.06704817705951335,14
R1026D,L-parietal,325.0,0.09524758690396769,14
R1026D,L-parietal,375.0,0.10585726352226375,14
R1026D,L-parietal,425.0,0.11188149186298664,14
R1026D,L-parietal,475.0,0.11532446235193998,14
R1026D,L-parietal,525.0,0.10773184480194617,14
R1026D,L-parietal,575.0,0.09164534299582501,14
R1026D,L-parietal,625.0,0.10283571532057885,14
R1026D,L-parietal,675.0,0.11759525822563037,14
R1026D,L-parietal,725.0,0.09372586147413749,14
R1026D,L-parietal,775.0,0.11351279016920057,14
R1026D,L-parietal,825.0,0.09727052561654406,14
R1026D,L-parietal,875.0,0.09385760486108184,14
R1026D,L-parietal,925.0,0.09292310372620051,14
R1026D,L-parietal,975.0,0.06154208462046439,14
R1026D,L-parietal,1025.0,0.08803868182330248,14
R1026D,L-parietal,1075.0,0.12504712919908517,14
R1026D,L-parietal,1125.0,0.1441730253275393,14
R1026D,L-parietal,1175.0,0.14176044806837634,14
R1026D,L-parietal,1225.0,0.0975097764492707,14
R1026D,L-parietal,1275.0,0.0964823041645179,14
R1026D,L-parietal,1325.0,0.09477475485129741,14
R1026D,L-parietal,1375.0,0.10077811208095004,14
R1026D,L-parietal,1425.0,0.13082067825337823,14
R1026D,L-parietal,1475.0,0.09600475254500067,14
R1026D,L-parietal,1525.0,0.09347318918503526,14
R1026D,L-parietal,1575.0,0.0690892087631489,14
R1030J,L-frontal,25.0,0.13384095399197268,6
R1030J,L-frontal,75.0,0.15374607325123368,6
R1030J,L-frontal,125.0,0.162308688497156,6
R1030J,L-frontal,175.0,0.1653601602487697,6
R1030J,L-frontal,225.0,0.21968866451347013,6
R1030J,L-frontal,275.0,0.15790190114876804,6
R1030J,L-frontal,325.0,0.10126873818997957,6
R1030J,L-frontal,375.0,0.03936182791483779,6
R1030J,L-frontal,425.0,-0.04314826072851972,6
R1030J,L-frontal,475.0,-0.09021149654963152,6
R1030J,L-frontal,525.0,-0.10862645726062851,6
R1030J,L-frontal,575.0,-0.10708687949730006,6
R1030J,L-frontal,625.0,-0.145293777200921,6
R1030J,L-frontal,675.0,-0.1312333525237195,6
R1030J,L-frontal,725.0,-0.1738094727704812,6
R1030J,L-frontal,775.0,-0.2124745830515331,6
R1030J,L-frontal,825.0,-0.16882910608735113,6
R1030J,L-frontal,875.0,-0.15195971186748872,6
R1030J,L-frontal,925.0,-0.2010423703920434,6
R1030J,L-frontal,975.0,-0.1975819244440837,6
R1030J,L-frontal,1025.0,-0.09691877755050297,6
R1030J,L-frontal,1075.0,-0.1402721621732211,6
R1030J,L-frontal,1125.0,-0.16457284733480526,6
R1030J,L-frontal,1175.0,-0.1416383966328174,6
R1030J,L-frontal,1225.0,-0.12602731660428107,6
R1030J,L-frontal,1275.0,-0.18039829302346924,6
R1030J,L-frontal,1325.0,-0.1089655420914779,6
R1030J,L-frontal,1375.0,-0.07666094748822401,6
R1030J,L-frontal,1425.0,-0.13586908908132572,6
R1030J,L-frontal,1475.0,-0.14875379741760972,6
R1030J,L-frontal,1525.0,-0.0954143894288968,6
R1030J,L-frontal,1575.0,-0.1523730526109731,6
R1030J,L-temporal,25.0,0.16312819792443276,3
R1030J,L-temporal,75.0,0.15231140477136848,3
R1030J,L-temporal,125.0,0.1721550582689296,3
R1030J,L-temporal,175.0,0.24156960004955133,3
R1030J,L-temporal,225.0,0.3262535092755746,3
R1030J,L-temporal,275.0,0.33489062818272397,3
R1030J,L-temporal,325.0,0.24087947742105822,3
R1030J,L-temporal,375.0,0.16262840588614547,3
R1030J,L-temporal,425.0,0.11128506393293346,3
R1030J,L-temporal,475.0,0.08084776836083908,3
R1030J,L-temporal,525.0,0.024459651495446516,3
R1030J,L-temporal,575.0,-0.08800941981172523,3
R1030J,L-temporal,625.0,-0.031349871140763284,3
R1030J,L-temporal,675.0,-0.037544090676576186,3
R1030J,L-temporal,725.0,-0.047072225812366926,3
R1030J,L-temporal,775.0,-0.08041056193747913,3
R1030J,L-temporal,825.0,-0.0014465475824663176,3
R1030J,L-temporal,875.0,-0.038812986768241714,3
R1030J,L-temporal,925.0,0.008369254165791368,3
R1030J,L-temporal,975.0,-0.020164711174672934,3
R1030J,L-temporal,1025.0,-0.031234959717519828,3
R1030J,L-temporal,1075.0,-0.00926360571941729,3
R1030J,L-temporal,1125.0,0.02547897813184655,3
R1030J,L-temporal,1175.0,0.059625226600631166,3
R1030J,L-temporal,1225.0,-0.04128501454961024,3
R1030J,L-temporal,1275.0,-0.05870278750660662,3
R1030J,L-temporal,1325.0,-0.050663315633171745,3
R1030J,L-temporal,1375.0,-0.04501313994269743,3
R1030J,L-temporal,1425.0,-0.07950513847526221,3
R1030J,L-temporal,1475.0,-0.08583019610708069,3
R1030J,L-temporal,1525.0,-0.0008055181424141827,3
R1030J,L-temporal,1575.0,-0.0937940202011921,3
R1032D,L-frontal,25.0,-0.08092874954849742,4
R1032D,L-frontal,75.0,-0.109817025441353,4
R1032D,L-frontal,125.0,-0.14253758905057318,4
R1032D,L-frontal,175.0,-0.17080277742218958,4
R1032D,L-frontal,225.0,-0.20973311248824075,4
R1032D,L-frontal,275.0,-0.2142542053660508,4
R1032D,L-frontal,325.0,-0.15591845778912922,4
R1032D,L-frontal,375.0,-0.052767215135410814,4
R1032D,L-frontal,425.0,-0.022806559494608233,4
R1032D,L-frontal,475.0,0.02505772881264804,4
R1032D,L-frontal,525.0,0.11499065003509515,4
R1032D,L-frontal,575.0,0.18851226149373498,4
R1032D,L-frontal,625.0,0.24264219437980514,4
R1032D,L-frontal,675.0,0.23519076053469887,4
R1032D,L-frontal,725.0,0.19705966661321103,4
R1032D,L-frontal,775.0,0.20763515161565296,4
R1032D,L-frontal,825.0,0.21726604686389095,4
R1032D,L-frontal,875.0,0.20812051409358873,4
R1032D,L-frontal,925.0,0.21965389527250032,4
R1032D,L-frontal,975.0,0.21535826675537667,4
R1032D,L-frontal,1025.0,0.214802301774504,4
R1032D,L-frontal,1075.0,0.20590199426736408,4
R1032D,L-frontal,1125.0,0.16407302488047013,4
R1032D,L-frontal,1175.0,0.1320385478772901,4
R1032D,L-frontal,1225.0,0.14400695211227132,4
R1032D,L-frontal,1275.0,0.1231165809945644,4
R1032D,L-frontal,1325.0,0.11092450541637136,4
R1032D,L-frontal,1375.0,0.12302005126112389,4
R1032D,L-frontal,1425.0,0.11173894384524588,4
R1032D,L-frontal,1475.0,0.08236635285216205,4
R1032D,L-frontal,1525.0,0.030326448652594287,4
R1032D,L-frontal,1575.0,-0.0030713215161892043,4
R1032D,L-parietal,25.0,0.02188260883985259,3
R1032D,L-parietal,75.0,0.19021271363003725,3
R1032D,L-parietal,125.0,0.44785370776230254,3
R1032D,L-parietal,175.0,0.4316867782705791,3
R1032D,L-parietal,225.0,0.46210113828693683,3
R1032D,L-parietal,275.0,0.4448932234288179,3
R1032D,L-parietal,325.0,0.37231293500356183,3
R1032D,L-parietal,375.0,0.26745742905170716,3
R1032D,L-parietal,425.0,0.25926140274569165,3
R1032D,L-parietal,475.0,0.21910883643025159,3
R1032D,L-parietal,525.0,0.27877158870855306,3
R1032D,L-parietal,575.0,0.15212215673758608,3
R1032D,L-parietal,625.0,0.045318550694713765,3
R1032D,L-parietal,675.0,0.08307084539932966,3
R1032D,L-parietal,725.0,0.14956653139150597,3
R1032D,L-parietal,775.0,0.14421388616678463,3
R1032D,L-parietal,825.0,0.07682361459101038,3
R1032D,L-parietal,875.0,0.043392698835173715,3
R1032D,L-parietal,925.0,0.04810753843530407,3
R1032D,L-parietal,975.0,0.08724011613888223,3
R1032D,L-parietal,1025.0,0.20191124622277642,3
R1032D,L-parietal,1075.0,0.147769621781262,3
R1032D,L-parietal,1125.0,0.10733960900020782,3
R1032D,L-parietal,1175.0,0.0940588107568328,3
R1032D,L-parietal,1225.0,0.09411028888579598,3
R1032D,L-parietal,1275.0,0.0757082302045244,3
R1032D,L-parietal,1325.0,0.0660789153455919,3
R1032D,L-parietal,1375.0,0.03772008216011186,3
R1032D,L-parietal,1425.0,0.06471242545991819,3
R1032D,L-parietal,1475.0,0.10616793797864575,3
R1032D,L-parietal,1525.0,0.057896290060112494,3
R1032D,L-parietal,1575.0,0.06268888546423002,3
R1032D,R-parietal,25.0,0.017198394901626182,3
R1032D,R-parietal,75.0,0.07662790130639895,3
R1032D,R-parietal,125.0,0.10895502120640727,3
R1032D,R-parietal,175.0,0.10039015954478185,3
R1032D,R-parietal,225.0,0.04057436180485644,3
R1032D,R-parietal,275.0,-0.005057050262614937,3
R1032D,R-parietal,325.0,0.013926118693447004,3
R1032D,R-parietal,375.0,-0.0025357170723592087,3
R1032D,R-parietal,425.0,-0.027074590386104738,3
R1032D,R-parietal,475.0,-0.08013370204691268,3
R1032D,R-parietal,525.0,-0.07886840850622714,3
R1032D,R-parietal,575.0,-0.03774461463767434,3
R1032D,R-parietal,625.0,-0.08450613337923306,3
R1032D,R-parietal,675.0,-0.0950136419862689,3
R1032D,R-parietal,725.0,-0.07259901300140362,3
R1032D,R-parietal,775.0,-0.11742368413142186,3
R1032D,R-parietal,825.0,-0.10462944919135114,3
R1032D,R-parietal,875.0,-0.12414989979033235,3
R1032D,R-parietal,925.0,-0.09471431991353589,3
R1032D,R-parietal,975.0,-0.11551326695256842,3
R1032D,R-parietal,1025.0,-0.13507540753461705,3
R1032D,R-parietal,1075.0,-0.07388970698217068,3
R1032D,R-parietal,1125.0,-0.06402713214268091,3
R1032D,R-parietal,1175.0,-0.08282907584753467,3
R1032D,R-parietal,1225.0,-0.003294787108847112,3
R1032D,R-parietal,1275.0,0.03498919424752234,3
R1032D,R-parietal,1325.0,0.02749341122758185,3
R1032D,R-parietal,1375.0,0.045630781523628504,3
R1032D,R-parietal,1425.0,-0.05895853672976714,3
R1032D,R-parietal,1475.0,-0.016501073585035317,3
R1032D,R-parietal,1525.0,0.010225804540912814,3
R1032D,R-parietal,1575.0,0.04865311424300428,3
R1034D,L-frontal,25.0,-0.03287421784673526,13
R1034D,L-frontal,75.0,-0.051336712000133976,13
R1034D,L-frontal,125.0,-0.013980881798331273,13
R1034D,L-frontal,175.0,0.07636414703085724,13
R1034D,L-frontal,225.0,0.1099387303314127,13
R1034D,L-frontal,275.0,0.10328070357412553,13
R1034D,L-frontal,325.0,0.06211820511116376,13
R1034D,L-frontal,375.0,0.03735084749745267,13
R1034D,L-frontal,425.0,0.036166943544666846,13
R1034D,L-frontal,475.0,0.011670475789539576,13
R1034D,L-frontal,525.0,-0.02115606593597881,13
R1034D,L-frontal,575.0,-0.03586354926763716,13
R1034D,L-frontal,625.0,-0.01914104167006003,13
R1034D,L-frontal,675.0,-0.003312344445263295,13
R1034D,L-frontal,725.0,-0.007807537784577068,13
R1034D,L-frontal,775.0,-0.030766602624326646,13
R1034D,L-frontal,825.0,-0.04956791515022308,13
R1034D,L-frontal,875.0,-0.046406023328004184,13
R1034D,L-frontal,925.0,-0.05191996006056946,13
R1034D,L-frontal,975.0,-0.038704896621328845,13
R1034D,L-frontal,1025.0,-0.0554395419700029,13
R1034D,L-frontal,1075.0,-0.06931711541029388,13
R1034D,L-frontal,1125.0,-0.07564973522172788,13
R1034D,L-frontal,1175.0,-0.02475977046512238,13
R1034D,L-frontal,1225.0,0.005027262886161236,13
R1034D,L-frontal,1275.0,-0.0193687031719735,13
R1034D,L-frontal,1325.0,-0.03568819949483255,13
R1034D,L-frontal,1375.0,-0.04136940618627472,13
R1034D,L-frontal,1425.0,-0.03673315713797081,13
R1034D,L-frontal,1475.0,-0.03834371705976927,13
R1034D,L-frontal,1525.0,-0.029797196455351338,13
R1034D,L-frontal,1575.0,0.0020921148594438,13
R1034D,R-frontal,25.0,0.03521346162904242,5
R1034D,R-frontal,75.0,-0.01731647830850567,5
R1034D,R-frontal,125.0,0.03012354699792329,5
R1034D,R-frontal,175.0,0.10397480841913695,5
R1034D,R-frontal,225.0,0.0900553660390376,5
R1034D,R-frontal,275.0,0.0587883338781491,5
R1034D,R-frontal,325.0,-0.022365859752912273,5
R1034D,R-frontal,375.0,-0.022124319055112356,5
R1034D,R-frontal,425.0,-0.021954536812355534,5
R1034D,R-frontal,475.0,-0.027523020456779162,5
R1034D,R-frontal,525.0,-0.020702923555984333,5
R1034D,R-frontal,575.0,-0.021106688502268316,5
R1034D,R-frontal,625.0,-0.007130172902886619,5
R1034D,R-frontal,675.0,-0.013521622046358983,5
R1034D,R-frontal,725.0,-0.05169017259387927,5
R1034D,R-frontal,775.0,-0.04206531409906665,5
R1034D,R-frontal,825.0,-0.029405155528440325,5
R1034D,R-frontal,875.0,-0.04133205130132282,5
R1034D,R-frontal,925.0,-0.02506847950362725,5
R1034D,R-frontal,975.0,-0.059918594487856226,5
R1034D,R-frontal,1025.0,-0.038039155666691374,5
R1034D,R-frontal,1075.0,-0.01906242857685158,5
R1034D,R-frontal,1125.0,-0.012114115336866804,5
R1034D,R-frontal,1175.0,-0.03949064780465038,5
R1034D,R-frontal,1225.0,-0.04803251567246307,5
R1034D,R-frontal,1275.0,-0.01506032483959463,5
R1034D,R-frontal,1325.0,-0.050379863528999494,5
R1034D,R-frontal,1375.0,-0.05962878045586932,5
R1034D,R-frontal,1425.0,-0.04303266088486242,5
R1034D,R-frontal,1475.0,-0.035460375323367176,5
R1034D,R-frontal,1525.0,-0.07779777668140805,5
R1034D,R-frontal,1575.0,-0.05061003501992946,5
R1036M,L-frontal,25.0,0.014704733797695935,3
R1036M,L-frontal,75.0,0.0400708964726799,3
R1036M,L-frontal,125.0,-0.03271107506036682,3
R1036M,L-frontal,175.0,-0.03421450068249446,3
R1036M,L-frontal,225.0,-0.053487387478149184,3
R1036M,L-frontal,275.0,-0.153255833977913,3
R1036M,L-frontal,325.0,-0.17163317045611814,3
R1036M,L-frontal,375.0,-0.2286646470040582,3
R1036M,L-frontal,425.0,-0.25915328377213726,3
R1036M,L-frontal,475.0,-0.22579801531563667,3
R1036M,L-frontal,525.0,-0.1314284687893131,3
R1036M,L-frontal,575.0,-0.15233333469671065,3
R1036M,L-frontal,625.0,-0.11295775445267377,3
R1036M,L-frontal,675.0,-0.08921056096321363,3
R1036M,L-frontal,725.0,-0.06393250633341885,3
R1036M,L-frontal,775.0,-0.11855841667089288,3
R1036M,L-frontal,825.0,-0.16374519928065245,3
R1036M,L-frontal,875.0,-0.17476704767952678,3
R1036M,L-frontal,925.0,-0.1040932161354259,3
R1036M,L-frontal,975.0,-0.07357958344498036,3
R1036M,L-frontal,1025.0,-0.13065027003438198,3
R1036M,L-frontal,1075.0,-0.11427251967883319,3
R1036M,L-frontal,1125.0,-0.06972684441589555,3
R1036M,L-frontal,1175.0,-0.025192147710143758,3
R1036M,L-frontal,1225.0,0.022827045197311185,3
R1036M,L-frontal,1275.0,-0.007162446029122134,3
R1036M,L-frontal,1325.0,-0.00882919959048392,3
R1036M,L-frontal,1375.0,0.0045813275109056195,3
R1036M,L-frontal,1425.0,0.01545884944949697,3
R1036M,L-frontal,1475.0,-0.06467352486120691,3
R1036M,L-frontal,1525.0,-0.13722862203970312,3
R1036M,L-frontal,1575.0,-0.09691524742420622,3
R1036M,L-parietal,25.0,0.04678400566871188,6
R1036M,L-parietal,75.0,0.07242839980915113,6
R1036M,L-parietal,125.0,0.13493613503404564,6
R1036M,L-parietal,175.0,0.2976002575386221,6
R1036M,L-parietal,225.0,0.33372540373035936,6
R1036M,L-parietal,275.0,0.21337424197586338,6
R1036M,L-parietal,325.0,0.1926452319883426,6
R1036M,L-parietal,375.0,0.1878749744982402,6
R1036M,L-parietal,425.0,0.15742049080694398,6
R1036M,L-parietal,475.0,0.17510918540131085,6
R1036M,L-parietal,525.0,0.15668083819464393,6
R1036M,L-parietal,575.0,0.0933861846865298,6
R1036M,L-parietal,625.0,0.09466551993693006,6
R1036M,L-parietal,675.0,0.052823081035774044,6
R1036M,L-parietal,725.0,0.022864383185017503,6
R1036M,L-parietal,775.0,-0.0018189030266674057,6
R1036M,L-parietal,825.0,-0.03805823284582654,6
R1036M,L-parietal,875.0,-0.035191497525566516,6
R1036M,L-parietal,925.0,-0.047926859138967215,6
R1036M,L-parietal,975.0,-0.1232189687763632,6
R1036M,L-parietal,1025.0,-0.1540641639020619,6
R1036M,L-parietal,1075.0,-0.15323408064696928,6
R1036M,L-parietal,1125.0,-0.1190079566036003,6
R1036M,L-parietal,1175.0,-0.09977369296156384,6
R1036M,L-parietal,1225.0,-0.04709238442343239,6
R1036M,L-parietal,1275.0,-0.05920900287834271,6
R1036M,L-parietal,1325.0,-0.03439402284107388,6
R1036M,L-parietal,1375.0,0.008630792130133803,6
R1036M,L-parietal,1425.0,0.06624766063786217,6
R1036M,L-parietal,1475.0,0.09453469237689538,6
R1036M,L-parietal,1525.0,0.059226448605731896,6
R1036M,L-parietal,1575.0,0.03985724242264785,6
R1036M,L-temporal,25.0,0.010928564351794609,11
R1036M,L-temporal,75.0,0.05458003260425769,11
R1036M,L-temporal,125.0,0.05601338548990194,11
R1036M,L-temporal,175.0,0.0328553487488501,11
R1036M,L-temporal,225.0,-0.018449369978144104,11
R1036M,L-temporal,275.0,-0.018596101443400893,11
R1036M,L-temporal,325.0,-0.0077211551590428825,11
R1036M,L-temporal,375.0,-0.0021729580023989565,11
R1036M,L-temporal,425.0,-0.0230114388555155,11
R1036M,L-temporal,475.0,-0.012173596935674491,11
R1036M,L-temporal,525.0,-0.0027250544921739225,11
R1036M,L-temporal,575.0,-0.041500065239363226,11
R1036M,L-temporal,625.0,-0.0773928764894405,11
R1036M,L-temporal,675.0,-0.047178035943520075,11
R1036M,L-temporal,725.0,-0.007536256106931836,11
R1036M,L-temporal,775.0,-0.02362611316057482,11
R1036M,L-temporal,825.0,-0.05665548153397164,11
R1036M,L-temporal,875.0,-0.06641646551096575,11
R1036M,L-temporal,925.0,-0.07314198822719836,11
R1036M,L-temporal,975.0,-0.09607588525613137,11
R1036M,L-temporal,1025.0,-0.118253184197066,11
R1036M,L-temporal,1075.0,-0.14415986202291903,11
R1036M,L-temporal,1125.0,-0.12898824091096014,11
R1036M,L-temporal,1175.0,-0.09557285648799883,11
R1036M,L-temporal,1225.0,-0.025461133991052265,11
R1036M,L-temporal,1275.0,-0.057458784994347624,11
R1036M,L-temporal,1325.0,-0.061552862239623106,11
R1036M,L-temporal,1375.0,-0.031177243371815766,11
R1036M,L-temporal,1425.0,0.017721590267582094,11
R1036M,L-temporal,1475.0,0.03027520680206441,11
R1036M,L-temporal,1525.0,-0.017092163151510836,11
R1036M,L-temporal,1575.0,-0.05652638650264907,11
R1042M,R-frontal,25.0,0.07484808972209,8
R1042M,R-frontal,75.0,0.039400655901156025,8
R1042M,R-frontal,125.0,0.13432833602347774,8
R1042M,R-frontal,175.0,0.24166050617708523,8
R1042M,R-frontal,225.0,0.2841861719383774,8
R1042M,R-frontal,275.0,0.28627660847669606,8
R1042M,R-frontal,325.0,0.22685750512808295,8
R1042M,R-frontal,375.0,0.15357518960956865,8
R1042M,R-frontal,425.0,0.10987172720834462,8
R1042M,R-frontal,475.0,0.06048995331751981,8
R1042M,R-frontal,525.0,0.046735769830798614,8
R1042M,R-frontal,575.0,0.042522423014157935,8
R1042M,R-frontal,625.0,0.048886944993225295,8
R1042M,R-frontal,675.0,0.02252711760964172,8
R1042M,R-frontal,725.0,0.019637304917980374,8
R1042M,R-frontal,775.0,0.004723030704562665,8
R1042M,R-frontal,825.0,0.01580458776308234,8
R1042M,R-frontal,875.0,-0.010994172385477794,8
R1042M,R-frontal,925.0,0.01609359309890509,8
R1042M,R-frontal,975.0,0.030013658452068603,8
R1042M,R-frontal,1025.0,0.037873095443805384,8
R1042M,R-frontal,1075.0,0.008854385571483495,8
R1042M,R-frontal,1125.0,-0.04704166820199349,8
R1042M,R-frontal,1175.0,-0.04611554732026882,8
R1042M,R-frontal,1225.0,-0.029305949584390825,8
R1042M,R-frontal,1275.0,-0.03794208981295297,8
R1042M,R-frontal,1325.0,-0.06813556693870315,8
R1042M,R-frontal,1375.0,-0.03234185164410741,8
R1042M,R-frontal,1425.0,-0.02023994667037839,8
R1042M,R-frontal,1475.0,-0.0632133152922631,8
R1042M,R-frontal,1525.0,-0.03531603624354083,8
R1042M,R-frontal,1575.0,-0.02619387128966082,8
R1042M,R-parietal,25.0,0.029288402911714622,15
R1042M,R-parietal,75.0,0.07007349204438779,15
R1042M,R-parietal,125.0,0.13296188189965505,15
R1042M,R-parietal,175.0,0.2083457870332248,15
R1042M,R-parietal,225.0,0.2708086061867839,15
R1042M,R-parietal,275.0,0.2697120997444229,15
R1042M,R-parietal,325.0,0.2209503951638975,15
R1042M,R-parietal,375.0,0.1513039435702537,15
R1042M,R-parietal,425.0,0.1183858657819265,15
R1042M,R-parietal,475.0,0.09439978915852933,15
R1042M,R-parietal,525.0,0.036824149655538395,15
R1042M,R-parietal,575.0,-0.0045681996242013965,15
R1042M,R-parietal,625.0,0.04954304499206037,15
R1042M,R-parietal,675.0,0.09688508355777573,15
R1042M,R-parietal,725.0,0.09429398181859103,15
R1042M,R-parietal,775.0,0.07345290354088733,15
R1042M,R-parietal,825.0,0.0653114298484808,15
R1042M,R-parietal,875.0,0.058702265959009986,15
R1042M,R-parietal,925.0,0.06574526888519945,15
R1042M,R-parietal,975.0,0.057400228355833444,15
R1042M,R-parietal,1025.0,0.09348691464852624,15
R1042M,R-parietal,1075.0,0.08193115422654619,15
R1042M,R-parietal,1125.0,0.04359832911876154,15
R1042M,R-parietal,1175.0,0.039252957267499396,15
R1042M,R-parietal,1225.0,0.023545563152370493,15
R1042M,R-parietal,1275.0,0.034629076370218746,15
R1042M,R-parietal,1325.0,0.02856543524922616,15
R1042M,R-parietal,1375.0,0.005634581711998476,15
R1042M,R-parietal,1425.0,-8.482358905986623e-05,15
R1042M,R-parietal,1475.0,0.03699305974825341,15
R1042M,R-parietal,1525.0,0.09646974246623355,15
R1042M,R-parietal,1575.0,0.10365046827944151,15
R1042M,R-temporal,25.0,0.04372264164810003,17
R1042M,R-temporal,75.0,0.036030913902056365,17
R1042M,R-temporal,125.0,0.02730320049844571,17
R1042M,R-temporal,175.0,0.03625638037761056,17
R1042M,R-temporal,225.0,0.04166232333468776,17
R1042M,R-temporal,275.0,0.023571798191287067,17
R1042M,R-temporal,325.0,0.012956005738174884,17
R1042M,R-temporal,375.0,-0.012902671868010836,17
R1042M,R-temporal,425.0,-0.017454677589303965,17
R1042M,R-temporal,475.0,-0.02938708795248591,17
R1042M,R-temporal,525.0,-0.031139096340228784,17
R1042M,R-temporal,575.0,-0.07720188896504351,17
R1042M,R-temporal,625.0,-0.053558282386519517,17
R1042M,R-temporal,675.0,-0.052552660056241936,17
R1042M,R-temporal,725.0,-0.06106340690495779,17
R1042M,R-temporal,775.0,-0.0409180548132211,17
R1042M,R-temporal,825.0,-0.031109396208623727,17
R1042M,R-temporal,875.0,-0.03274983672479072,17
R1042M,R-temporal,925.0,-0.026759308134241436,17
R1042M,R-temporal,975.0,-0.049149328972306505,17
R1042M,R-temporal,1025.0,-0.03989026184276738,17
R1042M,R-temporal,1075.0,-0.03377389239063237,17
R1042M,R-temporal,1125.0,-0.060878950504581225,17
R1042M,R-temporal,1175.0,-0.03914448915698689,17
R1042M,R-temporal,1225.0,-0.029856559047932357,17
R1042M,R-temporal,1275.0,-0.01833409089442501,17
R1042M,R-temporal,1325.0,-0.023796516606807133,17
R1042M,R-temporal,1375.0,-0.04957235238063723,17
R1042M,R-temporal,1425.0,-0.05883677964470498,17
R1042M,R-temporal,1475.0,-0.05446443880757194,17
R1042M,R-temporal,1525.0,-0.03427727300327356,17
R1042M,R-temporal,1575.0,-0.030857480820786196,17
R1048E,R-frontal,25.0,-0.05842071187362575,4
R1048E,R-frontal,75.0,-0.07196969320776242,4
R1048E,R-frontal,125.0,-0.0488786763552755,4
R1048E,R-frontal,175.0,0.11703569681671047,4
R1048E,R-frontal,225.0,0.23323294943371514,4
R1048E,R-frontal,275.0,0.12676691775228802,4
R1048E,R-frontal,325.0,-0.0635195244316357,4
R1048E,R-frontal,375.0,-0.17692326809113354,4
R1048E,R-frontal,425.0,-0.18582804990167512,4
R1048E,R-frontal,475.0,-0.19519057099507614,4
R1048E,R-frontal,525.0,-0.18672972104879393,4
R1048E,R-frontal,575.0,-0.12539434568111235,4
R1048E,R-frontal,625.0,-0.14288354292009336,4
R1048E,R-frontal,675.0,-0.1803421437790546,4
R1048E,R-frontal,725.0,-0.16307084966774207,4
R1048E,R-frontal,775.0,-0.19416389132959883,4
R1048E,R-frontal,825.0,-0.12306528212160997,4
R1048E,R-frontal,875.0,-0.09079586590021832,4
R1048E,R-frontal,925.0,-0.14156559875888342,4
R1048E,R-frontal,975.0,-0.1594421909080207,4
R1048E,R-frontal,1025.0,-0.2248970189485801,4
R1048E,R-frontal,1075.0,-0.18460130792368512,4
R1048E,R-frontal,1125.0,-0.19034124182724652,4
R1048E,R-frontal,1175.0,-0.149329939668681,4
R1048E,R-frontal,1225.0,-0.13274740046074596,4
R1048E,R-frontal,1275.0,-0.16469186594599652,4
R1048E,R-frontal,1325.0,-0.1819061437961482,4
R1048E,R-frontal,1375.0,-0.20963477902372807,4
R1048E,R-frontal,1425.0,-0.23773287615882044,4
R1048E,R-frontal,1475.0,-0.16271323803330845,4
R1048E,R-frontal,1525.0,-0.14728159024609724,4
R1048E,R-frontal,1575.0,-0.14679033299001287,4
R1048E,R-temporal,25.0,0.018993480647509643,8
R1048E,R-temporal,75.0,0.02671257570559931,8
R1048E,R-temporal,125.0,0.1500417592917063,8
R1048E,R-temporal,175.0,0.293215695967322,8
R1048E,R-temporal,225.0,0.3509364971870959,8
R1048E,R-temporal,275.0,0.28847515966820003,8
R1048E,R-temporal,325.0,0.1697433102287783,8
R1048E,R-temporal,375.0,0.08475409220216941,8
R1048E,R-temporal,425.0,0.0851172072562796,8
R1048E,R-temporal,475.0,0.08880052658377975,8
R1048E,R-temporal,525.0,0.06687463473175405,8
R1048E,R-temporal,575.0,0.07853091270922274,8
R1048E,R-temporal,625.0,0.07460736928162441,8
R1048E,R-temporal,675.0,0.0971590764562942,8
R1048E,R-temporal,725.0,0.09754965102472062,8
R1048E,R-temporal,775.0,0.07699742630507406,8
R1048E,R-temporal,825.0,0.05613398044677195,8
R1048E,R-temporal,875.0,-0.004840534637334153,8
R1048E,R-temporal,925.0,-0.015552987252866121,8
R1048E,R-temporal,975.0,0.001571514645897231,8
R1048E,R-temporal,1025.0,-0.02295621216252767,8
R1048E,R-temporal,1075.0,-0.05100926106142004,8
R1048E,R-temporal,1125.0,-0.04997068004831772,8
R1048E,R-temporal,1175.0,-0.00853747513544195,8
R1048E,R-temporal,1225.0,-0.019450572507199955,8
R1048E,R-temporal,1275.0,-0.01121106411842757,8
R1048E,R-temporal,1325.0,-0.026164676340176093,8
R1048E,R-temporal,1375.0,-0.05667461108705639,8
R1048E,R-temporal,1425.0,0.0021955879403534563,8
R1048E,R-temporal,1475.0,0.04236979462333833,8
R1048E,R-temporal,1525.0,0.027076489673242776,8
R1048E,R-temporal,1575.0,-0.021607977213024467,8
R1049J,L-parietal,25.0,-0.1307244789698399,7
R1049J,L-parietal,75.0,-0.06765286770861212,7
R1049J,L-parietal,125.0,-0.05754367616591581,7
R1049J,L-parietal,175.0,-0.06704212667814545,7
R1049J,L-parietal,225.0,-0.052949222455746084,7
R1049J,L-parietal,275.0,0.11003981152346953,7
R1049J,L-parietal,325.0,0.2302378766044581,7
R1049J,L-parietal,375.0,0.31816115836212616,7
R1049J,L-parietal,425.0,0.36657217505699424,7
R1049J,L-parietal,475.0,0.39559953801964365,7
R1049J,L-parietal,525.0,0.3256638082786133,7
R1049J,L-parietal,575.0,0.2902017982937096,7
R1049J,L-parietal,625.0,0.24617583815297608,7
R1049J,L-parietal,675.0,0.21438299919864545,7
R1049J,L-parietal,725.0,0.18548018605183225,7
R1049J,L-parietal,775.0,0.21746464294352874,7
R1049J,L-parietal,825.0,0.2585380438394526,7
R1049J,L-parietal,875.0,0.21786905079983526,7
R1049J,L-parietal,925.0,0.23465332364258115,7
R1049J,L-parietal,975.0,0.21966588903390602,7
R1049J,L-parietal,1025.0,0.15253661090827708,7
R1049J,L-parietal,1075.0,0.10487195086089894,7
R1049J,L-parietal,1125.0,0.0470776610057076,7
R1049J,L-parietal,1175.0,0.06362098652511804,7
R1049J,L-parietal,1225.0,0.09166433122918807,7
R1049J,L-parietal,1275.0,0.06319442727780288,7
R1049J,L-parietal,1325.0,0.0840780346818389,7
R1049J,L-parietal,1375.0,0.055738515850226475,7
R1049J,L-parietal,1425.0,0.0679151586588662,7
R1049J,L-parietal,1475.0,0.0022657195412791914,7
R1049J,L-parietal,1525.0,-0.05953728092884101,7
R1049J,L-parietal,1575.0,-0.020912259652775562,7
R1049J,L-temporal,25.0,-0.09051281710290875,3
R1049J,L-temporal,75.0,-0.02114202257092691,3
R1049J,L-temporal,125.0,0.005981105932419577,3
R1049J,L-temporal,175.0,-0.005429491314656973,3
R1049J,L-temporal,225.0,-0.0644697206032917,3
R1049J,L-temporal,275.0,-0.04473037278613982,3
R1049J,L-temporal,325.0,-0.08289180571544284,3
R1049J,L-temporal,375.0,-0.10210346997859476,3
R1049J,L-temporal,425.0,-0.07812521095831339,3
R1049J,L-temporal,475.0,-0.07819571704080908,3
R1049J,L-temporal,525.0,-0.06353397831698131,3
R1049J,L-temporal,575.0,-0.05443889997096348,3
R1049J,L-temporal,625.0,-0.08758906012816403,3
R1049J,L-temporal,675.0,-0.1103010586197903,3
R1049J,L-temporal,725.0,-0.15316286190635928,3
R1049J,L-temporal,775.0,-0.1418292510610118,3
R1049J,L-temporal,825.0,-0.14797747752503945,3
R1049J,L-temporal,875.0,-0.09274300348418496,3
R1049J,L-temporal,925.0,-0.06415180977545902,3
R1049J,L-temporal,975.0,0.005020547293228071,3
R1049J,L-temporal,1025.0,-0.035525231535925746,3
R1049J,L-temporal,1075.0,-0.08439757866566029,3
R1049J,L-temporal,1125.0,-0.14853292608133453,3
R1049J,L-temporal,1175.0,-0.14860001414382643,3
R1049J,L-temporal,1225.0,-0.1428130076010039,3
R1049J,L-temporal,1275.0,-0.10968022373636406,3
R1049J,L-temporal,1325.0,-0.05248845103289231,3
R1049J,L-temporal,1375.0,-0.08790954841476036,3
R1049J,L-temporal,1425.0,-0.04964822535648015,3
R1049J,L-temporal,1475.0,-0.047100029910252576,3
R1049J,L-temporal,1525.0,-0.1010013774554509,3
R1049J,L-temporal,1575.0,-0.11206703306797272,3
R1050M,L-frontal,25.0,0.11358114152644001,5
R1050M,L-frontal,75.0,0.19226391546321342,5
R1050M,L-frontal,125.0,0.4019576729384373,5
R1050M,L-frontal,175.0,0.42187412376568156,5
R1050M,L-frontal,225.0,0.3146425723276366,5
R1050M,L-frontal,275.0,0.20656234066501944,5
R1050M,L-frontal,325.0,0.18201300045961408,5
R1050M,L-frontal,375.0,0.10823349526689226,5
R1050M,L-frontal,425.0,0.014117208682019966,5
R1050M,L-frontal,475.0,-0.03486665046786119,5
R1050M,L-frontal,525.0,-0.003797516521591582,5
R1050M,L-frontal,575.0,-0.11581981622849727,5
R1050M,L-frontal,625.0,-0.17055929870788705,5
R1050M,L-frontal,675.0,-0.20536139230520586,5
R1050M,L-frontal,725.0,-0.22286395675735618,5
R1050M,L-frontal,775.0,-0.17965856708814104,5
R1050M,L-frontal,825.0,-0.18111111680936906,5
R1050M,L-frontal,875.0,-0.18528776940526542,5
R1050M,L-frontal,925.0,-0.15566959509847697,5
R1050M,L-frontal,975.0,-0.14150421846332467,5
R1050M,L-frontal,1025.0,-0.1380762007220951,5
R1050M,L-frontal,1075.0,-0.08978629883270944,5
R1050M,L-frontal,1125.0,-0.09532959445044342,5
R1050M,L-frontal,1175.0,-0.09851720909659188,5
R1050M,L-frontal,1225.0,-0.10047806162497072,5
R1050M,L-frontal,1275.0,-0.05204166815319505,5
R1050M,L-frontal,1325.0,-0.045219247516718686,5
R1050M,L-frontal,1375.0,-0.08067811074962689,5
R1050M,L-frontal,1425.0,-0.10564753724551305,5
R1050M,L-frontal,1475.0,-0.08565641780616283,5
R1050M,L-frontal,1525.0,-0.05681128981671588,5
R1050M,L-frontal,1575.0,-0.09225131262620352,5
R1050M,L-parietal,25.0,0.006322317214662937,10
R1050M,L-parietal,75.0,0.018539954078289667,10
R1050M,L-parietal,125.0,-0.02419759463831198,10
R1050M,L-parietal,175.0,-0.0265927742886109,10
R1050M,L-parietal,225.0,-0.06436836213024136,10
R1050M,L-parietal,275.0,-0.12398814438310793,10
R1050M,L-parietal,325.0,-0.13402894370887125,10
R1050M,L-parietal,375.0,-0.12682247344602654,10
R1050M,L-parietal,425.0,-0.1193770936598972,10
R1050M,L-parietal,475.0,-0.16588795857630606,10
R1050M,L-parietal,525.0,-0.1967943616147468,10
R1050M,L-parietal,575.0,-0.2153617582801854,10
R1050M,L-parietal,625.0,-0.19716975213919435,10
R1050M,L-parietal,675.0,-0.21325322316113376,10
R1050M,L-parietal,725.0,-0.22352388625652728,10
R1050M,L-parietal,775.0,-0.20417740528982864,10
R1050M,L-parietal,825.0,-0.1825434562018476,10
R1050M,L-parietal,875.0,-0.2056994719169591,10
R1050M,L-parietal,925.0,-0.21328314712728808,10
R1050M,L-parietal,975.0,-0.20311072965712268,10
R1050M,L-parietal,1025.0,-0.21078876441857694,10
R1050M,L-parietal,1075.0,-0.17419854004096996,10
R1050M,L-parietal,1125.0,-0.14377186718809606,10
R1050M,L-parietal,1175.0,-0.12321874223908762,10
R1050M,L-parietal,1225.0,-0.13239212422903007,10
R1050M,L-parietal,1275.0,-0.1381642747646344,10
R1050M,L-parietal,1325.0,-0.1419511402006375,10
R1050M,L-parietal,1375.0,-0.13379295575599895,10
R1050M,L-parietal,1425.0,-0.08539352766881761,10
R1050M,L-parietal,1475.0,-0.06750067026054342,10
R1050M,L-parietal,1525.0,-0.07447705788431493,10
R1050M,L-parietal,1575.0,-0.08890029127659174,10
R1050M,L-temporal,25.0,0.06594962244722995,14
R1050M,L-temporal,75.0,0.02955880404780099,14
R1050M,L-temporal,125.0,0.008349954474530167,14
R1050M,L-temporal,175.0,0.05425603687409558,14
R1050M,L-temporal,225.0,0.08480492619507944,14
R1050M,L-temporal,275.0,0.10318183279207113,14
R1050M,L-temporal,325.0,0.13561812190836448,14
R1050M,L-temporal,375.0,0.14282333872939593,14
R1050M,L-temporal,425.0,0.14127714688163165,14
R1050M,L-temporal,475.0,0.11200026884075923,14
R1050M,L-temporal,525.0,0.054072181969936135,14
R1050M,L-temporal,575.0,0.010425317307276829,14
R1050M,L-temporal,625.0,-0.004651722877618939,14
R1050M,L-temporal,675.0,0.0076559002375798085,14
R1050M,L-temporal,725.0,0.025115900499201982,14
R1050M,L-temporal,775.0,0.01778696504078601,14
R1050M,L-temporal,825.0,-0.049794077503317706,14
R1050M,L-temporal,875.0,-0.05330369094232298,14
R1050M,L-temporal,925.0,-0.029181105526656353,14
R1050M,L-temporal,975.0,-0.049368583237634135,14
R1050M,L-temporal,1025.0,-0.052346417239796314,14
R1050M,L-temporal,1075.0,-0.012554713011690467,14
R1050M,L-temporal,1125.0,-0.02821227377062611,14
R1050M,L-temporal,1175.0,-0.06534954365279376,14
R1050M,L-temporal,1225.0,-0.033466803950460346,14
R1050M,L-temporal,1275.0,-0.010758026817945942,14
R1050M,L-temporal,1325.0,-0.03145028954144853,14
R1050M,L-temporal,1375.0,-0.02084276999732535,14
R1050M,L-temporal,1425.0,0.009383147566482631,14
R1050M,L-temporal,1475.0,0.007233181161371899,14
R1050M,L-temporal,1525.0,0.02013728078987118,14
R1050M,L-temporal,1575.0,0.007603997627838641,14
R1051J,L-frontal,25.0,0.009317854066402176,14
R1051J,L-frontal,75.0,-0.002735436830663228,14
R1051J,L-frontal,125.0,-0.006431997871229838,14
R1051J,L-frontal,175.0,0.005945374448653804,14
R1051J,L-frontal,225.0,-0.00026939115225406093,14
R1051J,L-frontal,275.0,-0.004113640895340521,14
R1051J,L-frontal,325.0,-0.03727810888980345,14
R1051J,L-frontal,375.0,-0.04878516839913793,14
R1051J,L-frontal,425.0,-0.06229361194002857,14
R1051J,L-frontal,475.0,-0.061568511160363326,14
R1051J,L-frontal,525.0,-0.04187120430031022,14
R1051J,L-frontal,575.0,-0.006635169703202213,14
R1051J,L-frontal,625.0,-0.0016658778955971323,14
R1051J,L-frontal,675.0,-0.0037655397239103267,14
R1051J,L-frontal,725.0,0.015151692921492762,14
R1051J,L-frontal,775.0,0.006648296320611091,14
R1051J,L-frontal,825.0,-0.0018943229880884224,14
R1051J,L-frontal,875.0,0.008633169985425387,14
R1051J,L-frontal,925.0,-0.0005175822370114448,14
R1051J,L-frontal,975.0,0.004704229047912757,14
R1051J,L-frontal,1025.0,0.009800376662450568,14
R1051J,L-frontal,1075.0,0.023484569261894073,14
R1051J,L-frontal,1125.0,0.023182634706545892,14
R1051J,L-frontal,1175.0,0.025741294712415586,14
R1051J,L-frontal,1225.0,0.019631602995409943,14
R1051J,L-frontal,1275.0,0.02355671241082021,14
R1051J,L-frontal,1325.0,0.018905523956540188,14
R1051J,L-frontal,1375.0,0.00500157617634682,14
R1051J,L-frontal,1425.0,0.008724155233727729,14
R1051J,L-frontal,1475.0,0.04530110049665131,14
R1051J,L-frontal,1525.0,0.04079985568730559,14
R1051J,L-frontal,1575.0,0.027818951197685068,14
R1051J,L-parietal,25.0,0.014513660093872022,5
R1051J,L-parietal,75.0,0.027526025062805753,5
R1051J,L-parietal,125.0,0.02219102728692161,5
R1051J,L-parietal,175.0,0.050234163603518636,5
R1051J,L-parietal,225.0,0.042810971555183853,5
R1051J,L-parietal,275.0,0.03793094528066819,5
R1051J,L-parietal,325.0,0.016186221411809486,5
R1051J,L-parietal,375.0,0.0020196932792869993,5
R1051J,L-parietal,425.0,0.0010266155013715973,5
R1051J,L-parietal,475.0,0.02387825839291461,5
R1051J,L-parietal,525.0,0.036473545683145855,5
R1051J,L-parietal,575.0,0.045181823333166296,5
R1051J,L-parietal,625.0,0.03604788901390504,5
R1051J,L-parietal,675.0,0.04520338630728791,5
R1051J,L-parietal,725.0,0.07224739576343064,5
R1051J,L-parietal,775.0,0.05442235313410064,5
R1051J,L-parietal,825.0,0.03939435265217687,5
R1051J,L-parietal,875.0,0.06265381253076738,5
R1051J,L-parietal,925.0,0.06262168767313583,5
R1051J,L-parietal,975.0,0.042124374301110136,5
R1051J,L-parietal,1025.0,0.00817385511173944,5
R1051J,L-parietal,1075.0,-0.009888502277613143,5
R1051J,L-parietal,1125.0,0.0020410990131299795,5
R1051J,L-parietal,1175.0,0.008844440786402785,5
R1051J,L-parietal,1225.0,-0.03450830833657007,5
R1051J,L-parietal,1275.0,-0.030419748841715295,5
R1051J,L-parietal,1325.0,-0.0025052300308879396,5
R1051J,L-parietal,1375.0,-0.0025382108994995572,5
R1051J,L-parietal,1425.0,-0.0034875157393553457,5
R1051J,L-parietal,1475.0,0.00016363123169609167,5
R1051J,L-parietal,1525.0,-0.0055926966370909185,5
R1051J,L-parietal,1575.0,-0.00708789978467127,5
R1052E,L-frontal,25.0,0.0003459336225997006,15
R1052E,L-frontal,75.0,0.0015238001957796749,15
R1052E,L-frontal,125.0,-0.03974200878235678,15
R1052E,L-frontal,175.0,-0.036781581880105954,15
R1052E,L-frontal,225.0,0.01696180809602993,15
R1052E,L-frontal,275.0,0.05509549843986103,15
R1052E,L-frontal,325.0,0.07392538139904332,15
R1052E,L-frontal,375.0,0.07781782473791915,15
R1052E,L-frontal,425.0,0.10426154995788713,15
R1052E,L-frontal,475.0,0.12240175723586334,15
R1052E,L-frontal,525.0,0.12517699704107174,15
R1052E,L-frontal,575.0,0.09131417690275413,15
R1052E,L-frontal,625.0,0.0771528421955403,15
R1052E,L-frontal,675.0,0.09198048462818158,15
R1052E,L-frontal,725.0,0.07866652311000395,15
R1052E,L-frontal,775.0,0.096412805786999,15
R1052E,L-frontal,825.0,0.0789397811813047,15
R1052E,L-frontal,875.0,0.05437136207011465,15
R1052E,L-frontal,925.0,0.05193596496017576,15
R1052E,L-frontal,975.0,0.0621590437673349,15
R1052E,L-frontal,1025.0,0.061607479127091365,15
R1052E,L-frontal,1075.0,0.04318997781786357,15
R1052E,L-frontal,1125.0,0.04179387974658812,15
R1052E,L-frontal,1175.0,0.04210260960946486,15
R1052E,L-frontal,1225.0,0.03639257668224404,15
R1052E,L-frontal,1275.0,0.03237556512393627,15
R1052E,L-frontal,1325.0,0.013970843050195829,15
R1052E,L-frontal,1375.0,0.007350829993829611,15
R1052E,L-frontal,1425.0,-0.021664047595113478,15
R1052E,L-frontal,1475.0,-0.005795214329655738,15
R1052E,L-frontal,1525.0,0.025248657455103265,15
R1052E,L-frontal,1575.0,0.040628750516911706,15
R1052E,R-frontal,25.0,0.004598976072249716,11
R1052E,R-frontal,75.0,-0.013055068018879911,11
R1052E,R-frontal,125.0,-0.006459969949339594,11
R1052E,R-frontal,175.0,0.011384521809024162,11
R1052E,R-frontal,225.0,-0.00698072764966381,11
R1052E,R-frontal,275.0,-0.02041622833007772,11
R1052E,R-frontal,325.0,-0.02462674649926829,11
R1052E,R-frontal,375.0,-0.024344482772320607,11
R1052E,R-frontal,425.0,-0.03751283633962873,11
R1052E,R-frontal,475.0,-0.02080585511887587,11
R1052E,R-frontal,525.0,-0.035452330487054734,11
R1052E,R-frontal,575.0,-0.05152943050663581,11
R1052E,R-frontal,625.0,-0.0639558682696167,11
R1052E,R-frontal,675.0,-0.05233621839385863,11
R1052E,R-frontal,725.0,-0.02976830684094718,11
R1052E,R-frontal,775.0,-0.024178008591169278,11
R1052E,R-frontal,825.0,-0.018750394011239225,11
R1052E,R-frontal,875.0,-0.010099722533565385,11
R1052E,R-frontal,925.0,-0.005707484932480381,11
R1052E,R-frontal,975.0,-0.009052723970796213,11
R1052E,R-frontal,1025.0,-0.022774397112986164,11
R1052E,R-frontal,1075.0,-0.03191469126843607,11
R1052E,R-frontal,1125.0,-0.034423904057599715,11
R1052E,R-frontal,1175.0,-0.03750111285241482,11
R1052E,R-frontal,1225.0,-0.01843239304233624,11
R1052E,R-frontal,1275.0,-0.01716852668160964,11
R1052E,R-frontal,1325.0,-0.023952382852733208,11
R1052E,R-frontal,1375.0,-0.013445261178136651,11
R1052E,R-frontal,1425.0,-0.021713973034290415,11
R1052E,R-frontal,1475.0,-0.020663703401154657,11
R1052E,R-frontal,1525.0,-0.018636613748093247,11
R1052E,R-frontal,1575.0,-0.015591402270393533,11
R1054J,L-frontal,25.0,0.010169293215192355,35
R1054J,L-frontal,75.0,0.01996245130316841,35
R1054J,L-frontal,125.0,0.06406440692307147,35
R1054J,L-frontal,175.0,0.0927223065508716,35
R1054J,L-frontal,225.0,0.15643087311998327,35
R1054J,L-frontal,275.0,0.18821174142355762,35
R1054J,L-frontal,325.0,0.18934665175106705,35
R1054J,L-frontal,375.0,0.20264998474429952,35
R1054J,L-frontal,425.0,0.23125347325609275,35
R1054J,L-frontal,475.0,0.2580238523393703,35
R1054J,L-frontal,525.0,0.23738569709974344,35
R1054J,L-frontal,575.0,0.24454651766069244,35
R1054J,L-frontal,625.0,0.23729894249551733,35
R1054J,L-frontal,675.0,0.19502283623831562,35
R1054J,L-frontal,725.0,0.17131619060491365,35
R1054J,L-frontal,775.0,0.16141030978835835,35
R1054J,L-frontal,825.0,0.1567498837065147,35
R1054J,L-frontal,875.0,0.13534653266436755,35
R1054J,L-frontal,925.0,0.09637577623333839,35
R1054J,L-frontal,975.0,0.07542575179368127,35
R1054J,L-frontal,1025.0,0.08722887443603564,35
R1054J,L-frontal,1075.0,0.09289500825289292,35
R1054J,L-frontal,1125.0,0.0643069233741274,35
R1054J,L-frontal,1175.0,-0.00011395455772891329,35
R1054J,L-frontal,1225.0,-0.0024201549536902534,35
R1054J,L-frontal,1275.0,-0.011712796431744953,35
R1054J,L-frontal,1325.0,-0.00034369649369342587,35
R1054J,L-frontal,1375.0,-0.0006577633215682192,35
R1054J,L-frontal,1425.0,0.0044604676036054235,35
R1054J,L-frontal,1475.0,-0.005744294872036989,35
R1054J,L-frontal,1525.0,-0.03409111974130908,35
R1054J,L-frontal,1575.0,-0.02036952050147371,35
R1054J,L-occipital,25.0,0.028609643161631743,15
R1054J,L-occipital,75.0,0.3142294922332337,15
R1054J,L-occipital,125.0,0.7186982139075295,15
R1054J,L-occipital,175.0,0.6715691705721177,15
R1054J,L-occipital,225.0,0.5614046091602184,15
R1054J,L-occipital,275.0,0.5375321431165342,15
R1054J,L-occipital,325.0,0.5590388571713019,15
R1054J,L-occipital,375.0,0.5120675724312086,15
R1054J,L-occipital,425.0,0.45286028104316345,15
R1054J,L-occipital,475.0,0.4433227055225567,15
R1054J,L-occipital,525.0,0.4201063069353385,15
R1054J,L-occipital,575.0,0.3481887796078112,15
R1054J,L-occipital,625.0,0.29049109026829883,15
R1054J,L-occipital,675.0,0.24127190006587665,15
R1054J,L-occipital,725.0,0.22766384970142728,15
R1054J,L-occipital,775.0,0.19284590966438245,15
R1054J,L-occipital,825.0,0.1967530665005241,15
R1054J,L-occipital,875.0,0.1995724171996679,15
R1054J,L-occipital,925.0,0.1980935616594004,15
R1054J,L-occipital,975.0,0.2135565795887592,15
R1054J,L-occipital,1025.0,0.2058067913441187,15
R1054J,L-occipital,1075.0,0.1905461760123896,15
R1054J,L-occipital,1125.0,0.16807605514967247,15
R1054J,L-occipital,1175.0,0.1725368226080613,15
R1054J,L-occipital,1225.0,0.1580949997076076,15
R1054J,L-occipital,1275.0,0.09722213006647677,15
R1054J,L-occipital,1325.0,0.08651869483967037,15
R1054J,L-occipital,1375.0,0.09458985041510415,15
R1054J,L-occipital,1425.0,0.11018329755923736,15
R1054J,L-occipital,1475.0,0.08417625916616987,15
R1054J,L-occipital,1525.0,0.030449507671569436,15
R1054J,L-occipital,1575.0,0.0468011902533871,15
R1054J,L-parietal,25.0,0.026005187582596383,7
R1054J,L-parietal,75.0,0.06468548292457106,7
R1054J,L-parietal,125.0,0.16932966196820426,7
R1054J,L-parietal,175.0,0.19306139860257598,7
R1054J,L-parietal,225.0,0.3136433645364502,7
R1054J,L-parietal,275.0,0.4447698466444943,7
R1054J,L-parietal,325.0,0.49827182264545716,7
R1054J,L-parietal,375.0,0.4547920017154236,7
R1054J,L-parietal,425.0,0.4532720089945448,7
R1054J,L-parietal,475.0,0.4764512862397346,7
R1054J,L-parietal,525.0,0.46713577904514636,7
R1054J,L-parietal,575.0,0.42293651462559184,7
R1054J,L-parietal,625.0,0.3757220676113479,7
R1054J,L-parietal,675.0,0.26723437154440205,7
R1054J,L-parietal,725.0,0.23629063475590437,7
R1054J,L-parietal,775.0,0.22430796976205464,7
R1054J,L-parietal,825.0,0.18856312284316906,7
R1054J,L-parietal,875.0,0.17236400966132695,7
R1054J,L-parietal,925.0,0.14891295354695297,7
R1054J,L-parietal,975.0,0.12270876043240526,7
R1054J,L-parietal,1025.0,0.11654488175526719,7
R1054J,L-parietal,1075.0,0.13542638552229092,7
R1054J,L-parietal,1125.0,0.09980083676002552,7
R1054J,L-parietal,1175.0,0.0659962490186878,7
R1054J,L-parietal,1225.0,0.0192814533773281,7
R1054J,L-parietal,1275.0,0.04134119723990563,7
R1054J,L-parietal,1325.0,0.08445049919985737,7
R1054J,L-parietal,1375.0,0.06120567833668298,7
R1054J,L-parietal,1425.0,0.03272303861157283,7
R1054J,L-parietal,1475.0,-0.0317820581085743,7
R1054J,L-parietal,1525.0,-0.04464975547094417,7
R1054J,L-parietal,1575.0,-0.025546258391250572,7
R1054J,L-temporal,25.0,-0.01764274410101343,9
R1054J,L-temporal,75.0,0.005808029155847478,9
R1054J,L-temporal,125.0,0.08851354088449649,9
R1054J,L-temporal,175.0,0.10220177132738711,9
R1054J,L-temporal,225.0,0.1693928066987188,9
R1054J,L-temporal,275.0,0.21590768454437775,9
R1054J,L-temporal,325.0,0.22143071222492422,9
R1054J,L-temporal,375.0,0.1989061147463448,9
R1054J,L-temporal,425.0,0.15555523774064914,9
R1054J,L-temporal,475.0,0.16764562548693066,9
R1054J,L-temporal,525.0,0.16865122062151766,9
R1054J,L-temporal,575.0,0.12060193515764392,9
R1054J,L-temporal,625.0,0.09486132189431232,9
R1054J,L-temporal,675.0,0.0604508382585934,9
R1054J,L-temporal,725.0,0.03294142964106488,9
R1054J,L-temporal,775.0,0.045582607518367894,9
R1054J,L-temporal,825.0,0.046133035525984814,9
R1054J,L-temporal,875.0,0.07529127366828761,9
R1054J,L-temporal,925.0,0.13050376287669568,9
R1054J,L-temporal,975.0,0.08443830510468794,9
R1054J,L-temporal,1025.0,0.029166719492018753,9
R1054J,L-temporal,1075.0,0.06646110581478926,9
R1054J,L-temporal,1125.0,0.05997991040022402,9
R1054J,L-temporal,1175.0,0.06522036851440577,9
R1054J,L-temporal,1225.0,0.043955338679773456,9
R1054J,L-temporal,1275.0,-0.026343463670606304,9
R1054J,L-temporal,1325.0,-0.0316816614827673,9
R1054J,L-temporal,1375.0,-0.001214399311345377,9
R1054J,L-temporal,1425.0,0.012542781369951593,9
R1054J,L-temporal,1475.0,0.004021068691323805,9
R1054J,L-temporal,1525.0,0.022671082289982786,9
R1054J,L-temporal,1575.0,0.00112172072281751,9
R1054J,R-frontal,25.0,-0.024794936841613838,10
R1054J,R-frontal,75.0,-0.024684567108124878,10
R1054J,R-frontal,125.0,-0.028541571109199415,10
R1054J,R-frontal,175.0,0.012976459228334594,10
R1054J,R-frontal,225.0,0.12318606094689763,10
R1054J,R-frontal,275.0,0.2646641907576157,10
R1054J,R-frontal,325.0,0.3339172078153283,10
R1054J,R-frontal,375.0,0.3480408050355806,10
R1054J,R-frontal,425.0,0.34253810841199883,10
R1054J,R-frontal,475.0,0.3494272872955279,10
R1054J,R-frontal,525.0,0.35459527719562883,10
R1054J,R-frontal,575.0,0.3640145189617704,10
R1054J,R-frontal,625.0,0.3399827464243664,10
R1054J,R-frontal,675.0,0.3292717552440724,10
R1054J,R-frontal,725.0,0.3275647161541826,10
R1054J,R-frontal,775.0,0.2519109260003788,10
R1054J,R-frontal,825.0,0.18170374739781872,10
R1054J,R-frontal,875.0,0.18311412376525202,10
R1054J,R-frontal,925.0,0.15697811207449122,10
R1054J,R-frontal,975.0,0.1183538674813192,10
R1054J,R-frontal,1025.0,0.09300734707985298,10
R1054J,R-frontal,1075.0,0.1182402063830427,10
R1054J,R-frontal,1125.0,0.1073299429651871,10
R1054J,R-frontal,1175.0,0.08596695415639796,10
R1054J,R-frontal,1225.0,0.0849004646475087,10
R1054J,R-frontal,1275.0,0.05237809030759903,10
R1054J,R-frontal,1325.0,0.036484182391335704,10
R1054J,R-frontal,1375.0,0.007672774717861039,10
R1054J,R-frontal,1425.0,-0.036973350420717144,10
R1054J,R-frontal,1475.0,-0.028208639739582746,10
R1054J,R-frontal,1525.0,0.008361813287679107,10
R1054J,R-frontal,1575.0,0.025480833990294983,10
R1054J,R-occipital,25.0,0.05801398412729999,11
R1054J,R-occipital,75.0,0.43842127997097863,11
R1054J,R-occipital,125.0,1.0556266929350886,11
R1054J,R-occipital,175.0,1.0596017470908587,11
R1054J,R-occipital,225.0,0.9275953674708972,11
R1054J,R-occipital,275.0,0.8938297031340923,11
R1054J,R-occipital,325.0,0.824345759493109,11
R1054J,R-occipital,375.0,0.7710219802363741,11
R1054J,R-occipital,425.0,0.7141459118884614,11
R1054J,R-occipital,475.0,0.6548544980439229,11
R1054J,R-occipital,525.0,0.6091624950802877,11
R1054J,R-occipital,575.0,0.5387888165538585,11
R1054J,R-occipital,625.0,0.45127610395638307,11
R1054J,R-occipital,675.0,0.37200195955033794,11
R1054J,R-occipital,725.0,0.32016603597461485,11
R1054J,R-occipital,775.0,0.27256719030502863,11
R1054J,R-occipital,825.0,0.2113408233408811,11
R1054J,R-occipital,875.0,0.20896583402206678,11
R1054J,R-occipital,925.0,0.18959968095295113,11
R1054J,R-occipital,975.0,0.16961352118722253,11
R1054J,R-occipital,1025.0,0.14539097916896518,11
R1054J,R-occipital,1075.0,0.17285149055198767,11
R1054J,R-occipital,1125.0,0.15634663315088185,11
R1054J,R-occipital,1175.0,0.12749915010699603,11
R1054J,R-occipital,1225.0,0.16655056296856371,11
R1054J,R-occipital,1275.0,0.1480122056146126,11
R1054J,R-occipital,1325.0,0.056809533425961505,11
R1054J,R-occipital,1375.0,0.044403597460551954,11
R1054J,R-occipital,1425.0,0.0660267727411989,11
R1054J,R-occipital,1475.0,0.09270897855064496,11
R1054J,R-occipital,1525.0,0.07758030799430411,11
R1054J,R-occipital,1575.0,0.07304179394697162,11
R1054J,R-parietal,25.0,-0.004928112451351076,5
R1054J,R-parietal,75.0,0.08123823616231221,5
R1054J,R-parietal,125.0,0.24217479619927507,5
R1054J,R-parietal,175.0,0.17825850646329724,5
R1054J,R-parietal,225.0,0.20562668036291445,5
R1054J,R-parietal,275.0,0.1762094009358371,5
R1054J,R-parietal,325.0,0.19712582380806254,5
R1054J,R-parietal,375.0,0.16499504198834158,5
R1054J,R-parietal,425.0,0.22668621239563178,5
R1054J,R-parietal,475.0,0.22915185391009438,5
R1054J,R-parietal,525.0,0.22630721362637432,5
R1054J,R-parietal,575.0,0.23305160772761496,5
R1054J,R-parietal,625.0,0.16071386787800154,5
R1054J,R-parietal,675.0,0.1650607820828738,5
R1054J,R-parietal,725.0,0.13802342992608216,5
R1054J,R-parietal,775.0,0.13410799529699058,5
R1054J,R-parietal,825.0,0.08678572935294891,5
R1054J,R-parietal,875.0,0.08671462428212595,5
R1054J,R-parietal,925.0,0.08437222839890102,5
R1054J,R-parietal,975.0,0.028366035796489792,5
R1054J,R-parietal,1025.0,0.05471521151038965,5
R1054J,R-parietal,1075.0,0.11094350464729659,5
R1054J,R-parietal,1125.0,0.07047183180426954,5
R1054J,R-parietal,1175.0,-0.04351778755573309,5
R1054J,R-parietal,1225.0,-0.024410391369422243,5
R1054J,R-parietal,1275.0,0.0641717503092204,5
R1054J,R-parietal,1325.0,0.060925110670069685,5
R1054J,R-parietal,1375.0,-0.014166814569243074,5
R1054J,R-parietal,1425.0,-0.02306190825387399,5
R1054J,R-parietal,1475.0,-0.029608634240039823,5
R1054J,R-parietal,1525.0,-0.05793503968861132,5
R1054J,R-parietal,1575.0,-0.029857705832042992,5
R1054J,R-temporal,25.0,-0.018570269843014214,3
R1054J,R-temporal,75.0,-0.005322876473099224,3
R1054J,R-temporal,125.0,0.0740849671871263,3
R1054J,R-temporal,175.0,0.10146743728370251,3
R1054J,R-temporal,225.0,0.13562937344675222,3
R1054J,R-temporal,275.0,0.16147593458711706,3
R1054J,R-temporal,325.0,0.16900319528322494,3
R1054J,R-temporal,375.0,0.16151131162519264,3
R1054J,R-temporal,425.0,0.1047924369941735,3
R1054J,R-temporal,475.0,0.07421251763842777,3
R1054J,R-temporal,525.0,0.1673135583124473,3
R1054J,R-temporal,575.0,0.13609223284390573,3
R1054J,R-temporal,625.0,0.09182447708748705,3
R1054J,R-temporal,675.0,0.033162543859888496,3
R1054J,R-temporal,725.0,0.022014426110139446,3
R1054J,R-temporal,775.0,0.09263561826036548,3
R1054J,R-temporal,825.0,0.07832996089506317,3
R1054J,R-temporal,875.0,0.11872570744545574,3
R1054J,R-temporal,925.0,0.06706133015444458,3
R1054J,R-temporal,975.0,-0.007194312005204835,3
R1054J,R-temporal,1025.0,-0.036609824796892114,3
R1054J,R-temporal,1075.0,-0.0262549973475391,3
R1054J,R-temporal,1125.0,-0.03937542313369102,3
R1054J,R-temporal,1175.0,-0.042557611684055474,3
R1054J,R-temporal,1225.0,-0.02112050796291083,3
R1054J,R-temporal,1275.0,0.03499413694078987,3
R1054J,R-temporal,1325.0,0.018818801613642085,3
R1054J,R-temporal,1375.0,0.011333777106088993,3
R1054J,R-temporal,1425.0,-0.008335458515707227,3
R1054J,R-temporal,1475.0,0.021167105580988655,3
R1054J,R-temporal,1525.0,0.04389854985813233,3
R1054J,R-temporal,1575.0,0.021799883974242873,3
R1057E,R-parietal,25.0,0.03779481344817737,3
R1057E,R-parietal,75.0,0.059858677568620455,3
R1057E,R-parietal,125.0,0.07017536667946751,3
R1057E,R-parietal,175.0,0.11889084198097866,3
R1057E,R-parietal,225.0,0.018150722243327786,3
R1057E,R-parietal,275.0,0.017068899247089778,3
R1057E,R-parietal,325.0,0.07083807156375785,3
R1057E,R-parietal,375.0,0.09311247938479938,3
R1057E,R-parietal,425.0,0.13216886494352267,3
R1057E,R-parietal,475.0,0.13490306284872225,3
R1057E,R-parietal,525.0,0.11336514876920223,3
R1057E,R-parietal,575.0,0.07625286695508521,3
R1057E,R-parietal,625.0,0.0904494500007319,3
R1057E,R-parietal,675.0,0.09171897564855509,3
R1057E,R-parietal,725.0,0.08506135609099079,3
R1057E,R-parietal,775.0,0.15242653128264483,3
R1057E,R-parietal,825.0,0.17127968503738242,3
R1057E,R-parietal,875.0,0.1957262262061595,3
R1057E,R-parietal,925.0,0.1639621408697262,3
R1057E,R-parietal,975.0,0.22050582600471058,3
R1057E,R-parietal,1025.0,0.18955122737537233,3
R1057E,R-parietal,1075.0,0.215796932426495,3
R1057E,R-parietal,1125.0,0.20367279214233533,3
R1057E,R-parietal,1175.0,0.1290228917137521,3
R1057E,R-parietal,1225.0,0.12014102293038152,3
R1057E,R-parietal,1275.0,0.13792578816155848,3
R1057E,R-parietal,1325.0,0.18699933829080195,3
R1057E,R-parietal,1375.0,0.14508074372874033,3
R1057E,R-parietal,1425.0,0.11546626554311125,3
R1057E,R-parietal,1475.0,0.11024985218321505,3
R1057E,R-parietal,1525.0,0.0994001975536855,3
R1057E,R-parietal,1575.0,0.1622159399225316,3
R1059J,L-frontal,25.0,-0.04348962195430301,6
R1059J,L-frontal,75.0,-0.035879044863046494,6
R1059J,L-frontal,125.0,-0.007545610417747012,6
R1059J,L-frontal,175.0,0.11177741229666727,6
R1059J,L-frontal,225.0,0.12551628939989848,6
R1059J,L-frontal,275.0,0.04121360698232553,6
R1059J,L-frontal,325.0,0.011431131173737633,6
R1059J,L-frontal,375.0,0.03657047851278014,6
R1059J,L-frontal,425.0,0.044357880200563755,6
R1059J,L-frontal,475.0,0.03441257350037965,6
R1059J,L-frontal,525.0,0.05731399558070538,6
R1059J,L-frontal,575.0,0.07471618296928109,6
R1059J,L-frontal,625.0,0.06706541772353838,6
R1059J,L-frontal,675.0,0.04506542309465511,6
R1059J,L-frontal,725.0,0.06209058846346408,6
R1059J,L-frontal,775.0,0.07718061940808334,6
R1059J,L-frontal,825.0,0.09064556549419917,6
R1059J,L-frontal,875.0,0.1262884356310534,6
R1059J,L-frontal,925.0,0.11654284464205628,6
R1059J,L-frontal,975.0,0.03590882806621008,6
R1059J,L-frontal,1025.0,0.08361211610866891,6
R1059J,L-frontal,1075.0,0.12772204805446175,6
R1059J,L-frontal,1125.0,0.10220883015316656,6
R1059J,L-frontal,1175.0,0.10026727384432371,6
R1059J,L-frontal,1225.0,0.09298103262668068,6
R1059J,L-frontal,1275.0,0.10027351730609724,6
R1059J,L-frontal,1325.0,0.0719554785277931,6
R1059J,L-frontal,1375.0,0.04079855504727472,6
R1059J,L-frontal,1425.0,0.04460189559609038,6
R1059J,L-frontal,1475.0,0.06077221790905349,6
R1059J,L-frontal,1525.0,0.029685885965217,6
R1059J,L-frontal,1575.0,0.02736717244521363,6
R1059J,L-occipital,25.0,0.05882704311224808,10
R1059J,L-occipital,75.0,0.07654981484223534,10
R1059J,L-occipital,125.0,0.15187642195335527,10
R1059J,L-occipital,175.0,0.18856602989598514,10
R1059J,L-occipital,225.0,0.16786329928688629,10
R1059J,L-occipital,275.0,0.17026454827328819,10
R1059J,L-occipital,325.0,0.19664342179597158,10
R1059J,L-occipital,375.0,0.1588403157899953,10
R1059J,L-occipital,425.0,0.13379364141896266,10
R1059J,L-occipital,475.0,0.15537202625952826,10
R1059J,L-occipital,525.0,0.1404412794542361,10
R1059J,L-occipital,575.0,0.11272472423706281,10
R1059J,L-occipital,625.0,0.08467879914875091,10
R1059J,L-occipital,675.0,0.06525548031503588,10
R1059J,L-occipital,725.0,0.0635934144716508,10
R1059J,L-occipital,775.0,0.08341398408500444,10
R1059J,L-occipital,825.0,0.08199208133373959,10
R1059J,L-occipital,875.0,0.07730872917385002,10
R1059J,L-occipital,925.0,0.050008042256684135,10
R1059J,L-occipital,975.0,0.05667886223135369,10
R1059J,L-occipital,1025.0,0.07201727177644743,10
R1059J,L-occipital,1075.0,0.07235570133946588,10
R1059J,L-occipital,1125.0,0.07312684155449375,10
R1059J,L-occipital,1175.0,0.07422142440350063,10
R1059J,L-occipital,1225.0,0.0671381661359717,10
R1059J,L-occipital,1275.0,0.06338132030365609,10
R1059J,L-occipital,1325.0,0.04422815186468224,10
R1059J,L-occipital,1375.0,0.02827878188173529,10
R1059J,L-occipital,1425.0,0.028115115123230883,10
R1059J,L-occipital,1475.0,0.02902920333321541,10
R1059J,L-occipital,1525.0,0.037225092084739404,10
R1059J,L-occipital,1575.0,0.03748651302770515,10
R1059J,L-temporal,25.0,-0.016492831108996246,5
R1059J,L-temporal,75.0,-0.043718099370032786,5
R1059J,L-temporal,125.0,-0.05342710393798813,5
R1059J,L-temporal,175.0,0.09090528039643953,5
R1059J,L-temporal,225.0,0.20930422784438169,5
R1059J,L-temporal,275.0,0.17777768606296707,5
R1059J,L-temporal,325.0,0.1507213092603925,5
R1059J,L-temporal,375.0,0.13188537204796405,5
R1059J,L-temporal,425.0,0.12104986379818503,5
R1059J,L-temporal,475.0,0.11788480661526443,5
R1059J,L-temporal,525.0,0.1378374683978309,5
R1059J,L-temporal,575.0,0.15418727642089486,5
R1059J,L-temporal,625.0,0.1453916254076806,5
R1059J,L-temporal,675.0,0.09381478214249465,5
R1059J,L-temporal,725.0,0.04872120152121138,5
R1059J,L-temporal,775.0,0.05444687585123633,5
R1059J,L-temporal,825.0,0.07030747718060529,5
R1059J,L-temporal,875.0,0.1397983789172591,5
R1059J,L-temporal,925.0,0.15590311440148635,5
R1059J,L-temporal,975.0,0.12846325556146962,5
R1059J,L-temporal,1025.0,0.13868404615859398,5
R1059J,L-temporal,1075.0,0.14633722881329195,5
R1059J,L-temporal,1125.0,0.11963201459939746,5
R1059J,L-temporal,1175.0,0.12681238566090663,5
R1059J,L-temporal,1225.0,0.10657211588528492,5
R1059J,L-temporal,1275.0,0.09568135045257242,5
R1059J,L-temporal,1325.0,0.09911899468632283,5
R1059J,L-temporal,1375.0,0.06106140363878634,5
R1059J,L-temporal,1425.0,0.08352843933026285,5
R1059J,L-temporal,1475.0,0.07659481791730485,5
R1059J,L-temporal,1525.0,0.04676120777399085,5
R1059J,L-temporal,1575.0,0.018812546505608867,5
R1059J,R-frontal,25.0,-0.07412773570423171,7
R1059J,R-frontal,75.0,-0.10595956562953157,7
R1059J,R-frontal,125.0,-0.10989040177388229,7
R1059J,R-frontal,175.0,0.07566277622605155,7
R1059J,R-frontal,225.0,0.2006600372468752,7
R1059J,R-frontal,275.0,0.11344560372169828,7
R1059J,R-frontal,325.0,0.06289898305188603,7
R1059J,R-frontal,375.0,0.050523198149925404,7
R1059J,R-frontal,425.0,0.03048637838303119,7
R1059J,R-frontal,475.0,0.05607663880322886,7
R1059J,R-frontal,525.0,0.07724688921547361,7
R1059J,R-frontal,575.0,0.09668864204146439,7
R1059J,R-frontal,625.0,0.08578978175210354,7
R1059J,R-frontal,675.0,0.007414994879230957,7
R1059J,R-frontal,725.0,-0.006923627205743822,7
R1059J,R-frontal,775.0,0.027221154790120498,7
R1059J,R-frontal,825.0,0.028146206119776047,7
R1059J,R-frontal,875.0,0.07769900146159604,7
R1059J,R-frontal,925.0,0.10505371448386265,7
R1059J,R-frontal,975.0,0.04610156414276564,7
R1059J,R-frontal,1025.0,0.042414857456353205,7
R1059J,R-frontal,1075.0,0.06840950666028385,7
R1059J,R-frontal,1125.0,0.06178655281791804,7
R1059J,R-frontal,1175.0,0.0496672379769299,7
R1059J,R-frontal,1225.0,0.08954810469971952,7
R1059J,R-frontal,1275.0,0.10372386413080857,7
R1059J,R-frontal,1325.0,0.07946182280734283,7
R1059J,R-frontal,1375.0,0.05453066477454233,7
R1059J,R-frontal,1425.0,0.07193159944670582,7
R1059J,R-frontal,1475.0,0.1039278013130341,7
R1059J,R-frontal,1525.0,0.08961808923358941,7
R1059J,R-frontal,1575.0,0.02146593019323063,7
R1059J,R-temporal,25.0,-0.008696655156988056,4
R1059J,R-temporal,75.0,-0.01386144951796825,4
R1059J,R-temporal,125.0,-0.0015189399202489295,4
R1059J,R-temporal,175.0,0.09684270551803648,4
R1059J,R-temporal,225.0,0.15986148350513174,4
R1059J,R-temporal,275.0,0.16948661553990074,4
R1059J,R-temporal,325.0,0.13788392524763488,4
R1059J,R-temporal,375.0,0.14684295715306264,4
R1059J,R-temporal,425.0,0.12868757698860514,4
R1059J,R-temporal,475.0,0.10670395210449687,4
R1059J,R-temporal,525.0,0.08392069981081425,4
R1059J,R-temporal,575.0,0.12476630681092109,4
R1059J,R-temporal,625.0,0.10927265933792633,4
R1059J,R-temporal,675.0,0.035682929611739266,4
R1059J,R-temporal,725.0,0.03372758807497293,4
R1059J,R-temporal,775.0,0.035745624674924086,4
R1059J,R-temporal,825.0,-0.0073876654262990515,4
R1059J,R-temporal,875.0,0.04723287182382849,4
R1059J,R-temporal,925.0,0.07592799603438698,4
R1059J,R-temporal,975.0,0.04443658072111618,4
R1059J,R-temporal,1025.0,0.03529997648803944,4
R1059J,R-temporal,1075.0,0.06842337884321599,4
R1059J,R-temporal,1125.0,0.10395485401492348,4
R1059J,R-temporal,1175.0,0.14047642746357528,4
R1059J,R-temporal,1225.0,0.11346887712819011,4
R1059J,R-temporal,1275.0,0.12086693747121093,4
R1059J,R-temporal,1325.0,0.10468438911961317,4
R1059J,R-temporal,1375.0,0.07364571288539089,4
R1059J,R-temporal,1425.0,0.08744693002950088,4
R1059J,R-temporal,1475.0,0.07057400624969497,4
R1059J,R-temporal,1525.0,0.08386902107437189,4
R1059J,R-temporal,1575.0,0.06284260074845338,4
R1060M,R-frontal,25.0,0.005751358932270556,18
R1060M,R-frontal,75.0,0.011109150336720986,18
R1060M,R-frontal,125.0,0.03392068863364839,18
R1060M,R-frontal,175.0,0.04262312871401056,18
R1060M,R-frontal,225.0,0.04728039731274096,18
R1060M,R-frontal,275.0,0.03951427100785544,18
R1060M,R-frontal,325.0,0.024599371887663528,18
R1060M,R-frontal,375.0,0.0363303873477307,18
R1060M,R-frontal,425.0,0.02914494151274025,18
R1060M,R-frontal,475.0,0.007025906450110295,18
R1060M,R-frontal,525.0,0.008104427554776968,18
R1060M,R-frontal,575.0,-0.007906580227133923,18
R1060M,R-frontal,625.0,-0.014801110957832557,18
R1060M,R-frontal,675.0,-0.0012934880580042813,18
R1060M,R-frontal,725.0,0.019228861113242183,18
R1060M,R-frontal,775.0,0.013538703277518018,18
R1060M,R-frontal,825.0,0.00800366006758576,18
R1060M,R-frontal,875.0,0.01589218043725869,18
R1060M,R-frontal,925.0,0.026400604758640443,18
R1060M,R-frontal,975.0,0.031746701605958355,18
R1060M,R-frontal,1025.0,0.02061913244563192,18
R1060M,R-frontal,1075.0,0.01732501002120052,18
R1060M,R-frontal,1125.0,0.018021081047178398,18
R1060M,R-frontal,1175.0,0.018285405787301028,18
R1060M,R-frontal,1225.0,0.010519233899780265,18
R1060M,R-frontal,1275.0,0.0021807939468268486,18
R1060M,R-frontal,1325.0,0.004508194231320703,18
R1060M,R-frontal,1375.0,-0.00024389373939738866,18
R1060M,R-frontal,1425.0,-0.010831433400268712,18
R1060M,R-frontal,1475.0,0.0065779594875029785,18
R1060M,R-frontal,1525.0,0.03194724300807673,18
R1060M,R-frontal,1575.0,0.02181631209788214,18
R1060M,R-temporal,25.0,0.15002886712386257,6
R1060M,R-temporal,75.0,0.42871301625343233,6
R1060M,R-temporal,125.0,0.7262568034343158,6
R1060M,R-temporal,175.0,0.7407246205554993,6
R1060M,R-temporal,225.0,0.6269780915251092,6
R1060M,R-temporal,275.0,0.5047104357104477,6
R1060M,R-temporal,325.0,0.38798221653520787,6
R1060M,R-temporal,375.0,0.27103748928122545,6
R1060M,R-temporal,425.0,0.18635129289521837,6
R1060M,R-temporal,475.0,0.15264069309036146,6
R1060M,R-temporal,525.0,0.13309022391872027,6
R1060M,R-temporal,575.0,0.09845746979198179,6
R1060M,R-temporal,625.0,0.10974043105925509,6
R1060M,R-temporal,675.0,0.11872997506493577,6
R1060M,R-temporal,725.0,0.09912936310269509,6
R1060M,R-temporal,775.0,0.08032073688383766,6
R1060M,R-temporal,825.0,0.08707979356961802,6
R1060M,R-temporal,875.0,0.09834512478438785,6
R1060M,R-temporal,925.0,0.11123834792287934,6
R1060M,R-temporal,975.0,0.09055861562903263,6
R1060M,R-temporal,1025.0,0.09556183636289539,6
R1060M,R-temporal,1075.0,0.10710106062325891,6
R1060M,R-temporal,1125.0,0.11959524222120277,6
R1060M,R-temporal,1175.0,0.12551649885525393,6
R1060M,R-temporal,1225.0,0.09733153217869579,6
R1060M,R-temporal,1275.0,0.0946065548129365,6
R1060M,R-temporal,1325.0,0.11369866819948887,6
R1060M,R-temporal,1375.0,0.08737816736024502,6
R1060M,R-temporal,1425.0,0.07483997086862881,6
R1060M,R-temporal,1475.0,0.10510046882389872,6
R1060M,R-temporal,1525.0,0.11241263988326573,6
R1060M,R-temporal,1575.0,0.12279447886903444,6
R1062J,R-frontal,25.0,-0.04460213220103947,37
R1062J,R-frontal,75.0,-0.0811059998384157,37
R1062J,R-frontal,125.0,-0.015008021224059222,37
R1062J,R-frontal,175.0,0.0830747382159809,37
R1062J,R-frontal,225.0,0.06037999099048883,37
R1062J,R-frontal,275.0,0.12353202805910274,37
R1062J,R-frontal,325.0,0.28641195609726294,37
R1062J,R-frontal,375.0,0.30164135414774845,37
R1062J,R-frontal,425.0,0.23005487193245888,37
R1062J,R-frontal,475.0,0.13250563509963073,37
R1062J,R-frontal,525.0,0.11086575310246745,37
R1062J,R-frontal,575.0,0.1372873592076977,37
R1062J,R-frontal,625.0,0.14544606340611083,37
R1062J,R-frontal,675.0,0.15001416576879484,37
R1062J,R-frontal,725.0,0.14537345937956164,37
R1062J,R-frontal,775.0,0.14865769491015088,37
R1062J,R-frontal,825.0,0.13313758233934725,37
R1062J,R-frontal,875.0,0.10086565846830779,37
R1062J,R-frontal,925.0,0.08200407166382015,37
R1062J,R-frontal,975.0,0.025150881762368616,37
R1062J,R-frontal,1025.0,-0.03157833462207049,37
R1062J,R-frontal,1075.0,0.04172004378237302,37
R1062J,R-frontal,1125.0,0.04007607314507323,37
R1062J,R-frontal,1175.0,-0.07114860969225136,37
R1062J,R-frontal,1225.0,-0.09660676140387281,37
R1062J,R-frontal,1275.0,-0.02490182834000353,37
R1062J,R-frontal,1325.0,-0.001204388327000062,37
R1062J,R-frontal,1375.0,-0.0237609811079742,37
R1062J,R-frontal,1425.0,-0.025347153890368006,37
R1062J,R-frontal,1475.0,-0.02627427094439205,37
R1062J,R-frontal,1525.0,-0.10083829530100671,37
R1062J,R-frontal,1575.0,-0.06092067240804433,37
R1062J,R-parietal,25.0,0.010630950551845998,7
R1062J,R-parietal,75.0,0.015442550423160029,7
R1062J,R-parietal,125.0,0.0778129578880566,7
R1062J,R-parietal,175.0,0.01541017510339235,7
R1062J,R-parietal,225.0,-0.0337252159865021,7
R1062J,R-parietal,275.0,0.07116719673426833,7
R1062J,R-parietal,325.0,0.12284204201669469,7
R1062J,R-parietal,375.0,0.14582060411081232,7
R1062J,R-parietal,425.0,0.11689883939386078,7
R1062J,R-parietal,475.0,0.03535095100770984,7
R1062J,R-parietal,525.0,0.07712766135565552,7
R1062J,R-parietal,575.0,0.11215732767051888,7
R1062J,R-parietal,625.0,0.12128398069378268,7
R1062J,R-parietal,675.0,0.06950857208990004,7
R1062J,R-parietal,725.0,0.05789137232065865,7
R1062J,R-parietal,775.0,0.09223718896176959,7
R1062J,R-parietal,825.0,0.092821984456729,7
R1062J,R-parietal,875.0,0.08745288284829404,7
R1062J,R-parietal,925.0,0.06437962094341414,7
R1062J,R-parietal,975.0,0.0644729885452714,7
R1062J,R-parietal,1025.0,0.01724411968878992,7
R1062J,R-parietal,1075.0,0.08759103322262098,7
R1062J,R-parietal,1125.0,0.0689045713905513,7
R1062J,R-parietal,1175.0,0.02027912631609367,7
R1062J,R-parietal,1225.0,0.01275024537966014,7
R1062J,R-parietal,1275.0,0.021272563219548072,7
R1062J,R-parietal,1325.0,0.00957410794600766,7
R1062J,R-parietal,1375.0,-0.025716138055284634,7
R1062J,R-parietal,1425.0,-0.020422841269906185,7
R1062J,R-parietal,1475.0,0.005446690674828279,7
R1062J,R-parietal,1525.0,0.06938276896894187,7
R1062J,R-parietal,1575.0,0.048768527706525275,7
R1062J,R-temporal,25.0,-0.018160038410816388,35
R1062J,R-temporal,75.0,0.1152421877868699,35
R1062J,R-temporal,125.0,0.4037326763263396,35
R1062J,R-temporal,175.0,0.31808392556211956,35
R1062J,R-temporal,225.0,0.09450051675780868,35
R1062J,R-temporal,275.0,0.10336974606152904,35
R1062J,R-temporal,325.0,0.18950560336966787,35
R1062J,R-temporal,375.0,0.12755751607797844,35
R1062J,R-temporal,425.0,0.12696027505324278,35
R1062J,R-temporal,475.0,0.1494898092073322,35
R1062J,R-temporal,525.0,0.20020233203588944,35
R1062J,R-temporal,575.0,0.2035974393929992,35
R1062J,R-temporal,625.0,0.15172857522455932,35
R1062J,R-temporal,675.0,0.12688918227336185,35
R1062J,R-temporal,725.0,0.11661735896090082,35
R1062J,R-temporal,775.0,0.1600260117254125,35
R1062J,R-temporal,825.0,0.14388857205223266,35
R1062J,R-temporal,875.0,0.13358639266061814,35
R1062J,R-temporal,925.0,0.10724468065822311,35
R1062J,R-temporal,975.0,0.09555812562506986,35
R1062J,R-temporal,1025.0,0.07025063469293155,35
R1062J,R-temporal,1075.0,0.10644479370299277,35
R1062J,R-temporal,1125.0,0.09448989485282276,35
R1062J,R-temporal,1175.0,0.0498322577122847,35
R1062J,R-temporal,1225.0,0.04993808440873354,35
R1062J,R-temporal,1275.0,0.06851440662290106,35
R1062J,R-temporal,1325.0,0.03800848008759184,35
R1062J,R-temporal,1375.0,0.03180626583176525,35
R1062J,R-temporal,1425.0,-0.02372758539048537,35
R1062J,R-temporal,1475.0,-0.026387043855637303,35
R1062J,R-temporal,1525.0,-0.013300468968093818,35
R1062J,R-temporal,1575.0,0.05366659090244464,35
R1063C,L-frontal,25.0,-0.0774391623289267,5
R1063C,L-frontal,75.0,-0.015711206161438777,5
R1063C,L-frontal,125.0,0.03784492766523821,5
R1063C,L-frontal,175.0,0.02010353558913854,5
R1063C,L-frontal,225.0,-0.005855824175444866,5
R1063C,L-frontal,275.0,0.006201894229006928,5
R1063C,L-frontal,325.0,-0.014701622831570532,5
R1063C,L-frontal,375.0,-0.10935743270950363,5
R1063C,L-frontal,425.0,-0.004835839513714796,5
R1063C,L-frontal,475.0,-0.021648871560903636,5
R1063C,L-frontal,525.0,-0.040148711921976214,5
R1063C,L-frontal,575.0,-0.1447461032413059,5
R1063C,L-frontal,625.0,-0.19869725983893988,5
R1063C,L-frontal,675.0,-0.15122327344995604,5
R1063C,L-frontal,725.0,-0.09530004329934258,5
R1063C,L-frontal,775.0,-0.04169258424789895,5
R1063C,L-frontal,825.0,-0.08580359059730044,5
R1063C,L-frontal,875.0,-0.10890223025151333,5
R1063C,L-frontal,925.0,-0.05602098018746136,5
R1063C,L-frontal,975.0,-0.0880770054292351,5
R1063C,L-frontal,1025.0,-0.05919597030774193,5
R1063C,L-frontal,1075.0,-0.09996523175322296,5
R1063C,L-frontal,1125.0,-0.09838942106598,5
R1063C,L-frontal,1175.0,-0.08262064806511164,5
R1063C,L-frontal,1225.0,-0.059176284224765355,5
R1063C,L-frontal,1275.0,0.006975139499631007,5
R1063C,L-frontal,1325.0,-0.040525969883322625,5
R1063C,L-frontal,1375.0,0.048011987486067983,5
R1063C,L-frontal,1425.0,0.06861144381618697,5
R1063C,L-frontal,1475.0,-0.037160452351389636,5
R1063C,L-frontal,1525.0,-0.0438447469727914,5
R1063C,L-frontal,1575.0,-0.07309307310680954,5
R1065J,L-frontal,25.0,-0.09343930153644811,20
R1065J,L-frontal,75.0,-0.14977750057099096,20
R1065J,L-frontal,125.0,-0.17055638091091535,20
R1065J,L-frontal,175.0,-0.12521823076408956,20
R1065J,L-frontal,225.0,-0.05914443389493838,20
R1065J,L-frontal,275.0,-0.03919086528569764,20
R1065J,L-frontal,325.0,-0.0977028366283594,20
R1065J,L-frontal,375.0,-0.17613424854509005,20
R1065J,L-frontal,425.0,-0.21959222059691186,20
R1065J,L-frontal,475.0,-0.23362155142324054,20
R1065J,L-frontal,525.0,-0.21442505432335784,20
R1065J,L-frontal,575.0,-0.21248949283499502,20
R1065J,L-frontal,625.0,-0.20955402080972588,20
R1065J,L-frontal,675.0,-0.20625360352342686,20
R1065J,L-frontal,725.0,-0.18403440359445028,20
R1065J,L-frontal,775.0,-0.1948190764506959,20
R1065J,L-frontal,825.0,-0.2040509601678242,20
R1065J,L-frontal,875.0,-0.1947210095148132,20
R1065J,L-frontal,925.0,-0.186886482154065,20
R1065J,L-frontal,975.0,-0.1838009229487214,20
R1065J,L-frontal,1025.0,-0.17205423654231647,20
R1065J,L-frontal,1075.0,-0.18191142334753468,20
R1065J,L-frontal,1125.0,-0.18483508152886494,20
R1065J,L-frontal,1175.0,-0.1819473138903755,20
R1065J,L-frontal,1225.0,-0.17011998024089106,20
R1065J,L-frontal,1275.0,-0.18107168797397352,20
R1065J,L-frontal,1325.0,-0.1909784120108189,20
R1065J,L-frontal,1375.0,-0.2006787678513488,20
R1065J,L-frontal,1425.0,-0.19540091398227724,20
R1065J,L-frontal,1475.0,-0.21446171029785083,20
R1065J,L-frontal,1525.0,-0.20825185168887844,20
R1065J,L-frontal,1575.0,-0.21823105567921147,20
R1065J,L-occipital,25.0,-0.014165184786948512,3
R1065J,L-occipital,75.0,-0.02516036916650534,3
R1065J,L-occipital,125.0,-0.012611198737857423,3
R1065J,L-occipital,175.0,0.04370725268297234,3
R1065J,L-occipital,225.0,0.08872645550291924,3
R1065J,L-occipital,275.0,0.08619989895595499,3
R1065J,L-occipital,325.0,0.07390648574982252,3
R1065J,L-occipital,375.0,0.0897997190394314,3
R1065J,L-occipital,425.0,0.11237271429483237,3
R1065J,L-occipital,475.0,0.12162661646040478,3
R1065J,L-occipital,525.0,0.14332072770707344,3
R1065J,L-occipital,575.0,0.11071588074584615,3
R1065J,L-occipital,625.0,0.06471235651682183,3
R1065J,L-occipital,675.0,0.04034163735352304,3
R1065J,L-occipital,725.0,0.044691851024547424,3
R1065J,L-occipital,775.0,0.06015110821592672,3
R1065J,L-occipital,825.0,0.04777536770130112,3
R1065J,L-occipital,875.0,0.013562257421221392,3
R1065J,L-occipital,925.0,0.022266586264417475,3
R1065J,L-occipital,975.0,0.05345004240562514,3
R1065J,L-occipital,1025.0,0.06318484266789366,3
R1065J,L-occipital,1075.0,0.0026276025160613934,3
R1065J,L-occipital,1125.0,0.02880818599402325,3
R1065J,L-occipital,1175.0,0.030334431153111675,3
R1065J,L-occipital,1225.0,0.008616341776457433,3
R1065J,L-occipital,1275.0,0.007735915589557937,3
R1065J,L-occipital,1325.0,-0.010133853469316861,3
R1065J,L-occipital,1375.0,-0.04090919539113935,3
R1065J,L-occipital,1425.0,-0.002651077451950755,3
R1065J,L-occipital,1475.0,-0.007521114168240699,3
R1065J,L-occipital,1525.0,-0.03665640141523173,3
R1065J,L-occipital,1575.0,-0.04687591873123522,3
R1065J,L-parietal,25.0,-0.02590286256721705,6
R1065J,L-parietal,75.0,-0.008422659845524252,6
R1065J,L-parietal,125.0,0.005359110973478303,6
R1065J,L-parietal,175.0,0.0042761627277937446,6
R1065J,L-parietal,225.0,0.02123818346760511,6
R1065J,L-parietal,275.0,-0.02303387148802873,6
R1065J,L-parietal,325.0,-0.03176572865798575,6
R1065J,L-parietal,375.0,-0.001420431541096854,6
R1065J,L-parietal,425.0,0.03564231084350794,6
R1065J,L-parietal,475.0,0.053371114670103526,6
R1065J,L-parietal,525.0,0.0839108523513911,6
R1065J,L-parietal,575.0,0.08194355729124557,6
R1065J,L-parietal,625.0,0.059616520998900295,6
R1065J,L-parietal,675.0,0.06598954884551851,6
R1065J,L-parietal,725.0,0.04979931198394743,6
R1065J,L-parietal,775.0,0.026767949204734715,6
R1065J,L-parietal,825.0,0.03412495469700735,6
R1065J,L-parietal,875.0,0.02080333354310022,6
R1065J,L-parietal,925.0,0.021947603245784833,6
R1065J,L-parietal,975.0,0.029398866308701987,6
R1065J,L-parietal,1025.0,0.005706318817408962,6
R1065J,L-parietal,1075.0,-0.033389004128117385,6
R1065J,L-parietal,1125.0,-0.024044562273721353,6
R1065J,L-parietal,1175.0,-0.000962507839040837,6
R1065J,L-parietal,1225.0,0.0024483156729395417,6
R1065J,L-parietal,1275.0,-0.040674457152171085,6
R1065J,L-parietal,1325.0,-0.05424292026476004,6
R1065J,L-parietal,1375.0,-0.052393375799403195,6
R1065J,L-parietal,1425.0,-0.02090461374797102,6
R1065J,L-parietal,1475.0,-0.019182641321551844,6
R1065J,L-parietal,1525.0,-0.03452088563945276,6
R1065J,L-parietal,1575.0,-0.0408565996153753,6
R1065J,L-temporal,25.0,-0.015801858515933707,13
R1065J,L-temporal,75.0,-0.006712787134609843,13
R1065J,L-temporal,125.0,0.01624655382284166,13
R1065J,L-temporal,175.0,0.08116765934728012,13
R1065J,L-temporal,225.0,0.11557743581564123,13
R1065J,L-temporal,275.0,0.12651329394215535,13
R1065J,L-temporal,325.0,0.11068853655130197,13
R1065J,L-temporal,375.0,0.0803519190262853,13
R1065J,L-temporal,425.0,0.05215491924637758,13
R1065J,L-temporal,475.0,0.017279787293043233,13
R1065J,L-temporal,525.0,0.04246070723567641,13
R1065J,L-temporal,575.0,0.029607608117188728,13
R1065J,L-temporal,625.0,0.017442462685491968,13
R1065J,L-temporal,675.0,0.017462892892083984,13
R1065J,L-temporal,725.0,-0.0005292805254101871,13
R1065J,L-temporal,775.0,-0.005139266156714927,13
R1065J,L-temporal,825.0,0.005715215758090479,13
R1065J,L-temporal,875.0,0.019986636057971702,13
R1065J,L-temporal,925.0,0.024968648952568263,13
R1065J,L-temporal,975.0,0.006180901440737701,13
R1065J,L-temporal,1025.0,-0.0032207838990485,13
R1065J,L-temporal,1075.0,-0.009492174107481703,13
R1065J,L-temporal,1125.0,-0.02412275097951064,13
R1065J,L-temporal,1175.0,-0.01988599351017302,13
R1065J,L-temporal,1225.0,0.008821870609601348,13
R1065J,L-temporal,1275.0,-0.00041127108336436874,13
R1065J,L-temporal,1325.0,-0.03806572053781777,13
R1065J,L-temporal,1375.0,-0.05270448210424783,13
R1065J,L-temporal,1425.0,-0.05579173778614925,13
R1065J,L-temporal,1475.0,-0.07922126065354165,13
R1065J,L-temporal,1525.0,-0.05566565639161257,13
R1065J,L-temporal,1575.0,-0.04461774291869818,13
R1065J,R-frontal,25.0,-0.07103318204879196,17
R1065J,R-frontal,75.0,-0.14324611713151625,17
R1065J,R-frontal,125.0,-0.1509207247714617,17
R1065J,R-frontal,175.0,-0.08326713350232359,17
R1065J,R-frontal,225.0,0.018080554584062363,17
R1065J,R-frontal,275.0,0.0682574125962414,17
R1065J,R-frontal,325.0,0.01591565359689993,17
R1065J,R-frontal,375.0,-0.11412271330476197,17
R1065J,R-frontal,425.0,-0.17910368699244764,17
R1065J,R-frontal,475.0,-0.20788017783336293,17
R1065J,R-frontal,525.0,-0.2095889626677794,17
R1065J,R-frontal,575.0,-0.2168609410969565,17
R1065J,R-frontal,625.0,-0.2257504455691658,17
R1065J,R-frontal,675.0,-0.22055085080287054,17
R1065J,R-frontal,725.0,-0.23416230725431525,17
R1065J,R-frontal,775.0,-0.25435727040144224,17
R1065J,R-frontal,825.0,-0.25774629754036815,17
R1065J,R-frontal,875.0,-0.22373867517388626,17
R1065J,R-frontal,925.0,-0.21667851194915652,17
R1065J,R-frontal,975.0,-0.19324154834371668,17
R1065J,R-frontal,1025.0,-0.20386633309216795,17
R1065J,R-frontal,1075.0,-0.2249166891794725,17
R1065J,R-frontal,1125.0,-0.2301606536311248,17
R1065J,R-frontal,1175.0,-0.21434196613943066,17
R1065J,R-frontal,1225.0,-0.18196700905513974,17
R1065J,R-frontal,1275.0,-0.19315972210348142,17
R1065J,R-frontal,1325.0,-0.2347701764470758,17
R1065J,R-frontal,1375.0,-0.22570163775786053,17
R1065J,R-frontal,1425.0,-0.21011686727719675,17
R1065J,R-frontal,1475.0,-0.21990102615108995,17
R1065J,R-frontal,1525.0,-0.1986006196376386,17
R1065J,R-frontal,1575.0,-0.20274920992628043,17
R1065J,R-parietal,25.0,0.009312639125972922,14
R1065J,R-parietal,75.0,0.03345648250211725,14
R1065J,R-parietal,125.0,0.03889395461470326,14
R1065J,R-parietal,175.0,0.028589517001115183,14
R1065J,R-parietal,225.0,0.04228685772436828,14
R1065J,R-parietal,275.0,0.03451875651249962,14
R1065J,R-parietal,325.0,0.010516963760793224,14
R1065J,R-parietal,375.0,-0.04395636771609208,14
R1065J,R-parietal,425.0,-0.10685554103794634,14
R1065J,R-parietal,475.0,-0.11509539648130106,14
R1065J,R-parietal,525.0,-0.08876057970467631,14
R1065J,R-parietal,575.0,-0.0792860203065058,14
R1065J,R-parietal,625.0,-0.12059068349009847,14
R1065J,R-parietal,675.0,-0.10192462250289074,14
R1065J,R-parietal,725.0,-0.10496940813476151,14
R1065J,R-parietal,775.0,-0.13018099400753966,14
R1065J,R-parietal,825.0,-0.10582020817230152,14
R1065J,R-parietal,875.0,-0.10182768780065594,14
R1065J,R-parietal,925.0,-0.08597165280014762,14
R1065J,R-parietal,975.0,-0.07069817473113045,14
R1065J,R-parietal,1025.0,-0.06616129481172454,14
R1065J,R-parietal,1075.0,-0.0847321761147211,14
R1065J,R-parietal,1125.0,-0.11733062197897118,14
R1065J,R-parietal,1175.0,-0.09070319702882883,14
R1065J,R-parietal,1225.0,-0.06720566162583921,14
R1065J,R-parietal,1275.0,-0.06891308119766483,14
R1065J,R-parietal,1325.0,-0.09179006761279099,14
R1065J,R-parietal,1375.0,-0.13276619641223972,14
R1065J,R-parietal,1425.0,-0.0993923533932783,14
R1065J,R-parietal,1475.0,-0.08185446815639323,14
R1065J,R-parietal,1525.0,-0.08120603212930873,14
R1065J,R-parietal,1575.0,-0.07046817027316905,14
R1065J,R-temporal,25.0,-0.040626274515172596,5
R1065J,R-temporal,75.0,-0.050777737511580975,5
R1065J,R-temporal,125.0,-0.11735738503306432,5
R1065J,R-temporal,175.0,-0.11813479154824971,5
R1065J,R-temporal,225.0,-0.0812588065205502,5
R1065J,R-temporal,275.0,-0.06520955247021316,5
R1065J,R-temporal,325.0,-0.05797986663058556,5
R1065J,R-temporal,375.0,-0.058607319661480015,5
R1065J,R-temporal,425.0,-0.06778175625367229,5
R1065J,R-temporal,475.0,-0.09196902634570661,5
R1065J,R-temporal,525.0,-0.10057937203542093,5
R1065J,R-temporal,575.0,-0.12109713998773422,5
R1065J,R-temporal,625.0,-0.13738259468874306,5
R1065J,R-temporal,675.0,-0.12601337047630656,5
R1065J,R-temporal,725.0,-0.11757552187956959,5
R1065J,R-temporal,775.0,-0.1032165070346387,5
R1065J,R-temporal,825.0,-0.08095123839897342,5
R1065J,R-temporal,875.0,-0.08526371468952938,5
R1065J,R-temporal,925.0,-0.09340031464258561,5
R1065J,R-temporal,975.0,-0.0654439887863652,5
R1065J,R-temporal,1025.0,-0.09713657492015851,5
R1065J,R-temporal,1075.0,-0.115036533729075,5
R1065J,R-temporal,1125.0,-0.11336724801395634,5
R1065J,R-temporal,1175.0,-0.12348580962285513,5
R1065J,R-temporal,1225.0,-0.12735226392379362,5
R1065J,R-temporal,1275.0,-0.11791378852457654,5
R1065J,R-temporal,1325.0,-0.11471510064632977,5
R1065J,R-temporal,1375.0,-0.1272476566964636,5
R1065J,R-temporal,1425.0,-0.11173729384662608,5
R1065J,R-temporal,1475.0,-0.1112030411414768,5
R1065J,R-temporal,1525.0,-0.12081821699133508,5
R1065J,R-temporal,1575.0,-0.10585530535530299,5
R1066P,L-occipital,25.0,0.12848698738045897,5
R1066P,L-occipital,75.0,0.28090173110173944,5
R1066P,L-occipital,125.0,0.8282165582144531,5
R1066P,L-occipital,175.0,1.183339059092103,5
R1066P,L-occipital,225.0,1.1695763345809265,5
R1066P,L-occipital,275.0,0.9440258123243943,5
R1066P,L-occipital,325.0,0.7973397812938389,5
R1066P,L-occipital,375.0,0.647731633321252,5
R1066P,L-occipital,425.0,0.4897582136898876,5
R1066P,L-occipital,475.0,0.37987919849593776,5
R1066P,L-occipital,525.0,0.2846296141488106,5
R1066P,L-occipital,575.0,0.20505102159891705,5
R1066P,L-occipital,625.0,0.12187622064010835,5
R1066P,L-occipital,675.0,0.06493818028029083,5
R1066P,L-occipital,725.0,0.012154030388654447,5
R1066P,L-occipital,775.0,-0.01399350267953135,5
R1066P,L-occipital,825.0,-0.03479968316555538,5
R1066P,L-occipital,875.0,-0.0337273551589306,5
R1066P,L-occipital,925.0,-0.017877438366923633,5
R1066P,L-occipital,975.0,-0.005133257035764881,5
R1066P,L-occipital,1025.0,0.007052632415475058,5
R1066P,L-occipital,1075.0,0.02949383349795457,5
R1066P,L-occipital,1125.0,0.0001115862026749792,5
R1066P,L-occipital,1175.0,0.00963101944390142,5
R1066P,L-occipital,1225.0,-0.008726127274824913,5
R1066P,L-occipital,1275.0,0.025723676559592585,5
R1066P,L-occipital,1325.0,0.019426940242884872,5
R1066P,L-occipital,1375.0,0.01907439609374379,5
R1066P,L-occipital,1425.0,0.013003414793590384,5
R1066P,L-occipital,1475.0,0.03478424691293949,5
R1066P,L-occipital,1525.0,0.02479850840375388,5
R1066P,L-occipital,1575.0,0.03927527770223631,5
R1066P,L-parietal,25.0,-0.018137212135496968,5
R1066P,L-parietal,75.0,-0.0008966111958905148,5
R1066P,L-parietal,125.0,-0.0036031410684708083,5
R1066P,L-parietal,175.0,0.010842525682443607,5
R1066P,L-parietal,225.0,0.020491817387803774,5
R1066P,L-parietal,275.0,-0.006558150904989355,5
R1066P,L-parietal,325.0,-0.04309877890374288,5
R1066P,L-parietal,375.0,-0.05333119082103348,5
R1066P,L-parietal,425.0,-0.04583505014038415,5
R1066P,L-parietal,475.0,-0.02178575736522683,5
R1066P,L-parietal,525.0,-0.026539404049059835,5
R1066P,L-parietal,575.0,-0.027860729748910417,5
R1066P,L-parietal,625.0,-0.020038809575276217,5
R1066P,L-parietal,675.0,-0.018978725852807132,5
R1066P,L-parietal,725.0,-0.04038245951570906,5
R1066P,L-parietal,775.0,-0.041197175625286755,5
R1066P,L-parietal,825.0,-0.04287056048284159,5
R1066P,L-parietal,875.0,-0.051580503217621566,5
R1066P,L-parietal,925.0,-0.059484918479664396,5
R1066P,L-parietal,975.0,-0.0162949033879887,5
R1066P,L-parietal,1025.0,-0.038024349155510215,5
R1066P,L-parietal,1075.0,-0.04299948648537193,5
R1066P,L-parietal,1125.0,-0.014866270756431616,5
R1066P,L-parietal,1175.0,-0.008992771990615007,5
R1066P,L-parietal,1225.0,-0.0026446112199700472,5
R1066P,L-parietal,1275.0,-0.002135950300277864,5
R1066P,L-parietal,1325.0,-0.01621955369567743,5
R1066P,L-parietal,1375.0,-0.03241376137612158,5
R1066P,L-parietal,1425.0,-0.030306455973614903,5
R1066P,L-parietal,1475.0,-0.026806648770762543,5
R1066P,L-parietal,1525.0,0.022883099229735845,5
R1066P,L-parietal,1575.0,0.025037743001788747,5
R1067P,L-frontal,25.0,-0.05784343885647732,17
R1067P,L-frontal,75.0,-0.05583076870665313,17
R1067P,L-frontal,125.0,-0.03409266052245735,17
R1067P,L-frontal,175.0,-0.0327896243835015,17
R1067P,L-frontal,225.0,-0.04527363694433374,17
R1067P,L-frontal,275.0,-0.021110910694633434,17
R1067P,L-frontal,325.0,0.02944905149240967,17
R1067P,L-frontal,375.0,0.06970146687763547,17
R1067P,L-frontal,425.0,0.0992955299068969,17
R1067P,L-frontal,475.0,0.09737799683346013,17
R1067P,L-frontal,525.0,0.09807249402811513,17
R1067P,L-frontal,575.0,0.11311261224134939,17
R1067P,L-frontal,625.0,0.09642975181361177,17
R1067P,L-frontal,675.0,0.07660680780327983,17
R1067P,L-frontal,725.0,0.06540781714475853,17
R1067P,L-frontal,775.0,0.07581310718229306,17
R1067P,L-frontal,825.0,0.06841254336661862,17
R1067P,L-frontal,875.0,0.050889745079536586,17
R1067P,L-frontal,925.0,0.061697536862056465,17
R1067P,L-frontal,975.0,0.0714703608308697,17
R1067P,L-frontal,1025.0,0.0653153573311573,17
R1067P,L-frontal,1075.0,0.07029039786211866,17
R1067P,L-frontal,1125.0,0.07224793842987412,17
R1067P,L-frontal,1175.0,0.07152844142828771,17
R1067P,L-frontal,1225.0,0.07205848995476044,17
R1067P,L-frontal,1275.0,0.051476248591492316,17
R1067P,L-frontal,1325.0,0.03838997228145445,17
R1067P,L-frontal,1375.0,0.02978479564255876,17
R1067P,L-frontal,1425.0,0.025532185001056515,17
R1067P,L-frontal,1475.0,0.018085155289476375,17
R1067P,L-frontal,1525.0,0.010125258867804247,17
R1067P,L-frontal,1575.0,0.024348696481286482,17
R1067P,L-parietal,25.0,-0.0352002150222431,9
R1067P,L-parietal,75.0,-0.014245783877531013,9
R1067P,L-parietal,125.0,-0.02716366159653456,9
R1067P,L-parietal,175.0,-0.024871146229858667,9
R1067P,L-parietal,225.0,-0.04533774890415111,9
R1067P,L-parietal,275.0,-0.05751632626794209,9
R1067P,L-parietal,325.0,-0.02627639529420682,9
R1067P,L-parietal,375.0,0.0010594640713673187,9
R1067P,L-parietal,425.0,0.001500041697379753,9
R1067P,L-parietal,475.0,0.016328311503425723,9
R1067P,L-parietal,525.0,0.026985683378240394,9
R1067P,L-parietal,575.0,0.055359749798364784,9
R1067P,L-parietal,625.0,0.05454039059128198,9
R1067P,L-parietal,675.0,0.030267267443573966,9
R1067P,L-parietal,725.0,0.027588346490102958,9
R1067P,L-parietal,775.0,0.0199468230980882,9
R1067P,L-parietal,825.0,0.032400369135467885,9
R1067P,L-parietal,875.0,0.03721181262061442,9
R1067P,L-parietal,925.0,0.0534249698490042,9
R1067P,L-parietal,975.0,0.07085825139788936,9
R1067P,L-parietal,1025.0,0.07451858383554016,9
R1067P,L-parietal,1075.0,0.07120299920130202,9
R1067P,L-parietal,1125.0,0.08001554332307192,9
R1067P,L-parietal,1175.0,0.09442106216948062,9
R1067P,L-parietal,1225.0,0.08243251663351839,9
R1067P,L-parietal,1275.0,0.040380296015447986,9
R1067P,L-parietal,1325.0,0.04798835856599777,9
R1067P,L-parietal,1375.0,0.06267864047419243,9
R1067P,L-parietal,1425.0,0.03483537493518493,9
R1067P,L-parietal,1475.0,0.024367792679439712,9
R1067P,L-parietal,1525.0,0.030732270938804367,9
R1067P,L-parietal,1575.0,0.02320033947721384,9
R1067P,L-temporal,25.0,-0.00874228554001391,3
R1067P,L-temporal,75.0,0.03646129335795747,3
R1067P,L-temporal,125.0,0.17227171800178753,3
R1067P,L-temporal,175.0,0.22374026950275602,3
R1067P,L-temporal,225.0,0.2554897014316351,3
R1067P,L-temporal,275.0,0.34799065035979565,3
R1067P,L-temporal,325.0,0.3026571769750591,3
R1067P,L-temporal,375.0,0.310516121909907,3
R1067P,L-temporal,425.0,0.3344038740762432,3
R1067P,L-temporal,475.0,0.27961183565143627,3
R1067P,L-temporal,525.0,0.24359026249016405,3
R1067P,L-temporal,575.0,0.2204613097717714,3
R1067P,L-temporal,625.0,0.18411219032318069,3
R1067P,L-temporal,675.0,0.14398085448275522,3
R1067P,L-temporal,725.0,0.12244864053995401,3
R1067P,L-temporal,775.0,0.11654354361396889,3
R1067P,L-temporal,825.0,0.08014813246488119,3
R1067P,L-temporal,875.0,0.09794321049192252,3
R1067P,L-temporal,925.0,0.16373198123523278,3
R1067P,L-temporal,975.0,0.19100786897139166,3
R1067P,L-temporal,1025.0,0.17259881795207044,3
R1067P,L-temporal,1075.0,0.12303074680239438,3
R1067P,L-temporal,1125.0,0.13029836494610433,3
R1067P,L-temporal,1175.0,0.11085920680825605,3
R1067P,L-temporal,1225.0,0.09882963721864337,3
R1067P,L-temporal,1275.0,0.09047801852723132,3
R1067P,L-temporal,1325.0,0.07266907593915788,3
R1067P,L-temporal,1375.0,0.08137637693965062,3
R1067P,L-temporal,1425.0,0.044136407633090735,3
R1067P,L-temporal,1475.0,0.01679573498353038,3
R1067P,L-temporal,1525.0,-0.01617594198745115,3
R1067P,L-temporal,1575.0,0.02106950624422475,3
R1069M,L-frontal,25.0,-0.0543392641752117,18
R1069M,L-frontal,75.0,-0.05469443439685193,18
R1069M,L-frontal,125.0,-0.022553248596224856,18
R1069M,L-frontal,175.0,0.06173007967392777,18
R1069M,L-frontal,225.0,0.11182123046831917,18
R1069M,L-frontal,275.0,0.14098703597974435,18
R1069M,L-frontal,325.0,0.1629668890936335,18
R1069M,L-frontal,375.0,0.1913478112875168,18
R1069M,L-frontal,425.0,0.1847344146227585,18
R1069M,L-frontal,475.0,0.14251167355593183,18
R1069M,L-frontal,525.0,0.10188969220991795,18
R1069M,L-frontal,575.0,0.10554866205883669,18
R1069M,L-frontal,625.0,0.06665285521471004,18
R1069M,L-frontal,675.0,0.042782755110068224,18
R1069M,L-frontal,725.0,0.05290064675325219,18
R1069M,L-frontal,775.0,0.028419521983667435,18
R1069M,L-frontal,825.0,0.020867059256800085,18
R1069M,L-frontal,875.0,0.024874716560878633,18
R1069M,L-frontal,925.0,0.037992136122427876,18
R1069M,L-frontal,975.0,0.040934441653125625,18
R1069M,L-frontal,1025.0,0.04116015013841247,18
R1069M,L-frontal,1075.0,0.0435899780138156,18
R1069M,L-frontal,1125.0,0.07381340194001207,18
R1069M,L-frontal,1175.0,0.09224592915817212,18
R1069M,L-frontal,1225.0,0.08314047753372839,18
R1069M,L-frontal,1275.0,0.06781951646547345,18
R1069M,L-frontal,1325.0,0.058620845219208836,18
R1069M,L-frontal,1375.0,0.048590148636319136,18
R1069M,L-frontal,1425.0,0.06027016801497658,18
R1069M,L-frontal,1475.0,0.06648771274134815,18
R1069M,L-frontal,1525.0,0.07445548504974564,18
R1069M,L-frontal,1575.0,0.06085765082110547,18
R1069M,L-parietal,25.0,0.011359049156314407,14
R1069M,L-parietal,75.0,0.03428375422651438,14
R1069M,L-parietal,125.0,0.09588273723957737,14
R1069M,L-parietal,175.0,0.11043670168390951,14
R1069M,L-parietal,225.0,0.14330269046238397,14
R1069M,L-parietal,275.0,0.15826851219584345,14
R1069M,L-parietal,325.0,0.10650574226953662,14
R1069M,L-parietal,375.0,0.059493330381480004,14
R1069M,L-parietal,425.0,0.05293187619265606,14
R1069M,L-parietal,475.0,0.011191069788948673,14
R1069M,L-parietal,525.0,-0.014423936975161524,14
R1069M,L-parietal,575.0,-0.0654385894048974,14
R1069M,L-parietal,625.0,-0.07193706655765462,14
R1069M,L-parietal,675.0,-0.09143315837536885,14
R1069M,L-parietal,725.0,-0.08654729033261944,14
R1069M,L-parietal,775.0,-0.06931038234648465,14
R1069M,L-parietal,825.0,-0.050235562463601405,14
R1069M,L-parietal,875.0,-0.05827544776990958,14
R1069M,L-parietal,925.0,-0.048831684201115146,14
R1069M,L-parietal,975.0,-0.04436227661294236,14
R1069M,L-parietal,1025.0,-0.00848034085521817,14
R1069M,L-parietal,1075.0,0.0016550516738254347,14
R1069M,L-parietal,1125.0,-0.008397537591257819,14
R1069M,L-parietal,1175.0,-0.009778480802530529,14
R1069M,L-parietal,1225.0,0.010761706088719273,14
R1069M,L-parietal,1275.0,0.0163217363342071,14
R1069M,L-parietal,1325.0,0.023525611040597614,14
R1069M,L-parietal,1375.0,0.01953544140365055,14
R1069M,L-parietal,1425.0,0.0005920811717553198,14
R1069M,L-parietal,1475.0,0.0030002753445409055,14
R1069M,L-parietal,1525.0,0.024701796164604783,14
R1069M,L-parietal,1575.0,0.00409115845955967,14
R1069M,L-temporal,25.0,0.01275859129714779,4
R1069M,L-temporal,75.0,0.0009492685225389909,4
R1069M,L-temporal,125.0,-0.020019009092104804,4
R1069M,L-temporal,175.0,-0.04783506650959551,4
R1069M,L-temporal,225.0,-0.03140901377245802,4
R1069M,L-temporal,275.0,0.015532672304246414,4
R1069M,L-temporal,325.0,0.08568602643523968,4
R1069M,L-temporal,375.0,0.12143528090091751,4
R1069M,L-temporal,425.0,0.15340017391241142,4
R1069M,L-temporal,475.0,0.1601186639921951,4
R1069M,L-temporal,525.0,0.13975523698145434,4
R1069M,L-temporal,575.0,0.12390400850311688,4
R1069M,L-temporal,625.0,-0.001354199881136768,4
R1069M,L-temporal,675.0,-0.030057472075755747,4
R1069M,L-temporal,725.0,-0.02719436930089971,4
R1069M,L-temporal,775.0,-0.024455271863921428,4
R1069M,L-temporal,825.0,-0.033598542359460484,4
R1069M,L-temporal,875.0,-0.04203903046925849,4
R1069M,L-temporal,925.0,-0.04321134835758407,4
R1069M,L-temporal,975.0,-0.08245870546513256,4
R1069M,L-temporal,1025.0,-0.06996977528714036,4
R1069M,L-temporal,1075.0,-0.019197448999594843,4
R1069M,L-temporal,1125.0,0.0063263744480900885,4
R1069M,L-temporal,1175.0,0.018871455601986328,4
R1069M,L-temporal,1225.0,0.08656521727089556,4
R1069M,L-temporal,1275.0,0.07052808384946233,4
R1069M,L-temporal,1325.0,0.058983147804461386,4
R1069M,L-temporal,1375.0,0.07289541839377847,4
R1069M,L-temporal,1425.0,0.05899414877523281,4
R1069M,L-temporal,1475.0,0.059002675262882734,4
R1069M,L-temporal,1525.0,0.045756887407611635,4
R1069M,L-temporal,1575.0,-0.0036936805351949504,4
R1075J,L-frontal,25.0,0.0039061121651462406,26
R1075J,L-frontal,75.0,0.01297415417940536,26
R1075J,L-frontal,125.0,0.0023471100613296544,26
R1075J,L-frontal,175.0,-0.021642381789989323,26
R1075J,L-frontal,225.0,-0.04532541756329068,26
R1075J,L-frontal,275.0,-0.0635598820388598,26
R1075J,L-frontal,325.0,-0.09762704119094322,26
R1075J,L-frontal,375.0,-0.15235227704002158,26
R1075J,L-frontal,425.0,-0.1849060831816442,26
R1075J,L-frontal,475.0,-0.19754516016595666,26
R1075J,L-frontal,525.0,-0.1813922405763287,26
R1075J,L-frontal,575.0,-0.18037004825314687,26
R1075J,L-frontal,625.0,-0.18087795401721313,26
R1075J,L-frontal,675.0,-0.1692460591842771,26
R1075J,L-frontal,725.0,-0.13936592332476047,26
R1075J,L-frontal,775.0,-0.11944655635972379,26
R1075J,L-frontal,825.0,-0.10952262214362009,26
R1075J,L-frontal,875.0,-0.0970497370610876,26
R1075J,L-frontal,925.0,-0.07268558802549568,26
R1075J,L-frontal,975.0,-0.06267813185091656,26
R1075J,L-frontal,1025.0,-0.06424436330543454,26
R1075J,L-frontal,1075.0,-0.050252576335574124,26
R1075J,L-frontal,1125.0,-0.04161071781830407,26
R1075J,L-frontal,1175.0,-0.0382677724386723,26
R1075J,L-frontal,1225.0,-0.027598326325195408,26
R1075J,L-frontal,1275.0,-0.03667675525371374,26
R1075J,L-frontal,1325.0,-0.022721338089339366,26
R1075J,L-frontal,1375.0,-0.005188724363418565,26
R1075J,L-frontal,1425.0,-0.009109010983244204,26
R1075J,L-frontal,1475.0,0.006856826967601816,26
R1075J,L-frontal,1525.0,-0.013400010903527566,26
R1075J,L-frontal,1575.0,-0.0016854854399120781,26
R1075J,R-frontal,25.0,-0.03414512716039698,31
R1075J,R-frontal,75.0,-0.022674190171208752,31
R1075J,R-frontal,125.0,0.004331480827585806,31
R1075J,R-frontal,175.0,-0.016034449680313197,31
R1075J,R-frontal,225.0,-0.06947070876957075,31
R1075J,R-frontal,275.0,-0.07226462131473586,31
R1075J,R-frontal,325.0,-0.07202026634987979,31
R1075J,R-frontal,375.0,-0.09910900134785428,31
R1075J,R-frontal,425.0,-0.13013550616381142,31
R1075J,R-frontal,475.0,-0.1462446825165399,31
R1075J,R-frontal,525.0,-0.15566329296104292,31
R1075J,R-frontal,575.0,-0.155037370815284,31
R1075J,R-frontal,625.0,-0.12175609682505767,31
R1075J,R-frontal,675.0,-0.10069151795474754,31
R1075J,R-frontal,725.0,-0.10317901108078871,31
R1075J,R-frontal,775.0,-0.09651536017292668,31
R1075J,R-frontal,825.0,-0.10679791216436688,31
R1075J,R-frontal,875.0,-0.09797396194692812,31
R1075J,R-frontal,925.0,-0.07501755098726662,31
R1075J,R-frontal,975.0,-0.06375247359565633,31
R1075J,R-frontal,1025.0,-0.08126478080754312,31
R1075J,R-frontal,1075.0,-0.06651707545128831,31
R1075J,R-frontal,1125.0,-0.05778978337697484,31
R1075J,R-frontal,1175.0,-0.0681791525331938,31
R1075J,R-frontal,1225.0,-0.042987977169089024,31
R1075J,R-frontal,1275.0,-0.03698197340184604,31
R1075J,R-frontal,1325.0,-0.018731054038971285,31
R1075J,R-frontal,1375.0,-0.01125665427826525,31
R1075J,R-frontal,1425.0,-0.007143135002002652,31
R1075J,R-frontal,1475.0,-0.005164696654124659,31
R1075J,R-frontal,1525.0,-0.0023358215936763026,31
R1075J,R-frontal,1575.0,-0.0001591437636595843,31
R1075J,R-parietal,25.0,0.014511214360306788,3
R1075J,R-parietal,75.0,0.05346520256095588,3
R1075J,R-parietal,125.0,0.18139898778487892,3
R1075J,R-parietal,175.0,0.17232287027074666,3
R1075J,R-parietal,225.0,-0.1258819437403732,3
R1075J,R-parietal,275.0,-0.24524321678675806,3
R1075J,R-parietal,325.0,-0.16419483744542307,3
R1075J,R-parietal,375.0,-0.19543522737692118,3
R1075J,R-parietal,425.0,-0.20953926224541283,3
R1075J,R-parietal,475.0,-0.22155404785912455,3
R1075J,R-parietal,525.0,-0.233930449141961,3
R1075J,R-parietal,575.0,-0.25665696656376163,3
R1075J,R-parietal,625.0,-0.21797837482064839,3
R1075J,R-parietal,675.0,-0.18524434703016165,3
R1075J,R-parietal,725.0,-0.1880629647144131,3
R1075J,R-parietal,775.0,-0.18252667529589275,3
R1075J,R-parietal,825.0,-0.11976685667499683,3
R1075J,R-parietal,875.0,-0.18279247332996404,3
R1075J,R-parietal,925.0,-0.1501105458587446,3
R1075J,R-parietal,975.0,-0.14505587995918823,3
R1075J,R-parietal,1025.0,-0.19729571360048737,3
R1075J,R-parietal,1075.0,-0.19437519669117584,3
R1075J,R-parietal,1125.0,-0.17868919078033862,3
R1075J,R-parietal,1175.0,-0.1851297489393872,3
R1075J,R-parietal,1225.0,-0.1822460120481484,3
R1075J,R-parietal,1275.0,-0.10976263257416258,3
R1075J,R-parietal,1325.0,-0.06258755424376605,3
R1075J,R-parietal,1375.0,-0.05935212178098611,3
R1075J,R-parietal,1425.0,-0.07144613333437155,3
R1075J,R-parietal,1475.0,-0.08721120800457106,3
R1075J,R-parietal,1525.0,-0.10098022863554816,3
R1075J,R-parietal,1575.0,-0.13103439156053204,3
R1076D,L-frontal,25.0,0.05491137519195536,5
R1076D,L-frontal,75.0,0.033294742790439175,5
R1076D,L-frontal,125.0,-0.023198824771932337,5
R1076D,L-frontal,175.0,-0.019928373802131447,5
R1076D,L-frontal,225.0,0.0012007071228005734,5
R1076D,L-frontal,275.0,0.009070725030197836,5
R1076D,L-frontal,325.0,0.00324443097621411,5
R1076D,L-frontal,375.0,-0.022756930398120857,5
R1076D,L-frontal,425.0,0.002901127191672326,5
R1076D,L-frontal,475.0,0.024083791257822486,5
R1076D,L-frontal,525.0,-0.0031384331259933563,5
R1076D,L-frontal,575.0,-0.001337224547364585,5
R1076D,L-frontal,625.0,0.051834736466206496,5
R1076D,L-frontal,675.0,0.0030305245811672126,5
R1076D,L-frontal,725.0,0.0226808003618856,5
R1076D,L-frontal,775.0,0.06151416229418187,5
R1076D,L-frontal,825.0,0.03741332886291866,5
R1076D,L-frontal,875.0,0.023629362406402055,5
R1076D,L-frontal,925.0,-0.011761384501344504,5
R1076D,L-frontal,975.0,0.012049535075742662,5
R1076D,L-frontal,1025.0,0.001740465337433736,5
R1076D,L-frontal,1075.0,-0.0032429068884003683,5
R1076D,L-frontal,1125.0,0.028298464930564073,5
R1076D,L-frontal,1175.0,-0.010187116208903713,5
R1076D,L-frontal,1225.0,-0.03277315807893147,5
R1076D,L-frontal,1275.0,0.042685399053864995,5
R1076D,L-frontal,1325.0,0.04366944746612461,5
R1076D,L-frontal,1375.0,-0.005082521527189111,5
R1076D,L-frontal,1425.0,0.023744718361054747,5
R1076D,L-frontal,1475.0,0.030968945318517783,5
R1076D,L-frontal,1525.0,-0.008374514929005122,5
R1076D,L-frontal,1575.0,0.060023572069731745,5
R1077T,L-occipital,25.0,-0.031415478801226665,3
R1077T,L-occipital,75.0,-0.08953772247713754,3
R1077T,L-occipital,125.0,-0.09162610891348438,3
R1077T,L-occipital,175.0,0.10275965728087876,3
R1077T,L-occipital,225.0,0.19113518544448974,3
R1077T,L-occipital,275.0,0.10732553568966108,3
R1077T,L-occipital,325.0,0.09093740355466466,3
R1077T,L-occipital,375.0,0.18816499924559715,3
R1077T,L-occipital,425.0,0.3413128302428101,3
R1077T,L-occipital,475.0,0.3915930685135594,3
R1077T,L-occipital,525.0,0.328027117572444,3
R1077T,L-occipital,575.0,0.28012856258002344,3
R1077T,L-occipital,625.0,0.25865024943390985,3
R1077T,L-occipital,675.0,0.25323442103331995,3
R1077T,L-occipital,725.0,0.2651097571860857,3
R1077T,L-occipital,775.0,0.2605546760748762,3
R1077T,L-occipital,825.0,0.2138679870711108,3
R1077T,L-occipital,875.0,0.17668068141056523,3
R1077T,L-occipital,925.0,0.18330692167973195,3
R1077T,L-occipital,975.0,0.2073416987851371,3
R1077T,L-occipital,1025.0,0.18114453869344158,3
R1077T,L-occipital,1075.0,0.16246919778745625,3
R1077T,L-occipital,1125.0,0.16058911010998547,3
R1077T,L-occipital,1175.0,0.19615020180872267,3
R1077T,L-occipital,1225.0,0.1604918682752101,3
R1077T,L-occipital,1275.0,0.12808610041505644,3
R1077T,L-occipital,1325.0,0.09618005091599957,3
R1077T,L-occipital,1375.0,0.11271529764079817,3
R1077T,L-occipital,1425.0,0.11754891914101549,3
R1077T,L-occipital,1475.0,0.07754267559763975,3
R1077T,L-occipital,1525.0,0.02651989759186882,3
R1077T,L-occipital,1575.0,0.017316861323049104,3
R1077T,L-temporal,25.0,-0.041356078469572906,6
R1077T,L-temporal,75.0,-0.03422873254258501,6
R1077T,L-temporal,125.0,0.048413754443751435,6
R1077T,L-temporal,175.0,0.16486351385780434,6
R1077T,L-temporal,225.0,0.2790475509624742,6
R1077T,L-temporal,275.0,0.29412221547546585,6
R1077T,L-temporal,325.0,0.2922620945271674,6
R1077T,L-temporal,375.0,0.3151622645589498,6
R1077T,L-temporal,425.0,0.3807997292873728,6
R1077T,L-temporal,475.0,0.3814935552319743,6
R1077T,L-temporal,525.0,0.3221949184063219,6
R1077T,L-temporal,575.0,0.2768897073754027,6
R1077T,L-temporal,625.0,0.26037108142877163,6
R1077T,L-temporal,675.0,0.23540004432645115,6
R1077T,L-temporal,725.0,0.21522821499917036,6
R1077T,L-temporal,775.0,0.22037558202929752,6
R1077T,L-temporal,825.0,0.16037240142873563,6
R1077T,L-temporal,875.0,0.1482091274515583,6
R1077T,L-temporal,925.0,0.11894680874382858,6
R1077T,L-temporal,975.0,0.1353568193653131,6
R1077T,L-temporal,1025.0,0.14795902720684917,6
R1077T,L-temporal,1075.0,0.12761937501378115,6
R1077T,L-temporal,1125.0,0.09664100086829885,6
R1077T,L-temporal,1175.0,0.10457574796236262,6
R1077T,L-temporal,1225.0,0.09580264122429581,6
R1077T,L-temporal,1275.0,0.08132144453984294,6
R1077T,L-temporal,1325.0,0.06983311957564321,6
R1077T,L-temporal,1375.0,0.06849887961494668,6
R1077T,L-temporal,1425.0,0.07997584843901523,6
R1077T,L-temporal,1475.0,0.04852851364761875,6
R1077T,L-temporal,1525.0,0.025289343743175718,6
R1077T,L-temporal,1575.0,-0.00439649299095118,6
R1077T,R-frontal,25.0,-0.04222153459369644,7
R1077T,R-frontal,75.0,-0.03354215090372247,7
R1077T,R-frontal,125.0,-0.043423665666727375,7
R1077T,R-frontal,175.0,0.02227553846235846,7
R1077T,R-frontal,225.0,0.03955878106477915,7
R1077T,R-frontal,275.0,0.012055861474580357,7
R1077T,R-frontal,325.0,-0.012745988709970754,7
R1077T,R-frontal,375.0,-0.005410702599256344,7
R1077T,R-frontal,425.0,0.025360249679880098,7
R1077T,R-frontal,475.0,0.03113906195904211,7
R1077T,R-frontal,525.0,0.004198539916922321,7
R1077T,R-frontal,575.0,-0.004568220311511967,7
R1077T,R-frontal,625.0,0.014160502468097703,7
R1077T,R-frontal,675.0,0.0390806367211356,7
R1077T,R-frontal,725.0,0.05480545741238231,7
R1077T,R-frontal,775.0,0.047006582871164625,7
R1077T,R-frontal,825.0,0.051780691984931015,7
R1077T,R-frontal,875.0,0.028026174362574232,7
R1077T,R-frontal,925.0,0.015904184547220826,7
R1077T,R-frontal,975.0,0.04815217149451282,7
R1077T,R-frontal,1025.0,0.04985537195955215,7
R1077T,R-frontal,1075.0,0.020253864040275394,7
R1077T,R-frontal,1125.0,0.011924416612589287,7
R1077T,R-frontal,1175.0,0.033215677504936904,7
R1077T,R-frontal,1225.0,0.025251972054924392,7
R1077T,R-frontal,1275.0,0.018559362871600926,7
R1077T,R-frontal,1325.0,0.025824230171706736,7
R1077T,R-frontal,1375.0,0.027221154400853355,7
R1077T,R-frontal,1425.0,0.04286735733862146,7
R1077T,R-frontal,1475.0,0.031143345723575265,7
R1077T,R-frontal,1525.0,0.01898268914615244,7
R1077T,R-frontal,1575.0,-0.013960705585413515,7
R1077T,R-occipital,25.0,-0.004728280377491344,7
R1077T,R-occipital,75.0,0.055523177573070584,7
R1077T,R-occipital,125.0,0.30524534143694654,7
R1077T,R-occipital,175.0,0.390687595928557,7
R1077T,R-occipital,225.0,0.38146519804166357,7
R1077T,R-occipital,275.0,0.3367507135180026,7
R1077T,R-occipital,325.0,0.27283947794737207,7
R1077T,R-occipital,375.0,0.30245545983134464,7
R1077T,R-occipital,425.0,0.26968341197318674,7
R1077T,R-occipital,475.0,0.21368237152782849,7
R1077T,R-occipital,525.0,0.14287419207251914,7
R1077T,R-occipital,575.0,0.08262885913413542,7
R1077T,R-occipital,625.0,0.06684921639123512,7
R1077T,R-occipital,675.0,0.1281858887361585,7
R1077T,R-occipital,725.0,0.17474822593616818,7
R1077T,R-occipital,775.0,0.16604839099406601,7
R1077T,R-occipital,825.0,0.18079034965314592,7
R1077T,R-occipital,875.0,0.19730310361310877,7
R1077T,R-occipital,925.0,0.20482074359191432,7
R1077T,R-occipital,975.0,0.17347151410227765,7
R1077T,R-occipital,1025.0,0.16190583075287976,7
R1077T,R-occipital,1075.0,0.17537471480242917,7
R1077T,R-occipital,1125.0,0.17071644400635502,7
R1077T,R-occipital,1175.0,0.15200273838795123,7
R1077T,R-occipital,1225.0,0.11622008292767073,7
R1077T,R-occipital,1275.0,0.12572503688592992,7
R1077T,R-occipital,1325.0,0.0983255028866861,7
R1077T,R-occipital,1375.0,0.09776952133585624,7
R1077T,R-occipital,1425.0,0.09259323201693372,7
R1077T,R-occipital,1475.0,0.08655681933115529,7
R1077T,R-occipital,1525.0,0.052894355827869846,7
R1077T,R-occipital,1575.0,0.05839541240914361,7
R1077T,R-parietal,25.0,0.02691079705128021,8
R1077T,R-parietal,75.0,0.10648220655755622,8
R1077T,R-parietal,125.0,0.1866154182461204,8
R1077T,R-parietal,175.0,0.1543921192078737,8
R1077T,R-parietal,225.0,0.04053535505882161,8
R1077T,R-parietal,275.0,-0.0003830037814780019,8
R1077T,R-parietal,325.0,0.006144110218388043,8
R1077T,R-parietal,375.0,-0.006720930297231625,8
R1077T,R-parietal,425.0,-0.04177644439566629,8
R1077T,R-parietal,475.0,-0.07434054674845136,8
R1077T,R-parietal,525.0,-0.07972828631545836,8
R1077T,R-parietal,575.0,-0.05451967913486634,8
R1077T,R-parietal,625.0,-0.027893761938792592,8
R1077T,R-parietal,675.0,-0.0034504885576426836,8
R1077T,R-parietal,725.0,0.005737527954952127,8
R1077T,R-parietal,775.0,-0.026139421461881557,8
R1077T,R-parietal,825.0,-0.003916967439288009,8
R1077T,R-parietal,875.0,0.03820763265769786,8
R1077T,R-parietal,925.0,0.018578842842490305,8
R1077T,R-parietal,975.0,0.04610236960852592,8
R1077T,R-parietal,1025.0,0.05481295378273825,8
R1077T,R-parietal,1075.0,0.04521803859178393,8
R1077T,R-parietal,1125.0,0.025034890941276373,8
R1077T,R-parietal,1175.0,0.017355212974237536,8
R1077T,R-parietal,1225.0,0.061960522251843245,8
R1077T,R-parietal,1275.0,0.050083856995041906,8
R1077T,R-parietal,1325.0,0.017422778363273692,8
R1077T,R-parietal,1375.0,0.022586566942170802,8
R1077T,R-parietal,1425.0,0.03532203847149697,8
R1077T,R-parietal,1475.0,0.03842606143139086,8
R1077T,R-parietal,1525.0,0.034644922386344104,8
R1077T,R-parietal,1575.0,0.01979431350406951,8
R1077T,R-temporal,25.0,-0.023599076400888375,16
R1077T,R-temporal,75.0,-0.024014492109409376,16
R1077T,R-temporal,125.0,0.005142172096743048,16
R1077T,R-temporal,175.0,0.07904163333613706,16
R1077T,R-temporal,225.0,0.1393735982619346,16
R1077T,R-temporal,275.0,0.16783948067725818,16
R1077T,R-temporal,325.0,0.14790750652849907,16
R1077T,R-temporal,375.0,0.17093742909794252,16
R1077T,R-temporal,425.0,0.20419883839976916,16
R1077T,R-temporal,475.0,0.21153040645508026,16
R1077T,R-temporal,525.0,0.16908441497981316,16
R1077T,R-temporal,575.0,0.14583477078561594,16
R1077T,R-temporal,625.0,0.11118255713928005,16
R1077T,R-temporal,675.0,0.11235464644817969,16
R1077T,R-temporal,725.0,0.10912886522842447,16
R1077T,R-temporal,775.0,0.10368988573680024,16
R1077T,R-temporal,825.0,0.07952387985863642,16
R1077T,R-temporal,875.0,0.0746022031185385,16
R1077T,R-temporal,925.0,0.07177814049046811,16
R1077T,R-temporal,975.0,0.06734849956582462,16
R1077T,R-temporal,1025.0,0.060496794806459926,16
R1077T,R-temporal,1075.0,0.06144752586817235,16
R1077T,R-temporal,1125.0,0.06130519229042799,16
R1077T,R-temporal,1175.0,0.06147321731095037,16
R1077T,R-temporal,1225.0,0.038227349994390473,16
R1077T,R-temporal,1275.0,0.03096414808998843,16
R1077T,R-temporal,1325.0,0.03099834725933292,16
R1077T,R-temporal,1375.0,0.050203738666682755,16
R1077T,R-temporal,1425.0,0.037453508026290015,16
R1077T,R-temporal,1475.0,0.015508752520033062,16
R1077T,R-temporal,1525.0,0.009198959333414036,16
R1077T,R-temporal,1575.0,-0.001380588929743262,16
R1084T,L-frontal,25.0,-0.02193051733329148,28
R1084T,L-frontal,75.0,-0.0022768282729864375,28
R1084T,L-frontal,125.0,-0.004870424278415552,28
R1084T,L-frontal,175.0,-0.01916550154688934,28
R1084T,L-frontal,225.0,-0.04558586732581965,28
R1084T,L-frontal,275.0,-0.029940440748277793,28
R1084T,L-frontal,325.0,-0.04890086794875632,28
R1084T,L-frontal,375.0,-0.04937621587891673,28
R1084T,L-frontal,425.0,-0.05494936354685217,28
R1084T,L-frontal,475.0,-0.06632726404246973,28
R1084T,L-frontal,525.0,-0.07030807290623407,28
R1084T,L-frontal,575.0,-0.07430861530436379,28
R1084T,L-frontal,625.0,-0.05871573687496614,28
R1084T,L-frontal,675.0,-0.04252866809083222,28
R1084T,L-frontal,725.0,-0.059954337652319625,28
R1084T,L-frontal,775.0,-0.05298667192007113,28
R1084T,L-frontal,825.0,-0.04601555297998021,28
R1084T,L-frontal,875.0,-0.05013777131562488,28
R1084T,L-frontal,925.0,-0.05348226860893505,28
R1084T,L-frontal,975.0,-0.02354650864418448,28
R1084T,L-frontal,1025.0,-0.017282067932708086,28
R1084T,L-frontal,1075.0,-0.03909038380482289,28
R1084T,L-frontal,1125.0,-0.04221384490885949,28
R1084T,L-frontal,1175.0,-0.021479277178694384,28
R1084T,L-frontal,1225.0,-0.014537952314630129,28
R1084T,L-frontal,1275.0,-0.004436649094499872,28
R1084T,L-frontal,1325.0,-0.0004864600584632135,28
R1084T,L-frontal,1375.0,-0.00697252793470426,28
R1084T,L-frontal,1425.0,-0.0023116188887044513,28
R1084T,L-frontal,1475.0,0.0022519370409303107,28
R1084T,L-frontal,1525.0,-0.0061627834212894,28
R1084T,L-frontal,1575.0,-0.010416083768354867,28
R1084T,L-parietal,25.0,-0.04733977708740083,21
R1084T,L-parietal,75.0,-0.04772327944319107,21
R1084T,L-parietal,125.0,-0.05330617685011576,21
R1084T,L-parietal,175.0,-0.0684691539804348,21
R1084T,L-parietal,225.0,-0.06488878246604537,21
R1084T,L-parietal,275.0,-0.0620578387504306,21
R1084T,L-parietal,325.0,-0.07743803482768896,21
R1084T,L-parietal,375.0,-0.11528383365977435,21
R1084T,L-parietal,425.0,-0.10594640436616312,21
R1084T,L-parietal,475.0,-0.09063055618885432,21
R1084T,L-parietal,525.0,-0.12245380121523762,21
R1084T,L-parietal,575.0,-0.1251040511682672,21
R1084T,L-parietal,625.0,-0.08733317469343563,21
R1084T,L-parietal,675.0,-0.08682465553315163,21
R1084T,L-parietal,725.0,-0.08992552437131336,21
R1084T,L-parietal,775.0,-0.09555382952582309,21
R1084T,L-parietal,825.0,-0.09356080992733007,21
R1084T,L-parietal,875.0,-0.06919644405778859,21
R1084T,L-parietal,925.0,-0.05998005846047544,21
R1084T,L-parietal,975.0,-0.08600610234412615,21
R1084T,L-parietal,1025.0,-0.0693508714656647,21
R1084T,L-parietal,1075.0,-0.06109011723750933,21
R1084T,L-parietal,1125.0,-0.06421829660981772,21
R1084T,L-parietal,1175.0,-0.05092799806760108,21
R1084T,L-parietal,1225.0,-0.04055873123034806,21
R1084T,L-parietal,1275.0,-0.05108355863088206,21
R1084T,L-parietal,1325.0,-0.02766914863965166,21
R1084T,L-parietal,1375.0,-0.011519726971350681,21
R1084T,L-parietal,1425.0,-0.02404646106738974,21
R1084T,L-parietal,1475.0,-0.035677054594489624,21
R1084T,L-parietal,1525.0,-0.04391192939745347,21
R1084T,L-parietal,1575.0,-0.04676774914307161,21
R1089P,L-occipital,25.0,-0.0819977942303715,3
R1089P,L-occipital,75.0,0.012461244748779965,3
R1089P,L-occipital,125.0,0.6409011736052249,3
R1089P,L-occipital,175.0,1.113518555885151,3
R1089P,L-occipital,225.0,1.1673598753917773,3
R1089P,L-occipital,275.0,1.0372139702402368,3
R1089P,L-occipital,325.0,0.9454805267965907,3
R1089P,L-occipital,375.0,0.8140833671953688,3
R1089P,L-occipital,425.0,0.6816054301029225,3
R1089P,L-occipital,475.0,0.5888156233155757,3
R1089P,L-occipital,525.0,0.5246190751317138,3
R1089P,L-occipital,575.0,0.36680328966330683,3
R1089P,L-occipital,625.0,0.2711789036065348,3
R1089P,L-occipital,675.0,0.2338187208182941,3
R1089P,L-occipital,725.0,0.18101431283191874,3
R1089P,L-occipital,775.0,0.14864367607355877,3
R1089P,L-occipital,825.0,0.13735213974852378,3
R1089P,L-occipital,875.0,0.12531870443859847,3
R1089P,L-occipital,925.0,0.17163856715981549,3
R1089P,L-occipital,975.0,0.28182130587052506,3
R1089P,L-occipital,1025.0,0.28505098502917264,3
R1089P,L-occipital,1075.0,0.29458755870965153,3
R1089P,L-occipital,1125.0,0.29485570086363627,3
R1089P,L-occipital,1175.0,0.2904124092957728,3
R1089P,L-occipital,1225.0,0.3159045537091973,3
R1089P,L-occipital,1275.0,0.29486619651331514,3
R1089P,L-occipital,1325.0,0.23987153053163543,3
R1089P,L-occipital,1375.0,0.219741041522597,3
R1089P,L-occipital,1425.0,0.18379764678968602,3
R1089P,L-occipital,1475.0,0.18064003112468505,3
R1089P,L-occipital,1525.0,0.10979572149416111,3
R1089P,L-occipital,1575.0,0.15322088700112774,3
R1089P,R-frontal,25.0,0.012016303931446112,10
R1089P,R-frontal,75.0,0.0045448684254726255,10
R1089P,R-frontal,125.0,-0.014855705101515699,10
R1089P,R-frontal,175.0,0.006951168640764532,10
R1089P,R-frontal,225.0,-0.0035718138386741536,10
R1089P,R-frontal,275.0,-0.03942099542327222,10
R1089P,R-frontal,325.0,-0.04324415639650306,10
R1089P,R-frontal,375.0,-0.028399555313307134,10
R1089P,R-frontal,425.0,-0.023635288106660636,10
R1089P,R-frontal,475.0,-0.03211872309286184,10
R1089P,R-frontal,525.0,-0.06266440206702217,10
R1089P,R-frontal,575.0,-0.04868957488819725,10
R1089P,R-frontal,625.0,-0.03309985808824219,10
R1089P,R-frontal,675.0,-0.01836531093278935,10
R1089P,R-frontal,725.0,-0.0055552473910506495,10
R1089P,R-frontal,775.0,0.0039311162691159475,10
R1089P,R-frontal,825.0,0.023708985857389234,10
R1089P,R-frontal,875.0,0.04119767527083763,10
R1089P,R-frontal,925.0,0.034317176948320594,10
R1089P,R-frontal,975.0,0.030191473709834736,10
R1089P,R-frontal,1025.0,0.022386398627127702,10
R1089P,R-frontal,1075.0,-0.012062844070820599,10
R1089P,R-frontal,1125.0,-0.009121425921478942,10
R1089P,R-frontal,1175.0,0.012812263345061654,10
R1089P,R-frontal,1225.0,0.008685115607660908,10
R1089P,R-frontal,1275.0,0.007536562950880854,10
R1089P,R-frontal,1325.0,-0.026044423263290234,10
R1089P,R-frontal,1375.0,-0.055558932926672244,10
R1089P,R-frontal,1425.0,-0.028661407403511713,10
R1089P,R-frontal,1475.0,-0.01101305094570915,10
R1089P,R-frontal,1525.0,-0.009648833936564363,10
R1089P,R-frontal,1575.0,0.004303420806079221,10
R1089P,R-occipital,25.0,-0.010911999289298552,4
R1089P,R-occipital,75.0,0.17436100514488959,4
R1089P,R-occipital,125.0,0.8419869928546823,4
R1089P,R-occipital,175.0,1.0267914790572024,4
R1089P,R-occipital,225.0,0.8501920768496012,4
R1089P,R-occipital,275.0,0.6970437777778686,4
R1089P,R-occipital,325.0,0.6128785022007106,4
R1089P,R-occipital,375.0,0.5314837723444059,4
R1089P,R-occipital,425.0,0.4449898451238081,4
R1089P,R-occipital,475.0,0.3820120379015516,4
R1089P,R-occipital,525.0,0.35069771093487245,4
R1089P,R-occipital,575.0,0.32074086400539725,4
R1089P,R-occipital,625.0,0.2399108601112167,4
R1089P,R-occipital,675.0,0.1777014303037917,4
R1089P,R-occipital,725.0,0.14471022374322343,4
R1089P,R-occipital,775.0,0.097098755596261,4
R1089P,R-occipital,825.0,0.0516099068029896,4
R1089P,R-occipital,875.0,0.007468716758454019,4
R1089P,R-occipital,925.0,-0.014133018513923403,4
R1089P,R-occipital,975.0,0.026622113520493637,4
R1089P,R-occipital,1025.0,0.03086759184910816,4
R1089P,R-occipital,1075.0,0.018110234585610938,4
R1089P,R-occipital,1125.0,0.0156752490162686,4
R1089P,R-occipital,1175.0,0.007416126757466529,4
R1089P,R-occipital,1225.0,0.03817999455114881,4
R1089P,R-occipital,1275.0,0.04411755259595544,4
R1089P,R-occipital,1325.0,0.06463787969193811,4
R1089P,R-occipital,1375.0,0.06119434367067385,4
R1089P,R-occipital,1425.0,0.09532705680887421,4
R1089P,R-occipital,1475.0,0.08950070693101275,4
R1089P,R-occipital,1525.0,0.0490116827920894,4
R1089P,R-occipital,1575.0,0.07805587172743719,4
R1089P,R-parietal,25.0,-0.05402975645967099,9
R1089P,R-parietal,75.0,-0.03483036506931164,9
R1089P,R-parietal,125.0,-0.07523814905947947,9
R1089P,R-parietal,175.0,-0.07934534263212684,9
R1089P,R-parietal,225.0,-0.1402074932792212,9
R1089P,R-parietal,275.0,-0.14052695028070805,9
R1089P,R-parietal,325.0,-0.11118865777677847,9
R1089P,R-parietal,375.0,-0.09342321044816397,9
R1089P,R-parietal,425.0,-0.06656243815580552,9
R1089P,R-parietal,475.0,-0.07505814245996167,9
R1089P,R-parietal,525.0,-0.05491226701899,9
R1089P,R-parietal,575.0,-0.023304826057071727,9
R1089P,R-parietal,625.0,-0.010800734160475,9
R1089P,R-parietal,675.0,-0.03457871633566881,9
R1089P,R-parietal,725.0,-0.01714156810152122,9
R1089P,R-parietal,775.0,-0.0008547433815247952,9
R1089P,R-parietal,825.0,0.02886764705372077,9
R1089P,R-parietal,875.0,0.04744380532372509,9
R1089P,R-parietal,925.0,0.06582912844462065,9
R1089P,R-parietal,975.0,0.07589176270524454,9
R1089P,R-parietal,1025.0,0.06097343401798345,9
R1089P,R-parietal,1075.0,0.0798690455496314,9
R1089P,R-parietal,1125.0,0.06813552407647404,9
R1089P,R-parietal,1175.0,0.07436727115393109,9
R1089P,R-parietal,1225.0,0.06498866163183482,9
R1089P,R-parietal,1275.0,0.055000006743408644,9
R1089P,R-parietal,1325.0,0.05652427320417112,9
R1089P,R-parietal,1375.0,0.040273475248332594,9
R1089P,R-parietal,1425.0,0.03061787090491836,9
R1089P,R-parietal,1475.0,0.04801502363135948,9
R1089P,R-parietal,1525.0,0.011579443752417694,9
R1089P,R-parietal,1575.0,0.03397515711657254,9
R1089P,R-temporal,25.0,-0.046928747897042926,6
R1089P,R-temporal,75.0,-0.05106882147465047,6
R1089P,R-temporal,125.0,-0.03136276509189291,6
R1089P,R-temporal,175.0,-0.03221603918066053,6
R1089P,R-temporal,225.0,-0.04942966430928442,6
R1089P,R-temporal,275.0,-0.0071985019257449255,6
R1089P,R-temporal,325.0,-0.018558850404495026,6
R1089P,R-temporal,375.0,-0.015947888709111166,6
R1089P,R-temporal,425.0,-0.031853523956256416,6
R1089P,R-temporal,475.0,-0.08347935163856908,6
R1089P,R-temporal,525.0,-0.11178335045869393,6
R1089P,R-temporal,575.0,-0.1678478894343506,6
R1089P,R-temporal,625.0,-0.14212838317238527,6
R1089P,R-temporal,675.0,-0.15090833514453747,6
R1089P,R-temporal,725.0,-0.12779603893744848,6
R1089P,R-temporal,775.0,-0.11589599448300118,6
R1089P,R-temporal,825.0,-0.09581914675266723,6
R1089P,R-temporal,875.0,-0.06115165374978018,6
R1089P,R-temporal,925.0,-0.09762585128448265,6
R1089P,R-temporal,975.0,-0.0496517500475842,6
R1089P,R-temporal,1025.0,-0.04921652648530537,6
R1089P,R-temporal,1075.0,-0.08144555230172042,6
R1089P,R-temporal,1125.0,-0.09657093286955702,6
R1089P,R-temporal,1175.0,-0.0611550706454889,6
R1089P,R-temporal,1225.0,-0.04141816072715948,6
R1089P,R-temporal,1275.0,-0.09680221612917317,6
R1089P,R-temporal,1325.0,-0.09813694416669821,6
R1089P,R-temporal,1375.0,-0.06759656178865893,6
R1089P,R-temporal,1425.0,-0.03498777674673128,6
R1089P,R-temporal,1475.0,-0.05806065931024015,6
R1089P,R-temporal,1525.0,-0.06575686640845667,6
R1089P,R-temporal,1575.0,-0.0146380052972377,6
R1092J,L-temporal,25.0,-0.052137309088345074,4
R1092J,L-temporal,75.0,-0.03879082395639756,4
R1092J,L-temporal,125.0,-0.020787599354130396,4
R1092J,L-temporal,175.0,0.022617563362639,4
R1092J,L-temporal,225.0,0.016670207025854478,4
R1092J,L-temporal,275.0,0.017818609199930096,4
R1092J,L-temporal,325.0,0.0023299546340736655,4
R1092J,L-temporal,375.0,-0.004827368513280235,4
R1092J,L-temporal,425.0,-0.05248792338619554,4
R1092J,L-temporal,475.0,-0.014513489191023176,4
R1092J,L-temporal,525.0,0.022126633835741653,4
R1092J,L-temporal,575.0,0.018516362059545897,4
R1092J,L-temporal,625.0,-0.00017110412688168056,4
R1092J,L-temporal,675.0,0.006751279397536725,4
R1092J,L-temporal,725.0,0.01465445441552134,4
R1092J,L-temporal,775.0,0.018318362287456202,4
R1092J,L-temporal,825.0,-0.017657094301232527,4
R1092J,L-temporal,875.0,-0.0025432779681362466,4
R1092J,L-temporal,925.0,-0.02778213343150863,4
R1092J,L-temporal,975.0,-0.021507798683460137,4
R1092J,L-temporal,1025.0,0.012714950291289785,4
R1092J,L-temporal,1075.0,-0.012126747316432169,4
R1092J,L-temporal,1125.0,0.0035735177865911863,4
R1092J,L-temporal,1175.0,-0.00998187344858436,4
R1092J,L-temporal,1225.0,-0.04581381271088324,4
R1092J,L-temporal,1275.0,-0.01462581654696634,4
R1092J,L-temporal,1325.0,-0.016185974922228626,4
R1092J,L-temporal,1375.0,-0.01851407197159727,4
R1092J,L-temporal,1425.0,0.01796344015862288,4
R1092J,L-temporal,1475.0,0.005157948146528641,4
R1092J,L-temporal,1525.0,-0.06609611880480383,4
R1092J,L-temporal,1575.0,-0.024716419244895108,4
R1092J,R-frontal,25.0,-0.032089109132249514,3
R1092J,R-frontal,75.0,-0.09305309151035128,3
R1092J,R-frontal,125.0,-0.035239652000805845,3
R1092J,R-frontal,175.0,0.037999081968994985,3
R1092J,R-frontal,225.0,0.05236417576593324,3
R1092J,R-frontal,275.0,-0.0387784353141513,3
R1092J,R-frontal,325.0,-0.01946424554416203,3
R1092J,R-frontal,375.0,0.007245819221066233,3
R1092J,R-frontal,425.0,-0.008361213731045496,3
R1092J,R-frontal,475.0,-0.03594744127640391,3
R1092J,R-frontal,525.0,0.006901587329114271,3
R1092J,R-frontal,575.0,0.004753667283934203,3
R1092J,R-frontal,625.0,-0.0831910994507557,3
R1092J,R-frontal,675.0,-0.06340553052031571,3
R1092J,R-frontal,725.0,-0.06409142069415046,3
R1092J,R-frontal,775.0,-0.045381131207197646,3
R1092J,R-frontal,825.0,-0.03400116466480468,3
R1092J,R-frontal,875.0,-0.04645923305316956,3
R1092J,R-frontal,925.0,-0.10610648012770478,3
R1092J,R-frontal,975.0,-0.09360178346065963,3
R1092J,R-frontal,1025.0,-0.07259411650949386,3
R1092J,R-frontal,1075.0,-0.016965381684182313,3
R1092J,R-frontal,1125.0,0.009217173817825454,3
R1092J,R-frontal,1175.0,-0.0280408498835561,3
R1092J,R-frontal,1225.0,-0.07441375808531181,3
R1092J,R-frontal,1275.0,-0.03572355678827684,3
R1092J,R-frontal,1325.0,0.009867828561411838,3
R1092J,R-frontal,1375.0,-0.016058093753874913,3
R1092J,R-frontal,1425.0,-0.04048815982736537,3
R1092J,R-frontal,1475.0,-0.08610555350043313,3
R1092J,R-frontal,1525.0,-0.08433344372323426,3
R1092J,R-frontal,1575.0,-0.09616102157034101,3
R1092J,R-temporal,25.0,-0.061576577947311334,4
R1092J,R-temporal,75.0,-0.09011082761608642,4
R1092J,R-temporal,125.0,-0.06401944314441671,4
R1092J,R-temporal,175.0,-0.0169395560892221,4
R1092J,R-temporal,225.0,-0.008096655835889002,4
R1092J,R-temporal,275.0,-0.02204072563147108,4
R1092J,R-temporal,325.0,-0.021698837442490865,4
R1092J,R-temporal,375.0,-0.04486111366266491,4
R1092J,R-temporal,425.0,-0.06341834961543372,4
R1092J,R-temporal,475.0,-0.06511037499099337,4
R1092J,R-temporal,525.0,-0.06024494314200672,4
R1092J,R-temporal,575.0,-0.04158524905697995,4
R1092J,R-temporal,625.0,-0.04553800674266738,4
R1092J,R-temporal,675.0,-0.038861042590576794,4
R1092J,R-temporal,725.0,-0.03689857054635928,4
R1092J,R-temporal,775.0,-0.015522603263682037,4
R1092J,R-temporal,825.0,-0.028661242264593153,4
R1092J,R-temporal,875.0,-0.04491898207679487,4
R1092J,R-temporal,925.0,-0.09057318964513782,4
R1092J,R-temporal,975.0,-0.08831183320769091,4
R1092J,R-temporal,1025.0,-0.06538852132890269,4
R1092J,R-temporal,1075.0,-0.07369078581625686,4
R1092J,R-temporal,1125.0,-0.06180082801185096,4
R1092J,R-temporal,1175.0,-0.051366019196911084,4
R1092J,R-temporal,1225.0,-0.05162841834728919,4
R1092J,R-temporal,1275.0,-0.035242892399971526,4
R1092J,R-temporal,1325.0,-0.04220340573691893,4
R1092J,R-temporal,1375.0,-0.043706899963443194,4
R1092J,R-temporal,1425.0,-0.05550953013884843,4
R1092J,R-temporal,1475.0,-0.07019586909759502,4
R1092J,R-temporal,1525.0,-0.07778731666208367,4
R1092J,R-temporal,1575.0,-0.09400015957224098,4
R1096E,R-frontal,25.0,-0.007034654499985877,4
R1096E,R-frontal,75.0,-0.015670317951684644,4
R1096E,R-frontal,125.0,-0.002449959661087006,4
R1096E,R-frontal,175.0,0.06014556815528957,4
R1096E,R-frontal,225.0,0.08168928547967863,4
R1096E,R-frontal,275.0,0.0002607442454790783,4
R1096E,R-frontal,325.0,-0.029308386804523943,4
R1096E,R-frontal,375.0,-0.09632386185044442,4
R1096E,R-frontal,425.0,-0.19347789644593183,4
R1096E,R-frontal,475.0,-0.20947298687249502,4
R1096E,R-frontal,525.0,-0.2511255492852922,4
R1096E,R-frontal,575.0,-0.1812285109809792,4
R1096E,R-frontal,625.0,-0.21769773025540656,4
R1096E,R-frontal,675.0,-0.2370700809250324,4
R1096E,R-frontal,725.0,-0.1822448573356261,4
R1096E,R-frontal,775.0,-0.12720934119769242,4
R1096E,R-frontal,825.0,-0.150431085981448,4
R1096E,R-frontal,875.0,-0.1759468433690114,4
R1096E,R-frontal,925.0,-0.13250897560147135,4
R1096E,R-frontal,975.0,-0.09456591044733231,4
R1096E,R-frontal,1025.0,-0.07529367709626383,4
R1096E,R-frontal,1075.0,0.03279780562650491,4
R1096E,R-frontal,1125.0,0.030738589797628856,4
R1096E,R-frontal,1175.0,-0.03471995071752176,4
R1096E,R-frontal,1225.0,-0.04026051315733155,4
R1096E,R-frontal,1275.0,-0.03142809947051059,4
R1096E,R-frontal,1325.0,-0.013914230855698019,4
R1096E,R-frontal,1375.0,-0.03324882273307153,4
R1096E,R-frontal,1425.0,0.022899637390376395,4
R1096E,R-frontal,1475.0,0.05688985587257015,4
R1096E,R-frontal,1525.0,0.049451528971053385,4
R1096E,R-frontal,1575.0,0.05006630129616019,4
R1096E,R-temporal,25.0,0.006843486815243025,8
R1096E,R-temporal,75.0,-0.014316016174988518,8
R1096E,R-temporal,125.0,-0.022165378126176603,8
R1096E,R-temporal,175.0,-0.004575062705427404,8
R1096E,R-temporal,225.0,0.004190801627871728,8
R1096E,R-temporal,275.0,0.014935226518445619,8
R1096E,R-temporal,325.0,-0.02513909587002481,8
R1096E,R-temporal,375.0,-0.032323771376955385,8
R1096E,R-temporal,425.0,-0.019726572454375986,8
R1096E,R-temporal,475.0,-0.11443474946388855,8
R1096E,R-temporal,525.0,-0.1354903084032153,8
R1096E,R-temporal,575.0,-0.13725681756855512,8
R1096E,R-temporal,625.0,-0.15960075916589023,8
R1096E,R-temporal,675.0,-0.227813597506271,8
R1096E,R-temporal,725.0,-0.192010126967095,8
R1096E,R-temporal,775.0,-0.15833970911620718,8
R1096E,R-temporal,825.0,-0.17817577951851465,8
R1096E,R-temporal,875.0,-0.17325562650388612,8
R1096E,R-temporal,925.0,-0.14286551392265023,8
R1096E,R-temporal,975.0,-0.13179989167878897,8
R1096E,R-temporal,1025.0,-0.10144991174507165,8
R1096E,R-temporal,1075.0,-0.09513947844469225,8
R1096E,R-temporal,1125.0,-0.13372323018541984,8
R1096E,R-temporal,1175.0,-0.09940442737431163,8
R1096E,R-temporal,1225.0,-0.09506519862215583,8
R1096E,R-temporal,1275.0,-0.06921137439719527,8
R1096E,R-temporal,1325.0,-0.025909593388126588,8
R1096E,R-temporal,1375.0,0.004333392681929445,8
R1096E,R-temporal,1425.0,-0.0007888182870878025,8
R1096E,R-temporal,1475.0,-0.01264644146478125,8
R1096E,R-temporal,1525.0,0.010629377526565573,8
R1096E,R-temporal,1575.0,0.012168579678785945,8
R1098D,L-frontal,25.0,-0.03351637673302717,5
R1098D,L-frontal,75.0,-0.01983290934914656,5
R1098D,L-frontal,125.0,0.021614791768295852,5
R1098D,L-frontal,175.0,0.03148749111355799,5
R1098D,L-frontal,225.0,0.06360352847873865,5
R1098D,L-frontal,275.0,0.0522571383939331,5
R1098D,L-frontal,325.0,0.05465880301187688,5
R1098D,L-frontal,375.0,0.020097316975851175,5
R1098D,L-frontal,425.0,0.023795087107726442,5
R1098D,L-frontal,475.0,0.07641148875850591,5
R1098D,L-frontal,525.0,0.06882408554904657,5
R1098D,L-frontal,575.0,0.065802888128192,5
R1098D,L-frontal,625.0,0.08594959455013915,5
R1098D,L-frontal,675.0,0.09095038071086234,5
R1098D,L-frontal,725.0,0.09010338592728452,5
R1098D,L-frontal,775.0,0.08402315064269292,5
R1098D,L-frontal,825.0,0.07132466185961138,5
R1098D,L-frontal,875.0,0.05794484587331461,5
R1098D,L-frontal,925.0,0.051286572686490416,5
R1098D,L-frontal,975.0,0.07869711181983512,5
R1098D,L-frontal,1025.0,0.09510322695577658,5
R1098D,L-frontal,1075.0,0.06037490185484344,5
R1098D,L-frontal,1125.0,0.04190577055828371,5
R1098D,L-frontal,1175.0,0.038260456866078305,5
R1098D,L-frontal,1225.0,0.04472100307828165,5
R1098D,L-frontal,1275.0,0.045863578398894565,5
R1098D,L-frontal,1325.0,0.021974170857359816,5
R1098D,L-frontal,1375.0,0.022213007922344482,5
R1098D,L-frontal,1425.0,0.01358932379982444,5
R1098D,L-frontal,1475.0,0.008898293744677349,5
R1098D,L-frontal,1525.0,-0.018327500347095592,5
R1098D,L-frontal,1575.0,0.004731942337981521,5
R1098D,R-frontal,25.0,-0.00027819594096390696,27
R1098D,R-frontal,75.0,0.031240125267203527,27
R1098D,R-frontal,125.0,0.09399596865462573,27
R1098D,R-frontal,175.0,0.1599406215388177,27
R1098D,R-frontal,225.0,0.1533139093282388,27
R1098D,R-frontal,275.0,0.12092279864071927,27
R1098D,R-frontal,325.0,0.06376041157299585,27
R1098D,R-frontal,375.0,0.018613422898853885,27
R1098D,R-frontal,425.0,0.006149134349079417,27
R1098D,R-frontal,475.0,-0.007204630998230955,27
R1098D,R-frontal,525.0,-0.018232392466211583,27
R1098D,R-frontal,575.0,-0.016203032616437435,27
R1098D,R-frontal,625.0,-0.01613157839292929,27
R1098D,R-frontal,675.0,-0.012223630275461472,27
R1098D,R-frontal,725.0,-0.014879542124102932,27
R1098D,R-frontal,775.0,-0.011361747307386446,27
R1098D,R-frontal,825.0,-0.015217454447082631,27
R1098D,R-frontal,875.0,-0.011826758223456421,27
R1098D,R-frontal,925.0,-0.012139480069014367,27
R1098D,R-frontal,975.0,-0.01461940644254441,27
R1098D,R-frontal,1025.0,-0.014343611461552164,27
R1098D,R-frontal,1075.0,-0.009818877702371057,27
R1098D,R-frontal,1125.0,-0.019621942427223527,27
R1098D,R-frontal,1175.0,-0.02200476311321597,27
R1098D,R-frontal,1225.0,-0.021589470008943217,27
R1098D,R-frontal,1275.0,-0.027778217709777394,27
R1098D,R-frontal,1325.0,-0.01778849825427327,27
R1098D,R-frontal,1375.0,-0.023494942244569463,27
R1098D,R-frontal,1425.0,-0.02780848697724794,27
R1098D,R-frontal,1475.0,-0.039696397434472966,27
R1098D,R-frontal,1525.0,-0.04230046190625399,27
R1098D,R-frontal,1575.0,-0.043379058910141516,27
R1101T,L-frontal,25.0,-0.03602822665136498,12
R1101T,L-frontal,75.0,-0.0035270980141139086,12
R1101T,L-frontal,125.0,-0.016523975799265827,12
R1101T,L-frontal,175.0,0.006374780910527432,12
R1101T,L-frontal,225.0,0.14128464850969355,12
R1101T,L-frontal,275.0,0.14493564633553763,12
R1101T,L-frontal,325.0,0.04012388370679912,12
R1101T,L-frontal,375.0,0.05984966630665594,12
R1101T,L-frontal,425.0,0.09838066156639745,12
R1101T,L-frontal,475.0,0.1214321960010475,12
R1101T,L-frontal,525.0,0.10060540177295334,12
R1101T,L-frontal,575.0,0.12134095449622144,12
R1101T,L-frontal,625.0,0.1330445864459988,12
R1101T,L-frontal,675.0,0.12871002864747585,12
R1101T,L-frontal,725.0,0.13384546687017548,12
R1101T,L-frontal,775.0,0.17855418675449564,12
R1101T,L-frontal,825.0,0.1642149826550726,12
R1101T,L-frontal,875.0,0.1528892168924262,12
R1101T,L-frontal,925.0,0.15857857909492826,12
R1101T,L-frontal,975.0,0.15947076942898272,12
R1101T,L-frontal,1025.0,0.14980708552935432,12
R1101T,L-frontal,1075.0,0.13718134621617276,12
R1101T,L-frontal,1125.0,0.1296041265451773,12
R1101T,L-frontal,1175.0,0.13730071222142998,12
R1101T,L-frontal,1225.0,0.14081934774241936,12
R1101T,L-frontal,1275.0,0.12966522713808323,12
R1101T,L-frontal,1325.0,0.11270374629274771,12
R1101T,L-frontal,1375.0,0.08939964187833833,12
R1101T,L-frontal,1425.0,0.10034635713553959,12
R1101T,L-frontal,1475.0,0.0904965255607381,12
R1101T,L-frontal,1525.0,0.08048496090994987,12
R1101T,L-frontal,1575.0,0.07575306256495762,12
R1101T,L-occipital,25.0,-0.10681753193261982,7
R1101T,L-occipital,75.0,0.15160893907445014,7
R1101T,L-occipital,125.0,0.25832905917424637,7
R1101T,L-occipital,175.0,0.12199777984937595,7
R1101T,L-occipital,225.0,0.07852303554874082,7
R1101T,L-occipital,275.0,0.1376734000506034,7
R1101T,L-occipital,325.0,0.18786141070798662,7
R1101T,L-occipital,375.0,0.2203575554027837,7
R1101T,L-occipital,425.0,0.121661437334846,7
R1101T,L-occipital,475.0,0.10569303248989056,7
R1101T,L-occipital,525.0,0.11078616764911146,7
R1101T,L-occipital,575.0,0.10345695622349733,7
R1101T,L-occipital,625.0,0.11028672925090226,7
R1101T,L-occipital,675.0,0.13729524522917844,7
R1101T,L-occipital,725.0,0.1723509676532069,7
R1101T,L-occipital,775.0,0.15656468751452698,7
R1101T,L-occipital,825.0,0.16362519417579474,7
R1101T,L-occipital,875.0,0.24396012731903785,7
R1101T,L-occipital,925.0,0.2207364918206633,7
R1101T,L-occipital,975.0,0.19743377382289212,7
R1101T,L-occipital,1025.0,0.2190347896000286,7
R1101T,L-occipital,1075.0,0.21627528539208712,7
R1101T,L-occipital,1125.0,0.23483661237550812,7
R1101T,L-occipital,1175.0,0.24822992226615062,7
R1101T,L-occipital,1225.0,0.23934517767385094,7
R1101T,L-occipital,1275.0,0.21383382583941876,7
R1101T,L-occipital,1325.0,0.23599235460310566,7
R1101T,L-occipital,1375.0,0.24660176865983993,7
R1101T,L-occipital,1425.0,0.26903158262994886,7
R1101T,L-occipital,1475.0,0.2822358310824466,7
R1101T,L-occipital,1525.0,0.24066258187415107,7
R1101T,L-occipital,1575.0,0.17563815828408771,7
R1101T,L-parietal,25.0,-0.007447953765239578,15
R1101T,L-parietal,75.0,0.08997165036866031,15
R1101T,L-parietal,125.0,0.10284790732874684,15
R1101T,L-parietal,175.0,0.008230254408252471,15
R1101T,L-parietal,225.0,0.05878352150403789,15
R1101T,L-parietal,275.0,0.014855770208435095,15
R1101T,L-parietal,325.0,-0.05299685756807041,15
R1101T,L-parietal,375.0,-0.04407458729762267,15
R1101T,L-parietal,425.0,-0.036324948003687255,15
R1101T,L-parietal,475.0,-0.01412753946157964,15
R1101T,L-parietal,525.0,-0.014210516069467211,15
R1101T,L-parietal,575.0,-0.022220454331226977,15
R1101T,L-parietal,625.0,-0.00344049946516681,15
R1101T,L-parietal,675.0,0.027078268385409447,15
R1101T,L-parietal,725.0,0.05147085448125878,15
R1101T,L-parietal,775.0,0.07937378552547976,15
R1101T,L-parietal,825.0,0.05639098234873183,15
R1101T,L-parietal,875.0,0.07234391698986332,15
R1101T,L-parietal,925.0,0.07346926672928718,15
R1101T,L-parietal,975.0,0.09745365039882421,15
R1101T,L-parietal,1025.0,0.11579404403698751,15
R1101T,L-parietal,1075.0,0.09474019917673272,15
R1101T,L-parietal,1125.0,0.11326922649257229,15
R1101T,L-parietal,1175.0,0.12818131127716875,15
R1101T,L-parietal,1225.0,0.11539593133858855,15
R1101T,L-parietal,1275.0,0.10212449770374389,15
R1101T,L-parietal,1325.0,0.10594164939551051,15
R1101T,L-parietal,1375.0,0.09508188796575755,15
R1101T,L-parietal,1425.0,0.10899190195337712,15
R1101T,L-parietal,1475.0,0.10900684872953041,15
R1101T,L-parietal,1525.0,0.07467636022149755,15
R1101T,L-parietal,1575.0,0.06560029089099734,15
R1101T,L-temporal,25.0,-0.0062869592865355,17
R1101T,L-temporal,75.0,0.04135957758049528,17
R1101T,L-temporal,125.0,0.08909940793760365,17
R1101T,L-temporal,175.0,0.1155467837963072,17
R1101T,L-temporal,225.0,0.2373618413901231,17
R1101T,L-temporal,275.0,0.24672562344794202,17
R1101T,L-temporal,325.0,0.15032208704120884,17
R1101T,L-temporal,375.0,0.1553210234651463,17
R1101T,L-temporal,425.0,0.1750168124159175,17
R1101T,L-temporal,475.0,0.17845001095582946,17
R1101T,L-temporal,525.0,0.17579006671218855,17
R1101T,L-temporal,575.0,0.16544565908585726,17
R1101T,L-temporal,625.0,0.15454550145695475,17
R1101T,L-temporal,675.0,0.15534434950083537,17
R1101T,L-temporal,725.0,0.1363760299673926,17
R1101T,L-temporal,775.0,0.1387378842215245,17
R1101T,L-temporal,825.0,0.16692627965609888,17
R1101T,L-temporal,875.0,0.1709296381829009,17
R1101T,L-temporal,925.0,0.14524215386723482,17
R1101T,L-temporal,975.0,0.1522904757970852,17
R1101T,L-temporal,1025.0,0.1483454922387652,17
R1101T,L-temporal,1075.0,0.1479622382695288,17
R1101T,L-temporal,1125.0,0.17537368853393018,17
R1101T,L-temporal,1175.0,0.21055499359109536,17
R1101T,L-temporal,1225.0,0.16279798395686848,17
R1101T,L-temporal,1275.0,0.12533935922746836,17
R1101T,L-temporal,1325.0,0.11393990896580676,17
R1101T,L-temporal,1375.0,0.1004104574124859,17
R1101T,L-temporal,1425.0,0.09310251518212165,17
R1101T,L-temporal,1475.0,0.09729772417009912,17
R1101T,L-temporal,1525.0,0.088208366988018,17
R1101T,L-temporal,1575.0,0.06400014184009656,17
R1101T,R-temporal,25.0,0.012399749949911111,4
R1101T,R-temporal,75.0,0.015307682222413353,4
R1101T,R-temporal,125.0,0.08513361991863315,4
R1101T,R-temporal,175.0,0.11699463370879536,4
R1101T,R-temporal,225.0,0.1773175241644231,4
R1101T,R-temporal,275.0,0.10847145697955725,4
R1101T,R-temporal,325.0,0.08362224907293711,4
R1101T,R-temporal,375.0,0.06655831353515147,4
R1101T,R-temporal,425.0,0.08566995579870283,4
R1101T,R-temporal,475.0,0.15925424367401617,4
R1101T,R-temporal,525.0,0.15426058014397195,4
R1101T,R-temporal,575.0,0.11932568956503961,4
R1101T,R-temporal,625.0,0.049270407204254275,4
R1101T,R-temporal,675.0,0.07023731143795389,4
R1101T,R-temporal,725.0,0.10259132742365676,4
R1101T,R-temporal,775.0,0.11035896777773488,4
R1101T,R-temporal,825.0,0.1294614569749764,4
R1101T,R-temporal,875.0,0.14160136610013896,4
R1101T,R-temporal,925.0,0.13076890531209198,4
R1101T,R-temporal,975.0,0.1671938120143936,4
R1101T,R-temporal,1025.0,0.16725565314456659,4
R1101T,R-temporal,1075.0,0.14597308696786798,4
R1101T,R-temporal,1125.0,0.1031105508567439,4
R1101T,R-temporal,1175.0,0.14344458234648372,4
R1101T,R-temporal,1225.0,0.1393185868692214,4
R1101T,R-temporal,1275.0,0.1392524559504758,4
R1101T,R-temporal,1325.0,0.1259985243867397,4
R1101T,R-temporal,1375.0,0.10483921106201576,4
R1101T,R-temporal,1425.0,0.0728472989345663,4
R1101T,R-temporal,1475.0,0.07740773206977831,4
R1101T,R-temporal,1525.0,0.07453446554140974,4
R1101T,R-temporal,1575.0,0.06582530143453544,4
R1102P,L-frontal,25.0,0.06206117540653281,4
R1102P,L-frontal,75.0,0.020899665227711244,4
R1102P,L-frontal,125.0,-0.0030227488316008806,4
R1102P,L-frontal,175.0,0.028920136423358344,4
R1102P,L-frontal,225.0,0.05731338246517681,4
R1102P,L-frontal,275.0,0.06937713640746546,4
R1102P,L-frontal,325.0,0.12031202542367589,4
R1102P,L-frontal,375.0,0.12445374208942847,4
R1102P,L-frontal,425.0,0.12906889506536634,4
R1102P,L-frontal,475.0,0.1703126316867548,4
R1102P,L-frontal,525.0,0.1512299435185769,4
R1102P,L-frontal,575.0,0.17867902972556607,4
R1102P,L-frontal,625.0,0.1975078391038329,4
R1102P,L-frontal,675.0,0.19385958383634397,4
R1102P,L-frontal,725.0,0.17493991168238418,4
R1102P,L-frontal,775.0,0.15062754034950981,4
R1102P,L-frontal,825.0,0.13977610410515642,4
R1102P,L-frontal,875.0,0.20469405168191224,4
R1102P,L-frontal,925.0,0.1863111326861108,4
R1102P,L-frontal,975.0,0.17729808107096737,4
R1102P,L-frontal,1025.0,0.12968089898513038,4
R1102P,L-frontal,1075.0,0.05543177071142665,4
R1102P,L-frontal,1125.0,0.10689578780143248,4
R1102P,L-frontal,1175.0,0.13390649300036173,4
R1102P,L-frontal,1225.0,0.13727048264705166,4
R1102P,L-frontal,1275.0,0.08886948196344131,4
R1102P,L-frontal,1325.0,0.039490691523807145,4
R1102P,L-frontal,1375.0,0.0182438943942411,4
R1102P,L-frontal,1425.0,0.03725612823382723,4
R1102P,L-frontal,1475.0,0.05657034474754772,4
R1102P,L-frontal,1525.0,0.04337450899004483,4
R1102P,L-frontal,1575.0,-0.021044184015047755,4
R1102P,L-parietal,25.0,-0.03710918920223006,3
R1102P,L-parietal,75.0,-0.05050403870492463,3
R1102P,L-parietal,125.0,-0.03397533718026017,3
R1102P,L-parietal,175.0,-0.027125728103686634,3
R1102P,L-parietal,225.0,-0.005858523556076643,3
R1102P,L-parietal,275.0,-0.1006813838882286,3
R1102P,L-parietal,325.0,-0.15094112766361625,3
R1102P,L-parietal,375.0,-0.09508465290960182,3
R1102P,L-parietal,425.0,-0.07945639627092385,3
R1102P,L-parietal,475.0,-0.05424055261289432,3
R1102P,L-parietal,525.0,-0.007964700307415465,3
R1102P,L-parietal,575.0,0.009403233482576623,3
R1102P,L-parietal,625.0,-0.030474887100352555,3
R1102P,L-parietal,675.0,0.06866837494860412,3
R1102P,L-parietal,725.0,0.0879209613311136,3
R1102P,L-parietal,775.0,0.1240411202481151,3
R1102P,L-parietal,825.0,0.17874550393777644,3
R1102P,L-parietal,875.0,0.18658863815275714,3
R1102P,L-parietal,925.0,0.147219326815045,3
R1102P,L-parietal,975.0,0.0951437820921099,3
R1102P,L-parietal,1025.0,0.14947167981433648,3
R1102P,L-parietal,1075.0,0.244268957122774,3
R1102P,L-parietal,1125.0,0.17633157871854407,3
R1102P,L-parietal,1175.0,0.1372327746867915,3
R1102P,L-parietal,1225.0,0.14895676482017386,3
R1102P,L-parietal,1275.0,0.11655217934892548,3
R1102P,L-parietal,1325.0,0.09930607920543662,3
R1102P,L-parietal,1375.0,0.11210867887625042,3
R1102P,L-parietal,1425.0,0.0749026743808969,3
R1102P,L-parietal,1475.0,0.06092607595263405,3
R1102P,L-parietal,1525.0,0.052031016674367096,3
R1102P,L-parietal,1575.0,0.043025203543391705,3
R1102P,L-temporal,25.0,-0.05928162166613602,3
R1102P,L-temporal,75.0,0.010810946651172002,3
R1102P,L-temporal,125.0,0.08022336210113327,3
R1102P,L-temporal,175.0,0.1957498799328178,3
R1102P,L-temporal,225.0,0.2365103324916404,3
R1102P,L-temporal,275.0,0.26958573083150844,3
R1102P,L-temporal,325.0,0.25793984367368533,3
R1102P,L-temporal,375.0,0.2363525421920081,3
R1102P,L-temporal,425.0,0.21884280731767644,3
R1102P,L-temporal,475.0,0.20307686113885878,3
R1102P,L-temporal,525.0,0.18966339395291668,3
R1102P,L-temporal,575.0,0.1942934843763234,3
R1102P,L-temporal,625.0,0.17887104752641822,3
R1102P,L-temporal,675.0,0.2011909185583347,3
R1102P,L-temporal,725.0,0.18993841296247502,3
R1102P,L-temporal,775.0,0.16119053428607116,3
R1102P,L-temporal,825.0,0.1349053578185561,3
R1102P,L-temporal,875.0,0.12147352374395519,3
R1102P,L-temporal,925.0,0.07685149440416078,3
R1102P,L-temporal,975.0,0.06931421901591,3
R1102P,L-temporal,1025.0,0.04814712768941059,3
R1102P,L-temporal,1075.0,0.03927878261261993,3
R1102P,L-temporal,1125.0,0.10243188218743303,3
R1102P,L-temporal,1175.0,0.08611432365926676,3
R1102P,L-temporal,1225.0,0.04956766202681365,3
R1102P,L-temporal,1275.0,0.10271529029243066,3
R1102P,L-temporal,1325.0,0.06714945904378126,3
R1102P,L-temporal,1375.0,0.10279115440237914,3
R1102P,L-temporal,1425.0,0.10437811143252124,3
R1102P,L-temporal,1475.0,0.0824206647883146,3
R1102P,L-temporal,1525.0,0.08607811618271301,3
R1102P,L-temporal,1575.0,0.03889120784886787,3
R1102P,R-frontal,25.0,0.03428047008320727,7
R1102P,R-frontal,75.0,0.03868411924642966,7
R1102P,R-frontal,125.0,0.01563248758167397,7
R1102P,R-frontal,175.0,-0.04667420478631592,7
R1102P,R-frontal,225.0,-0.046427404151286454,7
R1102P,R-frontal,275.0,-0.058181296383102085,7
R1102P,R-frontal,325.0,-0.061061570046817386,7
R1102P,R-frontal,375.0,-0.08185917843027614,7
R1102P,R-frontal,425.0,-0.10304833568998946,7
R1102P,R-frontal,475.0,-0.16228558580212513,7
R1102P,R-frontal,525.0,-0.19947090698412445,7
R1102P,R-frontal,575.0,-0.19329283253116764,7
R1102P,R-frontal,625.0,-0.15908622009557716,7
R1102P,R-frontal,675.0,-0.1370710450550801,7
R1102P,R-frontal,725.0,-0.13994368219395856,7
R1102P,R-frontal,775.0,-0.12067063989584138,7
R1102P,R-frontal,825.0,-0.185200447831208,7
R1102P,R-frontal,875.0,-0.20015597908858446,7
R1102P,R-frontal,925.0,-0.1575321636649218,7
R1102P,R-frontal,975.0,-0.13013226407409847,7
R1102P,R-frontal,1025.0,-0.11250180605384223,7
R1102P,R-frontal,1075.0,-0.04207542513081657,7
R1102P,R-frontal,1125.0,-0.0593610192898149,7
R1102P,R-frontal,1175.0,-0.054370833485720436,7
R1102P,R-frontal,1225.0,-0.060344032361736834,7
R1102P,R-frontal,1275.0,-0.04177925792183285,7
R1102P,R-frontal,1325.0,-0.005008222935875445,7
R1102P,R-frontal,1375.0,0.009852853040053842,7
R1102P,R-frontal,1425.0,0.018688396811114626,7
R1102P,R-frontal,1475.0,0.021522638991068935,7
R1102P,R-frontal,1525.0,-0.0012383917180767026,7
R1102P,R-frontal,1575.0,-0.02227837396289029,7
R1104D,R-frontal,25.0,0.031583029018324243,11
R1104D,R-frontal,75.0,0.05173247942187173,11
R1104D,R-frontal,125.0,0.02366943479550304,11
R1104D,R-frontal,175.0,0.030468207760237974,11
R1104D,R-frontal,225.0,0.06635599167434082,11
R1104D,R-frontal,275.0,0.06861849244685979,11
R1104D,R-frontal,325.0,0.07810063468848924,11
R1104D,R-frontal,375.0,0.08848609269316549,11
R1104D,R-frontal,425.0,0.01977170393348389,11
R1104D,R-frontal,475.0,-0.03548600556872278,11
R1104D,R-frontal,525.0,0.007122696723027524,11
R1104D,R-frontal,575.0,-0.05905269435217346,11
R1104D,R-frontal,625.0,-0.14904886892870667,11
R1104D,R-frontal,675.0,-0.18326219758162604,11
R1104D,R-frontal,725.0,-0.18709273699279547,11
R1104D,R-frontal,775.0,-0.1360323658775435,11
R1104D,R-frontal,825.0,-0.15909105224826245,11
R1104D,R-frontal,875.0,-0.10165009805566178,11
R1104D,R-frontal,925.0,-0.10540774247677347,11
R1104D,R-frontal,975.0,-0.1526497133465402,11
R1104D,R-frontal,1025.0,-0.162032906374072,11
R1104D,R-frontal,1075.0,-0.114329487421289,11
R1104D,R-frontal,1125.0,-0.06270386525238826,11
R1104D,R-frontal,1175.0,-0.08127734814672695,11
R1104D,R-frontal,1225.0,-0.08290667568910487,11
R1104D,R-frontal,1275.0,-0.09253349343160658,11
R1104D,R-frontal,1325.0,-0.10630715329254939,11
R1104D,R-frontal,1375.0,-0.108399050832057,11
R1104D,R-frontal,1425.0,-0.11045205007066926,11
R1104D,R-frontal,1475.0,-0.08362521304561532,11
R1104D,R-frontal,1525.0,-0.10600434445764959,11
R1104D,R-frontal,1575.0,-0.06346542581621156,11
R1105E,R-frontal,25.0,-0.06932336967448798,7
R1105E,R-frontal,75.0,-0.10135503710109377,7
R1105E,R-frontal,125.0,-0.08668650336489768,7
R1105E,R-frontal,175.0,-0.05835669637707099,7
R1105E,R-frontal,225.0,-0.021680425401059626,7
R1105E,R-frontal,275.0,-0.07939717463696953,7
R1105E,R-frontal,325.0,-0.10674791262394215,7
R1105E,R-frontal,375.0,-0.107370939089358,7
R1105E,R-frontal,425.0,-0.06469942865436172,7
R1105E,R-frontal,475.0,0.006338564128089371,7
R1105E,R-frontal,525.0,0.06433140018463472,7
R1105E,R-frontal,575.0,0.10047080090559102,7
R1105E,R-frontal,625.0,0.14213362790656506,7
R1105E,R-frontal,675.0,0.1486766184996689,7
R1105E,R-frontal,725.0,0.15762039992021284,7
R1105E,R-frontal,775.0,0.12080524607066358,7
R1105E,R-frontal,825.0,0.09516322451762363,7
R1105E,R-frontal,875.0,0.08367223905931295,7
R1105E,R-frontal,925.0,0.0562833594374565,7
R1105E,R-frontal,975.0,0.09417092725495889,7
R1105E,R-frontal,1025.0,0.0998794988974907,7
R1105E,R-frontal,1075.0,0.045625555686544514,7
R1105E,R-frontal,1125.0,0.03593009855082614,7
R1105E,R-frontal,1175.0,0.0868670103920283,7
R1105E,R-frontal,1225.0,0.09528933118271646,7
R1105E,R-frontal,1275.0,0.06262707546404554,7
R1105E,R-frontal,1325.0,0.06953104930672192,7
R1105E,R-frontal,1375.0,0.09129992476053007,7
R1105E,R-frontal,1425.0,0.04217890440228923,7
R1105E,R-frontal,1475.0,-0.033286878615300455,7
R1105E,R-frontal,1525.0,-0.009934454488370107,7
R1105E,R-frontal,1575.0,0.015176194363782486,7
R1105E,R-occipital,25.0,-0.03679611905571085,9
R1105E,R-occipital,75.0,0.08708444421207588,9
R1105E,R-occipital,125.0,0.11985354466028204,9
R1105E,R-occipital,175.0,-0.046321129376889224,9
R1105E,R-occipital,225.0,0.14432379053639977,9
R1105E,R-occipital,275.0,0.15020729287928325,9
R1105E,R-occipital,325.0,0.17133939698580813,9
R1105E,R-occipital,375.0,0.15949357851164636,9
R1105E,R-occipital,425.0,0.13174304641568277,9
R1105E,R-occipital,475.0,0.10125754311862803,9
R1105E,R-occipital,525.0,0.10037857059599532,9
R1105E,R-occipital,575.0,0.07758538778128232,9
R1105E,R-occipital,625.0,0.05694720255478779,9
R1105E,R-occipital,675.0,0.006453949181582378,9
R1105E,R-occipital,725.0,-0.012524464466550438,9
R1105E,R-occipital,775.0,-0.03099189121303562,9
R1105E,R-occipital,825.0,-0.09994218646751452,9
R1105E,R-occipital,875.0,-0.08493662458738532,9
R1105E,R-occipital,925.0,-0.08944766572109913,9
R1105E,R-occipital,975.0,-0.07673373398981795,9
R1105E,R-occipital,1025.0,-0.07042638514867836,9
R1105E,R-occipital,1075.0,-0.07714411365653724,9
R1105E,R-occipital,1125.0,-0.05574810697027229,9
R1105E,R-occipital,1175.0,-0.048556495220327726,9
R1105E,R-occipital,1225.0,-0.09340993512685095,9
R1105E,R-occipital,1275.0,-0.13824233946824163,9
R1105E,R-occipital,1325.0,-0.12038761964570172,9
R1105E,R-occipital,1375.0,-0.08192272377807225,9
R1105E,R-occipital,1425.0,-0.1005340013485719,9
R1105E,R-occipital,1475.0,-0.16735161118815844,9
R1105E,R-occipital,1525.0,-0.15310252387210385,9
R1105E,R-occipital,1575.0,-0.12516290689357196,9
R1105E,R-parietal,25.0,-0.0653201176465358,12
R1105E,R-parietal,75.0,-0.026670409162704193,12
R1105E,R-parietal,125.0,-0.10837897594179662,12
R1105E,R-parietal,175.0,-0.11161236976480109,12
R1105E,R-parietal,225.0,-0.0011159152865067373,12
R1105E,R-parietal,275.0,0.0103254482119645,12
R1105E,R-parietal,325.0,0.024222107504755692,12
R1105E,R-parietal,375.0,0.03750265856855686,12
R1105E,R-parietal,425.0,0.028738476750522057,12
R1105E,R-parietal,475.0,0.011734552256675449,12
R1105E,R-parietal,525.0,0.05607485670547735,12
R1105E,R-parietal,575.0,0.0800283066755516,12
R1105E,R-parietal,625.0,0.03317580417992422,12
R1105E,R-parietal,675.0,-0.009219435640405413,12
R1105E,R-parietal,725.0,-0.05111133177359667,12
R1105E,R-parietal,775.0,-0.07297875891931675,12
R1105E,R-parietal,825.0,-0.06624744678386989,12
R1105E,R-parietal,875.0,-0.0674818090597534,12
R1105E,R-parietal,925.0,-0.03820293462186469,12
R1105E,R-parietal,975.0,-0.038483844986062214,12
R1105E,R-parietal,1025.0,-0.023686744574840605,12
R1105E,R-parietal,1075.0,-0.04659308819420035,12
R1105E,R-parietal,1125.0,-0.04530727727893178,12
R1105E,R-parietal,1175.0,-0.02229982875686795,12
R1105E,R-parietal,1225.0,-0.025123219708851688,12
R1105E,R-parietal,1275.0,-0.04649756814731095,12
R1105E,R-parietal,1325.0,-0.09590928990872942,12
R1105E,R-parietal,1375.0,-0.05891670366937215,12
R1105E,R-parietal,1425.0,-0.04305198692029505,12
R1105E,R-parietal,1475.0,-0.08792294349680674,12
R1105E,R-parietal,1525.0,-0.06048987346485769,12
R1105E,R-parietal,1575.0,-0.05964496780754705,12
R1105E,R-temporal,25.0,-0.026414439128783634,3
R1105E,R-temporal,75.0,0.01491167213902894,3
R1105E,R-temporal,125.0,0.032263927188960526,3
R1105E,R-temporal,175.0,0.06882367011118762,3
R1105E,R-temporal,225.0,0.21381827285643196,3
R1105E,R-temporal,275.0,0.30051051835935405,3
R1105E,R-temporal,325.0,0.3015279599821229,3
R1105E,R-temporal,375.0,0.27102740936319375,3
R1105E,R-temporal,425.0,0.1335200247828985,3
R1105E,R-temporal,475.0,0.07258814255568262,3
R1105E,R-temporal,525.0,0.04581816394798016,3
R1105E,R-temporal,575.0,-0.06258375580807128,3
R1105E,R-temporal,625.0,-0.13691561509325834,3
R1105E,R-temporal,675.0,-0.18924058565560498,3
R1105E,R-temporal,725.0,-0.23035503659269643,3
R1105E,R-temporal,775.0,-0.24743938291653242,3
R1105E,R-temporal,825.0,-0.1892529329485566,3
R1105E,R-temporal,875.0,-0.0975645548299655,3
R1105E,R-temporal,925.0,-0.1132696325119004,3
R1105E,R-temporal,975.0,-0.1369288423458529,3
R1105E,R-temporal,1025.0,-0.058539690168904014,3
R1105E,R-temporal,1075.0,-0.04612321684404863,3
R1105E,R-temporal,1125.0,0.002735413090123092,3
R1105E,R-temporal,1175.0,-0.025140279002375848,3
R1105E,R-temporal,1225.0,-0.04596894029359724,3
R1105E,R-temporal,1275.0,-0.06702732686895674,3
R1105E,R-temporal,1325.0,-0.044965215630649924,3
R1105E,R-temporal,1375.0,-0.016827989234549173,3
R1105E,R-temporal,1425.0,-0.001761422392963777,3
R1105E,R-temporal,1475.0,-0.10162728589139254,3
R1105E,R-temporal,1525.0,-0.0741227963732642,3
R1105E,R-temporal,1575.0,-0.03156864162278721,3
R1108J,L-temporal,25.0,-0.012008366513151606,3
R1108J,L-temporal,75.0,0.012784081093755175,3
R1108J,L-temporal,125.0,0.06883586157575651,3
R1108J,L-temporal,175.0,0.17546593751726947,3
R1108J,L-temporal,225.0,0.15089549404279087,3
R1108J,L-temporal,275.0,0.07726239163539582,3
R1108J,L-temporal,325.0,0.08887254428695872,3
R1108J,L-temporal,375.0,0.06807341426869996,3
R1108J,L-temporal,425.0,0.10065433248350407,3
R1108J,L-temporal,475.0,0.08800901559986739,3
R1108J,L-temporal,525.0,0.06318962949746865,3
R1108J,L-temporal,575.0,0.0419097174893438,3
R1108J,L-temporal,625.0,0.06120699719428593,3
R1108J,L-temporal,675.0,0.06053429628002845,3
R1108J,L-temporal,725.0,0.0928330424760656,3
R1108J,L-temporal,775.0,0.11639181688537394,3
R1108J,L-temporal,825.0,0.09328543010134492,3
R1108J,L-temporal,875.0,0.0701183678617856,3
R1108J,L-temporal,925.0,0.05255506217994168,3
R1108J,L-temporal,975.0,0.0799855367143019,3
R1108J,L-temporal,1025.0,0.09617504414081368,3
R1108J,L-temporal,1075.0,0.06678973334884543,3
R1108J,L-temporal,1125.0,0.06378351670391905,3
R1108J,L-temporal,1175.0,0.06915848941160334,3
R1108J,L-temporal,1225.0,0.005187871092942651,3
R1108J,L-temporal,1275.0,-0.0010838506580032696,3
R1108J,L-temporal,1325.0,0.0659496643642818,3
R1108J,L-temporal,1375.0,0.07615941843132512,3
R1108J,L-temporal,1425.0,0.07613464467979948,3
R1108J,L-temporal,1475.0,0.02673156319935246,3
R1108J,L-temporal,1525.0,0.01469743321250891,3
R1108J,L-temporal,1575.0,-0.006099408020276634,3
R1111M,L-occipital,25.0,0.13132446920347288,16
R1111M,L-occipital,75.0,0.2557478228360433,16
R1111M,L-occipital,125.0,0.6379556637085654,16
R1111M,L-occipital,175.0,0.896266660973876,16
R1111M,L-occipital,225.0,0.9310032544531542,16
R1111M,L-occipital,275.0,0.9501196407715419,16
R1111M,L-occipital,325.0,0.9499811244048237,16
R1111M,L-occipital,375.0,0.893837882564816,16
R1111M,L-occipital,425.0,0.8067646269621715,16
R1111M,L-occipital,475.0,0.7093384761793969,16
R1111M,L-occipital,525.0,0.6455576926228407,16
R1111M,L-occipital,575.0,0.580814634495559,16
R1111M,L-occipital,625.0,0.5402098781293296,16
R1111M,L-occipital,675.0,0.49975712461559296,16
R1111M,L-occipital,725.0,0.4598745877287146,16
R1111M,L-occipital,775.0,0.42915406276486734,16
R1111M,L-occipital,825.0,0.3952796347621932,16
R1111M,L-occipital,875.0,0.3672843929702502,16
R1111M,L-occipital,925.0,0.3367254545927413,16
R1111M,L-occipital,975.0,0.3337478575580335,16
R1111M,L-occipital,1025.0,0.33546964092515785,16
R1111M,L-occipital,1075.0,0.3256601114115009,16
R1111M,L-occipital,1125.0,0.32773724508400864,16
R1111M,L-occipital,1175.0,0.32960198307692384,16
R1111M,L-occipital,1225.0,0.34177956788679825,16
R1111M,L-occipital,1275.0,0.3434205042627027,16
R1111M,L-occipital,1325.0,0.34382072086554516,16
R1111M,L-occipital,1375.0,0.32661939487223524,16
R1111M,L-occipital,1425.0,0.2994751580190766,16
R1111M,L-occipital,1475.0,0.28727703297195767,16
R1111M,L-occipital,1525.0,0.267797965163732,16
R1111M,L-occipital,1575.0,0.26083377815785763,16
R1111M,L-parietal,25.0,-0.006766960464442183,23
R1111M,L-parietal,75.0,-0.004047886773551548,23
R1111M,L-parietal,125.0,0.019095954358651426,23
R1111M,L-parietal,175.0,0.011476137847049386,23
R1111M,L-parietal,225.0,0.0013528227448582953,23
R1111M,L-parietal,275.0,0.03684094005674779,23
R1111M,L-parietal,325.0,0.07036321643431086,23
R1111M,L-parietal,375.0,0.07440550847379286,23
R1111M,L-parietal,425.0,0.07423508059991402,23
R1111M,L-parietal,475.0,0.08449572940437573,23
R1111M,L-parietal,525.0,0.09316814118269404,23
R1111M,L-parietal,575.0,0.08243447129569435,23
R1111M,L-parietal,625.0,0.07183343390871172,23
R1111M,L-parietal,675.0,0.07306693550169213,23
R1111M,L-parietal,725.0,0.06997218416717592,23
R1111M,L-parietal,775.0,0.06594299499492363,23
R1111M,L-parietal,825.0,0.05615175588454304,23
R1111M,L-parietal,875.0,0.04949450590943254,23
R1111M,L-parietal,925.0,0.04426873372928024,23
R1111M,L-parietal,975.0,0.050578970524365156,23
R1111M,L-parietal,1025.0,0.05961221099832661,23
R1111M,L-parietal,1075.0,0.06578639598100876,23
R1111M,L-parietal,1125.0,0.04780706504494709,23
R1111M,L-parietal,1175.0,0.050293624796805984,23
R1111M,L-parietal,1225.0,0.057475716885708066,23
R1111M,L-parietal,1275.0,0.05352238990334984,23
R1111M,L-parietal,1325.0,0.05391176297682412,23
R1111M,L-parietal,1375.0,0.055795225524229754,23
R1111M,L-parietal,1425.0,0.04492119589371237,23
R1111M,L-parietal,1475.0,0.035569881460441696,23
R1111M,L-parietal,1525.0,0.02571910634937565,23
R1111M,L-parietal,1575.0,0.008516615681490725,23
R1111M,L-temporal,25.0,-0.013649870170674821,11
R1111M,L-temporal,75.0,-0.029791733541931018,11
R1111M,L-temporal,125.0,0.0020106010012660614,11
R1111M,L-temporal,175.0,0.0961687593842388,11
R1111M,L-temporal,225.0,0.15878120264646045,11
R1111M,L-temporal,275.0,0.22928558684273048,11
R1111M,L-temporal,325.0,0.29247277906777946,11
R1111M,L-temporal,375.0,0.30727105851060343,11
R1111M,L-temporal,425.0,0.2690845852135429,11
R1111M,L-temporal,475.0,0.2293944625249957,11
R1111M,L-temporal,525.0,0.20709721024684072,11
R1111M,L-temporal,575.0,0.17629822737683884,11
R1111M,L-temporal,625.0,0.14504532478007154,11
R1111M,L-temporal,675.0,0.12318358814309355,11
R1111M,L-temporal,725.0,0.12481875187247216,11
R1111M,L-temporal,775.0,0.11792107215497281,11
R1111M,L-temporal,825.0,0.11064537524419511,11
R1111M,L-temporal,875.0,0.11282493833088619,11
R1111M,L-temporal,925.0,0.09997253268595424,11
R1111M,L-temporal,975.0,0.07279924588762962,11
R1111M,L-temporal,1025.0,0.0861762774202637,11
R1111M,L-temporal,1075.0,0.1093480575687817,11
R1111M,L-temporal,1125.0,0.10252900125895166,11
R1111M,L-temporal,1175.0,0.09661609878242668,11
R1111M,L-temporal,1225.0,0.08593391630823376,11
R1111M,L-temporal,1275.0,0.0970706672357604,11
R1111M,L-temporal,1325.0,0.0948598161813619,11
R1111M,L-temporal,1375.0,0.07685366487958184,11
R1111M,L-temporal,1425.0,0.07684467996342136,11
R1111M,L-temporal,1475.0,0.08874449202579353,11
R1111M,L-temporal,1525.0,0.07235150443476925,11
R1111M,L-temporal,1575.0,0.046880913090099445,11
R1113T,L-occipital,25.0,-0.03671202781340134,6
R1113T,L-occipital,75.0,0.010047803193060733,6
R1113T,L-occipital,125.0,0.314454556728784,6
R1113T,L-occipital,175.0,0.4426608016535056,6
R1113T,L-occipital,225.0,0.4620584515379816,6
R1113T,L-occipital,275.0,0.4762623230328384,6
R1113T,L-occipital,325.0,0.41376164573766805,6
R1113T,L-occipital,375.0,0.30271262368844215,6
R1113T,L-occipital,425.0,0.2875270231711217,6
R1113T,L-occipital,475.0,0.2728470290489884,6
R1113T,L-occipital,525.0,0.22895126713844627,6
R1113T,L-occipital,575.0,0.22244098362616302,6
R1113T,L-occipital,625.0,0.20049011222220617,6
R1113T,L-occipital,675.0,0.17481456989177976,6
R1113T,L-occipital,725.0,0.11002972196181014,6
R1113T,L-occipital,775.0,0.09424814173748236,6
R1113T,L-occipital,825.0,0.09662402242440397,6
R1113T,L-occipital,875.0,0.10605894446360105,6
R1113T,L-occipital,925.0,0.09866049102743508,6
R1113T,L-occipital,975.0,0.09904522042403047,6
R1113T,L-occipital,1025.0,0.052131686139513966,6
R1113T,L-occipital,1075.0,0.08418511054588314,6
R1113T,L-occipital,1125.0,0.04752253351117125,6
R1113T,L-occipital,1175.0,-0.02254548004860296,6
R1113T,L-occipital,1225.0,-0.07212636269167823,6
R1113T,L-occipital,1275.0,-0.05329626764998872,6
R1113T,L-occipital,1325.0,0.00355232944664792,6
R1113T,L-occipital,1375.0,-0.0020898790844364004,6
R1113T,L-occipital,1425.0,-0.07678094500881506,6
R1113T,L-occipital,1475.0,-0.006509735639659879,6
R1113T,L-occipital,1525.0,0.059972412607504216,6
R1113T,L-occipital,1575.0,0.011258871070395532,6
R1113T,L-temporal,25.0,-0.008296700491628981,5
R1113T,L-temporal,75.0,-0.015480556582033397,5
R1113T,L-temporal,125.0,-0.023459466913976754,5
R1113T,L-temporal,175.0,0.01569369852576228,5
R1113T,L-temporal,225.0,0.03317759198594106,5
R1113T,L-temporal,275.0,0.059280811866001225,5
R1113T,L-temporal,325.0,0.06295216842920241,5
R1113T,L-temporal,375.0,0.14178700452876392,5
R1113T,L-temporal,425.0,0.10984207511068589,5
R1113T,L-temporal,475.0,0.10256814213054992,5
R1113T,L-temporal,525.0,0.13712054640254806,5
R1113T,L-temporal,575.0,0.1348618420872,5
R1113T,L-temporal,625.0,0.10528315340340677,5
R1113T,L-temporal,675.0,0.07924967882518791,5
R1113T,L-temporal,725.0,0.06628137268136733,5
R1113T,L-temporal,775.0,0.06034271389232395,5
R1113T,L-temporal,825.0,0.08888627234445613,5
R1113T,L-temporal,875.0,0.10286531071516639,5
R1113T,L-temporal,925.0,0.07401426837800804,5
R1113T,L-temporal,975.0,0.07697653611602832,5
R1113T,L-temporal,1025.0,0.03344254957631111,5
R1113T,L-temporal,1075.0,-0.00839383079577407,5
R1113T,L-temporal,1125.0,0.03654038465911204,5
R1113T,L-temporal,1175.0,0.05113184443538159,5
R1113T,L-temporal,1225.0,0.04236866407293048,5
R1113T,L-temporal,1275.0,0.010039786338877829,5
R1113T,L-temporal,1325.0,0.026019203830649828,5
R1113T,L-temporal,1375.0,-0.003803049904913841,5
R1113T,L-temporal,1425.0,-0.031141336967827636,5
R1113T,L-temporal,1475.0,-0.012941026881571015,5
R1113T,L-temporal,1525.0,0.05340385568448358,5
R1113T,L-temporal,1575.0,0.09054971575624267,5
R1113T,R-frontal,25.0,-0.07262689997538879,15
R1113T,R-frontal,75.0,-0.10621306060587217,15
R1113T,R-frontal,125.0,-0.10740247422922376,15
R1113T,R-frontal,175.0,-0.004724642687658297,15
R1113T,R-frontal,225.0,0.019488310232988137,15
R1113T,R-frontal,275.0,0.008085494328342761,15
R1113T,R-frontal,325.0,0.02295666732284452,15
R1113T,R-frontal,375.0,0.10488380101705522,15
R1113T,R-frontal,425.0,0.2235071256939981,15
R1113T,R-frontal,475.0,0.27223519271404706,15
R1113T,R-frontal,525.0,0.24162756822544518,15
R1113T,R-frontal,575.0,0.2554734284813249,15
R1113T,R-frontal,625.0,0.21992448576245685,15
R1113T,R-frontal,675.0,0.2085252764529136,15
R1113T,R-frontal,725.0,0.16783870230580938,15
R1113T,R-frontal,775.0,0.16677092481919858,15
R1113T,R-frontal,825.0,0.15651561851100837,15
R1113T,R-frontal,875.0,0.13308976519807145,15
R1113T,R-frontal,925.0,0.08884926166510113,15
R1113T,R-frontal,975.0,0.0723988058243742,15
R1113T,R-frontal,1025.0,0.07283345651921516,15
R1113T,R-frontal,1075.0,0.07040642771273958,15
R1113T,R-frontal,1125.0,0.07080075333686862,15
R1113T,R-frontal,1175.0,0.08757163578929257,15
R1113T,R-frontal,1225.0,0.029364851473770427,15
R1113T,R-frontal,1275.0,0.03857755345219139,15
R1113T,R-frontal,1325.0,0.049946458133423605,15
R1113T,R-frontal,1375.0,0.061320776472869196,15
R1113T,R-frontal,1425.0,0.047067637848455614,15
R1113T,R-frontal,1475.0,0.05113882778112808,15
R1113T,R-frontal,1525.0,0.08191738677635371,15
R1113T,R-frontal,1575.0,0.041607810937130695,15
R1113T,R-occipital,25.0,-0.05246165223789129,9
R1113T,R-occipital,75.0,0.003648601932793464,9
R1113T,R-occipital,125.0,0.16364177684222597,9
R1113T,R-occipital,175.0,0.2385451818890596,9
R1113T,R-occipital,225.0,0.23749881945101306,9
R1113T,R-occipital,275.0,0.27157332348437513,9
R1113T,R-occipital,325.0,0.253770400309408,9
R1113T,R-occipital,375.0,0.21046299332012736,9
R1113T,R-occipital,425.0,0.21063742476177486,9
R1113T,R-occipital,475.0,0.19790430090220776,9
R1113T,R-occipital,525.0,0.20193772341939578,9
R1113T,R-occipital,575.0,0.177911692728758,9
R1113T,R-occipital,625.0,0.14360006611156473,9
R1113T,R-occipital,675.0,0.11464186476183268,9
R1113T,R-occipital,725.0,0.07143605199855878,9
R1113T,R-occipital,775.0,0.08431181778631122,9
R1113T,R-occipital,825.0,0.08035375258404345,9
R1113T,R-occipital,875.0,0.07965344641743888,9
R1113T,R-occipital,925.0,0.07318915519661637,9
R1113T,R-occipital,975.0,0.06626304640032371,9
R1113T,R-occipital,1025.0,0.045435711949735336,9
R1113T,R-occipital,1075.0,0.03749469187382769,9
R1113T,R-occipital,1125.0,-0.013731548138951234,9
R1113T,R-occipital,1175.0,-0.01641862366537677,9
R1113T,R-occipital,1225.0,-0.008800439268857069,9
R1113T,R-occipital,1275.0,-0.00839503020827653,9
R1113T,R-occipital,1325.0,0.024605281365636104,9
R1113T,R-occipital,1375.0,0.05515662286072643,9
R1113T,R-occipital,1425.0,0.0942556899541871,9
R1113T,R-occipital,1475.0,0.12131945420261113,9
R1113T,R-occipital,1525.0,0.09580096088904198,9
R1113T,R-occipital,1575.0,0.041594123991710225,9
R1113T,R-temporal,25.0,-0.07286926836955296,7
R1113T,R-temporal,75.0,-0.0447190470975116,7
R1113T,R-temporal,125.0,-0.03739695103586867,7
R1113T,R-temporal,175.0,-0.0038467759221534822,7
R1113T,R-temporal,225.0,0.05979685185222291,7
R1113T,R-temporal,275.0,0.046855743804811126,7
R1113T,R-temporal,325.0,0.04027659763839751,7
R1113T,R-temporal,375.0,0.0207103180521855,7
R1113T,R-temporal,425.0,0.07399462699372779,7
R1113T,R-temporal,475.0,0.11042984865528271,7
R1113T,R-temporal,525.0,0.06479820792137161,7
R1113T,R-temporal,575.0,0.07537775689894248,7
R1113T,R-temporal,625.0,0.07637234724728678,7
R1113T,R-temporal,675.0,0.10039736086705532,7
R1113T,R-temporal,725.0,0.06590045296827357,7
R1113T,R-temporal,775.0,0.0382160472391274,7
R1113T,R-temporal,825.0,0.0692675706015858,7
R1113T,R-temporal,875.0,0.053516943425280974,7
R1113T,R-temporal,925.0,0.058535847162909625,7
R1113T,R-temporal,975.0,0.07895526300137021,7
R1113T,R-temporal,1025.0,0.040712606115734094,7
R1113T,R-temporal,1075.0,0.021167876675720256,7
R1113T,R-temporal,1125.0,0.008399591189288824,7
R1113T,R-temporal,1175.0,0.052532385512252935,7
R1113T,R-temporal,1225.0,0.06494379156721805,7
R1113T,R-temporal,1275.0,0.08022457186765516,7
R1113T,R-temporal,1325.0,0.10890145453745508,7
R1113T,R-temporal,1375.0,0.09707316686977441,7
R1113T,R-temporal,1425.0,0.07962580325710022,7
R1113T,R-temporal,1475.0,0.10206568459932445,7
R1113T,R-temporal,1525.0,0.07851137852948724,7
R1113T,R-temporal,1575.0,0.11485570313071923,7
R1114C,L-frontal,25.0,0.0052238510266512835,12
R1114C,L-frontal,75.0,0.04059734883800658,12
R1114C,L-frontal,125.0,0.08429006179780775,12
R1114C,L-frontal,175.0,0.21908538461466767,12
R1114C,L-frontal,225.0,0.21497838524577872,12
R1114C,L-frontal,275.0,0.12907437415547807,12
R1114C,L-frontal,325.0,0.08090000271153237,12
R1114C,L-frontal,375.0,0.0904808280172245,12
R1114C,L-frontal,425.0,0.09116291635278788,12
R1114C,L-frontal,475.0,0.11724606110316989,12
R1114C,L-frontal,525.0,0.09209554805116814,12
R1114C,L-frontal,575.0,0.036304599616065275,12
R1114C,L-frontal,625.0,0.05672078819977138,12
R1114C,L-frontal,675.0,0.09611867346723778,12
R1114C,L-frontal,725.0,0.11093037700327474,12
R1114C,L-frontal,775.0,0.09598760978090387,12
R1114C,L-frontal,825.0,0.08607946355102442,12
R1114C,L-frontal,875.0,0.1057073397293321,12
R1114C,L-frontal,925.0,0.10026430463024955,12
R1114C,L-frontal,975.0,0.11998277140987985,12
R1114C,L-frontal,1025.0,0.08863692488107512,12
R1114C,L-frontal,1075.0,0.0896600113356466,12
R1114C,L-frontal,1125.0,0.12007671726669396,12
R1114C,L-frontal,1175.0,0.10007967505393213,12
R1114C,L-frontal,1225.0,0.09011808253243231,12
R1114C,L-frontal,1275.0,0.07702247879354236,12
R1114C,L-frontal,1325.0,0.06188492536501514,12
R1114C,L-frontal,1375.0,0.05604774714502309,12
R1114C,L-frontal,1425.0,0.038734070574756634,12
R1114C,L-frontal,1475.0,0.06400810408045915,12
R1114C,L-frontal,1525.0,0.07455055781243157,12
R1114C,L-frontal,1575.0,0.08014599528297821,12
R1114C,L-occipital,25.0,0.21158914924527364,18
R1114C,L-occipital,75.0,0.6396865546203073,18
R1114C,L-occipital,125.0,0.8367855104217953,18
R1114C,L-occipital,175.0,0.7715807420931066,18
R1114C,L-occipital,225.0,0.6700766138855891,18
R1114C,L-occipital,275.0,0.8176477580790008,18
R1114C,L-occipital,325.0,1.0451382617307783,18
R1114C,L-occipital,375.0,1.02865324238094,18
R1114C,L-occipital,425.0,0.8987468796778866,18
R1114C,L-occipital,475.0,0.7520812440770442,18
R1114C,L-occipital,525.0,0.664932842897837,18
R1114C,L-occipital,575.0,0.6185598112385461,18
R1114C,L-occipital,625.0,0.6269503021338301,18
R1114C,L-occipital,675.0,0.6099703367109821,18
R1114C,L-occipital,725.0,0.6040002881013751,18
R1114C,L-occipital,775.0,0.5903346188403125,18
R1114C,L-occipital,825.0,0.5959870193290344,18
R1114C,L-occipital,875.0,0.5854070203980785,18
R1114C,L-occipital,925.0,0.5782488745281741,18
R1114C,L-occipital,975.0,0.5962029450693024,18
R1114C,L-occipital,1025.0,0.5660982213048791,18
R1114C,L-occipital,1075.0,0.5679960437891034,18
R1114C,L-occipital,1125.0,0.5661642431817968,18
R1114C,L-occipital,1175.0,0.5889110172508647,18
R1114C,L-occipital,1225.0,0.5854777647166274,18
R1114C,L-occipital,1275.0,0.5557137759216801,18
R1114C,L-occipital,1325.0,0.5672342550755527,18
R1114C,L-occipital,1375.0,0.5581558039891832,18
R1114C,L-occipital,1425.0,0.5455152976269567,18
R1114C,L-occipital,1475.0,0.5119765312949859,18
R1114C,L-occipital,1525.0,0.505618047238777,18
R1114C,L-occipital,1575.0,0.515331134039336,18
R1114C,L-parietal,25.0,0.022907265742361314,8
R1114C,L-parietal,75.0,0.09253707976105621,8
R1114C,L-parietal,125.0,0.17826705392187786,8
R1114C,L-parietal,175.0,0.20689886779012356,8
R1114C,L-parietal,225.0,0.1492831780567163,8
R1114C,L-parietal,275.0,0.1709602857844798,8
R1114C,L-parietal,325.0,0.14644827429255966,8
R1114C,L-parietal,375.0,0.17692294639851916,8
R1114C,L-parietal,425.0,0.19453767732840108,8
R1114C,L-parietal,475.0,0.17607230720810046,8
R1114C,L-parietal,525.0,0.1383001865836146,8
R1114C,L-parietal,575.0,0.11218057441743726,8
R1114C,L-parietal,625.0,0.10917805875212029,8
R1114C,L-parietal,675.0,0.08855862453316152,8
R1114C,L-parietal,725.0,0.09962979887490071,8
R1114C,L-parietal,775.0,0.04867244763332874,8
R1114C,L-parietal,825.0,0.05033942984047888,8
R1114C,L-parietal,875.0,0.05112556799741783,8
R1114C,L-parietal,925.0,0.06304170517989216,8
R1114C,L-parietal,975.0,0.04705909130058433,8
R1114C,L-parietal,1025.0,0.048025015981961405,8
R1114C,L-parietal,1075.0,0.026103729005868295,8
R1114C,L-parietal,1125.0,0.0374101607656306,8
R1114C,L-parietal,1175.0,0.041410821106757846,8
R1114C,L-parietal,1225.0,0.08162187399734944,8
R1114C,L-parietal,1275.0,0.08645054586363006,8
R1114C,L-parietal,1325.0,0.08175014673771454,8
R1114C,L-parietal,1375.0,0.05804889146211351,8
R1114C,L-parietal,1425.0,0.02065202282941382,8
R1114C,L-parietal,1475.0,0.006510351910468168,8
R1114C,L-parietal,1525.0,-0.0014767983804993608,8
R1114C,L-parietal,1575.0,0.04414896165820842,8
R1114C,L-temporal,25.0,0.0103645445608927,7
R1114C,L-temporal,75.0,0.029513875913853342,7
R1114C,L-temporal,125.0,0.021091879948174852,7
R1114C,L-temporal,175.0,0.018124492822513272,7
R1114C,L-temporal,225.0,-0.0010933054007569323,7
R1114C,L-temporal,275.0,-0.017025244158265278,7
R1114C,L-temporal,325.0,-0.012993749660944551,7
R1114C,L-temporal,375.0,-0.039808206102363734,7
R1114C,L-temporal,425.0,-0.0554398131790776,7
R1114C,L-temporal,475.0,0.000410672206704115,7
R1114C,L-temporal,525.0,-0.011787206399611156,7
R1114C,L-temporal,575.0,-0.034821714866894386,7
R1114C,L-temporal,625.0,-0.03788320452483141,7
R1114C,L-temporal,675.0,-0.02153327297158064,7
R1114C,L-temporal,725.0,-0.06118004731423896,7
R1114C,L-temporal,775.0,-0.1242187142757374,7
R1114C,L-temporal,825.0,-0.083957371394467,7
R1114C,L-temporal,875.0,-0.055705680055046156,7
R1114C,L-temporal,925.0,-0.002675516876046034,7
R1114C,L-temporal,975.0,0.02095685145107836,7
R1114C,L-temporal,1025.0,-0.010210808897786092,7
R1114C,L-temporal,1075.0,-0.034037480679073286,7
R1114C,L-temporal,1125.0,-0.03385717140623785,7
R1114C,L-temporal,1175.0,-0.0425093528499663,7
R1114C,L-temporal,1225.0,-0.006657569167562161,7
R1114C,L-temporal,1275.0,0.010054194626098476,7
R1114C,L-temporal,1325.0,0.015143107023353641,7
R1114C,L-temporal,1375.0,0.007209154607261792,7
R1114C,L-temporal,1425.0,-0.035150329482188596,7
R1114C,L-temporal,1475.0,-0.04666458433343198,7
R1114C,L-temporal,1525.0,-0.019925092612580162,7
R1114C,L-temporal,1575.0,0.04593063943759644,7
R1115T,R-frontal,25.0,-0.04274244323242211,6
R1115T,R-frontal,75.0,-0.06416525684542937,6
R1115T,R-frontal,125.0,-0.06516378093521204,6
R1115T,R-frontal,175.0,-0.03707898154800443,6
R1115T,R-frontal,225.0,-0.02884555387324284,6
R1115T,R-frontal,275.0,-0.019480232644354074,6
R1115T,R-frontal,325.0,-0.027454719892390535,6
R1115T,R-frontal,375.0,0.011829397778732912,6
R1115T,R-frontal,425.0,-0.02844037702574476,6
R1115T,R-frontal,475.0,-0.049706538564660396,6
R1115T,R-frontal,525.0,-0.06024177329612099,6
R1115T,R-frontal,575.0,-0.07452494501007552,6
R1115T,R-frontal,625.0,-0.09650189784496392,6
R1115T,R-frontal,675.0,-0.08198333099321337,6
R1115T,R-frontal,725.0,-0.0628633585983334,6
R1115T,R-frontal,775.0,-0.04723583470207864,6
R1115T,R-frontal,825.0,-0.04893871738034735,6
R1115T,R-frontal,875.0,-0.0385166723823434,6
R1115T,R-frontal,925.0,-0.033727562303385986,6
R1115T,R-frontal,975.0,-0.06403709678014285,6
R1115T,R-frontal,1025.0,-0.12723613334479314,6
R1115T,R-frontal,1075.0,-0.10924991247297812,6
R1115T,R-frontal,1125.0,-0.03272172505804644,6
R1115T,R-frontal,1175.0,-0.006049444126345474,6
R1115T,R-frontal,1225.0,-0.03271454504830635,6
R1115T,R-frontal,1275.0,0.00664447379717073,6
R1115T,R-frontal,1325.0,-0.008801933679260633,6
R1115T,R-frontal,1375.0,-0.010607209981304523,6
R1115T,R-frontal,1425.0,0.00021234975407759203,6
R1115T,R-frontal,1475.0,0.005800479435605309,6
R1115T,R-frontal,1525.0,0.01072519648123686,6
R1115T,R-frontal,1575.0,0.0014991455916325248,6
R1115T,R-temporal,25.0,0.023540017233701346,3
R1115T,R-temporal,75.0,0.039854800743017275,3
R1115T,R-temporal,125.0,0.054551605594441444,3
R1115T,R-temporal,175.0,0.1077532260237442,3
R1115T,R-temporal,225.0,0.13921293934714837,3
R1115T,R-temporal,275.0,0.1045750343858028,3
R1115T,R-temporal,325.0,0.12026188255992587,3
R1115T,R-temporal,375.0,0.16693304641123952,3
R1115T,R-temporal,425.0,0.17034685978386696,3
R1115T,R-temporal,475.0,0.17091850451008297,3
R1115T,R-temporal,525.0,0.09601301697207741,3
R1115T,R-temporal,575.0,0.19520842993291618,3
R1115T,R-temporal,625.0,0.20122096864286046,3
R1115T,R-temporal,675.0,0.15216525139692935,3
R1115T,R-temporal,725.0,0.12342715089286523,3
R1115T,R-temporal,775.0,0.08615749005979016,3
R1115T,R-temporal,825.0,0.05355385692304313,3
R1115T,R-temporal,875.0,0.031095511922205263,3
R1115T,R-temporal,925.0,0.05522878115941548,3
R1115T,R-temporal,975.0,0.08625145178685373,3
R1115T,R-temporal,1025.0,0.0722444959135553,3
R1115T,R-temporal,1075.0,0.037735233229338506,3
R1115T,R-temporal,1125.0,0.07179930687255415,3
R1115T,R-temporal,1175.0,0.004258813076849939,3
R1115T,R-temporal,1225.0,0.03419272778132012,3
R1115T,R-temporal,1275.0,0.06074353494788424,3
R1115T,R-temporal,1325.0,0.09933426906294175,3
R1115T,R-temporal,1375.0,0.0538984633101324,3
R1115T,R-temporal,1425.0,0.05536288004329839,3
R1115T,R-temporal,1475.0,0.11398963824960995,3
R1115T,R-temporal,1525.0,0.03447514138783316,3
R1115T,R-temporal,1575.0,0.00035366808860781696,3
R1118N,L-frontal,25.0,0.0071790319324463265,7
R1118N,L-frontal,75.0,0.005635895210781799,7
R1118N,L-frontal,125.0,-0.00036490351216751947,7
R1118N,L-frontal,175.0,-0.01904511994668397,7
R1118N,L-frontal,225.0,0.001800927363521865,7
R1118N,L-frontal,275.0,-0.013022492884739686,7
R1118N,L-frontal,325.0,-0.037385715670693445,7
R1118N,L-frontal,375.0,-0.04716174887765317,7
R1118N,L-frontal,425.0,-0.04947650184239991,7
R1118N,L-frontal,475.0,-0.047231511853096854,7
R1118N,L-frontal,525.0,-0.0771760350486477,7
R1118N,L-frontal,575.0,-0.08634007003166813,7
R1118N,L-frontal,625.0,-0.09639109958596262,7
R1118N,L-frontal,675.0,-0.081507270719425,7
R1118N,L-frontal,725.0,-0.11388060185308678,7
R1118N,L-frontal,775.0,-0.08760030034333546,7
R1118N,L-frontal,825.0,-0.09052051735275758,7
R1118N,L-frontal,875.0,-0.036225504561383744,7
R1118N,L-frontal,925.0,-0.01904165696792252,7
R1118N,L-frontal,975.0,-0.0431951424783833,7
R1118N,L-frontal,1025.0,-0.041171441859939706,7
R1118N,L-frontal,1075.0,-0.015312148447652512,7
R1118N,L-frontal,1125.0,-0.000558799731812916,7
R1118N,L-frontal,1175.0,0.009212532813335552,7
R1118N,L-frontal,1225.0,0.006203320310437812,7
R1118N,L-frontal,1275.0,0.004652605840115576,7
R1118N,L-frontal,1325.0,0.00958140925923352,7
R1118N,L-frontal,1375.0,0.017488151776986004,7
R1118N,L-frontal,1425.0,0.0028721636917395715,7
R1118N,L-frontal,1475.0,-0.0013613432223155556,7
R1118N,L-frontal,1525.0,0.00445794097100164,7
R1118N,L-frontal,1575.0,0.003062507129525099,7
R1118N,L-occipital,25.0,-0.013659233999707827,16
R1118N,L-occipital,75.0,0.0456100177724271,16
R1118N,L-occipital,125.0,0.2649745199926722,16
R1118N,L-occipital,175.0,0.3957243023865695,16
R1118N,L-occipital,225.0,0.42855620444493875,16
R1118N,L-occipital,275.0,0.45807972866862245,16
R1118N,L-occipital,325.0,0.5474596369037267,16
R1118N,L-occipital,375.0,0.5454292080939709,16
R1118N,L-occipital,425.0,0.47511465384279195,16
R1118N,L-occipital,475.0,0.42439288512290385,16
R1118N,L-occipital,525.0,0.34593136073325287,16
R1118N,L-occipital,575.0,0.3035118480311707,16
R1118N,L-occipital,625.0,0.27011286738469287,16
R1118N,L-occipital,675.0,0.24554862171704453,16
R1118N,L-occipital,725.0,0.20439027834248022,16
R1118N,L-occipital,775.0,0.14009302325922504,16
R1118N,L-occipital,825.0,0.10426701834893638,16
R1118N,L-occipital,875.0,0.13267509919051337,16
R1118N,L-occipital,925.0,0.1522652995345698,16
R1118N,L-occipital,975.0,0.1393370890201722,16
R1118N,L-occipital,1025.0,0.1252267349909909,16
R1118N,L-occipital,1075.0,0.1400036951036419,16
R1118N,L-occipital,1125.0,0.13546905544302057,16
R1118N,L-occipital,1175.0,0.11858866943975187,16
R1118N,L-occipital,1225.0,0.09082805305948848,16
R1118N,L-occipital,1275.0,0.08116821902603263,16
R1118N,L-occipital,1325.0,0.08436177718278291,16
R1118N,L-occipital,1375.0,0.08715074368501886,16
R1118N,L-occipital,1425.0,0.07615206561670448,16
R1118N,L-occipital,1475.0,0.08703563724552572,16
R1118N,L-occipital,1525.0,0.10579067341029409,16
R1118N,L-occipital,1575.0,0.1071945467879583,16
R1118N,L-parietal,25.0,-0.01548455842406127,6
R1118N,L-parietal,75.0,-0.0056890032829699224,6
R1118N,L-parietal,125.0,0.02001046874590441,6
R1118N,L-parietal,175.0,0.04704913125304125,6
R1118N,L-parietal,225.0,0.036790055258797506,6
R1118N,L-parietal,275.0,0.08151323141954579,6
R1118N,L-parietal,325.0,0.1018480044584091,6
R1118N,L-parietal,375.0,0.09064763397918157,6
R1118N,L-parietal,425.0,0.0775613195305327,6
R1118N,L-parietal,475.0,0.052825897039346,6
R1118N,L-parietal,525.0,0.05613060380064155,6
R1118N,L-parietal,575.0,0.05380144826774571,6
R1118N,L-parietal,625.0,0.026632219377771892,6
R1118N,L-parietal,675.0,0.028406817682201643,6
R1118N,L-parietal,725.0,0.010518589509925874,6
R1118N,L-parietal,775.0,-0.025073351698854565,6
R1118N,L-parietal,825.0,-0.017856397467947985,6
R1118N,L-parietal,875.0,-0.025836952828430404,6
R1118N,L-parietal,925.0,-0.04435929054628355,6
R1118N,L-parietal,975.0,-0.04121288696552474,6
R1118N,L-parietal,1025.0,-0.02435668697961689,6
R1118N,L-parietal,1075.0,-0.041007865910743735,6
R1118N,L-parietal,1125.0,-0.06860609216035064,6
R1118N,L-parietal,1175.0,-0.06186982695510521,6
R1118N,L-parietal,1225.0,-0.0205533244140262,6
R1118N,L-parietal,1275.0,-0.03235398765016876,6
R1118N,L-parietal,1325.0,-0.032525770232951424,6
R1118N,L-parietal,1375.0,-0.03331063397417617,6
R1118N,L-parietal,1425.0,-0.02156266169690303,6
R1118N,L-parietal,1475.0,-0.026772251669643813,6
R1118N,L-parietal,1525.0,-0.05269606746954452,6
R1118N,L-parietal,1575.0,-0.03542908746725738,6
R1118N,L-temporal,25.0,-0.030853680730959992,10
R1118N,L-temporal,75.0,0.04386625802573667,10
R1118N,L-temporal,125.0,0.14677738868283713,10
R1118N,L-temporal,175.0,0.17621487386127205,10
R1118N,L-temporal,225.0,0.16179253430427837,10
R1118N,L-temporal,275.0,0.12795904616094483,10
R1118N,L-temporal,325.0,0.1123447055172166,10
R1118N,L-temporal,375.0,0.0942445006991213,10
R1118N,L-temporal,425.0,0.07398601877160045,10
R1118N,L-temporal,475.0,0.0829234546124456,10
R1118N,L-temporal,525.0,0.0719975024515446,10
R1118N,L-temporal,575.0,0.05468598768417967,10
R1118N,L-temporal,625.0,0.04368003366393864,10
R1118N,L-temporal,675.0,0.035708724884160256,10
R1118N,L-temporal,725.0,0.033549408223036106,10
R1118N,L-temporal,775.0,0.027285892969591708,10
R1118N,L-temporal,825.0,-0.0067567974300179745,10
R1118N,L-temporal,875.0,0.005638415830870576,10
R1118N,L-temporal,925.0,-0.005855271872655912,10
R1118N,L-temporal,975.0,0.009467978379492736,10
R1118N,L-temporal,1025.0,0.015367029466121201,10
R1118N,L-temporal,1075.0,0.024871590030793842,10
R1118N,L-temporal,1125.0,0.035608432429831305,10
R1118N,L-temporal,1175.0,0.03705947745756235,10
R1118N,L-temporal,1225.0,0.008407230058524904,10
R1118N,L-temporal,1275.0,0.0017731495082083295,10
R1118N,L-temporal,1325.0,-0.004910845199635349,10
R1118N,L-temporal,1375.0,-0.00047676831582651525,10
R1118N,L-temporal,1425.0,-0.02466926149648322,10
R1118N,L-temporal,1475.0,-0.019782261019533207,10
R1118N,L-temporal,1525.0,0.010937565479922893,10
R1118N,L-temporal,1575.0,0.016272315788759012,10
R1120E,L-occipital,25.0,-0.011396151463696207,4
R1120E,L-occipital,75.0,0.09948465479822544,4
R1120E,L-occipital,125.0,0.40888089419648965,4
R1120E,L-occipital,175.0,0.5128725267157667,4
R1120E,L-occipital,225.0,0.4693798414197924,4
R1120E,L-occipital,275.0,0.40325896450910237,4
R1120E,L-occipital,325.0,0.34292185099096484,4
R1120E,L-occipital,375.0,0.29629339313066005,4
R1120E,L-occipital,425.0,0.2824390845265173,4
R1120E,L-occipital,475.0,0.23566714325483862,4
R1120E,L-occipital,525.0,0.18153733153278945,4
R1120E,L-occipital,575.0,0.11826044385393791,4
R1120E,L-occipital,625.0,0.1015977126729781,4
R1120E,L-occipital,675.0,0.10662461281431372,4
R1120E,L-occipital,725.0,0.044676146846169926,4
R1120E,L-occipital,775.0,0.05207373706272766,4
R1120E,L-occipital,825.0,0.09623479979367776,4
R1120E,L-occipital,875.0,0.07754776510049312,4
R1120E,L-occipital,925.0,0.03540108256574814,4
R1120E,L-occipital,975.0,0.03813085752627222,4
R1120E,L-occipital,1025.0,0.029705215028828964,4
R1120E,L-occipital,1075.0,0.039272816595042045,4
R1120E,L-occipital,1125.0,0.061047624248982975,4
R1120E,L-occipital,1175.0,0.07024055456009524,4
R1120E,L-occipital,1225.0,0.09599112155390409,4
R1120E,L-occipital,1275.0,0.09501667383982029,4
R1120E,L-occipital,1325.0,0.07157265554600704,4
R1120E,L-occipital,1375.0,0.07216721755774082,4
R1120E,L-occipital,1425.0,0.049795514652565334,4
R1120E,L-occipital,1475.0,0.03856801244646188,4
R1120E,L-occipital,1525.0,-0.015267181427998235,4
R1120E,L-occipital,1575.0,-0.05738206527561078,4
R1120E,L-parietal,25.0,-0.006811676282586383,5
R1120E,L-parietal,75.0,0.009340871523435785,5
R1120E,L-parietal,125.0,-0.013357305665894565,5
R1120E,L-parietal,175.0,-0.03372867510899725,5
R1120E,L-parietal,225.0,0.017624183497845648,5
R1120E,L-parietal,275.0,0.013788248783476478,5
R1120E,L-parietal,325.0,-0.017482792105172125,5
R1120E,L-parietal,375.0,-0.008502452769699714,5
R1120E,L-parietal,425.0,0.049086983840530764,5
R1120E,L-parietal,475.0,0.08126032712724379,5
R1120E,L-parietal,525.0,0.13973086955329242,5
R1120E,L-parietal,575.0,0.1868970630135919,5
R1120E,L-parietal,625.0,0.20231073483784762,5
R1120E,L-parietal,675.0,0.23806349190210668,5
R1120E,L-parietal,725.0,0.2724692323768524,5
R1120E,L-parietal,775.0,0.29262792092077083,5
R1120E,L-parietal,825.0,0.2782363265363395,5
R1120E,L-parietal,875.0,0.29926285030586536,5
R1120E,L-parietal,925.0,0.2960438694770877,5
R1120E,L-parietal,975.0,0.2905654925418418,5
R1120E,L-parietal,1025.0,0.29099611751291365,5
R1120E,L-parietal,1075.0,0.2753116354359816,5
R1120E,L-parietal,1125.0,0.24962750957189583,5
R1120E,L-parietal,1175.0,0.2161656326695308,5
R1120E,L-parietal,1225.0,0.22981753852712222,5
R1120E,L-parietal,1275.0,0.24709804254537193,5
R1120E,L-parietal,1325.0,0.18713132113061862,5
R1120E,L-parietal,1375.0,0.1545410611205496,5
R1120E,L-parietal,1425.0,0.1660788509955008,5
R1120E,L-parietal,1475.0,0.12343940073649859,5
R1120E,L-parietal,1525.0,0.08052005180652524,5
R1120E,L-parietal,1575.0,0.0731950327720783,5
R1120E,L-temporal,25.0,-0.017479803067963064,25
R1120E,L-temporal,75.0,0.09318203782895697,25
R1120E,L-temporal,125.0,0.2702299919556246,25
R1120E,L-temporal,175.0,0.2650929620252494,25
R1120E,L-temporal,225.0,0.2527600168724566,25
R1120E,L-temporal,275.0,0.2390841703759406,25
R1120E,L-temporal,325.0,0.20036250090915544,25
R1120E,L-temporal,375.0,0.1625552786901551,25
R1120E,L-temporal,425.0,0.15651616056653878,25
R1120E,L-temporal,475.0,0.164788709633818,25
R1120E,L-temporal,525.0,0.18417833807690048,25
R1120E,L-temporal,575.0,0.16597080040559453,25
R1120E,L-temporal,625.0,0.14815882076965514,25
R1120E,L-temporal,675.0,0.1488114490543373,25
R1120E,L-temporal,725.0,0.158834042158708,25
R1120E,L-temporal,775.0,0.1713654732920303,25
R1120E,L-temporal,825.0,0.16825945208114607,25
R1120E,L-temporal,875.0,0.1492506004190455,25
R1120E,L-temporal,925.0,0.12307034539444726,25
R1120E,L-temporal,975.0,0.12188337715812353,25
R1120E,L-temporal,1025.0,0.1532124999563633,25
R1120E,L-temporal,1075.0,0.16827752977139807,25
R1120E,L-temporal,1125.0,0.1728232643449106,25
R1120E,L-temporal,1175.0,0.17326701416564544,25
R1120E,L-temporal,1225.0,0.19236981751063303,25
R1120E,L-temporal,1275.0,0.20712953242038412,25
R1120E,L-temporal,1325.0,0.17039665748160043,25
R1120E,L-temporal,1375.0,0.15412352622898115,25
R1120E,L-temporal,1425.0,0.1418980070501391,25
R1120E,L-temporal,1475.0,0.13984317650177544,25
R1120E,L-temporal,1525.0,0.13543138403024016,25
R1120E,L-temporal,1575.0,0.12887471139913376,25
R1120E,R-occipital,25.0,-0.03657748224278788,5
R1120E,R-occipital,75.0,-0.03949992945214944,5
R1120E,R-occipital,125.0,0.048971170897358404,5
R1120E,R-occipital,175.0,0.018057160011530977,5
R1120E,R-occipital,225.0,0.0921972217119138,5
R1120E,R-occipital,275.0,0.11808545538957316,5
R1120E,R-occipital,325.0,0.08655326855724313,5
R1120E,R-occipital,375.0,0.02094607544250954,5
R1120E,R-occipital,425.0,0.04632014489064114,5
R1120E,R-occipital,475.0,0.025300981071785678,5
R1120E,R-occipital,525.0,0.026221867511479056,5
R1120E,R-occipital,575.0,0.06381501642463054,5
R1120E,R-occipital,625.0,0.08063302349139059,5
R1120E,R-occipital,675.0,0.08159107372833235,5
R1120E,R-occipital,725.0,0.06935628612496911,5
R1120E,R-occipital,775.0,0.09712635395638106,5
R1120E,R-occipital,825.0,0.09480740031584921,5
R1120E,R-occipital,875.0,0.10599973807546807,5
R1120E,R-occipital,925.0,0.05414374712837959,5
R1120E,R-occipital,975.0,0.04775704814863822,5
R1120E,R-occipital,1025.0,0.10207357301230716,5
R1120E,R-occipital,1075.0,0.08609267108965765,5
R1120E,R-occipital,1125.0,0.05702497773098799,5
R1120E,R-occipital,1175.0,0.05396533925262674,5
R1120E,R-occipital,1225.0,0.0803589374329647,5
R1120E,R-occipital,1275.0,0.08510233435286046,5
R1120E,R-occipital,1325.0,0.0595377111292472,5
R1120E,R-occipital,1375.0,0.05161462152180603,5
R1120E,R-occipital,1425.0,-0.013500173269390636,5
R1120E,R-occipital,1475.0,0.005958552349082905,5
R1120E,R-occipital,1525.0,0.013143894718976507,5
R1120E,R-occipital,1575.0,-0.03226356084464406,5
R1120E,R-parietal,25.0,0.0027437235559803173,6
R1120E,R-parietal,75.0,0.03642646620142884,6
R1120E,R-parietal,125.0,0.05848056291507705,6
R1120E,R-parietal,175.0,0.03546479389600806,6
R1120E,R-parietal,225.0,0.020552017985944648,6
R1120E,R-parietal,275.0,0.01840801638322624,6
R1120E,R-parietal,325.0,-0.027624648052254817,6
R1120E,R-parietal,375.0,-0.021124726798501543,6
R1120E,R-parietal,425.0,0.02960366072438662,6
R1120E,R-parietal,475.0,0.059048784558648,6
R1120E,R-parietal,525.0,0.0752504390968922,6
R1120E,R-parietal,575.0,0.10221471027018646,6
R1120E,R-parietal,625.0,0.11486952940749208,6
R1120E,R-parietal,675.0,0.1261427886240286,6
R1120E,R-parietal,725.0,0.1518049687462579,6
R1120E,R-parietal,775.0,0.14713174150851907,6
R1120E,R-parietal,825.0,0.14751982541650696,6
R1120E,R-parietal,875.0,0.15412501975943785,6
R1120E,R-parietal,925.0,0.1353912604307024,6
R1120E,R-parietal,975.0,0.12290200066189204,6
R1120E,R-parietal,1025.0,0.10294552554593521,6
R1120E,R-parietal,1075.0,0.10733754386927757,6
R1120E,R-parietal,1125.0,0.16859772097974088,6
R1120E,R-parietal,1175.0,0.15373464869370077,6
R1120E,R-parietal,1225.0,0.11849427921217646,6
R1120E,R-parietal,1275.0,0.14042360149342423,6
R1120E,R-parietal,1325.0,0.12973561657266683,6
R1120E,R-parietal,1375.0,0.13295812038823548,6
R1120E,R-parietal,1425.0,0.1207041972259318,6
R1120E,R-parietal,1475.0,0.14658561300287473,6
R1120E,R-parietal,1525.0,0.09163159221816732,6
R1120E,R-parietal,1575.0,0.07433171773248583,6
R1120E,R-temporal,25.0,-0.03038964511105889,18
R1120E,R-temporal,75.0,-0.03308794815182761,18
R1120E,R-temporal,125.0,0.0454133707597864,18
R1120E,R-temporal,175.0,0.094093791628118,18
R1120E,R-temporal,225.0,0.09478048300199943,18
R1120E,R-temporal,275.0,0.10147656337789837,18
R1120E,R-temporal,325.0,0.05042638174517379,18
R1120E,R-temporal,375.0,0.011753301960718296,18
R1120E,R-temporal,425.0,0.06008938334076471,18
R1120E,R-temporal,475.0,0.06377474478443751,18
R1120E,R-temporal,525.0,0.07189049397510369,18
R1120E,R-temporal,575.0,0.0944826877452889,18
R1120E,R-temporal,625.0,0.12911709501315125,18
R1120E,R-temporal,675.0,0.1231204282281856,18
R1120E,R-temporal,725.0,0.11188205778210551,18
R1120E,R-temporal,775.0,0.15331900090619233,18
R1120E,R-temporal,825.0,0.15333299941846612,18
R1120E,R-temporal,875.0,0.14078138310799138,18
R1120E,R-temporal,925.0,0.12185445583580871,18
R1120E,R-temporal,975.0,0.11328760963492399,18
R1120E,R-temporal,1025.0,0.1383177825937819,18
R1120E,R-temporal,1075.0,0.1687677459607951,18
R1120E,R-temporal,1125.0,0.1525385390555614,18
R1120E,R-temporal,1175.0,0.11120410366009748,18
R1120E,R-temporal,1225.0,0.14458169712308858,18
R1120E,R-temporal,1275.0,0.17515023332739724,18
R1120E,R-temporal,1325.0,0.134657742002007,18
R1120E,R-temporal,1375.0,0.10851621902033246,18
R1120E,R-temporal,1425.0,0.05030606099562562,18
R1120E,R-temporal,1475.0,0.09343741531418417,18
R1120E,R-temporal,1525.0,0.07602587759435121,18
R1120E,R-temporal,1575.0,0.013887029420542292,18
R1123C,L-frontal,25.0,-0.024260446742841044,9
R1123C,L-frontal,75.0,-0.02061717558617907,9
R1123C,L-frontal,125.0,0.011390996251034173,9
R1123C,L-frontal,175.0,0.025792454486150612,9
R1123C,L-frontal,225.0,0.03823130633643541,9
R1123C,L-frontal,275.0,0.050253972635237926,9
R1123C,L-frontal,325.0,0.08738946766884742,9
R1123C,L-frontal,375.0,0.1309757408353416,9
R1123C,L-frontal,425.0,0.13823117352580255,9
R1123C,L-frontal,475.0,0.14484465347710976,9
R1123C,L-frontal,525.0,0.14671093186179768,9
R1123C,L-frontal,575.0,0.1300223506613785,9
R1123C,L-frontal,625.0,0.14649261278907857,9
R1123C,L-frontal,675.0,0.1656569438639589,9
R1123C,L-frontal,725.0,0.1346414610989248,9
R1123C,L-frontal,775.0,0.13677051262493703,9
R1123C,L-frontal,825.0,0.11335877946402564,9
R1123C,L-frontal,875.0,0.08297905434042507,9
R1123C,L-frontal,925.0,0.0886567757194127,9
R1123C,L-frontal,975.0,0.08570790164322407,9
R1123C,L-frontal,1025.0,0.07760079200191272,9
R1123C,L-frontal,1075.0,0.060493633273280625,9
R1123C,L-frontal,1125.0,0.02814794038630283,9
R1123C,L-frontal,1175.0,0.061302031066126,9
R1123C,L-frontal,1225.0,0.057011686639161084,9
R1123C,L-frontal,1275.0,0.05717380002710172,9
R1123C,L-frontal,1325.0,0.05835759695656226,9
R1123C,L-frontal,1375.0,0.04804150350688962,9
R1123C,L-frontal,1425.0,0.04093037366647495,9
R1123C,L-frontal,1475.0,0.027266845408616184,9
R1123C,L-frontal,1525.0,0.02647557492843324,9
R1123C,L-frontal,1575.0,0.051152077107604894,9
R1123C,L-occipital,25.0,0.01679639157217143,26
R1123C,L-occipital,75.0,0.16251697420436523,26
R1123C,L-occipital,125.0,0.31647620358158896,26
R1123C,L-occipital,175.0,0.31179907676439456,26
R1123C,L-occipital,225.0,0.3229214210174532,26
R1123C,L-occipital,275.0,0.3400719514072467,26
R1123C,L-occipital,325.0,0.3250536430902344,26
R1123C,L-occipital,375.0,0.27746500105709415,26
R1123C,L-occipital,425.0,0.25653351072130404,26
R1123C,L-occipital,475.0,0.2248205635482479,26
R1123C,L-occipital,525.0,0.18988855536772042,26
R1123C,L-occipital,575.0,0.16128401880265206,26
R1123C,L-occipital,625.0,0.1736800191089966,26
R1123C,L-occipital,675.0,0.18298614751594708,26
R1123C,L-occipital,725.0,0.17766343404675317,26
R1123C,L-occipital,775.0,0.19305172467982323,26
R1123C,L-occipital,825.0,0.1913646924919383,26
R1123C,L-occipital,875.0,0.19726713314230115,26
R1123C,L-occipital,925.0,0.19390339885164048,26
R1123C,L-occipital,975.0,0.19619558938185586,26
R1123C,L-occipital,1025.0,0.16611765903594125,26
R1123C,L-occipital,1075.0,0.13313353799509964,26
R1123C,L-occipital,1125.0,0.13269116680150708,26
R1123C,L-occipital,1175.0,0.1374401434439896,26
R1123C,L-occipital,1225.0,0.10806699833526781,26
R1123C,L-occipital,1275.0,0.09823323589165013,26
R1123C,L-occipital,1325.0,0.09035559487563308,26
R1123C,L-occipital,1375.0,0.09220349596079527,26
R1123C,L-occipital,1425.0,0.09963187068162882,26
R1123C,L-occipital,1475.0,0.10181983108596653,26
R1123C,L-occipital,1525.0,0.08368121819068185,26
R1123C,L-occipital,1575.0,0.09213205337950583,26
R1123C,L-temporal,25.0,-0.007073054900169964,10
R1123C,L-temporal,75.0,0.003500439518203474,10
R1123C,L-temporal,125.0,0.05217602595746357,10
R1123C,L-temporal,175.0,0.1125463989893076,10
R1123C,L-temporal,225.0,0.16585130652935992,10
R1123C,L-temporal,275.0,0.20546780519193644,10
R1123C,L-temporal,325.0,0.20873674293139532,10
R1123C,L-temporal,375.0,0.18965258545155125,10
R1123C,L-temporal,425.0,0.1749425987592327,10
R1123C,L-temporal,475.0,0.14357493381405498,10
R1123C,L-temporal,525.0,0.11580692106322113,10
R1123C,L-temporal,575.0,0.10563368142937994,10
R1123C,L-temporal,625.0,0.1117136572878518,10
R1123C,L-temporal,675.0,0.10901821167232935,10
R1123C,L-temporal,725.0,0.1024680870837151,10
R1123C,L-temporal,775.0,0.09791612396528915,10
R1123C,L-temporal,825.0,0.06608857845296914,10
R1123C,L-temporal,875.0,0.06896317887403279,10
R1123C,L-temporal,925.0,0.06635002231438034,10
R1123C,L-temporal,975.0,0.06861164865878336,10
R1123C,L-temporal,1025.0,0.025315706535979053,10
R1123C,L-temporal,1075.0,0.004564468652044715,10
R1123C,L-temporal,1125.0,0.018557600304538735,10
R1123C,L-temporal,1175.0,0.0373609477434846,10
R1123C,L-temporal,1225.0,0.04093520846476859,10
R1123C,L-temporal,1275.0,0.04923802084349216,10
R1123C,L-temporal,1325.0,0.026197454735822013,10
R1123C,L-temporal,1375.0,0.01548705421111797,10
R1123C,L-temporal,1425.0,0.0294619079295211,10
R1123C,L-temporal,1475.0,0.039323669822889436,10
R1123C,L-temporal,1525.0,0.04289925636554877,10
R1123C,L-temporal,1575.0,0.03274711574873168,10
R1127P,R-frontal,25.0,0.025234569729082137,7
R1127P,R-frontal,75.0,0.01446178641766183,7
R1127P,R-frontal,125.0,0.051201833547845244,7
R1127P,R-frontal,175.0,0.17454604247646552,7
R1127P,R-frontal,225.0,0.1664109634686392,7
R1127P,R-frontal,275.0,0.08949552896697477,7
R1127P,R-frontal,325.0,0.13470549877790086,7
R1127P,R-frontal,375.0,0.12724539148147668,7
R1127P,R-frontal,425.0,0.11965796107702363,7
R1127P,R-frontal,475.0,0.16817465430651776,7
R1127P,R-frontal,525.0,0.16160287462687767,7
R1127P,R-frontal,575.0,0.11444341238192075,7
R1127P,R-frontal,625.0,0.14908882870074167,7
R1127P,R-frontal,675.0,0.1670967639131867,7
R1127P,R-frontal,725.0,0.1342865306774602,7
R1127P,R-frontal,775.0,0.1269945625735721,7
R1127P,R-frontal,825.0,0.13665565571161692,7
R1127P,R-frontal,875.0,0.1410431350112339,7
R1127P,R-frontal,925.0,0.1510555103306455,7
R1127P,R-frontal,975.0,0.10714473411405485,7
R1127P,R-frontal,1025.0,0.07989797497262055,7
R1127P,R-frontal,1075.0,0.07484065635438455,7
R1127P,R-frontal,1125.0,0.04447839293533589,7
R1127P,R-frontal,1175.0,0.0770711499144765,7
R1127P,R-frontal,1225.0,0.11036131060671603,7
R1127P,R-frontal,1275.0,0.07305539252792534,7
R1127P,R-frontal,1325.0,0.042088594947958656,7
R1127P,R-frontal,1375.0,0.02685227277285327,7
R1127P,R-frontal,1425.0,-0.007709969614061624,7
R1127P,R-frontal,1475.0,0.012786242337443101,7
R1127P,R-frontal,1525.0,0.03647565830144773,7
R1127P,R-frontal,1575.0,0.0261053592356126,7
R1127P,R-parietal,25.0,0.005069171262448237,3
R1127P,R-parietal,75.0,0.005342497953864729,3
R1127P,R-parietal,125.0,0.049820781520473194,3
R1127P,R-parietal,175.0,0.016498926016876258,3
R1127P,R-parietal,225.0,0.006779008154473455,3
R1127P,R-parietal,275.0,0.028389953237997107,3
R1127P,R-parietal,325.0,0.054250281550450065,3
R1127P,R-parietal,375.0,0.032927947026252104,3
R1127P,R-parietal,425.0,0.02017349041236542,3
R1127P,R-parietal,475.0,-0.005865415905140836,3
R1127P,R-parietal,525.0,-0.06711438264706045,3
R1127P,R-parietal,575.0,-0.09321534633840563,3
R1127P,R-parietal,625.0,-0.13066926210018306,3
R1127P,R-parietal,675.0,-0.1247079478026553,3
R1127P,R-parietal,725.0,-0.07931093516672878,3
R1127P,R-parietal,775.0,-0.04395588142984589,3
R1127P,R-parietal,825.0,0.005672202750803768,3
R1127P,R-parietal,875.0,0.02257333960755989,3
R1127P,R-parietal,925.0,0.003057052132887983,3
R1127P,R-parietal,975.0,-0.0713560051415484,3
R1127P,R-parietal,1025.0,-0.10602579858659295,3
R1127P,R-parietal,1075.0,-0.09234396390473809,3
R1127P,R-parietal,1125.0,-0.08809455863155491,3
R1127P,R-parietal,1175.0,-0.05510552205716938,3
R1127P,R-parietal,1225.0,-0.030876989986273546,3
R1127P,R-parietal,1275.0,-0.08670572977545898,3
R1127P,R-parietal,1325.0,-0.09647342821690363,3
R1127P,R-parietal,1375.0,-0.13067124267041857,3
R1127P,R-parietal,1425.0,-0.09199401485610763,3
R1127P,R-parietal,1475.0,-0.0487156958521531,3
R1127P,R-parietal,1525.0,-0.028000192955291478,3
R1127P,R-parietal,1575.0,-0.013233634961303642,3
R1128E,R-frontal,25.0,-0.03900316553857843,6
R1128E,R-frontal,75.0,-0.04102461483655066,6
R1128E,R-frontal,125.0,-0.0058774143579737315,6
R1128E,R-frontal,175.0,0.0032357848142485768,6
R1128E,R-frontal,225.0,-0.040595756903238044,6
R1128E,R-frontal,275.0,-0.046365146602126255,6
R1128E,R-frontal,325.0,-0.062293285215850806,6
R1128E,R-frontal,375.0,-0.09792199624999033,6
R1128E,R-frontal,425.0,-0.08127463011850032,6
R1128E,R-frontal,475.0,-0.05867668830840194,6
R1128E,R-frontal,525.0,-0.10304124764083722,6
R1128E,R-frontal,575.0,-0.09643570546792,6
R1128E,R-frontal,625.0,-0.11308726935348251,6
R1128E,R-frontal,675.0,-0.07323700248715127,6
R1128E,R-frontal,725.0,-0.08569548698182987,6
R1128E,R-frontal,775.0,-0.09308608789663105,6
R1128E,R-frontal,825.0,-0.08969987987888471,6
R1128E,R-frontal,875.0,-0.07682213021599009,6
R1128E,R-frontal,925.0,-0.10636439709327065,6
R1128E,R-frontal,975.0,-0.05657402756561628,6
R1128E,R-frontal,1025.0,-0.06307765616015847,6
R1128E,R-frontal,1075.0,-0.052117295020469044,6
R1128E,R-frontal,1125.0,-0.059153109528370544,6
R1128E,R-frontal,1175.0,-0.07193776835231346,6
R1128E,R-frontal,1225.0,-0.08765494263843661,6
R1128E,R-frontal,1275.0,-0.11231669153229257,6
R1128E,R-frontal,1325.0,-0.10189722280729202,6
R1128E,R-frontal,1375.0,-0.09340927780576286,6
R1128E,R-frontal,1425.0,-0.09904015527074668,6
R1128E,R-frontal,1475.0,-0.05635785480805714,6
R1128E,R-frontal,1525.0,-0.022126796621763065,6
R1128E,R-frontal,1575.0,-0.01821882319654236,6
R1128E,R-occipital,25.0,0.03498351232143442,4
R1128E,R-occipital,75.0,0.26083898038843245,4
R1128E,R-occipital,125.0,0.49779996678145944,4
R1128E,R-occipital,175.0,0.40100876017826187,4
R1128E,R-occipital,225.0,0.21417350336612173,4
R1128E,R-occipital,275.0,0.1072368200475404,4
R1128E,R-occipital,325.0,0.03289290673123178,4
R1128E,R-occipital,375.0,-0.012733901142451789,4
R1128E,R-occipital,425.0,-0.05480602453099704,4
R1128E,R-occipital,475.0,-0.0661874635394556,4
R1128E,R-occipital,525.0,-0.04509163152534128,4
R1128E,R-occipital,575.0,-0.05160081830496843,4
R1128E,R-occipital,625.0,-0.053789448675933674,4
R1128E,R-occipital,675.0,-0.0517662371204,4
R1128E,R-occipital,725.0,-0.07344585143364826,4
R1128E,R-occipital,775.0,-0.06562817890896074,4
R1128E,R-occipital,825.0,0.010819107702954519,4
R1128E,R-occipital,875.0,0.046303092096491964,4
R1128E,R-occipital,925.0,0.00916833265205852,4
R1128E,R-occipital,975.0,-0.014915656968932725,4
R1128E,R-occipital,1025.0,-0.017133127515640098,4
R1128E,R-occipital,1075.0,-0.001972030204259498,4
R1128E,R-occipital,1125.0,-0.011533900442451249,4
R1128E,R-occipital,1175.0,-0.025120426506411865,4
R1128E,R-occipital,1225.0,-0.028661001917105258,4
R1128E,R-occipital,1275.0,-0.07967778932586733,4
R1128E,R-occipital,1325.0,-0.08088687842547308,4
R1128E,R-occipital,1375.0,-0.08076297715209213,4
R1128E,R-occipital,1425.0,-0.04909969979917974,4
R1128E,R-occipital,1475.0,-0.026609332950953562,4
R1128E,R-occipital,1525.0,-0.02256478582869253,4
R1128E,R-occipital,1575.0,-0.023970290917097896,4
R1128E,R-parietal,25.0,-0.07757761732092983,6
R1128E,R-parietal,75.0,-0.07766737102921957,6
R1128E,R-parietal,125.0,-0.04407467456749515,6
R1128E,R-parietal,175.0,-0.05313396938106311,6
R1128E,R-parietal,225.0,-0.08020646844550564,6
R1128E,R-parietal,275.0,-0.11366417298964189,6
R1128E,R-parietal,325.0,-0.10420613940460549,6
R1128E,R-parietal,375.0,-0.12203425835103575,6
R1128E,R-parietal,425.0,-0.14535020417462205,6
R1128E,R-parietal,475.0,-0.1455275726282427,6
R1128E,R-parietal,525.0,-0.2059800582586896,6
R1128E,R-parietal,575.0,-0.1514204120953506,6
R1128E,R-parietal,625.0,-0.15416340352212246,6
R1128E,R-parietal,675.0,-0.19126004351577588,6
R1128E,R-parietal,725.0,-0.11487091070880194,6
R1128E,R-parietal,775.0,-0.06938622130796193,6
R1128E,R-parietal,825.0,-0.13323183515666615,6
R1128E,R-parietal,875.0,-0.13711136580714636,6
R1128E,R-parietal,925.0,-0.13315668760321445,6
R1128E,R-parietal,975.0,-0.19468680426381071,6
R1128E,R-parietal,1025.0,-0.1920030554822548,6
R1128E,R-parietal,1075.0,-0.1305412510307158,6
R1128E,R-parietal,1125.0,-0.10850463022723178,6
R1128E,R-parietal,1175.0,-0.08975468374791444,6
R1128E,R-parietal,1225.0,-0.09010273856254898,6
R1128E,R-parietal,1275.0,-0.106172260791496,6
R1128E,R-parietal,1325.0,-0.11787487568299676,6
R1128E,R-parietal,1375.0,-0.07934434774940258,6
R1128E,R-parietal,1425.0,-0.08126257971952887,6
R1128E,R-parietal,1475.0,-0.1147354022920307,6
R1128E,R-parietal,1525.0,-0.161204475075903,6
R1128E,R-parietal,1575.0,-0.11377785477802645,6
R1128E,R-temporal,25.0,0.0022612409146165954,10
R1128E,R-temporal,75.0,0.001780175274471016,10
R1128E,R-temporal,125.0,0.0504264190662686,10
R1128E,R-temporal,175.0,0.12286335817144238,10
R1128E,R-temporal,225.0,0.09423081661254118,10
R1128E,R-temporal,275.0,0.06722052420280109,10
R1128E,R-temporal,325.0,0.04499967846470707,10
R1128E,R-temporal,375.0,0.027409004244222573,10
R1128E,R-temporal,425.0,0.01570913791414651,10
R1128E,R-temporal,475.0,0.014381581326353532,10
R1128E,R-temporal,525.0,0.0077810318263391,10
R1128E,R-temporal,575.0,-0.025135161422170937,10
R1128E,R-temporal,625.0,-0.07534952950429094,10
R1128E,R-temporal,675.0,-0.07956508889428904,10
R1128E,R-temporal,725.0,-0.09885757546896819,10
R1128E,R-temporal,775.0,-0.11028403333131828,10
R1128E,R-temporal,825.0,-0.09009793008767455,10
R1128E,R-temporal,875.0,-0.09527532708689314,10
R1128E,R-temporal,925.0,-0.0847978923332372,10
R1128E,R-temporal,975.0,-0.06204398193017542,10
R1128E,R-temporal,1025.0,0.012292751060252318,10
R1128E,R-temporal,1075.0,-0.013069543938904069,10
R1128E,R-temporal,1125.0,-0.0002673607226166996,10
R1128E,R-temporal,1175.0,0.009009143478511436,10
R1128E,R-temporal,1225.0,0.008515394157857004,10
R1128E,R-temporal,1275.0,-0.03488113547254506,10
R1128E,R-temporal,1325.0,-0.06604202223148442,10
R1128E,R-temporal,1375.0,-0.026857397996601296,10
R1128E,R-temporal,1425.0,-0.014910563556213985,10
R1128E,R-temporal,1475.0,-0.02200105225990659,10
R1128E,R-temporal,1525.0,7.733779380108829e-05,10
R1128E,R-temporal,1575.0,-0.006366988602646864,10
R1135E,R-frontal,25.0,0.0260622412565236,18
R1135E,R-frontal,75.0,0.01852536251670059,18
R1135E,R-frontal,125.0,0.030126797733042845,18
R1135E,R-frontal,175.0,0.05561209876510845,18
R1135E,R-frontal,225.0,0.049703194633107343,18
R1135E,R-frontal,275.0,0.024579690167107218,18
R1135E,R-frontal,325.0,-0.0038351317282467323,18
R1135E,R-frontal,375.0,-0.011826619996250683,18
R1135E,R-frontal,425.0,-0.009322074341676327,18
R1135E,R-frontal,475.0,-0.010879878356945075,18
R1135E,R-frontal,525.0,0.0037525926281585867,18
R1135E,R-frontal,575.0,0.0076721137239611475,18
R1135E,R-frontal,625.0,0.013307389260744366,18
R1135E,R-frontal,675.0,0.017615641760003787,18
R1135E,R-frontal,725.0,0.021412396026941637,18
R1135E,R-frontal,775.0,0.024437239497860284,18
R1135E,R-frontal,825.0,0.020696999242749647,18
R1135E,R-frontal,875.0,0.007895109319910028,18
R1135E,R-frontal,925.0,0.014935459259049877,18
R1135E,R-frontal,975.0,0.008859999962671576,18
R1135E,R-frontal,1025.0,0.016398081159925377,18
R1135E,R-frontal,1075.0,0.008369842297862294,18
R1135E,R-frontal,1125.0,-0.0008134457468259073,18
R1135E,R-frontal,1175.0,0.0033495562995823243,18
R1135E,R-frontal,1225.0,0.010539681243071026,18
R1135E,R-frontal,1275.0,0.01438432938610771,18
R1135E,R-frontal,1325.0,0.0038514497709548536,18
R1135E,R-frontal,1375.0,0.01759104142366829,18
R1135E,R-frontal,1425.0,0.018851947117263894,18
R1135E,R-frontal,1475.0,0.010381920293647854,18
R1135E,R-frontal,1525.0,0.0019262561751929178,18
R1135E,R-frontal,1575.0,-0.01554409879824276,18
R1135E,R-occipital,25.0,0.25023487612639955,6
R1135E,R-occipital,75.0,0.8099035479843764,6
R1135E,R-occipital,125.0,1.2994476833267246,6
R1135E,R-occipital,175.0,1.1084678462848574,6
R1135E,R-occipital,225.0,0.4287177670214401,6
R1135E,R-occipital,275.0,0.26546432145469895,6
R1135E,R-occipital,325.0,0.4522401084536966,6
R1135E,R-occipital,375.0,0.6077006252283869,6
R1135E,R-occipital,425.0,0.6191566111177679,6
R1135E,R-occipital,475.0,0.5742596942544272,6
R1135E,R-occipital,525.0,0.5417402347038374,6
R1135E,R-occipital,575.0,0.5488766844945407,6
R1135E,R-occipital,625.0,0.5290761493638528,6
R1135E,R-occipital,675.0,0.46832092479188736,6
R1135E,R-occipital,725.0,0.40165063757882286,6
R1135E,R-occipital,775.0,0.3534864947650281,6
R1135E,R-occipital,825.0,0.31455616714164114,6
R1135E,R-occipital,875.0,0.3000666214722541,6
R1135E,R-occipital,925.0,0.3018425062939667,6
R1135E,R-occipital,975.0,0.30491737954636433,6
R1135E,R-occipital,1025.0,0.29695613500384804,6
R1135E,R-occipital,1075.0,0.29270670442956453,6
R1135E,R-occipital,1125.0,0.2690042004022584,6
R1135E,R-occipital,1175.0,0.2678075679092319,6
R1135E,R-occipital,1225.0,0.27467164308488956,6
R1135E,R-occipital,1275.0,0.26935384807619406,6
R1135E,R-occipital,1325.0,0.2824782119026373,6
R1135E,R-occipital,1375.0,0.2941254967055842,6
R1135E,R-occipital,1425.0,0.28811823817021404,6
R1135E,R-occipital,1475.0,0.2920451657106195,6
R1135E,R-occipital,1525.0,0.2777039890614805,6
R1135E,R-occipital,1575.0,0.271403738850426,6
R1135E,R-parietal,25.0,0.018544337316280555,9
R1135E,R-parietal,75.0,0.039783484433545166,9
R1135E,R-parietal,125.0,0.08041416384364791,9
R1135E,R-parietal,175.0,0.08564373646626926,9
R1135E,R-parietal,225.0,0.06697427506444571,9
R1135E,R-parietal,275.0,0.03212325303176603,9
R1135E,R-parietal,325.0,0.013228329923588189,9
R1135E,R-parietal,375.0,0.015926269020425807,9
R1135E,R-parietal,425.0,0.025633138303568847,9
R1135E,R-parietal,475.0,0.005821667117696395,9
R1135E,R-parietal,525.0,-0.031200183474076968,9
R1135E,R-parietal,575.0,-0.028928929228532692,9
R1135E,R-parietal,625.0,-0.028345310143819285,9
R1135E,R-parietal,675.0,-0.05260279673448264,9
R1135E,R-parietal,725.0,-0.07372694355840312,9
R1135E,R-parietal,775.0,-0.07656434584949165,9
R1135E,R-parietal,825.0,-0.0854408930080994,9
R1135E,R-parietal,875.0,-0.08036917316153463,9
R1135E,R-parietal,925.0,-0.10819922650971492,9
R1135E,R-parietal,975.0,-0.12904781698990397,9
R1135E,R-parietal,1025.0,-0.1214976653219534,9
R1135E,R-parietal,1075.0,-0.16053914514446402,9
R1135E,R-parietal,1125.0,-0.1359260476831264,9
R1135E,R-parietal,1175.0,-0.07683694127805213,9
R1135E,R-parietal,1225.0,-0.07047715757464755,9
R1135E,R-parietal,1275.0,-0.05583889972872447,9
R1135E,R-parietal,1325.0,-0.04730177562558971,9
R1135E,R-parietal,1375.0,-0.041854544741882306,9
R1135E,R-parietal,1425.0,-0.06463702289256727,9
R1135E,R-parietal,1475.0,-0.08596117144588761,9
R1135E,R-parietal,1525.0,-0.07933712004115784,9
R1135E,R-parietal,1575.0,-0.07767280266077828,9
R1135E,R-temporal,25.0,-0.004891712572159694,7
R1135E,R-temporal,75.0,-0.03404936640419094,7
R1135E,R-temporal,125.0,-0.0581757741985049,7
R1135E,R-temporal,175.0,-0.03989775686196882,7
R1135E,R-temporal,225.0,-0.06889011034427713,7
R1135E,R-temporal,275.0,-0.06900156820894043,7
R1135E,R-temporal,325.0,-0.0837194135909366,7
R1135E,R-temporal,375.0,-0.05000963614856221,7
R1135E,R-temporal,425.0,-0.024173214686099224,7
R1135E,R-temporal,475.0,-0.034216667093594666,7
R1135E,R-temporal,525.0,-0.05165986619354445,7
R1135E,R-temporal,575.0,-0.044835036600623934,7
R1135E,R-temporal,625.0,-0.026881291068080244,7
R1135E,R-temporal,675.0,-0.01577543179115181,7
R1135E,R-temporal,725.0,-0.0008230323162212608,7
R1135E,R-temporal,775.0,-0.010676836249178449,7
R1135E,R-temporal,825.0,-0.01690373182126608,7
R1135E,R-temporal,875.0,0.009278675686443557,7
R1135E,R-temporal,925.0,-0.016925825801283816,7
R1135E,R-temporal,975.0,-0.04407881522979773,7
R1135E,R-temporal,1025.0,-0.04131078153260093,7
R1135E,R-temporal,1075.0,-0.025981425632427658,7
R1135E,R-temporal,1125.0,0.018492358618022738,7
R1135E,R-temporal,1175.0,-0.006322660670421502,7
R1135E,R-temporal,1225.0,-0.03184177567753385,7
R1135E,R-temporal,1275.0,-0.00839251988657194,7
R1135E,R-temporal,1325.0,-0.014290202261320729,7
R1135E,R-temporal,1375.0,-0.01598900765954265,7
R1135E,R-temporal,1425.0,-0.01469158881211489,7
R1135E,R-temporal,1475.0,-0.035883276847753755,7
R1135E,R-temporal,1525.0,-0.033953459866848536,7
R1135E,R-temporal,1575.0,-0.0482111666177691,7
R1136N,L-occipital,25.0,0.0699479736381251,4
R1136N,L-occipital,75.0,0.28968078503151007,4
R1136N,L-occipital,125.0,0.8177593181401387,4
R1136N,L-occipital,175.0,1.1210639455025027,4
R1136N,L-occipital,225.0,1.1039602093870702,4
R1136N,L-occipital,275.0,1.0760699094383677,4
R1136N,L-occipital,325.0,0.993994195696482,4
R1136N,L-occipital,375.0,0.8897648088874661,4
R1136N,L-occipital,425.0,0.8501373491967605,4
R1136N,L-occipital,475.0,0.7799475940222251,4
R1136N,L-occipital,525.0,0.6861230217857858,4
R1136N,L-occipital,575.0,0.6299799591092395,4
R1136N,L-occipital,625.0,0.5115759646155869,4
R1136N,L-occipital,675.0,0.3423139544540658,4
R1136N,L-occipital,725.0,0.24089639680449337,4
R1136N,L-occipital,775.0,0.22697876075697676,4
R1136N,L-occipital,825.0,0.2176677388969204,4
R1136N,L-occipital,875.0,0.21767490270404047,4
R1136N,L-occipital,925.0,0.20957343034544007,4
R1136N,L-occipital,975.0,0.20630940944774073,4
R1136N,L-occipital,1025.0,0.20049312440755174,4
R1136N,L-occipital,1075.0,0.1881420543449345,4
R1136N,L-occipital,1125.0,0.15763791732651447,4
R1136N,L-occipital,1175.0,0.13895973903284967,4
R1136N,L-occipital,1225.0,0.08946931257184745,4
R1136N,L-occipital,1275.0,0.07537035708148494,4
R1136N,L-occipital,1325.0,0.04448247956780659,4
R1136N,L-occipital,1375.0,0.059349193791327304,4
R1136N,L-occipital,1425.0,0.055860202738469276,4
R1136N,L-occipital,1475.0,0.050897251894793584,4
R1136N,L-occipital,1525.0,0.062400309244603866,4
R1136N,L-occipital,1575.0,0.07120419900824454,4
R1137E,L-frontal,25.0,-0.06543524348367649,15
R1137E,L-frontal,75.0,-0.09274130492812457,15
R1137E,L-frontal,125.0,-0.1395194698986448,15
R1137E,L-frontal,175.0,-0.08425104266204518,15
R1137E,L-frontal,225.0,-0.0785428136729311,15
R1137E,L-frontal,275.0,-0.11194076036370827,15
R1137E,L-frontal,325.0,-0.1162224184169856,15
R1137E,L-frontal,375.0,-0.11090228897580594,15
R1137E,L-frontal,425.0,-0.16713136588388966,15
R1137E,L-frontal,475.0,-0.17402482685506257,15
R1137E,L-frontal,525.0,-0.18093804293956073,15
R1137E,L-frontal,575.0,-0.17375085822517333,15
R1137E,L-frontal,625.0,-0.17343486351867357,15
R1137E,L-frontal,675.0,-0.14651261201140428,15
R1137E,L-frontal,725.0,-0.13353265684079266,15
R1137E,L-frontal,775.0,-0.1405450867457736,15
R1137E,L-frontal,825.0,-0.14349383296739734,15
R1137E,L-frontal,875.0,-0.11960320619119,15
R1137E,L-frontal,925.0,-0.13206462603240882,15
R1137E,L-frontal,975.0,-0.11769193326306357,15
R1137E,L-frontal,1025.0,-0.10180351292183015,15
R1137E,L-frontal,1075.0,-0.11037111398966579,15
R1137E,L-frontal,1125.0,-0.1420153925530234,15
R1137E,L-frontal,1175.0,-0.12208492949297928,15
R1137E,L-frontal,1225.0,-0.1203012566232245,15
R1137E,L-frontal,1275.0,-0.1309136018198663,15
R1137E,L-frontal,1325.0,-0.11727102275719999,15
R1137E,L-frontal,1375.0,-0.10451738554976006,15
R1137E,L-frontal,1425.0,-0.12367552970882012,15
R1137E,L-frontal,1475.0,-0.09171140096303729,15
R1137E,L-frontal,1525.0,-0.07431500284631923,15
R1137E,L-frontal,1575.0,-0.05871875464094553,15
R1137E,L-temporal,25.0,-0.07953566856860267,11
R1137E,L-temporal,75.0,-0.09841627977686591,11
R1137E,L-temporal,125.0,-0.1415014873261734,11
R1137E,L-temporal,175.0,-0.06826901101740156,11
R1137E,L-temporal,225.0,-0.0743780166899277,11
R1137E,L-temporal,275.0,-0.08130678306688263,11
R1137E,L-temporal,325.0,-0.055364696237282775,11
R1137E,L-temporal,375.0,-0.07782917946590784,11
R1137E,L-temporal,425.0,-0.0977507967557366,11
R1137E,L-temporal,475.0,-0.10949324764343715,11
R1137E,L-temporal,525.0,-0.11143433945975657,11
R1137E,L-temporal,575.0,-0.10714116036220052,11
R1137E,L-temporal,625.0,-0.14069825329452026,11
R1137E,L-temporal,675.0,-0.11747988563590779,11
R1137E,L-temporal,725.0,-0.09900762997542127,11
R1137E,L-temporal,775.0,-0.11130438904283521,11
R1137E,L-temporal,825.0,-0.08494952914698185,11
R1137E,L-temporal,875.0,-0.053052401996294775,11
R1137E,L-temporal,925.0,-0.09033283512314245,11
R1137E,L-temporal,975.0,-0.10193063063546087,11
R1137E,L-temporal,1025.0,-0.06752542077460325,11
R1137E,L-temporal,1075.0,-0.08371885385763671,11
R1137E,L-temporal,1125.0,-0.10685252057212939,11
R1137E,L-temporal,1175.0,-0.09881016984891372,11
R1137E,L-temporal,1225.0,-0.09531283287880239,11
R1137E,L-temporal,1275.0,-0.1016398066155315,11
R1137E,L-temporal,1325.0,-0.10023392022077114,11
R1137E,L-temporal,1375.0,-0.07531329154811171,11
R1137E,L-temporal,1425.0,-0.08711200189891777,11
R1137E,L-temporal,1475.0,-0.06463193658639106,11
R1137E,L-temporal,1525.0,-0.0470668644927062,11
R1137E,L-temporal,1575.0,-0.041360664928679555,11
R1138T,L-frontal,25.0,-0.06541388148047832,3
R1138T,L-frontal,75.0,-0.07661630379742651,3
R1138T,L-frontal,125.0,-0.07330115873699733,3
R1138T,L-frontal,175.0,-0.0701619433261612,3
R1138T,L-frontal,225.0,-0.0605974695794646,3
R1138T,L-frontal,275.0,-0.03709525674537486,3
R1138T,L-frontal,325.0,-0.048256832030047436,3
R1138T,L-frontal,375.0,-0.03378750655106569,3
R1138T,L-frontal,425.0,-0.02705231367833343,3
R1138T,L-frontal,475.0,0.03396574777575527,3
R1138T,L-frontal,525.0,0.012389398785150755,3
R1138T,L-frontal,575.0,-0.007516739782460938,3
R1138T,L-frontal,625.0,0.0452145075844162,3
R1138T,L-frontal,675.0,0.04012326704099083,3
R1138T,L-frontal,725.0,0.009544774584338014,3
R1138T,L-frontal,775.0,0.0333722489711687,3
R1138T,L-frontal,825.0,0.02790858460073158,3
R1138T,L-frontal,875.0,-0.048090642810920535,3
R1138T,L-frontal,925.0,0.0012874457374944467,3
R1138T,L-frontal,975.0,-0.026251096434082643,3
R1138T,L-frontal,1025.0,-0.051030103728546,3
R1138T,L-frontal,1075.0,-0.05630399976225579,3
R1138T,L-frontal,1125.0,-0.051235628608081056,3
R1138T,L-frontal,1175.0,-0.05206813641400032,3
R1138T,L-frontal,1225.0,-0.06895449309248526,3
R1138T,L-frontal,1275.0,0.011717854498084282,3
R1138T,L-frontal,1325.0,-0.014722818722838725,3
R1138T,L-frontal,1375.0,-0.03620582385986959,3
R1138T,L-frontal,1425.0,-0.006817787621989956,3
R1138T,L-frontal,1475.0,-0.006971517955372745,3
R1138T,L-frontal,1525.0,7.538547892748462e-05,3
R1138T,L-frontal,1575.0,0.006653863244874311,3
R1138T,L-occipital,25.0,-0.007051169330171518,4
R1138T,L-occipital,75.0,-0.001082828635558697,4
R1138T,L-occipital,125.0,0.09326945776405357,4
R1138T,L-occipital,175.0,0.22052329616278074,4
R1138T,L-occipital,225.0,0.24795669714446675,4
R1138T,L-occipital,275.0,0.20440666701748822,4
R1138T,L-occipital,325.0,0.14321452262203344,4
R1138T,L-occipital,375.0,0.0904559683927784,4
R1138T,L-occipital,425.0,0.07827703777451481,4
R1138T,L-occipital,475.0,0.06457060489123966,4
R1138T,L-occipital,525.0,0.07528181625588044,4
R1138T,L-occipital,575.0,0.014349620521898265,4
R1138T,L-occipital,625.0,0.07642392036423146,4
R1138T,L-occipital,675.0,0.09370359963237428,4
R1138T,L-occipital,725.0,0.09000686518926954,4
R1138T,L-occipital,775.0,0.19424851455284478,4
R1138T,L-occipital,825.0,0.18712851138959083,4
R1138T,L-occipital,875.0,0.09565586624238413,4
R1138T,L-occipital,925.0,0.10592271513575668,4
R1138T,L-occipital,975.0,0.056805470306916656,4
R1138T,L-occipital,1025.0,0.021770539920918673,4
R1138T,L-occipital,1075.0,0.08493555142268039,4
R1138T,L-occipital,1125.0,0.13709160386854422,4
R1138T,L-occipital,1175.0,0.12314778627964898,4
R1138T,L-occipital,1225.0,0.07502895420267534,4
R1138T,L-occipital,1275.0,0.09220906850016136,4
R1138T,L-occipital,1325.0,0.08235523957171635,4
R1138T,L-occipital,1375.0,0.05121347042377509,4
R1138T,L-occipital,1425.0,0.12064524809733981,4
R1138T,L-occipital,1475.0,0.13671615756113223,4
R1138T,L-occipital,1525.0,0.1065043336507391,4
R1138T,L-occipital,1575.0,0.05461351562867168,4
R1138T,L-parietal,25.0,-0.03541913096887894,4
R1138T,L-parietal,75.0,0.08400087495862449,4
R1138T,L-parietal,125.0,0.35020849595103243,4
R1138T,L-parietal,175.0,0.40971847811882073,4
R1138T,L-parietal,225.0,0.3335091042836921,4
R1138T,L-parietal,275.0,0.38577046454656994,4
R1138T,L-parietal,325.0,0.3426044443778393,4
R1138T,L-parietal,375.0,0.2531174479034594,4
R1138T,L-parietal,425.0,0.26077501750047294,4
R1138T,L-parietal,475.0,0.21401027407204587,4
R1138T,L-parietal,525.0,0.16198738090772186,4
R1138T,L-parietal,575.0,0.1376607407970316,4
R1138T,L-parietal,625.0,0.10325086528611271,4
R1138T,L-parietal,675.0,0.052944551201882455,4
R1138T,L-parietal,725.0,0.057476492027722474,4
R1138T,L-parietal,775.0,0.12914644618223778,4
R1138T,L-parietal,825.0,0.13403157510924152,4
R1138T,L-parietal,875.0,0.08964337281684764,4
R1138T,L-parietal,925.0,0.05739326357385437,4
R1138T,L-parietal,975.0,0.04212225814116963,4
R1138T,L-parietal,1025.0,0.026115755629415798,4
R1138T,L-parietal,1075.0,0.06880238903313003,4
R1138T,L-parietal,1125.0,0.0466377040118823,4
R1138T,L-parietal,1175.0,0.09123810522720069,4
R1138T,L-parietal,1225.0,0.028020072215329848,4
R1138T,L-parietal,1275.0,0.019267748806294612,4
R1138T,L-parietal,1325.0,0.0031320680022861236,4
R1138T,L-parietal,1375.0,-0.04168064275246833,4
R1138T,L-parietal,1425.0,-0.013761192500463358,4
R1138T,L-parietal,1475.0,-0.06043236339437433,4
R1138T,L-parietal,1525.0,-0.10859693038557608,4
R1138T,L-parietal,1575.0,-0.08042834290930448,4
R1138T,L-temporal,25.0,0.01796628683861259,18
R1138T,L-temporal,75.0,0.002236744151460966,18
R1138T,L-temporal,125.0,0.02125935966033996,18
R1138T,L-temporal,175.0,0.03932056058935945,18
R1138T,L-temporal,225.0,0.08310133300900777,18
R1138T,L-temporal,275.0,0.09241040804921258,18
R1138T,L-temporal,325.0,0.12211897271565543,18
R1138T,L-temporal,375.0,0.11832461335591968,18
R1138T,L-temporal,425.0,0.1204821142463423,18
R1138T,L-temporal,475.0,0.1242067580367446,18
R1138T,L-temporal,525.0,0.13613896250303775,18
R1138T,L-temporal,575.0,0.1469070445895849,18
R1138T,L-temporal,625.0,0.171304581545008,18
R1138T,L-temporal,675.0,0.18099492622869465,18
R1138T,L-temporal,725.0,0.11913449374201995,18
R1138T,L-temporal,775.0,0.10291735908995842,18
R1138T,L-temporal,825.0,0.09249343397846722,18
R1138T,L-temporal,875.0,0.06688775729369273,18
R1138T,L-temporal,925.0,0.09386510766451008,18
R1138T,L-temporal,975.0,0.11554186483786452,18
R1138T,L-temporal,1025.0,0.0773492481101029,18
R1138T,L-temporal,1075.0,0.051010918319819194,18
R1138T,L-temporal,1125.0,0.0530549788150439,18
R1138T,L-temporal,1175.0,0.07798157320915727,18
R1138T,L-temporal,1225.0,0.05427179794611613,18
R1138T,L-temporal,1275.0,0.029015907506363743,18
R1138T,L-temporal,1325.0,0.01941938062697721,18
R1138T,L-temporal,1375.0,0.02619221274376962,18
R1138T,L-temporal,1425.0,0.03609691916370662,18
R1138T,L-temporal,1475.0,0.037308611070590234,18
R1138T,L-temporal,1525.0,0.03730487789984069,18
R1138T,L-temporal,1575.0,0.029963753560541453,18
R1138T,R-temporal,25.0,-0.040560798679624005,6
R1138T,R-temporal,75.0,0.01167760298704719,6
R1138T,R-temporal,125.0,0.003972258702943872,6
R1138T,R-temporal,175.0,-0.0031235703158953338,6
R1138T,R-temporal,225.0,0.061104421375995595,6
R1138T,R-temporal,275.0,0.08243756579053094,6
R1138T,R-temporal,325.0,0.15279746968345714,6
R1138T,R-temporal,375.0,0.13792162764712046,6
R1138T,R-temporal,425.0,0.14063814368136282,6
R1138T,R-temporal,475.0,0.18691573759079216,6
R1138T,R-temporal,525.0,0.18861214400560586,6
R1138T,R-temporal,575.0,0.19236887413004822,6
R1138T,R-temporal,625.0,0.19331449628820596,6
R1138T,R-temporal,675.0,0.2270993472538506,6
R1138T,R-temporal,725.0,0.18301556480425307,6
R1138T,R-temporal,775.0,0.13323886760810555,6
R1138T,R-temporal,825.0,0.11946562892814383,6
R1138T,R-temporal,875.0,0.13370739684842173,6
R1138T,R-temporal,925.0,0.1535097812019539,6
R1138T,R-temporal,975.0,0.1274390018697983,6
R1138T,R-temporal,1025.0,0.07097039952294358,6
R1138T,R-temporal,1075.0,0.0979284087450642,6
R1138T,R-temporal,1125.0,0.0756248631061858,6
R1138T,R-temporal,1175.0,0.07634659811410417,6
R1138T,R-temporal,1225.0,0.10650837157690542,6
R1138T,R-temporal,1275.0,0.15023329443359754,6
R1138T,R-temporal,1325.0,0.06699987366959671,6
R1138T,R-temporal,1375.0,0.007973517988135644,6
R1138T,R-temporal,1425.0,0.06346473994813262,6
R1138T,R-temporal,1475.0,0.09023426178092521,6
R1138T,R-temporal,1525.0,0.08787814257680139,6
R1138T,R-temporal,1575.0,0.06745514891012834,6
R1142N,L-frontal,25.0,0.0370869859787095,3
R1142N,L-frontal,75.0,0.004745894071530511,3
R1142N,L-frontal,125.0,-0.00787534052995858,3
R1142N,L-frontal,175.0,0.038555402493378695,3
R1142N,L-frontal,225.0,0.029739905226461517,3
R1142N,L-frontal,275.0,0.02191201202337774,3
R1142N,L-frontal,325.0,0.08388431602992386,3
R1142N,L-frontal,375.0,0.1242541195246752,3
R1142N,L-frontal,425.0,0.15169080938084303,3
R1142N,L-frontal,475.0,0.15674979604440067,3
R1142N,L-frontal,525.0,0.16461187178256761,3
R1142N,L-frontal,575.0,0.16772794089341495,3
R1142N,L-frontal,625.0,0.15806392113067871,3
R1142N,L-frontal,675.0,0.17732392034943556,3
R1142N,L-frontal,725.0,0.14688992029063314,3
R1142N,L-frontal,775.0,0.18456675908286999,3
R1142N,L-frontal,825.0,0.14627280534501136,3
R1142N,L-frontal,875.0,0.15027415265611901,3
R1142N,L-frontal,925.0,0.13377266554989817,3
R1142N,L-frontal,975.0,0.12830878887579616,3
R1142N,L-frontal,1025.0,0.12887574383284714,3
R1142N,L-frontal,1075.0,0.14302336391897705,3
R1142N,L-frontal,1125.0,0.13567879081916281,3
R1142N,L-frontal,1175.0,0.1240741853256422,3
R1142N,L-frontal,1225.0,0.10667520050922252,3
R1142N,L-frontal,1275.0,0.06745023538483393,3
R1142N,L-frontal,1325.0,0.11002750631705753,3
R1142N,L-frontal,1375.0,0.07238933664133572,3
R1142N,L-frontal,1425.0,0.08485615291059266,3
R1142N,L-frontal,1475.0,0.10705900002263678,3
R1142N,L-frontal,1525.0,0.08409576208403131,3
R1142N,L-frontal,1575.0,0.04343659503334846,3
R1142N,R-frontal,25.0,-0.009981795745682481,18
R1142N,R-frontal,75.0,0.006560514149563456,18
R1142N,R-frontal,125.0,0.02647279412812397,18
R1142N,R-frontal,175.0,0.043944902276774646,18
R1142N,R-frontal,225.0,0.06486137545666774,18
R1142N,R-frontal,275.0,0.06836421070513224,18
R1142N,R-frontal,325.0,0.07776192365935694,18
R1142N,R-frontal,375.0,0.0788827189504566,18
R1142N,R-frontal,425.0,0.09730210558625235,18
R1142N,R-frontal,475.0,0.12149799461227732,18
R1142N,R-frontal,525.0,0.11261662966785975,18
R1142N,R-frontal,575.0,0.09576772402409175,18
R1142N,R-frontal,625.0,0.08427248924387519,18
R1142N,R-frontal,675.0,0.11681981496224315,18
R1142N,R-frontal,725.0,0.09439494629895566,18
R1142N,R-frontal,775.0,0.08064432078810618,18
R1142N,R-frontal,825.0,0.09216659988164391,18
R1142N,R-frontal,875.0,0.10179781996736977,18
R1142N,R-frontal,925.0,0.09468302447331695,18
R1142N,R-frontal,975.0,0.11070750142659576,18
R1142N,R-frontal,1025.0,0.09985876083371104,18
R1142N,R-frontal,1075.0,0.1231483423113034,18
R1142N,R-frontal,1125.0,0.11409605630117488,18
R1142N,R-frontal,1175.0,0.07959480564244382,18
R1142N,R-frontal,1225.0,0.08952120522192969,18
R1142N,R-frontal,1275.0,0.0673068820566921,18
R1142N,R-frontal,1325.0,0.06067483182558569,18
R1142N,R-frontal,1375.0,0.04167001131198439,18
R1142N,R-frontal,1425.0,0.03482914048218241,18
R1142N,R-frontal,1475.0,0.06383441114762521,18
R1142N,R-frontal,1525.0,0.07059338528937312,18
R1142N,R-frontal,1575.0,0.04511084414024817,18
R1142N,R-temporal,25.0,-0.006335425072293233,3
R1142N,R-temporal,75.0,-0.05824685368377314,3
R1142N,R-temporal,125.0,-0.023570722516838265,3
R1142N,R-temporal,175.0,0.018801952571471027,3
R1142N,R-temporal,225.0,0.08435440465680567,3
R1142N,R-temporal,275.0,0.0947894448539461,3
R1142N,R-temporal,325.0,0.12570253923270316,3
R1142N,R-temporal,375.0,0.10251262911801018,3
R1142N,R-temporal,425.0,0.08922672953858297,3
R1142N,R-temporal,475.0,0.05057778860001411,3
R1142N,R-temporal,525.0,0.06811607256601587,3
R1142N,R-temporal,575.0,0.1153081286543551,3
R1142N,R-temporal,625.0,0.11932190388642228,3
R1142N,R-temporal,675.0,0.08303983127049945,3
R1142N,R-temporal,725.0,0.04841497108275511,3
R1142N,R-temporal,775.0,0.017229466037173347,3
R1142N,R-temporal,825.0,0.04328539046108032,3
R1142N,R-temporal,875.0,0.08410988008755295,3
R1142N,R-temporal,925.0,0.06732026162526278,3
R1142N,R-temporal,975.0,0.05668120644741038,3
R1142N,R-temporal,1025.0,0.010308539241008904,3
R1142N,R-temporal,1075.0,0.05801545514251802,3
R1142N,R-temporal,1125.0,0.09650221098272593,3
R1142N,R-temporal,1175.0,0.08912108472406118,3
R1142N,R-temporal,1225.0,0.052010712000935454,3
R1142N,R-temporal,1275.0,0.02941697603552634,3
R1142N,R-temporal,1325.0,0.09416357211772565,3
R1142N,R-temporal,1375.0,0.09345388693779334,3
R1142N,R-temporal,1425.0,0.06666249389958841,3
R1142N,R-temporal,1475.0,0.011865462119192746,3
R1142N,R-temporal,1525.0,-0.011745419829159281,3
R1142N,R-temporal,1575.0,0.036611930365992224,3
R1146E,R-frontal,25.0,-0.014732148955044488,19
R1146E,R-frontal,75.0,-0.05717195658032363,19
R1146E,R-frontal,125.0,-0.06835232349766389,19
R1146E,R-frontal,175.0,-0.08124949573017703,19
R1146E,R-frontal,225.0,-0.10930739017696134,19
R1146E,R-frontal,275.0,-0.05519721357335231,19
R1146E,R-frontal,325.0,-0.07669980214486297,19
R1146E,R-frontal,375.0,-0.10488626701343247,19
R1146E,R-frontal,425.0,-0.0721333444439977,19
R1146E,R-frontal,475.0,-0.0735394348476456,19
R1146E,R-frontal,525.0,-0.07686330293227557,19
R1146E,R-frontal,575.0,-0.0432414467549945,19
R1146E,R-frontal,625.0,-0.07052930162826947,19
R1146E,R-frontal,675.0,-0.13300219824223475,19
R1146E,R-frontal,725.0,-0.11734766894692857,19
R1146E,R-frontal,775.0,-0.08691125918776384,19
R1146E,R-frontal,825.0,-0.06819369266834667,19
R1146E,R-frontal,875.0,-0.056274400744505446,19
R1146E,R-frontal,925.0,-0.06790659744733593,19
R1146E,R-frontal,975.0,-0.04050575425702778,19
R1146E,R-frontal,1025.0,-0.007808053008116325,19
R1146E,R-frontal,1075.0,-0.027048878725560832,19
R1146E,R-frontal,1125.0,-0.010352893551285847,19
R1146E,R-frontal,1175.0,0.042827323120215234,19
R1146E,R-frontal,1225.0,0.03195143561127872,19
R1146E,R-frontal,1275.0,-0.03483305330459745,19
R1146E,R-frontal,1325.0,-0.05218202816043127,19
R1146E,R-frontal,1375.0,-0.100113566001292,19
R1146E,R-frontal,1425.0,-0.1342329245166753,19
R1146E,R-frontal,1475.0,-0.08362460993668736,19
R1146E,R-frontal,1525.0,-0.04542005202678883,19
R1146E,R-frontal,1575.0,0.008607180561975897,19
R1148P,R-frontal,25.0,0.06776843288661791,4
R1148P,R-frontal,75.0,0.06179410261406375,4
R1148P,R-frontal,125.0,0.009193838809051252,4
R1148P,R-frontal,175.0,0.039502883101460426,4
R1148P,R-frontal,225.0,0.11220858214147042,4
R1148P,R-frontal,275.0,0.13848513095454337,4
R1148P,R-frontal,325.0,0.12281123256468253,4
R1148P,R-frontal,375.0,0.09415691469300486,4
R1148P,R-frontal,425.0,0.11005701059608262,4
R1148P,R-frontal,475.0,0.11689702496021365,4
R1148P,R-frontal,525.0,0.15935148348742179,4
R1148P,R-frontal,575.0,0.1720689192843734,4
R1148P,R-frontal,625.0,0.13829057903748468,4
R1148P,R-frontal,675.0,0.1192191029204099,4
R1148P,R-frontal,725.0,0.05204484222614132,4
R1148P,R-frontal,775.0,0.07046111830458449,4
R1148P,R-frontal,825.0,0.07376421652475082,4
R1148P,R-frontal,875.0,0.06545790206592952,4
R1148P,R-frontal,925.0,0.020679582018742315,4
R1148P,R-frontal,975.0,-0.008822508688944193,4
R1148P,R-frontal,1025.0,0.09598973259016151,4
R1148P,R-frontal,1075.0,0.08813792108375121,4
R1148P,R-frontal,1125.0,0.07061070472665831,4
R1148P,R-frontal,1175.0,0.049821075468308815,4
R1148P,R-frontal,1225.0,0.0749500518547832,4
R1148P,R-frontal,1275.0,0.0565894505412847,4
R1148P,R-frontal,1325.0,0.04304136090392834,4
R1148P,R-frontal,1375.0,0.0513444053937651,4
R1148P,R-frontal,1425.0,0.07421062249518642,4
R1148P,R-frontal,1475.0,0.0847734294237811,4
R1148P,R-frontal,1525.0,0.03741148787463536,4
R1148P,R-frontal,1575.0,0.007810882673107005,4
R1149N,L-frontal,25.0,-0.019564951704545832,6
R1149N,L-frontal,75.0,-0.015451106028957315,6
R1149N,L-frontal,125.0,-0.024981298966649274,6
R1149N,L-frontal,175.0,-0.0660637300787783,6
R1149N,L-frontal,225.0,-0.034127721802907914,6
R1149N,L-frontal,275.0,0.014423427583069795,6
R1149N,L-frontal,325.0,0.006999460045492641,6
R1149N,L-frontal,375.0,0.013139215149156924,6
R1149N,L-frontal,425.0,0.03348912332426778,6
R1149N,L-frontal,475.0,0.035106128148320835,6
R1149N,L-frontal,525.0,-0.011003438546858415,6
R1149N,L-frontal,575.0,-0.010818073898728542,6
R1149N,L-frontal,625.0,-0.021692327352368975,6
R1149N,L-frontal,675.0,-0.03583856621533449,6
R1149N,L-frontal,725.0,0.019832207019305995,6
R1149N,L-frontal,775.0,0.015471125915401132,6
R1149N,L-frontal,825.0,0.0089320274698083,6
R1149N,L-frontal,875.0,-0.0007602137289592515,6
R1149N,L-frontal,925.0,0.014453331205466194,6
R1149N,L-frontal,975.0,-0.006072197767770041,6
R1149N,L-frontal,1025.0,-0.027426511598665545,6
R1149N,L-frontal,1075.0,-0.031131668674497154,6
R1149N,L-frontal,1125.0,-0.021217001240226938,6
R1149N,L-frontal,1175.0,-0.048632531127486035,6
R1149N,L-frontal,1225.0,-0.08843639258010048,6
R1149N,L-frontal,1275.0,-0.10359532504767,6
R1149N,L-frontal,1325.0,-0.09971031562621552,6
R1149N,L-frontal,1375.0,-0.06645436211382498,6
R1149N,L-frontal,1425.0,-0.09527383082481507,6
R1149N,L-frontal,1475.0,-0.10051730630812848,6
R1149N,L-frontal,1525.0,-0.09750739455816793,6
R1149N,L-frontal,1575.0,-0.08638965365153718,6
R1149N,L-temporal,25.0,0.008199612969388297,8
R1149N,L-temporal,75.0,0.024046115942743286,8
R1149N,L-temporal,125.0,0.02285707456859125,8
R1149N,L-temporal,175.0,-0.03096120883665298,8
R1149N,L-temporal,225.0,-0.03222886717475494,8
R1149N,L-temporal,275.0,-0.05510789994997682,8
R1149N,L-temporal,325.0,-0.10054894362098815,8
R1149N,L-temporal,375.0,-0.08758608821462957,8
R1149N,L-temporal,425.0,-0.07321337454799287,8
R1149N,L-temporal,475.0,-0.12571867738748815,8
R1149N,L-temporal,525.0,-0.19619247521176886,8
R1149N,L-temporal,575.0,-0.19847669675486906,8
R1149N,L-temporal,625.0,-0.17122609310971315,8
R1149N,L-temporal,675.0,-0.12930461775970642,8
R1149N,L-temporal,725.0,-0.12636925878624056,8
R1149N,L-temporal,775.0,-0.12979823610344643,8
R1149N,L-temporal,825.0,-0.11335047250893202,8
R1149N,L-temporal,875.0,-0.10062643173162657,8
R1149N,L-temporal,925.0,-0.08738625769689912,8
R1149N,L-temporal,975.0,-0.07425712988821839,8
R1149N,L-temporal,1025.0,-0.05701761064096898,8
R1149N,L-temporal,1075.0,-0.059760806297277536,8
R1149N,L-temporal,1125.0,-0.0754947059414419,8
R1149N,L-temporal,1175.0,-0.1077345189203836,8
R1149N,L-temporal,1225.0,-0.06303304254580612,8
R1149N,L-temporal,1275.0,-0.10861821197566454,8
R1149N,L-temporal,1325.0,-0.09496687378160827,8
R1149N,L-temporal,1375.0,-0.047201761527966055,8
R1149N,L-temporal,1425.0,-0.039025802701046095,8
R1149N,L-temporal,1475.0,-0.07895810781665316,8
R1149N,L-temporal,1525.0,-0.0826727622233158,8
R1149N,L-temporal,1575.0,-0.06641626904541675,8
R1151E,L-frontal,25.0,-0.020028842945350515,5
R1151E,L-frontal,75.0,-0.05990738979174861,5
R1151E,L-frontal,125.0,-0.004411709582852124,5
R1151E,L-frontal,175.0,0.011338543558580398,5
R1151E,L-frontal,225.0,0.04700387146607348,5
R1151E,L-frontal,275.0,0.0550250863908087,5
R1151E,L-frontal,325.0,0.07824793271863154,5
R1151E,L-frontal,375.0,0.0645085074104493,5
R1151E,L-frontal,425.0,0.08435117574904123,5
R1151E,L-frontal,475.0,0.08749488167020433,5
R1151E,L-frontal,525.0,0.1306955100472116,5
R1151E,L-frontal,575.0,0.1286295046733785,5
R1151E,L-frontal,625.0,0.12118000117503862,5
R1151E,L-frontal,675.0,0.10544452478592063,5
R1151E,L-frontal,725.0,0.07451436671968296,5
R1151E,L-frontal,775.0,0.11264515939561363,5
R1151E,L-frontal,825.0,0.14265995818419047,5
R1151E,L-frontal,875.0,0.15903889719010195,5
R1151E,L-frontal,925.0,0.1264483172244762,5
R1151E,L-frontal,975.0,0.11472974673145327,5
R1151E,L-frontal,1025.0,0.08761702960755757,5
R1151E,L-frontal,1075.0,0.08822306419156403,5
R1151E,L-frontal,1125.0,0.10157466177644663,5
R1151E,L-frontal,1175.0,0.09848560291419209,5
R1151E,L-frontal,1225.0,0.052149387149448355,5
R1151E,L-frontal,1275.0,0.08180109293152885,5
R1151E,L-frontal,1325.0,0.09532061852029153,5
R1151E,L-frontal,1375.0,0.07730055216906528,5
R1151E,L-frontal,1425.0,0.0726142313367131,5
R1151E,L-frontal,1475.0,0.08316081102395162,5
R1151E,L-frontal,1525.0,0.05575785151060919,5
R1151E,L-frontal,1575.0,0.09999590885361116,5
R1153T,L-frontal,25.0,0.02592545180466156,3
R1153T,L-frontal,75.0,0.009052078359344885,3
R1153T,L-frontal,125.0,-0.010522555766990483,3
R1153T,L-frontal,175.0,-0.03785659688763831,3
R1153T,L-frontal,225.0,-0.03990666247546836,3
R1153T,L-frontal,275.0,-0.06492039575669617,3
R1153T,L-frontal,325.0,-0.018176700453369263,3
R1153T,L-frontal,375.0,-0.014820393286721039,3
R1153T,L-frontal,425.0,-0.022772872661374215,3
R1153T,L-frontal,475.0,-0.003909736164956805,3
R1153T,L-frontal,525.0,0.02155285358442995,3
R1153T,L-frontal,575.0,0.03626675411349238,3
R1153T,L-frontal,625.0,0.010170986775134812,3
R1153T,L-frontal,675.0,0.007258071583878836,3
R1153T,L-frontal,725.0,0.01734041751332552,3
R1153T,L-frontal,775.0,0.0629741606102193,3
R1153T,L-frontal,825.0,0.04610723106067288,3
R1153T,L-frontal,875.0,0.033800519381071946,3
R1153T,L-frontal,925.0,0.045719958680764027,3
R1153T,L-frontal,975.0,0.05474621318357337,3
R1153T,L-frontal,1025.0,0.06678566931137342,3
R1153T,L-frontal,1075.0,0.03519610879399915,3
R1153T,L-frontal,1125.0,0.027791793436579438,3
R1153T,L-frontal,1175.0,0.04642442035571307,3
R1153T,L-frontal,1225.0,0.03672232807309451,3
R1153T,L-frontal,1275.0,0.010993585649046943,3
R1153T,L-frontal,1325.0,0.033222429866252096,3
R1153T,L-frontal,1375.0,0.022401821537413328,3
R1153T,L-frontal,1425.0,0.014055209583192186,3
R1153T,L-frontal,1475.0,0.008332497263292382,3
R1153T,L-frontal,1525.0,0.014602642142603069,3
R1153T,L-frontal,1575.0,0.03534001425228353,3
R1153T,L-parietal,25.0,0.0056663182859858245,6
R1153T,L-parietal,75.0,0.04478976898049686,6
R1153T,L-parietal,125.0,0.04036039077643109,6
R1153T,L-parietal,175.0,0.015647814031058836,6
R1153T,L-parietal,225.0,-0.040780247405109604,6
R1153T,L-parietal,275.0,-0.032459415066954135,6
R1153T,L-parietal,325.0,0.01245884799907405,6
R1153T,L-parietal,375.0,0.02653485880756634,6
R1153T,L-parietal,425.0,0.02571991984860017,6
R1153T,L-parietal,475.0,0.02987895412202367,6
R1153T,L-parietal,525.0,0.060375549612065864,6
R1153T,L-parietal,575.0,0.06062997169940465,6
R1153T,L-parietal,625.0,0.026820341487188353,6
R1153T,L-parietal,675.0,0.01302434973264624,6
R1153T,L-parietal,725.0,0.030535957327432698,6
R1153T,L-parietal,775.0,0.060793151282201995,6
R1153T,L-parietal,825.0,0.06788248704990395,6
R1153T,L-parietal,875.0,0.07797471076586132,6
R1153T,L-parietal,925.0,0.08520309314322898,6
R1153T,L-parietal,975.0,0.06921060124494498,6
R1153T,L-parietal,1025.0,0.05843031512432865,6
R1153T,L-parietal,1075.0,0.05863789294444164,6
R1153T,L-parietal,1125.0,0.05981007946533643,6
R1153T,L-parietal,1175.0,0.05207419263191599,6
R1153T,L-parietal,1225.0,0.05833762556761229,6
R1153T,L-parietal,1275.0,0.04794642627274771,6
R1153T,L-parietal,1325.0,0.0428350920992995,6
R1153T,L-parietal,1375.0,0.05046304342055774,6
R1153T,L-parietal,1425.0,0.05979629966651293,6
R1153T,L-parietal,1475.0,0.06297634920780652,6
R1153T,L-parietal,1525.0,0.059022412920014235,6
R1153T,L-parietal,1575.0,0.02886042255685597,6
R1153T,R-frontal,25.0,0.03138162957946243,4
R1153T,R-frontal,75.0,0.011613084044341289,4
R1153T,R-frontal,125.0,0.0010137112247546667,4
R1153T,R-frontal,175.0,0.011588002233937331,4
R1153T,R-frontal,225.0,-0.008989900067087405,4
R1153T,R-frontal,275.0,0.011598316354619513,4
R1153T,R-frontal,325.0,0.0015277475918497457,4
R1153T,R-frontal,375.0,-0.03534005255773794,4
R1153T,R-frontal,425.0,-0.05561126983006297,4
R1153T,R-frontal,475.0,-0.022017587236408377,4
R1153T,R-frontal,525.0,0.001178753060720461,4
R1153T,R-frontal,575.0,0.0014134233417986003,4
R1153T,R-frontal,625.0,0.03243294613019544,4
R1153T,R-frontal,675.0,0.05200331253799065,4
R1153T,R-frontal,725.0,0.04886221369505796,4
R1153T,R-frontal,775.0,0.01759245036501247,4
R1153T,R-frontal,825.0,-0.007207811627903113,4
R1153T,R-frontal,875.0,-0.01110757657652895,4
R1153T,R-frontal,925.0,0.016961390027794794,4
R1153T,R-frontal,975.0,0.05555490358422156,4
R1153T,R-frontal,1025.0,0.05982730270144393,4
R1153T,R-frontal,1075.0,0.016154044269598065,4
R1153T,R-frontal,1125.0,-0.024200333469247066,4
R1153T,R-frontal,1175.0,-0.011055642564172345,4
R1153T,R-frontal,1225.0,0.03407093453482733,4
R1153T,R-frontal,1275.0,0.03046939465951867,4
R1153T,R-frontal,1325.0,0.034579567221892565,4
R1153T,R-frontal,1375.0,0.03368170684999623,4
R1153T,R-frontal,1425.0,0.05637595688105851,4
R1153T,R-frontal,1475.0,0.05202068738459825,4
R1153T,R-frontal,1525.0,0.059962190338903786,4
R1153T,R-frontal,1575.0,0.0760020923014865,4
R1153T,R-occipital,25.0,0.0007232586836425257,4
R1153T,R-occipital,75.0,0.030218759816815877,4
R1153T,R-occipital,125.0,0.03253738682680993,4
R1153T,R-occipital,175.0,0.04475161473604582,4
R1153T,R-occipital,225.0,0.08792839430390356,4
R1153T,R-occipital,275.0,0.12518081554082713,4
R1153T,R-occipital,325.0,0.13222136806916462,4
R1153T,R-occipital,375.0,0.10131983488427171,4
R1153T,R-occipital,425.0,0.08849935825004611,4
R1153T,R-occipital,475.0,0.09622502181049337,4
R1153T,R-occipital,525.0,0.07477281203221542,4
R1153T,R-occipital,575.0,0.06713691583853955,4
R1153T,R-occipital,625.0,0.05824168722708282,4
R1153T,R-occipital,675.0,0.047410295081764184,4
R1153T,R-occipital,725.0,0.04603050303452377,4
R1153T,R-occipital,775.0,0.04871095469692658,4
R1153T,R-occipital,825.0,0.09112386417713576,4
R1153T,R-occipital,875.0,0.0504439909304835,4
R1153T,R-occipital,925.0,0.020686149366484018,4
R1153T,R-occipital,975.0,0.029308738685666393,4
R1153T,R-occipital,1025.0,0.03861267747209867,4
R1153T,R-occipital,1075.0,0.05757177739353132,4
R1153T,R-occipital,1125.0,0.06123894450512181,4
R1153T,R-occipital,1175.0,0.033745919862217665,4
R1153T,R-occipital,1225.0,0.014513908602495402,4
R1153T,R-occipital,1275.0,0.03945871032930855,4
R1153T,R-occipital,1325.0,0.04925536839853239,4
R1153T,R-occipital,1375.0,0.038956554639653654,4
R1153T,R-occipital,1425.0,0.007009960716243537,4
R1153T,R-occipital,1475.0,-0.031680989741042616,4
R1153T,R-occipital,1525.0,-0.01087439040124059,4
R1153T,R-occipital,1575.0,-0.0010741228968395283,4
R1153T,R-parietal,25.0,-0.0038720593936485124,5
R1153T,R-parietal,75.0,0.0364852632082844,5
R1153T,R-parietal,125.0,0.10057291122051562,5
R1153T,R-parietal,175.0,0.06505897381234754,5
R1153T,R-parietal,225.0,-0.007582667225571276,5
R1153T,R-parietal,275.0,-0.006545738580762653,5
R1153T,R-parietal,325.0,0.023664654090712695,5
R1153T,R-parietal,375.0,0.03629849545065079,5
R1153T,R-parietal,425.0,0.040471928211127155,5
R1153T,R-parietal,475.0,0.010379588486191808,5
R1153T,R-parietal,525.0,0.023256542746427668,5
R1153T,R-parietal,575.0,0.0577735949530291,5
R1153T,R-parietal,625.0,0.04209757390850867,5
R1153T,R-parietal,675.0,0.0239167816744063,5
R1153T,R-parietal,725.0,0.03811249445775564,5
R1153T,R-parietal,775.0,0.044151524451763284,5
R1153T,R-parietal,825.0,0.04688558536040886,5
R1153T,R-parietal,875.0,0.013984559969773536,5
R1153T,R-parietal,925.0,0.01582443846809558,5
R1153T,R-parietal,975.0,0.014442073164923044,5
R1153T,R-parietal,1025.0,0.01368484074642241,5
R1153T,R-parietal,1075.0,0.019935075909506376,5
R1153T,R-parietal,1125.0,-0.012316746678834084,5
R1153T,R-parietal,1175.0,0.0016470171400270787,5
R1153T,R-parietal,1225.0,0.020303222565208404,5
R1153T,R-parietal,1275.0,0.022850784092616705,5
R1153T,R-parietal,1325.0,0.009496399575410286,5
R1153T,R-parietal,1375.0,0.019427250671500227,5
R1153T,R-parietal,1425.0,0.0014829455788143112,5
R1153T,R-parietal,1475.0,-0.009259593004831982,5
R1153T,R-parietal,1525.0,-0.004372637750343632,5
R1153T,R-parietal,1575.0,0.01571448301243446,5
R1153T,R-temporal,25.0,0.004519748597890356,15
R1153T,R-temporal,75.0,0.030429546792252734,15
R1153T,R-temporal,125.0,0.048083824810625515,15
R1153T,R-temporal,175.0,0.06338150993078515,15
R1153T,R-temporal,225.0,0.047927328518795484,15
R1153T,R-temporal,275.0,0.057296439760774774,15
R1153T,R-temporal,325.0,0.10881350075196641,15
R1153T,R-temporal,375.0,0.08151866217830457,15
R1153T,R-temporal,425.0,0.04985789591739429,15
R1153T,R-temporal,475.0,0.04976995488565585,15
R1153T,R-temporal,525.0,0.027795591699940635,15
R1153T,R-temporal,575.0,0.008889817238766995,15
R1153T,R-temporal,625.0,0.005666495583453362,15
R1153T,R-temporal,675.0,0.011657428394135338,15
R1153T,R-temporal,725.0,0.022570069036300783,15
R1153T,R-temporal,775.0,0.038329081947842895,15
R1153T,R-temporal,825.0,0.07849574118706718,15
R1153T,R-temporal,875.0,0.07482102651558133,15
R1153T,R-temporal,925.0,0.03604976315343797,15
R1153T,R-temporal,975.0,0.057586751871174055,15
R1153T,R-temporal,1025.0,0.05144410005644069,15
R1153T,R-temporal,1075.0,0.03414606145983386,15
R1153T,R-temporal,1125.0,0.04401554216305658,15
R1153T,R-temporal,1175.0,0.042794297428430696,15
R1153T,R-temporal,1225.0,0.018540027297312363,15
R1153T,R-temporal,1275.0,-0.001263219529730749,15
R1153T,R-temporal,1325.0,0.029889370318227432,15
R1153T,R-temporal,1375.0,0.02940939384906848,15
R1153T,R-temporal,1425.0,0.03556556966172279,15
R1153T,R-temporal,1475.0,-0.009659798199122587,15
R1153T,R-temporal,1525.0,0.006447529133971787,15
R1153T,R-temporal,1575.0,0.02434148153000031,15
R1154D,L-frontal,25.0,0.006279939615635219,14
R1154D,L-frontal,75.0,-0.006108940126099051,14
R1154D,L-frontal,125.0,-0.013333339712377929,14
R1154D,L-frontal,175.0,-0.02006286122382792,14
R1154D,L-frontal,225.0,-0.0394644922244675,14
R1154D,L-frontal,275.0,-0.055172280893887225,14
R1154D,L-frontal,325.0,-0.07356631146524684,14
R1154D,L-frontal,375.0,-0.09593671375857597,14
R1154D,L-frontal,425.0,-0.1329210874309211,14
R1154D,L-frontal,475.0,-0.14763077881564676,14
R1154D,L-frontal,525.0,-0.1438490188620015,14
R1154D,L-frontal,575.0,-0.14082791469750575,14
R1154D,L-frontal,625.0,-0.1176702023256451,14
R1154D,L-frontal,675.0,-0.09662472670153917,14
R1154D,L-frontal,725.0,-0.08480171829212264,14
R1154D,L-frontal,775.0,-0.08876803332021264,14
R1154D,L-frontal,825.0,-0.08147306759990632,14
R1154D,L-frontal,875.0,-0.06649487666446412,14
R1154D,L-frontal,925.0,-0.06280358040228959,14
R1154D,L-frontal,975.0,-0.0682831065434956,14
R1154D,L-frontal,1025.0,-0.06277928145928288,14
R1154D,L-frontal,1075.0,-0.061687856122827255,14
R1154D,L-frontal,1125.0,-0.05998482171806011,14
R1154D,L-frontal,1175.0,-0.06876590136769696,14
R1154D,L-frontal,1225.0,-0.05009289641487656,14
R1154D,L-frontal,1275.0,-0.04073820006675052,14
R1154D,L-frontal,1325.0,-0.017148024627836756,14
R1154D,L-frontal,1375.0,-0.015952555587009913,14
R1154D,L-frontal,1425.0,-0.01558434665131765,14
R1154D,L-frontal,1475.0,-0.04105581674089414,14
R1154D,L-frontal,1525.0,-0.021379947971242895,14
R1154D,L-frontal,1575.0,0.011742426238560366,14
R1154D,L-parietal,25.0,0.01821357502084117,5
R1154D,L-parietal,75.0,-0.029938588371324387,5
R1154D,L-parietal,125.0,-0.003398273745518178,5
R1154D,L-parietal,175.0,0.020455713445118203,5
R1154D,L-parietal,225.0,0.04294289143758205,5
R1154D,L-parietal,275.0,0.04824047805529439,5
R1154D,L-parietal,325.0,0.00984016762769881,5
R1154D,L-parietal,375.0,0.012083979633700533,5
R1154D,L-parietal,425.0,0.014586027300466037,5
R1154D,L-parietal,475.0,0.006987362908395045,5
R1154D,L-parietal,525.0,-0.006695442730102046,5
R1154D,L-parietal,575.0,0.002127107486555299,5
R1154D,L-parietal,625.0,0.007068470723436108,5
R1154D,L-parietal,675.0,0.02891533028837708,5
R1154D,L-parietal,725.0,-0.001646651214066236,5
R1154D,L-parietal,775.0,-0.04463443414026502,5
R1154D,L-parietal,825.0,-0.041778839130448844,5
R1154D,L-parietal,875.0,-0.024070317444930017,5
R1154D,L-parietal,925.0,-0.0377067130766228,5
R1154D,L-parietal,975.0,-0.039903097396762136,5
R1154D,L-parietal,1025.0,-0.017922780333337655,5
R1154D,L-parietal,1075.0,-0.0030252001109225346,5
R1154D,L-parietal,1125.0,-0.041797341131590615,5
R1154D,L-parietal,1175.0,-0.016031151588049363,5
R1154D,L-parietal,1225.0,0.009792901406045103,5
R1154D,L-parietal,1275.0,0.004170009240811952,5
R1154D,L-parietal,1325.0,-0.008141720931364472,5
R1154D,L-parietal,1375.0,-0.019328170922823885,5
R1154D,L-parietal,1425.0,-0.0005540264741891593,5
R1154D,L-parietal,1475.0,-0.033661612479479505,5
R1154D,L-parietal,1525.0,-0.0516164808920767,5
R1154D,L-parietal,1575.0,-0.00803426996561904,5
R1154D,L-temporal,25.0,0.005765997408461206,15
R1154D,L-temporal,75.0,-0.01375074845331621,15
R1154D,L-temporal,125.0,-0.02232812974653339,15
R1154D,L-temporal,175.0,-0.03683468831703349,15
R1154D,L-temporal,225.0,-0.03627718651323646,15
R1154D,L-temporal,275.0,-0.057672397708204474,15
R1154D,L-temporal,325.0,-0.06461103936775503,15
R1154D,L-temporal,375.0,-0.07425446095989678,15
R1154D,L-temporal,425.0,-0.07532700323212027,15
R1154D,L-temporal,475.0,-0.06858859970019122,15
R1154D,L-temporal,525.0,-0.072265253691989,15
R1154D,L-temporal,575.0,-0.07247699812395102,15
R1154D,L-temporal,625.0,-0.06411128805814777,15
R1154D,L-temporal,675.0,-0.053911916285904186,15
R1154D,L-temporal,725.0,-0.07272129182519022,15
R1154D,L-temporal,775.0,-0.08851909671036724,15
R1154D,L-temporal,825.0,-0.05792569046742094,15
R1154D,L-temporal,875.0,-0.03853278003641726,15
R1154D,L-temporal,925.0,-0.05984190720621282,15
R1154D,L-temporal,975.0,-0.05966129202392307,15
R1154D,L-temporal,1025.0,-0.026056922127185297,15
R1154D,L-temporal,1075.0,-0.0018187374056291728,15
R1154D,L-temporal,1125.0,-0.02785658267119764,15
R1154D,L-temporal,1175.0,-0.019826733062399713,15
R1154D,L-temporal,1225.0,-0.007805429000303195,15
R1154D,L-temporal,1275.0,-0.007381138958645473,15
R1154D,L-temporal,1325.0,-0.01421778946383053,15
R1154D,L-temporal,1375.0,-0.002999031385958174,15
R1154D,L-temporal,1425.0,-0.01990877405256534,15
R1154D,L-temporal,1475.0,-0.02576769370261269,15
R1154D,L-temporal,1525.0,-0.01997797799896488,15
R1154D,L-temporal,1575.0,-0.02146638465907664,15
R1156D,L-frontal,25.0,-0.012467125199906793,7
R1156D,L-frontal,75.0,-0.02666080125894224,7
R1156D,L-frontal,125.0,0.002346942715175739,7
R1156D,L-frontal,175.0,0.03848043758372268,7
R1156D,L-frontal,225.0,-0.017178523218747348,7
R1156D,L-frontal,275.0,-0.029342152804478588,7
R1156D,L-frontal,325.0,-0.056917963750901863,7
R1156D,L-frontal,375.0,-0.046595415015392876,7
R1156D,L-frontal,425.0,0.0019908927851784836,7
R1156D,L-frontal,475.0,-0.02270326235492057,7
R1156D,L-frontal,525.0,-0.022749642639150667,7
R1156D,L-frontal,575.0,-0.022990533201370462,7
R1156D,L-frontal,625.0,-0.05231561591686506,7
R1156D,L-frontal,675.0,-0.06113233885705816,7
R1156D,L-frontal,725.0,-0.07499144917520696,7
R1156D,L-frontal,775.0,-0.07814398711496688,7
R1156D,L-frontal,825.0,-0.03633662876717616,7
R1156D,L-frontal,875.0,-0.007361670290304549,7
R1156D,L-frontal,925.0,-0.015607992150946033,7
R1156D,L-frontal,975.0,-0.005466611170009424,7
R1156D,L-frontal,1025.0,0.03704251214791754,7
R1156D,L-frontal,1075.0,0.0062164328732716235,7
R1156D,L-frontal,1125.0,-0.008711809678261918,7
R1156D,L-frontal,1175.0,-0.03449229301362314,7
R1156D,L-frontal,1225.0,-0.04833875462896274,7
R1156D,L-frontal,1275.0,-0.03993139487661992,7
R1156D,L-frontal,1325.0,0.003834452965417405,7
R1156D,L-frontal,1375.0,0.05966925451770966,7
R1156D,L-frontal,1425.0,0.05432841882373659,7
R1156D,L-frontal,1475.0,0.024565389251470605,7
R1156D,L-frontal,1525.0,0.05267687277429234,7
R1156D,L-frontal,1575.0,0.03900087229887432,7
R1156D,R-frontal,25.0,-0.01697036601136641,22
R1156D,R-frontal,75.0,-0.009708137092288478,22
R1156D,R-frontal,125.0,-0.0018933204264536762,22
R1156D,R-frontal,175.0,0.01934455356058993,22
R1156D,R-frontal,225.0,0.006359107863474724,22
R1156D,R-frontal,275.0,-0.022394429629253698,22
R1156D,R-frontal,325.0,-0.04464722586098897,22
R1156D,R-frontal,375.0,-0.07828284694390768,22
R1156D,R-frontal,425.0,-0.09447920504876167,22
R1156D,R-frontal,475.0,-0.12461332556091151,22
R1156D,R-frontal,525.0,-0.12272191666581089,22
R1156D,R-frontal,575.0,-0.11936986988321176,22
R1156D,R-frontal,625.0,-0.11556144824543294,22
R1156D,R-frontal,675.0,-0.12118893321666921,22
R1156D,R-frontal,725.0,-0.11550886791806297,22
R1156D,R-frontal,775.0,-0.09320855824388317,22
R1156D,R-frontal,825.0,-0.09610258612913601,22
R1156D,R-frontal,875.0,-0.08576005985743959,22
R1156D,R-frontal,925.0,-0.0736662965878617,22
R1156D,R-frontal,975.0,-0.09143807184079239,22
R1156D,R-frontal,1025.0,-0.07577870142095314,22
R1156D,R-frontal,1075.0,-0.06442168359445995,22
R1156D,R-frontal,1125.0,-0.052149696170350174,22
R1156D,R-frontal,1175.0,-0.041477649582977484,22
R1156D,R-frontal,1225.0,-0.032217113201344995,22
R1156D,R-frontal,1275.0,-0.03755338284479114,22
R1156D,R-frontal,1325.0,-0.038350640408170884,22
R1156D,R-frontal,1375.0,-0.022994590131670097,22
R1156D,R-frontal,1425.0,-0.02334543951028276,22
R1156D,R-frontal,1475.0,-0.018608746735085526,22
R1156D,R-frontal,1525.0,-0.03248939286130626,22
R1156D,R-frontal,1575.0,-0.030370536682013286,22
R1161E,L-occipital,25.0,-0.020128738639164517,8
R1161E,L-occipital,75.0,0.005395003363323526,8
R1161E,L-occipital,125.0,0.062199796907102256,8
R1161E,L-occipital,175.0,-0.022731390166884795,8
R1161E,L-occipital,225.0,-0.08703648968933501,8
R1161E,L-occipital,275.0,-0.1301784651050948,8
R1161E,L-occipital,325.0,-0.14651076178015293,8
R1161E,L-occipital,375.0,-0.15531054790481924,8
R1161E,L-occipital,425.0,-0.146573092790409,8
R1161E,L-occipital,475.0,-0.19266131814832413,8
R1161E,L-occipital,525.0,-0.16223685912352087,8
R1161E,L-occipital,575.0,-0.19903651380532567,8
R1161E,L-occipital,625.0,-0.24177165574611742,8
R1161E,L-occipital,675.0,-0.24038780436022164,8
R1161E,L-occipital,725.0,-0.21910011735640803,8
R1161E,L-occipital,775.0,-0.22498914032696649,8
R1161E,L-occipital,825.0,-0.15030563066667105,8
R1161E,L-occipital,875.0,-0.16006030204198,8
R1161E,L-occipital,925.0,-0.2153096919843469,8
R1161E,L-occipital,975.0,-0.17126194774994266,8
R1161E,L-occipital,1025.0,-0.051508033630368544,8
R1161E,L-occipital,1075.0,-0.07321094005764743,8
R1161E,L-occipital,1125.0,-0.11803802906798058,8
R1161E,L-occipital,1175.0,-0.11154982184876808,8
R1161E,L-occipital,1225.0,-0.1631926578151276,8
R1161E,L-occipital,1275.0,-0.10742662909084766,8
R1161E,L-occipital,1325.0,-0.08320184288182578,8
R1161E,L-occipital,1375.0,-0.17430380601911818,8
R1161E,L-occipital,1425.0,-0.07686220756438461,8
R1161E,L-occipital,1475.0,-0.024869360135918638,8
R1161E,L-occipital,1525.0,-0.001963644688764723,8
R1161E,L-occipital,1575.0,-0.03457039289631113,8
R1161E,L-parietal,25.0,-0.042583323757171866,18
R1161E,L-parietal,75.0,-0.080713210132289,18
R1161E,L-parietal,125.0,-0.05347057964374573,18
R1161E,L-parietal,175.0,-0.07462797703601878,18
R1161E,L-parietal,225.0,-0.013779279677604415,18
R1161E,L-parietal,275.0,-0.017834372276957697,18
R1161E,L-parietal,325.0,-0.0097675440069604,18
R1161E,L-parietal,375.0,0.051676464374530225,18
R1161E,L-parietal,425.0,0.11843373782539181,18
R1161E,L-parietal,475.0,0.09770179693261943,18
R1161E,L-parietal,525.0,0.03902060679021327,18
R1161E,L-parietal,575.0,0.0020841336290532766,18
R1161E,L-parietal,625.0,-0.033779632266486594,18
R1161E,L-parietal,675.0,-0.024762359387641906,18
R1161E,L-parietal,725.0,-0.028493657677045585,18
R1161E,L-parietal,775.0,-0.0941794061495914,18
R1161E,L-parietal,825.0,-0.05168862195173321,18
R1161E,L-parietal,875.0,-0.031835517385560196,18
R1161E,L-parietal,925.0,-0.07439693697861556,18
R1161E,L-parietal,975.0,-0.06449789860691811,18
R1161E,L-parietal,1025.0,-0.05678660046551181,18
R1161E,L-parietal,1075.0,-0.10351514017136598,18
R1161E,L-parietal,1125.0,-0.09357098465153903,18
R1161E,L-parietal,1175.0,-0.0695839082288103,18
R1161E,L-parietal,1225.0,-0.13890150477917246,18
R1161E,L-parietal,1275.0,-0.11450107539673403,18
R1161E,L-parietal,1325.0,-0.02439155193197602,18
R1161E,L-parietal,1375.0,-0.03170235292920551,18
R1161E,L-parietal,1425.0,-0.04219842492107763,18
R1161E,L-parietal,1475.0,-0.03772041839670465,18
R1161E,L-parietal,1525.0,-0.02121199548141193,18
R1161E,L-parietal,1575.0,-0.0011456133003092232,18
R1162N,R-frontal,25.0,-0.055362131943597695,4
R1162N,R-frontal,75.0,-0.029205458886589653,4
R1162N,R-frontal,125.0,0.06672477620303097,4
R1162N,R-frontal,175.0,0.16761313428427732,4
R1162N,R-frontal,225.0,0.15588363279767775,4
R1162N,R-frontal,275.0,0.05097467292360132,4
R1162N,R-frontal,325.0,0.019945537038096227,4
R1162N,R-frontal,375.0,0.005783834821512623,4
R1162N,R-frontal,425.0,-0.09912814201473134,4
R1162N,R-frontal,475.0,-0.201074695196353,4
R1162N,R-frontal,525.0,-0.19653047701645251,4
R1162N,R-frontal,575.0,-0.17723221795659316,4
R1162N,R-frontal,625.0,-0.19607740652128114,4
R1162N,R-frontal,675.0,-0.1579626846684325,4
R1162N,R-frontal,725.0,-0.14000265260853959,4
R1162N,R-frontal,775.0,-0.13712139824886632,4
R1162N,R-frontal,825.0,-0.14937272939471496,4
R1162N,R-frontal,875.0,-0.12938326981952025,4
R1162N,R-frontal,925.0,-0.17450947711012532,4
R1162N,R-frontal,975.0,-0.1625903330526065,4
R1162N,R-frontal,1025.0,-0.11579229582920667,4
R1162N,R-frontal,1075.0,-0.05054670355090843,4
R1162N,R-frontal,1125.0,-0.046812909152762386,4
R1162N,R-frontal,1175.0,0.0023321101704599926,4
R1162N,R-frontal,1225.0,0.007168862365877937,4
R1162N,R-frontal,1275.0,-0.02012703352674488,4
R1162N,R-frontal,1325.0,0.031562189518039616,4
R1162N,R-frontal,1375.0,0.04949246362861243,4
R1162N,R-frontal,1425.0,0.04618118397937406,4
R1162N,R-frontal,1475.0,0.013221580237948347,4
R1162N,R-frontal,1525.0,0.015710360609831317,4
R1162N,R-frontal,1575.0,0.025906773520682283,4
R1162N,R-occipital,25.0,0.15327447124515678,3
R1162N,R-occipital,75.0,0.329607136196297,3
R1162N,R-occipital,125.0,0.7440440389974884,3
R1162N,R-occipital,175.0,0.7750364822814513,3
R1162N,R-occipital,225.0,0.5466418981470264,3
R1162N,R-occipital,275.0,0.6974809227258644,3
R1162N,R-occipital,325.0,0.8190367863761762,3
R1162N,R-occipital,375.0,0.7826441904490676,3
R1162N,R-occipital,425.0,0.7292310621321888,3
R1162N,R-occipital,475.0,0.5987874104767532,3
R1162N,R-occipital,525.0,0.5783609940375135,3
R1162N,R-occipital,575.0,0.566145454482701,3
R1162N,R-occipital,625.0,0.47433399779059043,3
R1162N,R-occipital,675.0,0.4073744844061642,3
R1162N,R-occipital,725.0,0.2750229067060773,3
R1162N,R-occipital,775.0,0.24172993802237988,3
R1162N,R-occipital,825.0,0.28169289791032076,3
R1162N,R-occipital,875.0,0.2788073150623878,3
R1162N,R-occipital,925.0,0.1945945850155942,3
R1162N,R-occipital,975.0,0.08841734999981792,3
R1162N,R-occipital,1025.0,0.1397064422442042,3
R1162N,R-occipital,1075.0,0.230591703165775,3
R1162N,R-occipital,1125.0,0.17016058620538121,3
R1162N,R-occipital,1175.0,0.22467198066557878,3
R1162N,R-occipital,1225.0,0.1926690397991927,3
R1162N,R-occipital,1275.0,0.15866825111230584,3
R1162N,R-occipital,1325.0,0.23559047715224915,3
R1162N,R-occipital,1375.0,0.2344334009052662,3
R1162N,R-occipital,1425.0,0.22239216700284203,3
R1162N,R-occipital,1475.0,0.2643892753047278,3
R1162N,R-occipital,1525.0,0.25932972726008746,3
R1162N,R-occipital,1575.0,0.2447834332774617,3
R1162N,R-parietal,25.0,0.012494649077305546,12
R1162N,R-parietal,75.0,0.012133593897103855,12
R1162N,R-parietal,125.0,0.039946787394941834,12
R1162N,R-parietal,175.0,-0.004790289343084622,12
R1162N,R-parietal,225.0,0.008299662467332403,12
R1162N,R-parietal,275.0,0.03138363323498038,12
R1162N,R-parietal,325.0,0.0503111982680808,12
R1162N,R-parietal,375.0,0.020138228288697803,12
R1162N,R-parietal,425.0,-0.035673376479717904,12
R1162N,R-parietal,475.0,-0.03189337698955905,12
R1162N,R-parietal,525.0,-0.020365583370444737,12
R1162N,R-parietal,575.0,-0.02149675878777446,12
R1162N,R-parietal,625.0,0.01358187842009678,12
R1162N,R-parietal,675.0,0.01129854282799249,12
R1162N,R-parietal,725.0,0.03602767257154217,12
R1162N,R-parietal,775.0,0.010519707325894564,12
R1162N,R-parietal,825.0,0.017101825152456514,12
R1162N,R-parietal,875.0,0.0071596360995522966,12
R1162N,R-parietal,925.0,0.012419164494593737,12
R1162N,R-parietal,975.0,0.008681938066153453,12
R1162N,R-parietal,1025.0,0.029469680746188054,12
R1162N,R-parietal,1075.0,0.05158035670284084,12
R1162N,R-parietal,1125.0,0.04559100872030372,12
R1162N,R-parietal,1175.0,0.03767785068141805,12
R1162N,R-parietal,1225.0,0.034664118567979366,12
R1162N,R-parietal,1275.0,0.037992808913405056,12
R1162N,R-parietal,1325.0,0.018032844449535537,12
R1162N,R-parietal,1375.0,0.005199575539735584,12
R1162N,R-parietal,1425.0,0.01588430988634067,12
R1162N,R-parietal,1475.0,0.02007277612804518,12
R1162N,R-parietal,1525.0,0.027271412879937118,12
R1162N,R-parietal,1575.0,0.05807564976971397,12
R1162N,R-temporal,25.0,-0.04481111704640637,8
R1162N,R-temporal,75.0,-0.07337033387601867,8
R1162N,R-temporal,125.0,-0.08331292002206006,8
R1162N,R-temporal,175.0,-0.013014355688125135,8
R1162N,R-temporal,225.0,0.028460848880346515,8
R1162N,R-temporal,275.0,0.04729817122002365,8
R1162N,R-temporal,325.0,-0.0006238655827881527,8
R1162N,R-temporal,375.0,-0.022050261438095166,8
R1162N,R-temporal,425.0,-0.12011016505885173,8
R1162N,R-temporal,475.0,-0.12015442122691149,8
R1162N,R-temporal,525.0,-0.13689569167147683,8
R1162N,R-temporal,575.0,-0.16797121835795745,8
R1162N,R-temporal,625.0,-0.15011527498071048,8
R1162N,R-temporal,675.0,-0.08565324635062335,8
R1162N,R-temporal,725.0,-0.05675940594965348,8
R1162N,R-temporal,775.0,-0.06296168837195226,8
R1162N,R-temporal,825.0,-0.027613084187225613,8
R1162N,R-temporal,875.0,-0.030805647261325248,8
R1162N,R-temporal,925.0,-0.049086124321312194,8
R1162N,R-temporal,975.0,-0.06051550554637955,8
R1162N,R-temporal,1025.0,-0.03766762204946401,8
R1162N,R-temporal,1075.0,-0.0570582940948997,8
R1162N,R-temporal,1125.0,-0.07079182304497063,8
R1162N,R-temporal,1175.0,-0.07541321419020908,8
R1162N,R-temporal,1225.0,-0.05781637590888708,8
R1162N,R-temporal,1275.0,-0.03328805456713637,8
R1162N,R-temporal,1325.0,-0.01301568491096887,8
R1162N,R-temporal,1375.0,-0.021198232940917862,8
R1162N,R-temporal,1425.0,-0.017262618717708567,8
R1162N,R-temporal,1475.0,-0.016448813576789116,8
R1162N,R-temporal,1525.0,-0.05414979256090578,8
R1162N,R-temporal,1575.0,-0.07062558578275224,8
R1166D,L-frontal,25.0,-0.015003042352150376,13
R1166D,L-frontal,75.0,-0.04390740815255503,13
R1166D,L-frontal,125.0,-0.04189197102667977,13
R1166D,L-frontal,175.0,-0.02119141064758772,13
R1166D,L-frontal,225.0,0.017887973775553963,13
R1166D,L-frontal,275.0,0.03958495129556642,13
R1166D,L-frontal,325.0,0.05863933765724431,13
R1166D,L-frontal,375.0,0.07030676229984369,13
R1166D,L-frontal,425.0,0.029733941843812468,13
R1166D,L-frontal,475.0,0.010179635199409866,13
R1166D,L-frontal,525.0,0.014944854399107869,13
R1166D,L-frontal,575.0,0.003002662990570243,13
R1166D,L-frontal,625.0,-0.013087748614861137,13
R1166D,L-frontal,675.0,-0.010213079173980268,13
R1166D,L-frontal,725.0,0.0007194399646448535,13
R1166D,L-frontal,775.0,-0.0034475821996997474,13
R1166D,L-frontal,825.0,-0.002545765584995758,13
R1166D,L-frontal,875.0,0.006836890040621582,13
R1166D,L-frontal,925.0,0.004249379377970171,13
R1166D,L-frontal,975.0,-0.00923017992549288,13
R1166D,L-frontal,1025.0,-0.014554814311042072,13
R1166D,L-frontal,1075.0,-0.003188281369395705,13
R1166D,L-frontal,1125.0,0.015782912555295778,13
R1166D,L-frontal,1175.0,0.011705291220159803,13
R1166D,L-frontal,1225.0,-0.018438904009253156,13
R1166D,L-frontal,1275.0,-0.028358174229800786,13
R1166D,L-frontal,1325.0,-0.01969191099346729,13
R1166D,L-frontal,1375.0,0.009618229196858794,13
R1166D,L-frontal,1425.0,0.005908085522737361,13
R1166D,L-frontal,1475.0,-0.021276018016583027,13
R1166D,L-frontal,1525.0,-0.018784301632354727,13
R1166D,L-frontal,1575.0,0.013662462926319287,13
R1168T,L-frontal,25.0,-0.015385211882407395,11
R1168T,L-frontal,75.0,-0.017070544605477286,11
R1168T,L-frontal,125.0,-0.017807251578673175,11
R1168T,L-frontal,175.0,-0.010912901704376143,11
R1168T,L-frontal,225.0,-0.02998603725223267,11
R1168T,L-frontal,275.0,-0.02096448619511734,11
R1168T,L-frontal,325.0,-0.06161384968335544,11
R1168T,L-frontal,375.0,-0.03839996368491469,11
R1168T,L-frontal,425.0,-0.05143541347147404,11
R1168T,L-frontal,475.0,-0.0466274773001839,11
R1168T,L-frontal,525.0,0.013646603572855454,11
R1168T,L-frontal,575.0,-0.026929369482545026,11
R1168T,L-frontal,625.0,-0.10282179277542162,11
R1168T,L-frontal,675.0,-0.03844236441437903,11
R1168T,L-frontal,725.0,-0.07126506579121848,11
R1168T,L-frontal,775.0,-0.09398380370025182,11
R1168T,L-frontal,825.0,-0.06556240586446059,11
R1168T,L-frontal,875.0,-0.0741294089758807,11
R1168T,L-frontal,925.0,-0.07160307303293424,11
R1168T,L-frontal,975.0,-0.04700539650236626,11
R1168T,L-frontal,1025.0,-0.0076812134391989854,11
R1168T,L-frontal,1075.0,-0.04715704953103028,11
R1168T,L-frontal,1125.0,-0.020698553560016125,11
R1168T,L-frontal,1175.0,0.00033217349422010425,11
R1168T,L-frontal,1225.0,-0.05998842686519641,11
R1168T,L-frontal,1275.0,-0.0438864253126659,11
R1168T,L-frontal,1325.0,-0.044806590113144855,11
R1168T,L-frontal,1375.0,-0.07368817899049712,11
R1168T,L-frontal,1425.0,-0.019526081197552857,11
R1168T,L-frontal,1475.0,0.027109925105677356,11
R1168T,L-frontal,1525.0,0.0024402114304557616,11
R1168T,L-frontal,1575.0,-0.019229103843781827,11
R1168T,L-temporal,25.0,0.001891262003363933,7
R1168T,L-temporal,75.0,0.017969941089642918,7
R1168T,L-temporal,125.0,0.013076911554898856,7
R1168T,L-temporal,175.0,0.011068510060541461,7
R1168T,L-temporal,225.0,-0.031693634862632276,7
R1168T,L-temporal,275.0,-0.010464007921043393,7
R1168T,L-temporal,325.0,-0.058926498847293965,7
R1168T,L-temporal,375.0,-0.0450794645407318,7
R1168T,L-temporal,425.0,-0.04817350287646186,7
R1168T,L-temporal,475.0,-0.047586977601265436,7
R1168T,L-temporal,525.0,0.01957611862466289,7
R1168T,L-temporal,575.0,-0.008021584537546965,7
R1168T,L-temporal,625.0,-0.08052805700603079,7
R1168T,L-temporal,675.0,-0.013445325081082623,7
R1168T,L-temporal,725.0,-0.06263245681500114,7
R1168T,L-temporal,775.0,-0.07990099836341494,7
R1168T,L-temporal,825.0,-0.03619689429904082,7
R1168T,L-temporal,875.0,-0.04598349657667883,7
R1168T,L-temporal,925.0,-0.07550614407618596,7
R1168T,L-temporal,975.0,-0.04044316747302076,7
R1168T,L-temporal,1025.0,-0.010065405050377993,7
R1168T,L-temporal,1075.0,-0.04630819145875621,7
R1168T,L-temporal,1125.0,-0.025815590641391807,7
R1168T,L-temporal,1175.0,0.009179426929175056,7
R1168T,L-temporal,1225.0,-0.04568215604244993,7
R1168T,L-temporal,1275.0,-0.06219419744549588,7
R1168T,L-temporal,1325.0,-0.04666642084856977,7
R1168T,L-temporal,1375.0,-0.0695667391430889,7
R1168T,L-temporal,1425.0,-0.02952531262009014,7
R1168T,L-temporal,1475.0,0.038545705497833024,7
R1168T,L-temporal,1525.0,0.011691820063570791,7
R1168T,L-temporal,1575.0,-0.018549756282363123,7
R1168T,R-frontal,25.0,-0.004308764440462499,23
R1168T,R-frontal,75.0,-0.018113439632105863,23
R1168T,R-frontal,125.0,-0.02524997847978573,23
R1168T,R-frontal,175.0,-0.012518608556001811,23
R1168T,R-frontal,225.0,-0.037789682003048164,23
R1168T,R-frontal,275.0,-0.02034470222281362,23
R1168T,R-frontal,325.0,-0.04655203974500717,23
R1168T,R-frontal,375.0,-0.01356676148522848,23
R1168T,R-frontal,425.0,-0.045805159385256006,23
R1168T,R-frontal,475.0,-0.04901305618887044,23
R1168T,R-frontal,525.0,0.017790634710932143,23
R1168T,R-frontal,575.0,-0.008587170534735978,23
R1168T,R-frontal,625.0,-0.08744700919634152,23
R1168T,R-frontal,675.0,-0.027284792835662073,23
R1168T,R-frontal,725.0,-0.06312569753252088,23
R1168T,R-frontal,775.0,-0.08066241010304023,23
R1168T,R-frontal,825.0,-0.05049492889377811,23
R1168T,R-frontal,875.0,-0.054678249522349356,23
R1168T,R-frontal,925.0,-0.07853324292451302,23
R1168T,R-frontal,975.0,-0.04705229077188284,23
R1168T,R-frontal,1025.0,-0.009830433414574015,23
R1168T,R-frontal,1075.0,-0.0388804158747856,23
R1168T,R-frontal,1125.0,-0.01787752631878835,23
R1168T,R-frontal,1175.0,0.010675917833465451,23
R1168T,R-frontal,1225.0,-0.06453235869385987,23
R1168T,R-frontal,1275.0,-0.0745338921266151,23
R1168T,R-frontal,1325.0,-0.060224043017074805,23
R1168T,R-frontal,1375.0,-0.07561868167225522,23
R1168T,R-frontal,1425.0,-0.04620559288201026,23
R1168T,R-frontal,1475.0,0.022274241198449538,23
R1168T,R-frontal,1525.0,0.0056973564872592666,23
R1168T,R-frontal,1575.0,-0.016433919772472626,23
R1168T,R-parietal,25.0,0.008918557113276281,5
R1168T,R-parietal,75.0,-0.004306667839369099,5
R1168T,R-parietal,125.0,-0.02295348391950322,5
R1168T,R-parietal,175.0,-0.004685145730643139,5
R1168T,R-parietal,225.0,-0.03180217675703411,5
R1168T,R-parietal,275.0,-0.01576373094519804,5
R1168T,R-parietal,325.0,-0.052890223851012795,5
R1168T,R-parietal,375.0,-0.04780876008408304,5
R1168T,R-parietal,425.0,-0.06784798781897836,5
R1168T,R-parietal,475.0,-0.064586874469751,5
R1168T,R-parietal,525.0,0.0029140251609128566,5
R1168T,R-parietal,575.0,-0.0028969020931683214,5
R1168T,R-parietal,625.0,-0.12246321407790997,5
R1168T,R-parietal,675.0,-0.01990013043506005,5
R1168T,R-parietal,725.0,-0.07293601451694774,5
R1168T,R-parietal,775.0,-0.1088116051924819,5
R1168T,R-parietal,825.0,-0.08541465981372731,5
R1168T,R-parietal,875.0,-0.07606631298400195,5
R1168T,R-parietal,925.0,-0.1207427633022243,5
R1168T,R-parietal,975.0,-0.06172982546321182,5
R1168T,R-parietal,1025.0,0.0008669072752251781,5
R1168T,R-parietal,1075.0,-0.030280869702807207,5
R1168T,R-parietal,1125.0,-0.023540383450679284,5
R1168T,R-parietal,1175.0,0.027885141570911775,5
R1168T,R-parietal,1225.0,-0.04231513648365174,5
R1168T,R-parietal,1275.0,-0.046331949857601126,5
R1168T,R-parietal,1325.0,-0.06360418441504329,5
R1168T,R-parietal,1375.0,-0.08172430109435984,5
R1168T,R-parietal,1425.0,-0.026755957646164275,5
R1168T,R-parietal,1475.0,0.021658165585720143,5
R1168T,R-parietal,1525.0,0.011246754034013543,5
R1168T,R-parietal,1575.0,-0.026468336809030397,5
R1168T,R-temporal,25.0,0.010298147391440051,13
R1168T,R-temporal,75.0,-0.017944682859300357,13
R1168T,R-temporal,125.0,-0.04321949064653552,13
R1168T,R-temporal,175.0,-0.022864294051390125,13
R1168T,R-temporal,225.0,-0.026963211092817376,13
R1168T,R-temporal,275.0,-0.025522640073359033,13
R1168T,R-temporal,325.0,-0.05244590895310129,13
R1168T,R-temporal,375.0,-0.019456023215538618,13
R1168T,R-temporal,425.0,-0.06461803508772254,13
R1168T,R-temporal,475.0,-0.060824791816143496,13
R1168T,R-temporal,525.0,0.013873218946683662,13
R1168T,R-temporal,575.0,-0.005109647944251092,13
R1168T,R-temporal,625.0,-0.1020334393002932,13
R1168T,R-temporal,675.0,-0.05367019310818265,13
R1168T,R-temporal,725.0,-0.07149664601743828,13
R1168T,R-temporal,775.0,-0.09128041782178672,13
R1168T,R-temporal,825.0,-0.0630483537053578,13
R1168T,R-temporal,875.0,-0.04607682473320972,13
R1168T,R-temporal,925.0,-0.05889605913446556,13
R1168T,R-temporal,975.0,-0.03207751135852605,13
R1168T,R-temporal,1025.0,-0.005885471099967886,13
R1168T,R-temporal,1075.0,-0.042488521493678,13
R1168T,R-temporal,1125.0,-0.03507405643475842,13
R1168T,R-temporal,1175.0,0.013474224671519697,13
R1168T,R-temporal,1225.0,-0.05697395007184872,13
R1168T,R-temporal,1275.0,-0.06348197152189247,13
R1168T,R-temporal,1325.0,-0.05999084088498739,13
R1168T,R-temporal,1375.0,-0.07941525855300577,13
R1168T,R-temporal,1425.0,-0.05466296943701968,13
R1168T,R-temporal,1475.0,-0.002180813492430154,13
R1168T,R-temporal,1525.0,-0.008324517725267794,13
R1168T,R-temporal,1575.0,-0.02329684531452124,13
R1170J,L-parietal,25.0,-0.04917944965410781,3
R1170J,L-parietal,75.0,-0.052591662653638654,3
R1170J,L-parietal,125.0,-0.09160232114107732,3
R1170J,L-parietal,175.0,-0.055597297640829456,3
R1170J,L-parietal,225.0,-0.026761843478986552,3
R1170J,L-parietal,275.0,-0.07197365348134512,3
R1170J,L-parietal,325.0,-0.15268036593198883,3
R1170J,L-parietal,375.0,-0.07095991468200868,3
R1170J,L-parietal,425.0,-0.10408979647213851,3
R1170J,L-parietal,475.0,-0.07497168346313741,3
R1170J,L-parietal,525.0,-0.05105085440587113,3
R1170J,L-parietal,575.0,-0.08730228368786615,3
R1170J,L-parietal,625.0,-0.08579157287880977,3
R1170J,L-parietal,675.0,-0.11127734773581903,3
R1170J,L-parietal,725.0,-0.13173362143687203,3
R1170J,L-parietal,775.0,-0.12146175589232067,3
R1170J,L-parietal,825.0,-0.06045414771289912,3
R1170J,L-parietal,875.0,-0.06055499424604283,3
R1170J,L-parietal,925.0,-0.05646614291423912,3
R1170J,L-parietal,975.0,-0.010833934550923343,3
R1170J,L-parietal,1025.0,-0.017106075029197605,3
R1170J,L-parietal,1075.0,-0.01705810624425317,3
R1170J,L-parietal,1125.0,-0.05481099800013847,3
R1170J,L-parietal,1175.0,-0.05666626293443453,3
R1170J,L-parietal,1225.0,-0.006375183245825758,3
R1170J,L-parietal,1275.0,-0.014066967776561403,3
R1170J,L-parietal,1325.0,-0.01689862775753281,3
R1170J,L-parietal,1375.0,-0.002861897629263343,3
R1170J,L-parietal,1425.0,-0.007809785471632917,3
R1170J,L-parietal,1475.0,-0.03367771709188702,3
R1170J,L-parietal,1525.0,-0.06988895141709488,3
R1170J,L-parietal,1575.0,-0.06603098899322313,3
R1170J,L-temporal,25.0,-0.040977724885821264,14
R1170J,L-temporal,75.0,0.001416556548352278,14
R1170J,L-temporal,125.0,-0.03699797772849002,14
R1170J,L-temporal,175.0,-0.04348317202146507,14
R1170J,L-temporal,225.0,-0.027178274085839726,14
R1170J,L-temporal,275.0,-0.013343351137934363,14
R1170J,L-temporal,325.0,0.023913921591952842,14
R1170J,L-temporal,375.0,0.05314260502807238,14
R1170J,L-temporal,425.0,0.06159532551329055,14
R1170J,L-temporal,475.0,0.07572560097044856,14
R1170J,L-temporal,525.0,0.037723120461263956,14
R1170J,L-temporal,575.0,0.009244040899594656,14
R1170J,L-temporal,625.0,0.004250351352217924,14
R1170J,L-temporal,675.0,-0.006130180442809716,14
R1170J,L-temporal,725.0,-0.006208141964403077,14
R1170J,L-temporal,775.0,-0.028435535010209657,14
R1170J,L-temporal,825.0,-0.029212186956925994,14
R1170J,L-temporal,875.0,-0.011957319394020045,14
R1170J,L-temporal,925.0,-0.0028899283769193975,14
R1170J,L-temporal,975.0,0.010241051234050783,14
R1170J,L-temporal,1025.0,0.004404618164386186,14
R1170J,L-temporal,1075.0,-0.010387237252400174,14
R1170J,L-temporal,1125.0,-0.027465158111838812,14
R1170J,L-temporal,1175.0,-0.012447897758274235,14
R1170J,L-temporal,1225.0,-0.021502382362836827,14
R1170J,L-temporal,1275.0,-0.011899770090967324,14
R1170J,L-temporal,1325.0,0.008264950491083261,14
R1170J,L-temporal,1375.0,-0.015271745093821981,14
R1170J,L-temporal,1425.0,-0.012374634699361025,14
R1170J,L-temporal,1475.0,0.0053471304511622615,14
R1170J,L-temporal,1525.0,0.00911241459913248,14
R1170J,L-temporal,1575.0,-0.01286079958852263,14
R1172E,L-temporal,25.0,-0.05233304581432627,4
R1172E,L-temporal,75.0,-0.07217235682543369,4
R1172E,L-temporal,125.0,-0.07748543082237516,4
R1172E,L-temporal,175.0,-0.0696135884636001,4
R1172E,L-temporal,225.0,-0.06835756101439472,4
R1172E,L-temporal,275.0,-0.08023798790265271,4
R1172E,L-temporal,325.0,-0.03940503502098021,4
R1172E,L-temporal,375.0,-0.044251689604247024,4
R1172E,L-temporal,425.0,-0.06348309579255891,4
R1172E,L-temporal,475.0,-0.04531803264860323,4
R1172E,L-temporal,525.0,-0.035660262613891526,4
R1172E,L-temporal,575.0,-0.05617337899919647,4
R1172E,L-temporal,625.0,-0.033365556036253456,4
R1172E,L-temporal,675.0,-0.08289746017181915,4
R1172E,L-temporal,725.0,-0.09401672801104975,4
R1172E,L-temporal,775.0,-0.06954977047719192,4
R1172E,L-temporal,825.0,-0.067639506067863,4
R1172E,L-temporal,875.0,-0.10716249317910134,4
R1172E,L-temporal,925.0,-0.049651317206520246,4
R1172E,L-temporal,975.0,-0.05236783471572823,4
R1172E,L-temporal,1025.0,-0.03153485932981161,4
R1172E,L-temporal,1075.0,-0.04427386558305638,4
R1172E,L-temporal,1125.0,-0.07110655563125319,4
R1172E,L-temporal,1175.0,-0.04305684446302237,4
R1172E,L-temporal,1225.0,-0.07132319834974153,4
R1172E,L-temporal,1275.0,-0.08328460115394495,4
R1172E,L-temporal,1325.0,-0.05843370822079615,4
R1172E,L-temporal,1375.0,-0.04999603536921116,4
R1172E,L-temporal,1425.0,-0.06555864079216212,4
R1172E,L-temporal,1475.0,-0.07601517803844987,4
R1172E,L-temporal,1525.0,-0.12209407092981364,4
R1172E,L-temporal,1575.0,-0.09474649222193782,4
R1172E,R-frontal,25.0,-0.05082519926851485,5
R1172E,R-frontal,75.0,-0.07289712896717375,5
R1172E,R-frontal,125.0,-0.06819745612296903,5
R1172E,R-frontal,175.0,-0.06002923177031812,5
R1172E,R-frontal,225.0,-0.06218135299978596,5
R1172E,R-frontal,275.0,-0.06495560531839885,5
R1172E,R-frontal,325.0,-0.055279901811615795,5
R1172E,R-frontal,375.0,-0.07106291168646436,5
R1172E,R-frontal,425.0,-0.06754620887251692,5
R1172E,R-frontal,475.0,-0.03225193569105267,5
R1172E,R-frontal,525.0,-0.05558575720065876,5
R1172E,R-frontal,575.0,-0.03300932255275847,5
R1172E,R-frontal,625.0,-0.041106596649614656,5
R1172E,R-frontal,675.0,-0.07346131579051392,5
R1172E,R-frontal,725.0,-0.0698814190665463,5
R1172E,R-frontal,775.0,-0.06316745184753017,5
R1172E,R-frontal,825.0,-0.06820642868375407,5
R1172E,R-frontal,875.0,-0.08075365590468754,5
R1172E,R-frontal,925.0,-0.05984647224124595,5
R1172E,R-frontal,975.0,-0.056218995418063036,5
R1172E,R-frontal,1025.0,-0.041524019645912146,5
R1172E,R-frontal,1075.0,-0.021005245642343722,5
R1172E,R-frontal,1125.0,-0.04900311350750679,5
R1172E,R-frontal,1175.0,-0.05000054293866031,5
R1172E,R-frontal,1225.0,-0.0575979601385352,5
R1172E,R-frontal,1275.0,-0.07365131178799743,5
R1172E,R-frontal,1325.0,-0.06064617176724478,5
R1172E,R-frontal,1375.0,-0.05678269529354526,5
R1172E,R-frontal,1425.0,-0.06549273338757747,5
R1172E,R-frontal,1475.0,-0.07238573998656955,5
R1172E,R-frontal,1525.0,-0.10972915836044032,5
R1172E,R-frontal,1575.0,-0.06562252256882545,5
R1172E,R-temporal,25.0,-0.055982898861473424,18
R1172E,R-temporal,75.0,-0.07416509864311066,18
R1172E,R-temporal,125.0,-0.0825574333425333,18
R1172E,R-temporal,175.0,-0.0713606343877946,18
R1172E,R-temporal,225.0,-0.06969956019926071,18
R1172E,R-temporal,275.0,-0.07280786255236706,18
R1172E,R-temporal,325.0,-0.058997098050429866,18
R1172E,R-temporal,375.0,-0.06334309484107997,18
R1172E,R-temporal,425.0,-0.06213800356012462,18
R1172E,R-temporal,475.0,-0.04253522401766419,18
R1172E,R-temporal,525.0,-0.058697143419003686,18
R1172E,R-temporal,575.0,-0.05446444245196258,18
R1172E,R-temporal,625.0,-0.062134687731691285,18
R1172E,R-temporal,675.0,-0.0710506059251757,18
R1172E,R-temporal,725.0,-0.06626514144285384,18
R1172E,R-temporal,775.0,-0.07031708639034485,18
R1172E,R-temporal,825.0,-0.09070033386284895,18
R1172E,R-temporal,875.0,-0.11416173314910469,18
R1172E,R-temporal,925.0,-0.10378567153175261,18
R1172E,R-temporal,975.0,-0.08698567899091272,18
R1172E,R-temporal,1025.0,-0.05198067143545329,18
R1172E,R-temporal,1075.0,-0.03012012917368611,18
R1172E,R-temporal,1125.0,-0.061773206766096246,18
R1172E,R-temporal,1175.0,-0.036485189956328774,18
R1172E,R-temporal,1225.0,-0.053996413407812076,18
R1172E,R-temporal,1275.0,-0.08902081088644921,18
R1172E,R-temporal,1325.0,-0.0715887452511067,18
R1172E,R-temporal,1375.0,-0.06236114990412642,18
R1172E,R-temporal,1425.0,-0.07459834271035631,18
R1172E,R-temporal,1475.0,-0.08364975274210461,18
R1172E,R-temporal,1525.0,-0.1194603948672261,18
R1172E,R-temporal,1575.0,-0.09687695056383122,18
R1173J,R-frontal,25.0,0.010325195594551955,10
R1173J,R-frontal,75.0,0.036805057613629774,10
R1173J,R-frontal,125.0,0.049268467317955755,10
R1173J,R-frontal,175.0,0.06259994931207305,10
R1173J,R-frontal,225.0,0.04772481327640795,10
R1173J,R-frontal,275.0,0.04958791543839072,10
R1173J,R-frontal,325.0,0.06724332757420343,10
R1173J,R-frontal,375.0,0.07718423858504721,10
R1173J,R-frontal,425.0,0.02600759305858789,10
R1173J,R-frontal,475.0,0.032252402268045974,10
R1173J,R-frontal,525.0,0.030383832437981196,10
R1173J,R-frontal,575.0,0.08508750953577507,10
R1173J,R-frontal,625.0,0.10296615210724687,10
R1173J,R-frontal,675.0,0.06824430063168206,10
R1173J,R-frontal,725.0,0.05380406867040224,10
R1173J,R-frontal,775.0,0.06558514107764327,10
R1173J,R-frontal,825.0,0.0934939808088138,10
R1173J,R-frontal,875.0,0.11192429393725178,10
R1173J,R-frontal,925.0,0.09099211970595059,10
R1173J,R-frontal,975.0,0.08360062849552888,10
R1173J,R-frontal,1025.0,0.057409243320379534,10
R1173J,R-frontal,1075.0,0.0718646247679868,10
R1173J,R-frontal,1125.0,0.10170021020466542,10
R1173J,R-frontal,1175.0,0.05327099956895172,10
R1173J,R-frontal,1225.0,0.05249746148321656,10
R1173J,R-frontal,1275.0,0.04112412685984689,10
R1173J,R-frontal,1325.0,0.05281527390186393,10
R1173J,R-frontal,1375.0,0.05243887631671085,10
R1173J,R-frontal,1425.0,0.04742474901521549,10
R1173J,R-frontal,1475.0,0.04719237610126288,10
R1173J,R-frontal,1525.0,0.050322311626120844,10
R1173J,R-frontal,1575.0,0.011294648280470523,10
R1175N,R-frontal,25.0,-0.0037997696189340253,8
R1175N,R-frontal,75.0,-0.01763175784833651,8
R1175N,R-frontal,125.0,-0.037058745590448305,8
R1175N,R-frontal,175.0,-0.10220836437364464,8
R1175N,R-frontal,225.0,-0.1703465135738302,8
R1175N,R-frontal,275.0,-0.20204433646814687,8
R1175N,R-frontal,325.0,-0.2507670789388233,8
R1175N,R-frontal,375.0,-0.24637046229718743,8
R1175N,R-frontal,425.0,-0.2676392648106535,8
R1175N,R-frontal,475.0,-0.2819994412361483,8
R1175N,R-frontal,525.0,-0.24142468071646897,8
R1175N,R-frontal,575.0,-0.2565554110287579,8
R1175N,R-frontal,625.0,-0.21826484629304738,8
R1175N,R-frontal,675.0,-0.20324134241813416,8
R1175N,R-frontal,725.0,-0.1612666233626982,8
R1175N,R-frontal,775.0,-0.08872788843723133,8
R1175N,R-frontal,825.0,-0.08062888738237223,8
R1175N,R-frontal,875.0,-0.05232880568509816,8
R1175N,R-frontal,925.0,-0.023638773888102625,8
R1175N,R-frontal,975.0,0.003011224520354015,8
R1175N,R-frontal,1025.0,0.02833066710936412,8
R1175N,R-frontal,1075.0,0.016643044489138614,8
R1175N,R-frontal,1125.0,0.049288500149245684,8
R1175N,R-frontal,1175.0,0.06640429115749671,8
R1175N,R-frontal,1225.0,0.05175687431216692,8
R1175N,R-frontal,1275.0,0.03320602957903389,8
R1175N,R-frontal,1325.0,-0.016440955879010323,8
R1175N,R-frontal,1375.0,0.009889607671005633,8
R1175N,R-frontal,1425.0,0.0902438186290987,8
R1175N,R-frontal,1475.0,0.04826347541994534,8
R1175N,R-frontal,1525.0,-0.004193487968875502,8
R1175N,R-frontal,1575.0,0.04960878062001299,8
R1175N,R-parietal,25.0,0.06333745448745495,5
R1175N,R-parietal,75.0,0.13614491994446729,5
R1175N,R-parietal,125.0,0.24368869725187822,5
R1175N,R-parietal,175.0,0.20525424808509266,5
R1175N,R-parietal,225.0,0.12161262776372603,5
R1175N,R-parietal,275.0,0.011218447613620596,5
R1175N,R-parietal,325.0,-0.05531754416515948,5
R1175N,R-parietal,375.0,-0.024192881196640016,5
R1175N,R-parietal,425.0,-0.052112669333440886,5
R1175N,R-parietal,475.0,-0.11797874503346387,5
R1175N,R-parietal,525.0,-0.10191311153207301,5
R1175N,R-parietal,575.0,-0.11654140817611162,5
R1175N,R-parietal,625.0,-0.1369421300377925,5
R1175N,R-parietal,675.0,-0.14815821808129975,5
R1175N,R-parietal,725.0,-0.1458809788408843,5
R1175N,R-parietal,775.0,-0.14532709098329347,5
R1175N,R-parietal,825.0,-0.17392700935914235,5
R1175N,R-parietal,875.0,-0.12186563581004543,5
R1175N,R-parietal,925.0,-0.06426941063153907,5
R1175N,R-parietal,975.0,-0.03463069716764486,5
R1175N,R-parietal,1025.0,0.009439103073042458,5
R1175N,R-parietal,1075.0,0.013122892241262368,5
R1175N,R-parietal,1125.0,0.0716749810028734,5
R1175N,R-parietal,1175.0,0.10302493532822772,5
R1175N,R-parietal,1225.0,0.04492228328904716,5
R1175N,R-parietal,1275.0,0.025405509893871008,5
R1175N,R-parietal,1325.0,-0.017478716967732236,5
R1175N,R-parietal,1375.0,-0.01971734783183842,5
R1175N,R-parietal,1425.0,0.061257275663159014,5
R1175N,R-parietal,1475.0,0.07943660757080029,5
R1175N,R-parietal,1525.0,-0.00039601324167360953,5
R1175N,R-parietal,1575.0,0.0564663777682883,5
R1176M,L-temporal,25.0,-0.015756150970590604,3
R1176M,L-temporal,75.0,-0.04489791082029248,3
R1176M,L-temporal,125.0,-0.004955590084188728,3
R1176M,L-temporal,175.0,-0.023636774715271886,3
R1176M,L-temporal,225.0,-0.03318977175492113,3
R1176M,L-temporal,275.0,-0.02042215774582921,3
R1176M,L-temporal,325.0,-0.0434873489334393,3
R1176M,L-temporal,375.0,-0.03857787180824329,3
R1176M,L-temporal,425.0,-0.04066878784720456,3
R1176M,L-temporal,475.0,-0.00251616527624198,3
R1176M,L-temporal,525.0,-0.028824184975238875,3
R1176M,L-temporal,575.0,-0.08829866525739266,3
R1176M,L-temporal,625.0,-0.07408290701454373,3
R1176M,L-temporal,675.0,-0.0646864732977402,3
R1176M,L-temporal,725.0,-0.08680966251472072,3
R1176M,L-temporal,775.0,-0.08281527729877651,3
R1176M,L-temporal,825.0,-0.08050284943396688,3
R1176M,L-temporal,875.0,-0.10877008976551451,3
R1176M,L-temporal,925.0,-0.14301772714234093,3
R1176M,L-temporal,975.0,-0.07699462459289066,3
R1176M,L-temporal,1025.0,-0.07726663326197082,3
R1176M,L-temporal,1075.0,-0.09631822746845124,3
R1176M,L-temporal,1125.0,-0.10403234147026551,3
R1176M,L-temporal,1175.0,-0.11152356767347554,3
R1176M,L-temporal,1225.0,-0.09786949727445038,3
R1176M,L-temporal,1275.0,-0.12785852444452228,3
R1176M,L-temporal,1325.0,-0.1476414721883247,3
R1176M,L-temporal,1375.0,-0.12567081247069367,3
R1176M,L-temporal,1425.0,-0.1058062103135345,3
R1176M,L-temporal,1475.0,-0.07401774524775502,3
R1176M,L-temporal,1525.0,-0.11197548232067439,3
R1176M,L-temporal,1575.0,-0.1605194705769008,3
R1176M,R-temporal,25.0,-0.1570460245810458,3
R1176M,R-temporal,75.0,-0.2327364071447393,3
R1176M,R-temporal,125.0,-0.23078218587031565,3
R1176M,R-temporal,175.0,-0.07626939986750973,3
R1176M,R-temporal,225.0,-0.01573028069423726,3
R1176M,R-temporal,275.0,0.01376191644548364,3
R1176M,R-temporal,325.0,0.01666956329210577,3
R1176M,R-temporal,375.0,-0.021100178011937695,3
R1176M,R-temporal,425.0,-0.03658198516222791,3
R1176M,R-temporal,475.0,0.024676031405760208,3
R1176M,R-temporal,525.0,-0.023023013504290785,3
R1176M,R-temporal,575.0,-0.044208197170122844,3
R1176M,R-temporal,625.0,0.05003271128527831,3
R1176M,R-temporal,675.0,0.004806602343778888,3
R1176M,R-temporal,725.0,-0.050174867658641625,3
R1176M,R-temporal,775.0,-0.08731903151748732,3
R1176M,R-temporal,825.0,-0.04922121786139463,3
R1176M,R-temporal,875.0,-0.021149670516783018,3
R1176M,R-temporal,925.0,-0.0868268781246107,3
R1176M,R-temporal,975.0,-0.10464495383156573,3
R1176M,R-temporal,1025.0,-0.11575184232138518,3
R1176M,R-temporal,1075.0,-0.12926949249548214,3
R1176M,R-temporal,1125.0,-0.2146052718532129,3
R1176M,R-temporal,1175.0,-0.19925262757545392,3
R1176M,R-temporal,1225.0,-0.1461557708381449,3
R1176M,R-temporal,1275.0,-0.1629860979688292,3
R1176M,R-temporal,1325.0,-0.18376608793466545,3
R1176M,R-temporal,1375.0,-0.1759339909046679,3
R1176M,R-temporal,1425.0,-0.19670061265469263,3
R1176M,R-temporal,1475.0,-0.09535743077043836,3
R1176M,R-temporal,1525.0,-0.08242128882646114,3
R1176M,R-temporal,1575.0,-0.18339629474209615,3
R1177M,L-frontal,25.0,-0.07414012463191598,17
R1177M,L-frontal,75.0,-0.08957184846132452,17
R1177M,L-frontal,125.0,-0.055892190951783355,17
R1177M,L-frontal,175.0,-0.03369516156574176,17
R1177M,L-frontal,225.0,-0.020076204754650873,17
R1177M,L-frontal,275.0,0.015512365503623152,17
R1177M,L-frontal,325.0,0.04179729044368465,17
R1177M,L-frontal,375.0,0.0613008526649666,17
R1177M,L-frontal,425.0,0.05312248557296938,17
R1177M,L-frontal,475.0,0.04753621988615576,17
R1177M,L-frontal,525.0,0.03049241269863079,17
R1177M,L-frontal,575.0,0.045841918687975956,17
R1177M,L-frontal,625.0,0.03220277108886388,17
R1177M,L-frontal,675.0,0.039464217395879034,17
R1177M,L-frontal,725.0,0.06589704697559313,17
R1177M,L-frontal,775.0,0.04844912650887943,17
R1177M,L-frontal,825.0,0.025748566815599828,17
R1177M,L-frontal,875.0,-0.006339230560370716,17
R1177M,L-frontal,925.0,-0.011789539422716573,17
R1177M,L-frontal,975.0,-0.0064633289814527446,17
R1177M,L-frontal,1025.0,-0.005734809460071531,17
R1177M,L-frontal,1075.0,0.011047217328722046,17
R1177M,L-frontal,1125.0,-0.00745017398861963,17
R1177M,L-frontal,1175.0,0.018383905982820387,17
R1177M,L-frontal,1225.0,0.04149123799680704,17
R1177M,L-frontal,1275.0,0.02278973067260779,17
R1177M,L-frontal,1325.0,0.025268503819914308,17
R1177M,L-frontal,1375.0,0.0098873337386159,17
R1177M,L-frontal,1425.0,0.02012807905985138,17
R1177M,L-frontal,1475.0,0.03206047015661312,17
R1177M,L-frontal,1525.0,0.039628064604041426,17
R1177M,L-frontal,1575.0,0.03596038080419761,17
R1177M,L-parietal,25.0,-0.07018117302744212,20
R1177M,L-parietal,75.0,-0.04467430257418749,20
R1177M,L-parietal,125.0,-0.005140908805550606,20
R1177M,L-parietal,175.0,0.010458133213137155,20
R1177M,L-parietal,225.0,0.02772910556063133,20
R1177M,L-parietal,275.0,0.059493421682832295,20
R1177M,L-parietal,325.0,0.04646469650157701,20
R1177M,L-parietal,375.0,0.035197877770476074,20
R1177M,L-parietal,425.0,0.03629587606182979,20
R1177M,L-parietal,475.0,0.03891989463879336,20
R1177M,L-parietal,525.0,0.030107982525894243,20
R1177M,L-parietal,575.0,0.05921143698312538,20
R1177M,L-parietal,625.0,0.08118519112083672,20
R1177M,L-parietal,675.0,0.07857216284265475,20
R1177M,L-parietal,725.0,0.09234781893909204,20
R1177M,L-parietal,775.0,0.08561562735899557,20
R1177M,L-parietal,825.0,0.08236761127104658,20
R1177M,L-parietal,875.0,0.06199803606247913,20
R1177M,L-parietal,925.0,0.04187025589746698,20
R1177M,L-parietal,975.0,0.05316509515862725,20
R1177M,L-parietal,1025.0,0.058372804760710696,20
R1177M,L-parietal,1075.0,0.03943887384069994,20
R1177M,L-parietal,1125.0,0.03713292902225776,20
R1177M,L-parietal,1175.0,0.03983095475164452,20
R1177M,L-parietal,1225.0,0.0341707114221214,20
R1177M,L-parietal,1275.0,0.03107391689454937,20
R1177M,L-parietal,1325.0,0.042836475222163495,20
R1177M,L-parietal,1375.0,0.0393386142432157,20
R1177M,L-parietal,1425.0,0.040415627691502226,20
R1177M,L-parietal,1475.0,0.04611533007541656,20
R1177M,L-parietal,1525.0,0.045895650358350235,20
R1177M,L-parietal,1575.0,0.024272334013393137,20
R1177M,L-temporal,25.0,-0.08383467757557066,10
R1177M,L-temporal,75.0,-0.07791283433571922,10
R1177M,L-temporal,125.0,-0.07412858440498865,10
R1177M,L-temporal,175.0,-0.07833223698532109,10
R1177M,L-temporal,225.0,-0.04942677173295035,10
R1177M,L-temporal,275.0,-0.05419387095991048,10
R1177M,L-temporal,325.0,-0.07666309760293291,10
R1177M,L-temporal,375.0,-0.09113535307979084,10
R1177M,L-temporal,425.0,-0.06825564607997854,10
R1177M,L-temporal,475.0,-0.09458531785370945,10
R1177M,L-temporal,525.0,-0.1323515486756266,10
R1177M,L-temporal,575.0,-0.11208367318284748,10
R1177M,L-temporal,625.0,-0.10093035051557812,10
R1177M,L-temporal,675.0,-0.0985021894058284,10
R1177M,L-temporal,725.0,-0.11618472496519369,10
R1177M,L-temporal,775.0,-0.14067347809679492,10
R1177M,L-temporal,825.0,-0.16233381256887663,10
R1177M,L-temporal,875.0,-0.14980757353490518,10
R1177M,L-temporal,925.0,-0.12940952106969822,10
R1177M,L-temporal,975.0,-0.09746691687993472,10
R1177M,L-temporal,1025.0,-0.07523845696999629,10
R1177M,L-temporal,1075.0,-0.061960274614317655,10
R1177M,L-temporal,1125.0,-0.07525548536159914,10
R1177M,L-temporal,1175.0,-0.05180043841447333,10
R1177M,L-temporal,1225.0,-0.0538715723497931,10
R1177M,L-temporal,1275.0,-0.04212337420132118,10
R1177M,L-temporal,1325.0,-0.02189172699648173,10
R1177M,L-temporal,1375.0,-0.04241538288616253,10
R1177M,L-temporal,1425.0,-0.0019033542126903808,10
R1177M,L-temporal,1475.0,-0.016484918251484154,10
R1177M,L-temporal,1525.0,-0.010743649505341875,10
R1177M,L-temporal,1575.0,-0.012175545317868425,10
R1178P,L-frontal,25.0,0.04054797814840459,4
R1178P,L-frontal,75.0,0.06807685304012676,4
R1178P,L-frontal,125.0,0.021518649515678504,4
R1178P,L-frontal,175.0,-0.03362388982283039,4
R1178P,L-frontal,225.0,0.019686098073720765,4
R1178P,L-frontal,275.0,0.012640890978464603,4
R1178P,L-frontal,325.0,0.05594128933203078,4
R1178P,L-frontal,375.0,0.12252830243408655,4
R1178P,L-frontal,425.0,0.025707463019747696,4
R1178P,L-frontal,475.0,-0.0578146375183776,4
R1178P,L-frontal,525.0,-0.01842939017768117,4
R1178P,L-frontal,575.0,0.018559318551633633,4
R1178P,L-frontal,625.0,0.12580395669556915,4
R1178P,L-frontal,675.0,0.05332676410847122,4
R1178P,L-frontal,725.0,0.03246097248556336,4
R1178P,L-frontal,775.0,0.0704148612279961,4
R1178P,L-frontal,825.0,0.05925960573978601,4
R1178P,L-frontal,875.0,-0.029364743491950798,4
R1178P,L-frontal,925.0,-0.016012113776655897,4
R1178P,L-frontal,975.0,0.05271734770386108,4
R1178P,L-frontal,1025.0,0.027980004288501184,4
R1178P,L-frontal,1075.0,0.024048426644841695,4
R1178P,L-frontal,1125.0,-0.020803693906238672,4
R1178P,L-frontal,1175.0,-0.07125502715585681,4
R1178P,L-frontal,1225.0,-0.15838509998311212,4
R1178P,L-frontal,1275.0,-0.02810925907006496,4
R1178P,L-frontal,1325.0,-0.05178831892095927,4
R1178P,L-frontal,1375.0,-0.13443929852043934,4
R1178P,L-frontal,1425.0,-0.12169166298181652,4
R1178P,L-frontal,1475.0,-0.05722672473295794,4
R1178P,L-frontal,1525.0,-0.08850003207978754,4
R1178P,L-frontal,1575.0,-0.0870437196799319,4
R1189M,R-frontal,25.0,0.008194954752551302,11
R1189M,R-frontal,75.0,-0.019455842073295003,11
R1189M,R-frontal,125.0,-0.022006648772045116,11
R1189M,R-frontal,175.0,-0.03127105743053244,11
R1189M,R-frontal,225.0,-0.04626271389546757,11
R1189M,R-frontal,275.0,-0.05199702323815536,11
R1189M,R-frontal,325.0,-0.07888461814876653,11
R1189M,R-frontal,375.0,-0.06321658054667376,11
R1189M,R-frontal,425.0,-0.029030726526042782,11
R1189M,R-frontal,475.0,-0.051522532085554455,11
R1189M,R-frontal,525.0,-0.09125161720386375,11
R1189M,R-frontal,575.0,-0.07787855777325729,11
R1189M,R-frontal,625.0,-0.06367339189664316,11
R1189M,R-frontal,675.0,-0.10638932629060345,11
R1189M,R-frontal,725.0,-0.11214228878781872,11
R1189M,R-frontal,775.0,-0.10296640293060796,11
R1189M,R-frontal,825.0,-0.11348068327423634,11
R1189M,R-frontal,875.0,-0.08286206525868386,11
R1189M,R-frontal,925.0,-0.04191321943581846,11
R1189M,R-frontal,975.0,-0.043753273668391025,11
R1189M,R-frontal,1025.0,-0.05017334121959793,11
R1189M,R-frontal,1075.0,-0.06001130460118153,11
R1189M,R-frontal,1125.0,-0.05520518502417929,11
R1189M,R-frontal,1175.0,-0.036315302196146024,11
R1189M,R-frontal,1225.0,-0.05478026007939512,11
R1189M,R-frontal,1275.0,-0.04625826169873153,11
R1189M,R-frontal,1325.0,-0.04619381903094419,11
R1189M,R-frontal,1375.0,-0.04834350178716334,11
R1189M,R-frontal,1425.0,-0.014634771386917307,11
R1189M,R-frontal,1475.0,-0.017394086604352318,11
R1189M,R-frontal,1525.0,-0.02570861950530188,11
R1189M,R-frontal,1575.0,0.017810554103513034,11
R1195E,L-frontal,25.0,-0.02597156130361446,10
R1195E,L-frontal,75.0,-0.015209748475977386,10
R1195E,L-frontal,125.0,0.03286097292426288,10
R1195E,L-frontal,175.0,0.05940512760973171,10
R1195E,L-frontal,225.0,0.04441536614500803,10
R1195E,L-frontal,275.0,0.04210282592927195,10
R1195E,L-frontal,325.0,0.08031934545982305,10
R1195E,L-frontal,375.0,0.06806126143567018,10
R1195E,L-frontal,425.0,0.13806432593369794,10
R1195E,L-frontal,475.0,0.17540143059372476,10
R1195E,L-frontal,525.0,0.17336401365891874,10
R1195E,L-frontal,575.0,0.15512879901408777,10
R1195E,L-frontal,625.0,0.11793161164419078,10
R1195E,L-frontal,675.0,0.12222307014446776,10
R1195E,L-frontal,725.0,0.1072913098268081,10
R1195E,L-frontal,775.0,0.12724188867409117,10
R1195E,L-frontal,825.0,0.10808742782451508,10
R1195E,L-frontal,875.0,0.08917262762926628,10
R1195E,L-frontal,925.0,0.11013249899328237,10
R1195E,L-frontal,975.0,0.1262140027836231,10
R1195E,L-frontal,1025.0,0.10444152693725513,10
R1195E,L-frontal,1075.0,0.08027433894069666,10
R1195E,L-frontal,1125.0,0.07572104831302977,10
R1195E,L-frontal,1175.0,0.09957772993176844,10
R1195E,L-frontal,1225.0,0.12160159273874091,10
R1195E,L-frontal,1275.0,0.12149949555569302,10
R1195E,L-frontal,1325.0,0.11216213980824927,10
R1195E,L-frontal,1375.0,0.08723424588837198,10
R1195E,L-frontal,1425.0,0.07433569043835622,10
R1195E,L-frontal,1475.0,0.03053637424274653,10
R1195E,L-frontal,1525.0,0.027272415057750028,10
R1195E,L-frontal,1575.0,0.05897078930604912,10
R1195E,L-parietal,25.0,-0.00900591343202728,8
R1195E,L-parietal,75.0,-0.005774351543622535,8
R1195E,L-parietal,125.0,0.023933122982555784,8
R1195E,L-parietal,175.0,0.02779503898771962,8
R1195E,L-parietal,225.0,-0.053390183919194895,8
R1195E,L-parietal,275.0,-0.08695289818175707,8
R1195E,L-parietal,325.0,-0.08027686075416966,8
R1195E,L-parietal,375.0,-0.12101196587202974,8
R1195E,L-parietal,425.0,-0.10838078426349605,8
R1195E,L-parietal,475.0,-0.08596233749912578,8
R1195E,L-parietal,525.0,-0.10101607142708252,8
R1195E,L-parietal,575.0,-0.09832092869605191,8
R1195E,L-parietal,625.0,-0.11823511197380879,8
R1195E,L-parietal,675.0,-0.12059702268617646,8
R1195E,L-parietal,725.0,-0.13117992692730082,8
R1195E,L-parietal,775.0,-0.10239189835480728,8
R1195E,L-parietal,825.0,-0.08331624748795975,8
R1195E,L-parietal,875.0,-0.07893383649278016,8
R1195E,L-parietal,925.0,-0.06768336173336043,8
R1195E,L-parietal,975.0,-0.043884425837308574,8
R1195E,L-parietal,1025.0,-0.05453098365288469,8
R1195E,L-parietal,1075.0,-0.07892128006541853,8
R1195E,L-parietal,1125.0,-0.0639965639424521,8
R1195E,L-parietal,1175.0,-0.05675909601422829,8
R1195E,L-parietal,1225.0,-0.042120828374668004,8
R1195E,L-parietal,1275.0,-0.03145150367704724,8
R1195E,L-parietal,1325.0,0.002999114968673,8
R1195E,L-parietal,1375.0,-0.009893132802025131,8
R1195E,L-parietal,1425.0,-0.05106125746100467,8
R1195E,L-parietal,1475.0,-0.07222037514955942,8
R1195E,L-parietal,1525.0,-0.05967797822612844,8
R1195E,L-parietal,1575.0,-0.035329709688772776,8
R1195E,L-temporal,25.0,0.0032653567684173706,6
R1195E,L-temporal,75.0,0.017348875516638485,6
R1195E,L-temporal,125.0,0.04131977670393422,6
R1195E,L-temporal,175.0,0.03139926472834851,6
R1195E,L-temporal,225.0,-0.035743974687879425,6
R1195E,L-temporal,275.0,-0.06424321007935428,6
R1195E,L-temporal,325.0,-0.0799040873930577,6
R1195E,L-temporal,375.0,-0.15213437622928386,6
R1195E,L-temporal,425.0,-0.13160205536802685,6
R1195E,L-temporal,475.0,-0.12727893814773825,6
R1195E,L-temporal,525.0,-0.13797434646229914,6
R1195E,L-temporal,575.0,-0.11396548870416719,6
R1195E,L-temporal,625.0,-0.13271353650212214,6
R1195E,L-temporal,675.0,-0.13341925973147006,6
R1195E,L-temporal,725.0,-0.11746938641265248,6
R1195E,L-temporal,775.0,-0.06442530892257542,6
R1195E,L-temporal,825.0,-0.08903594252073126,6
R1195E,L-temporal,875.0,-0.10325010145937114,6
R1195E,L-temporal,925.0,-0.08755178042447108,6
R1195E,L-temporal,975.0,-0.06932058295731343,6
R1195E,L-temporal,1025.0,-0.0550507031813471,6
R1195E,L-temporal,1075.0,-0.0746978987906322,6
R1195E,L-temporal,1125.0,-0.08551088002510025,6
R1195E,L-temporal,1175.0,-0.044142891241326754,6
R1195E,L-temporal,1225.0,-0.013423025501697295,6
R1195E,L-temporal,1275.0,0.0120936151800738,6
R1195E,L-temporal,1325.0,0.018762325551432545,6
R1195E,L-temporal,1375.0,-0.0011390475340710068,6
R1195E,L-temporal,1425.0,-0.0022288007117577135,6
R1195E,L-temporal,1475.0,-0.01825077211803622,6
R1195E,L-temporal,1525.0,-0.01931664532903679,6
R1195E,L-temporal,1575.0,0.011476364024184465,6
R1195E,R-frontal,25.0,0.0320420813702305,9
R1195E,R-frontal,75.0,0.07815730938253507,9
R1195E,R-frontal,125.0,0.18559136514288024,9
R1195E,R-frontal,175.0,0.23028283513348205,9
R1195E,R-frontal,225.0,0.1184265626957797,9
R1195E,R-frontal,275.0,0.09943373922889367,9
R1195E,R-frontal,325.0,0.1009356083136476,9
R1195E,R-frontal,375.0,0.03300032547722281,9
R1195E,R-frontal,425.0,0.013738635899362146,9
R1195E,R-frontal,475.0,-0.01852717503889253,9
R1195E,R-frontal,525.0,-0.03314760778052862,9
R1195E,R-frontal,575.0,-0.025071144880948536,9
R1195E,R-frontal,625.0,-0.05999008669612043,9
R1195E,R-frontal,675.0,-0.06639016473972081,9
R1195E,R-frontal,725.0,-0.09219302995141218,9
R1195E,R-frontal,775.0,-0.06823735834740344,9
R1195E,R-frontal,825.0,-0.05026304439813993,9
R1195E,R-frontal,875.0,-0.044374652055529956,9
R1195E,R-frontal,925.0,-0.039490991469607696,9
R1195E,R-frontal,975.0,-0.026926636386182385,9
R1195E,R-frontal,1025.0,-0.0563650787049563,9
R1195E,R-frontal,1075.0,-0.08305026380568811,9
R1195E,R-frontal,1125.0,-0.07564817587492484,9
R1195E,R-frontal,1175.0,-0.030655329935436054,9
R1195E,R-frontal,1225.0,-0.011568973845063394,9
R1195E,R-frontal,1275.0,0.0051601858418309455,9
R1195E,R-frontal,1325.0,0.021995743316112953,9
R1195E,R-frontal,1375.0,0.017210798029562227,9
R1195E,R-frontal,1425.0,0.0007592579831086447,9
R1195E,R-frontal,1475.0,-0.023634400950279806,9
R1195E,R-frontal,1525.0,-0.020039274796058833,9
R1195E,R-frontal,1575.0,0.007321570942931575,9
R1196N,L-frontal,25.0,-0.0017045496400490423,6
R1196N,L-frontal,75.0,-0.0048400117216911365,6
R1196N,L-frontal,125.0,0.0348225938096503,6
R1196N,L-frontal,175.0,0.03244714177069053,6
R1196N,L-frontal,225.0,0.03392266579411507,6
R1196N,L-frontal,275.0,0.01997451623016419,6
R1196N,L-frontal,325.0,0.026573346200695406,6
R1196N,L-frontal,375.0,0.03588160626349282,6
R1196N,L-frontal,425.0,0.029233238908141668,6
R1196N,L-frontal,475.0,0.0022349782536088686,6
R1196N,L-frontal,525.0,0.0037776302380382342,6
R1196N,L-frontal,575.0,0.02308870230418275,6
R1196N,L-frontal,625.0,0.039004533004831844,6
R1196N,L-frontal,675.0,0.04364490784619013,6
R1196N,L-frontal,725.0,0.05034525380081778,6
R1196N,L-frontal,775.0,0.06540313397673765,6
R1196N,L-frontal,825.0,0.05350968596293343,6
R1196N,L-frontal,875.0,0.04462475286024292,6
R1196N,L-frontal,925.0,0.05617738336637257,6
R1196N,L-frontal,975.0,0.04427010062687232,6
R1196N,L-frontal,1025.0,0.06577250916256129,6
R1196N,L-frontal,1075.0,0.0672671894813183,6
R1196N,L-frontal,1125.0,0.07224417176457551,6
R1196N,L-frontal,1175.0,0.07355956420424684,6
R1196N,L-frontal,1225.0,0.05288115856962771,6
R1196N,L-frontal,1275.0,0.06521563182168799,6
R1196N,L-frontal,1325.0,0.0719652714283648,6
R1196N,L-frontal,1375.0,0.05431297098434961,6
R1196N,L-frontal,1425.0,0.03971469129184726,6
R1196N,L-frontal,1475.0,0.06233495710494425,6
R1196N,L-frontal,1525.0,0.06888209428274751,6
R1196N,L-frontal,1575.0,0.08104045818028809,6
R1196N,L-parietal,25.0,0.014951254839764607,3
R1196N,L-parietal,75.0,-0.003800356984971371,3
R1196N,L-parietal,125.0,-0.004949604460619597,3
R1196N,L-parietal,175.0,-0.016961511317665837,3
R1196N,L-parietal,225.0,0.007033440752282388,3
R1196N,L-parietal,275.0,0.019677144652146265,3
R1196N,L-parietal,325.0,-0.019697886953323945,3
R1196N,L-parietal,375.0,-0.10553726749616839,3
R1196N,L-parietal,425.0,-0.1004236262386501,3
R1196N,L-parietal,475.0,-0.06391519345798975,3
R1196N,L-parietal,525.0,-0.056108671433213,3
R1196N,L-parietal,575.0,-0.0412713326462288,3
R1196N,L-parietal,625.0,-0.03169471472931795,3
R1196N,L-parietal,675.0,-0.06575044169408857,3
R1196N,L-parietal,725.0,-0.09141962736040388,3
R1196N,L-parietal,775.0,-0.051752233551959397,3
R1196N,L-parietal,825.0,-0.012773826485057838,3
R1196N,L-parietal,875.0,-0.018212470079475112,3
R1196N,L-parietal,925.0,-0.04148394857227198,3
R1196N,L-parietal,975.0,0.001276791520383739,3
R1196N,L-parietal,1025.0,-0.019776693276420603,3
R1196N,L-parietal,1075.0,-0.02547266405900746,3
R1196N,L-parietal,1125.0,-0.032547659510262957,3
R1196N,L-parietal,1175.0,-0.032516412066702804,3
R1196N,L-parietal,1225.0,0.017782424839839713,3
R1196N,L-parietal,1275.0,0.013477965191508762,3
R1196N,L-parietal,1325.0,-0.0010865081118681629,3
R1196N,L-parietal,1375.0,0.010687957788372476,3
R1196N,L-parietal,1425.0,0.02215902198507888,3
R1196N,L-parietal,1475.0,-0.011904573230691782,3
R1196N,L-parietal,1525.0,-0.016752729923035673,3
R1196N,L-parietal,1575.0,0.0059524583656350855,3
R1200T,L-frontal,25.0,0.051434250311534396,17
R1200T,L-frontal,75.0,0.05574756211140627,17
R1200T,L-frontal,125.0,0.06663267125749325,17
R1200T,L-frontal,175.0,-0.022844824479381916,17
R1200T,L-frontal,225.0,0.028195255242924728,17
R1200T,L-frontal,275.0,0.10453082338300443,17
R1200T,L-frontal,325.0,0.10548445396006023,17
R1200T,L-frontal,375.0,0.04729653654941274,17
R1200T,L-frontal,425.0,0.05563250014851148,17
R1200T,L-frontal,475.0,0.09920138152678379,17
R1200T,L-frontal,525.0,0.06208729793741661,17
R1200T,L-frontal,575.0,0.035418887797785015,17
R1200T,L-frontal,625.0,0.11037204517978318,17
R1200T,L-frontal,675.0,0.12191144371705953,17
R1200T,L-frontal,725.0,0.08911779419409871,17
R1200T,L-frontal,775.0,0.07229341775850694,17
R1200T,L-frontal,825.0,0.03450024878456427,17
R1200T,L-frontal,875.0,-0.017083303916168434,17
R1200T,L-frontal,925.0,-0.028414363180995897,17
R1200T,L-frontal,975.0,0.03193008049785712,17
R1200T,L-frontal,1025.0,0.04034907373507751,17
R1200T,L-frontal,1075.0,0.03315501992385757,17
R1200T,L-frontal,1125.0,0.053564228310191635,17
R1200T,L-frontal,1175.0,0.09458278026744936,17
R1200T,L-frontal,1225.0,0.09228829816717099,17
R1200T,L-frontal,1275.0,0.054240162739872096,17
R1200T,L-frontal,1325.0,0.014158492338738194,17
R1200T,L-frontal,1375.0,-0.007014264733248475,17
R1200T,L-frontal,1425.0,0.038944119336704296,17
R1200T,L-frontal,1475.0,0.065891561206843,17
R1200T,L-frontal,1525.0,0.036410597728956634,17
R1200T,L-frontal,1575.0,0.03482321669866555,17
R1201P,R-frontal,25.0,0.05937473845108349,11
R1201P,R-frontal,75.0,0.024827763262122517,11
R1201P,R-frontal,125.0,0.018767545465274513,11
R1201P,R-frontal,175.0,0.04133291363991726,11
R1201P,R-frontal,225.0,0.04808514741209364,11
R1201P,R-frontal,275.0,0.048243527522896686,11
R1201P,R-frontal,325.0,0.10515896605606487,11
R1201P,R-frontal,375.0,0.13037403110189735,11
R1201P,R-frontal,425.0,0.0863791181809837,11
R1201P,R-frontal,475.0,0.06398330535508413,11
R1201P,R-frontal,525.0,0.0345219395874101,11
R1201P,R-frontal,575.0,0.07624907009063185,11
R1201P,R-frontal,625.0,0.10341739986864827,11
R1201P,R-frontal,675.0,0.029745708579960516,11
R1201P,R-frontal,725.0,0.03998427247151399,11
R1201P,R-frontal,775.0,0.033512139458091075,11
R1201P,R-frontal,825.0,0.05242455852758243,11
R1201P,R-frontal,875.0,0.03685882425058352,11
R1201P,R-frontal,925.0,0.04794292946843457,11
R1201P,R-frontal,975.0,0.02774807257331692,11
R1201P,R-frontal,1025.0,0.034493858955181256,11
R1201P,R-frontal,1075.0,0.027744195180198526,11
R1201P,R-frontal,1125.0,0.002458749001299164,11
R1201P,R-frontal,1175.0,-0.020443233112798265,11
R1201P,R-frontal,1225.0,0.008754615724185162,11
R1201P,R-frontal,1275.0,0.030730208461539833,11
R1201P,R-frontal,1325.0,0.014233989018829746,11
R1201P,R-frontal,1375.0,0.027793170065577508,11
R1201P,R-frontal,1425.0,0.029386824208626285,11
R1201P,R-frontal,1475.0,0.014676189072875118,11
R1201P,R-frontal,1525.0,0.009101005785688971,11
R1201P,R-frontal,1575.0,-0.011853462632287494,11
R1201P,R-occipital,25.0,0.004672476219994964,5
R1201P,R-occipital,75.0,0.08146287486814782,5
R1201P,R-occipital,125.0,0.5802093505384844,5
R1201P,R-occipital,175.0,0.8982420558258033,5
R1201P,R-occipital,225.0,0.9078585367145834,5
R1201P,R-occipital,275.0,1.1382199023213562,5
R1201P,R-occipital,325.0,1.187068042958869,5
R1201P,R-occipital,375.0,1.055558704187664,5
R1201P,R-occipital,425.0,0.8875689390685608,5
R1201P,R-occipital,475.0,0.7938189930909878,5
R1201P,R-occipital,525.0,0.6552673132728795,5
R1201P,R-occipital,575.0,0.4716159825318672,5
R1201P,R-occipital,625.0,0.36575501674796607,5
R1201P,R-occipital,675.0,0.24054741015251194,5
R1201P,R-occipital,725.0,0.19066031616864793,5
R1201P,R-occipital,775.0,0.13091937276443427,5
R1201P,R-occipital,825.0,0.12751342720882727,5
R1201P,R-occipital,875.0,0.14654842189158285,5
R1201P,R-occipital,925.0,0.16129497266548382,5
R1201P,R-occipital,975.0,0.16261885090089628,5
R1201P,R-occipital,1025.0,0.15212483303909774,5
R1201P,R-occipital,1075.0,0.1385743343501588,5
R1201P,R-occipital,1125.0,0.17706583673726423,5
R1201P,R-occipital,1175.0,0.1598539154176202,5
R1201P,R-occipital,1225.0,0.1331613114429509,5
R1201P,R-occipital,1275.0,0.14912308987264242,5
R1201P,R-occipital,1325.0,0.1689090708210083,5
R1201P,R-occipital,1375.0,0.19658085288962782,5
R1201P,R-occipital,1425.0,0.18104715249611583,5
R1201P,R-occipital,1475.0,0.1694720257260061,5
R1201P,R-occipital,1525.0,0.15927930787160305,5
R1201P,R-occipital,1575.0,0.15214728159361723,5
R1201P,R-parietal,25.0,0.09688734722714158,6
R1201P,R-parietal,75.0,0.057625341827565846,6
R1201P,R-parietal,125.0,0.011959091550301214,6
R1201P,R-parietal,175.0,-0.010481872501142095,6
R1201P,R-parietal,225.0,0.002859251167264803,6
R1201P,R-parietal,275.0,0.0852062451286917,6
R1201P,R-parietal,325.0,0.13032291535853865,6
R1201P,R-parietal,375.0,0.07192027298768865,6
R1201P,R-parietal,425.0,0.011683069995231618,6
R1201P,R-parietal,475.0,-0.022536713379656084,6
R1201P,R-parietal,525.0,-0.08568182204093426,6
R1201P,R-parietal,575.0,-0.09979757516783977,6
R1201P,R-parietal,625.0,-0.05729470466406325,6
R1201P,R-parietal,675.0,-0.050675226097858315,6
R1201P,R-parietal,725.0,-0.010002320771439326,6
R1201P,R-parietal,775.0,0.0018384295984210132,6
R1201P,R-parietal,825.0,0.00617416432458517,6
R1201P,R-parietal,875.0,-0.040144674111739775,6
R1201P,R-parietal,925.0,-0.045859114757725944,6
R1201P,R-parietal,975.0,-0.04274398094199582,6
R1201P,R-parietal,1025.0,-0.003562707434167154,6
R1201P,R-parietal,1075.0,-0.014503861921142738,6
R1201P,R-parietal,1125.0,-0.024989864909824844,6
R1201P,R-parietal,1175.0,-0.03229048960777179,6
R1201P,R-parietal,1225.0,-0.05747931599760947,6
R1201P,R-parietal,1275.0,-0.026009483904557557,6
R1201P,R-parietal,1325.0,-0.0423004983107601,6
R1201P,R-parietal,1375.0,-0.02277221240420935,6
R1201P,R-parietal,1425.0,-0.0085371235781276,6
R1201P,R-parietal,1475.0,-0.013131226537668524,6
R1201P,R-parietal,1525.0,-0.0295052974548321,6
R1201P,R-parietal,1575.0,-0.02281826376381893,6
R1201P,R-temporal,25.0,0.016264852170848786,3
R1201P,R-temporal,75.0,-0.022434472142897552,3
R1201P,R-temporal,125.0,-0.019027988584705332,3
R1201P,R-temporal,175.0,0.005670659619677477,3
R1201P,R-temporal,225.0,0.029733367086786228,3
R1201P,R-temporal,275.0,0.05242864382030362,3
R1201P,R-temporal,325.0,0.1099686108245812,3
R1201P,R-temporal,375.0,0.07255053924900666,3
R1201P,R-temporal,425.0,0.04174043899740951,3
R1201P,R-temporal,475.0,0.07637376858340622,3
R1201P,R-temporal,525.0,0.07601256810559193,3
R1201P,R-temporal,575.0,0.04653637938622592,3
R1201P,R-temporal,625.0,0.07130444604428353,3
R1201P,R-temporal,675.0,0.05457141072258287,3
R1201P,R-temporal,725.0,0.06962691556069187,3
R1201P,R-temporal,775.0,0.09437879110089975,3
R1201P,R-temporal,825.0,0.07699449855243141,3
R1201P,R-temporal,875.0,0.03401406555505368,3
R1201P,R-temporal,925.0,0.06057411706091589,3
R1201P,R-temporal,975.0,0.09787957060254378,3
R1201P,R-temporal,1025.0,0.09014435801217648,3
R1201P,R-temporal,1075.0,0.049740446927216596,3
R1201P,R-temporal,1125.0,0.010549483828988926,3
R1201P,R-temporal,1175.0,-0.030119380444368876,3
R1201P,R-temporal,1225.0,-0.04090932215640943,3
R1201P,R-temporal,1275.0,-0.03177333853761249,3
R1201P,R-temporal,1325.0,-0.0516611227104061,3
R1201P,R-temporal,1375.0,0.03397169348599741,3
R1201P,R-temporal,1425.0,0.04534725884618484,3
R1201P,R-temporal,1475.0,0.009054470348246408,3
R1201P,R-temporal,1525.0,-0.011437084146837341,3
R1201P,R-temporal,1575.0,-0.008496352704601572,3
R1202M,R-frontal,25.0,-0.0495727200439925,12
R1202M,R-frontal,75.0,-0.06624095557055426,12
R1202M,R-frontal,125.0,-0.020961259626111558,12
R1202M,R-frontal,175.0,0.1126078850030287,12
R1202M,R-frontal,225.0,0.037271641260816855,12
R1202M,R-frontal,275.0,-0.09216564978761094,12
R1202M,R-frontal,325.0,-0.1311203822942302,12
R1202M,R-frontal,375.0,-0.12410927392103697,12
R1202M,R-frontal,425.0,-0.1228338321504619,12
R1202M,R-frontal,475.0,-0.08028160539155503,12
R1202M,R-frontal,525.0,-0.044695339972365196,12
R1202M,R-frontal,575.0,0.009655727880019898,12
R1202M,R-frontal,625.0,0.04601121910836494,12
R1202M,R-frontal,675.0,0.06991204181643931,12
R1202M,R-frontal,725.0,0.08501966315120123,12
R1202M,R-frontal,775.0,0.08565452967132416,12
R1202M,R-frontal,825.0,0.07978507451448084,12
R1202M,R-frontal,875.0,0.10808325178904886,12
R1202M,R-frontal,925.0,0.09701437109734364,12
R1202M,R-frontal,975.0,0.0908038612413214,12
R1202M,R-frontal,1025.0,0.08933180467643809,12
R1202M,R-frontal,1075.0,0.09709259717665379,12
R1202M,R-frontal,1125.0,0.12068636488261208,12
R1202M,R-frontal,1175.0,0.11945591434990567,12
R1202M,R-frontal,1225.0,0.11054276320749112,12
R1202M,R-frontal,1275.0,0.06410686874083986,12
R1202M,R-frontal,1325.0,0.054171492480514394,12
R1202M,R-frontal,1375.0,0.043957685058994854,12
R1202M,R-frontal,1425.0,0.04969147416017106,12
R1202M,R-frontal,1475.0,0.030249466487378526,12
R1202M,R-frontal,1525.0,-0.004686335477284867,12
R1202M,R-frontal,1575.0,0.016215412760777606,12
R1202M,R-occipital,25.0,0.0342410234526593,13
R1202M,R-occipital,75.0,0.2149434391709826,13
R1202M,R-occipital,125.0,0.3813044199631346,13
R1202M,R-occipital,175.0,0.29088255253232453,13
R1202M,R-occipital,225.0,0.3125629538845839,13
R1202M,R-occipital,275.0,0.26289092924732405,13
R1202M,R-occipital,325.0,0.2759195800080143,13
R1202M,R-occipital,375.0,0.32502641386129866,13
R1202M,R-occipital,425.0,0.34012833710377444,13
R1202M,R-occipital,475.0,0.29428930574533047,13
R1202M,R-occipital,525.0,0.2960855867856819,13
R1202M,R-occipital,575.0,0.28935030993294136,13
R1202M,R-occipital,625.0,0.2664848175606124,13
R1202M,R-occipital,675.0,0.23556675105587402,13
R1202M,R-occipital,725.0,0.2703569852087177,13
R1202M,R-occipital,775.0,0.2981853917307248,13
R1202M,R-occipital,825.0,0.31703902665174066,13
R1202M,R-occipital,875.0,0.35249996713571863,13
R1202M,R-occipital,925.0,0.32497891982056765,13
R1202M,R-occipital,975.0,0.29150858014383085,13
R1202M,R-occipital,1025.0,0.2746981277053215,13
R1202M,R-occipital,1075.0,0.2705667520906795,13
R1202M,R-occipital,1125.0,0.27032607552937254,13
R1202M,R-occipital,1175.0,0.2682413448446,13
R1202M,R-occipital,1225.0,0.25233374614590864,13
R1202M,R-occipital,1275.0,0.21149879591940704,13
R1202M,R-occipital,1325.0,0.19771207365238164,13
R1202M,R-occipital,1375.0,0.20294123439436895,13
R1202M,R-occipital,1425.0,0.20436779793832024,13
R1202M,R-occipital,1475.0,0.21256571442793587,13
R1202M,R-occipital,1525.0,0.19367484568393914,13
R1202M,R-occipital,1575.0,0.19008924011853595,13
R1202M,R-temporal,25.0,-0.005236511328767542,10
R1202M,R-temporal,75.0,0.017542266657926055,10
R1202M,R-temporal,125.0,0.14754745252242493,10
R1202M,R-temporal,175.0,0.24707738594038794,10
R1202M,R-temporal,225.0,0.23726175243923914,10
R1202M,R-temporal,275.0,0.11838585173371219,10
R1202M,R-temporal,325.0,0.06828320392237071,10
R1202M,R-temporal,375.0,0.051434062907812425,10
R1202M,R-temporal,425.0,0.0511038676313776,10
R1202M,R-temporal,475.0,0.06755765262013154,10
R1202M,R-temporal,525.0,0.07735066746682204,10
R1202M,R-temporal,575.0,0.10734564017060474,10
R1202M,R-temporal,625.0,0.11767567018842769,10
R1202M,R-temporal,675.0,0.10256156345862735,10
R1202M,R-temporal,725.0,0.11735718275855903,10
R1202M,R-temporal,775.0,0.10505443226666593,10
R1202M,R-temporal,825.0,0.05721421481533109,10
R1202M,R-temporal,875.0,0.08942645702344436,10
R1202M,R-temporal,925.0,0.07848359426072714,10
R1202M,R-temporal,975.0,0.04773911755499508,10
R1202M,R-temporal,1025.0,0.03242609911012111,10
R1202M,R-temporal,1075.0,0.018705262035812024,10
R1202M,R-temporal,1125.0,0.0702961315355949,10
R1202M,R-temporal,1175.0,0.07593191023322,10
R1202M,R-temporal,1225.0,0.025584148121989874,10
R1202M,R-temporal,1275.0,-0.010283975559043874,10
R1202M,R-temporal,1325.0,0.01087391490041858,10
R1202M,R-temporal,1375.0,0.02705592175940318,10
R1202M,R-temporal,1425.0,0.012786757371433505,10
R1202M,R-temporal,1475.0,0.0012456846010093629,10
R1202M,R-temporal,1525.0,0.0016600063655622666,10
R1202M,R-temporal,1575.0,0.01586029324529948,10
R1212P,R-frontal,25.0,0.03814689842152642,12
R1212P,R-frontal,75.0,0.2399335889615953,12
R1212P,R-frontal,125.0,0.4839904698610265,12
R1212P,R-frontal,175.0,0.40058925931814215,12
R1212P,R-frontal,225.0,0.31163446170358233,12
R1212P,R-frontal,275.0,0.29751137111051423,12
R1212P,R-frontal,325.0,0.2793350835759693,12
R1212P,R-frontal,375.0,0.22202764442651557,12
R1212P,R-frontal,425.0,0.182397793063266,12
R1212P,R-frontal,475.0,0.1438136252946822,12
R1212P,R-frontal,525.0,0.10594288250408544,12
R1212P,R-frontal,575.0,0.11361973980043,12
R1212P,R-frontal,625.0,0.08772083420402023,12
R1212P,R-frontal,675.0,0.08550382441777175,12
R1212P,R-frontal,725.0,0.08348626769296223,12
R1212P,R-frontal,775.0,0.08998755059949488,12
R1212P,R-frontal,825.0,0.1311854710682117,12
R1212P,R-frontal,875.0,0.13701781838059887,12
R1212P,R-frontal,925.0,0.09624107411048662,12
R1212P,R-frontal,975.0,0.06243150500519748,12
R1212P,R-frontal,1025.0,0.07438940714424223,12
R1212P,R-frontal,1075.0,0.0837171598963808,12
R1212P,R-frontal,1125.0,0.09571902628836514,12
R1212P,R-frontal,1175.0,0.10581629786227463,12
R1212P,R-frontal,1225.0,0.11883182178863665,12
R1212P,R-frontal,1275.0,0.09516011249129264,12
R1212P,R-frontal,1325.0,0.11669736451388689,12
R1212P,R-frontal,1375.0,0.10862209851368926,12
R1212P,R-frontal,1425.0,0.12160819266180391,12
R1212P,R-frontal,1475.0,0.14252693316042603,12
R1212P,R-frontal,1525.0,0.10877535026143505,12
R1212P,R-frontal,1575.0,0.06769934553662298,12
R1212P,R-parietal,25.0,0.060432351589813936,3
R1212P,R-parietal,75.0,0.3740857583077875,3
R1212P,R-parietal,125.0,0.7315852319425247,3
R1212P,R-parietal,175.0,0.666355221853316,3
R1212P,R-parietal,225.0,0.5394746269781562,3
R1212P,R-parietal,275.0,0.5059454017382419,3
R1212P,R-parietal,325.0,0.4846979113553859,3
R1212P,R-parietal,375.0,0.4114436767055227,3
R1212P,R-parietal,425.0,0.3535454874199277,3
R1212P,R-parietal,475.0,0.2916653287672098,3
R1212P,R-parietal,525.0,0.23144607302758283,3
R1212P,R-parietal,575.0,0.1793520484651759,3
R1212P,R-parietal,625.0,0.17812669025692476,3
R1212P,R-parietal,675.0,0.1984513163942463,3
R1212P,R-parietal,725.0,0.18816404243462237,3
R1212P,R-parietal,775.0,0.19381879936260984,3
R1212P,R-parietal,825.0,0.24881849443453494,3
R1212P,R-parietal,875.0,0.250322125654018,3
R1212P,R-parietal,925.0,0.21128079006424993,3
R1212P,R-parietal,975.0,0.16442897239253032,3
R1212P,R-parietal,1025.0,0.16265167707743342,3
R1212P,R-parietal,1075.0,0.1804105319030472,3
R1212P,R-parietal,1125.0,0.19296084658121662,3
R1212P,R-parietal,1175.0,0.21469725364525827,3
R1212P,R-parietal,1225.0,0.19157059453020112,3
R1212P,R-parietal,1275.0,0.18365802670548026,3
R1212P,R-parietal,1325.0,0.17713536624812207,3
R1212P,R-parietal,1375.0,0.13309876769183523,3
R1212P,R-parietal,1425.0,0.18889783033788712,3
R1212P,R-parietal,1475.0,0.19957439239771205,3
R1212P,R-parietal,1525.0,0.14160371740707411,3
R1212P,R-parietal,1575.0,0.11000771752066903,3
R1215M,L-frontal,25.0,-0.0042902550116775285,5
R1215M,L-frontal,75.0,0.003724640337949546,5
R1215M,L-frontal,125.0,0.02975717864023452,5
R1215M,L-frontal,175.0,0.004723316371008422,5
R1215M,L-frontal,225.0,-0.0016123945070440015,5
R1215M,L-frontal,275.0,0.08666391520064995,5
R1215M,L-frontal,325.0,0.1428029910061979,5
R1215M,L-frontal,375.0,0.1577968560007879,5
R1215M,L-frontal,425.0,0.10330516788650712,5
R1215M,L-frontal,475.0,0.12789764900984346,5
R1215M,L-frontal,525.0,0.1272380948698871,5
R1215M,L-frontal,575.0,0.08510633519841439,5
R1215M,L-frontal,625.0,0.07708141658621061,5
R1215M,L-frontal,675.0,0.09675352065512331,5
R1215M,L-frontal,725.0,0.10562601188593268,5
R1215M,L-frontal,775.0,0.07151359743814567,5
R1215M,L-frontal,825.0,0.07699446016716886,5
R1215M,L-frontal,875.0,0.054439175795041685,5
R1215M,L-frontal,925.0,0.02850135915594143,5
R1215M,L-frontal,975.0,0.06675881083213138,5
R1215M,L-frontal,1025.0,0.07632553639445883,5
R1215M,L-frontal,1075.0,0.04598514127216949,5
R1215M,L-frontal,1125.0,0.049849215983716215,5
R1215M,L-frontal,1175.0,0.07365137378219197,5
R1215M,L-frontal,1225.0,0.061086102039949776,5
R1215M,L-frontal,1275.0,0.0767208835511799,5
R1215M,L-frontal,1325.0,0.06524332720871079,5
R1215M,L-frontal,1375.0,0.054136031178859255,5
R1215M,L-frontal,1425.0,0.06828251694686806,5
R1215M,L-frontal,1475.0,0.061807492965994394,5
R1215M,L-frontal,1525.0,0.041840005584816084,5
R1215M,L-frontal,1575.0,0.034037079030596634,5
R1215M,L-temporal,25.0,0.03783504012302354,3
R1215M,L-temporal,75.0,0.0405605682194019,3
R1215M,L-temporal,125.0,0.023782926666612886,3
R1215M,L-temporal,175.0,0.06430454687801661,3
R1215M,L-temporal,225.0,0.06692998978513608,3
R1215M,L-temporal,275.0,0.08388710837522978,3
R1215M,L-temporal,325.0,0.04885833398080653,3
R1215M,L-temporal,375.0,0.06693155575067801,3
R1215M,L-temporal,425.0,0.10554624063423523,3
R1215M,L-temporal,475.0,0.06884077880049402,3
R1215M,L-temporal,525.0,0.08969784296907905,3
R1215M,L-temporal,575.0,0.07277335599203699,3
R1215M,L-temporal,625.0,0.08284279046170663,3
R1215M,L-temporal,675.0,0.14639041027753918,3
R1215M,L-temporal,725.0,0.12060252158354744,3
R1215M,L-temporal,775.0,0.08105311042939041,3
R1215M,L-temporal,825.0,0.017223261342625168,3
R1215M,L-temporal,875.0,0.008405260597137927,3
R1215M,L-temporal,925.0,0.00550616013626639,3
R1215M,L-temporal,975.0,0.05362148009251797,3
R1215M,L-temporal,1025.0,0.06546287315537556,3
R1215M,L-temporal,1075.0,0.003093987513987203,3
R1215M,L-temporal,1125.0,-0.007065708382860747,3
R1215M,L-temporal,1175.0,0.02110755999604742,3
R1215M,L-temporal,1225.0,0.0753739079124137,3
R1215M,L-temporal,1275.0,0.03197815779607823,3
R1215M,L-temporal,1325.0,0.008265154378271753,3
R1215M,L-temporal,1375.0,-0.023785065020472534,3
R1215M,L-temporal,1425.0,-0.025962961733828314,3
R1215M,L-temporal,1475.0,-0.010142075909780309,3
R1215M,L-temporal,1525.0,0.006370467738445147,3
R1215M,L-temporal,1575.0,0.021132506347486545,3
R1216E,L-frontal,25.0,0.0536784114549726,6
R1216E,L-frontal,75.0,0.006491648389003447,6
R1216E,L-frontal,125.0,0.01814045276951519,6
R1216E,L-frontal,175.0,-0.030632015896315663,6
R1216E,L-frontal,225.0,-0.012687949263034959,6
R1216E,L-frontal,275.0,0.08433723721709695,6
R1216E,L-frontal,325.0,0.07427218126484754,6
R1216E,L-frontal,375.0,0.10773115685492192,6
R1216E,L-frontal,425.0,0.0992526008230639,6
R1216E,L-frontal,475.0,0.12473066766626921,6
R1216E,L-frontal,525.0,0.11945831646707598,6
R1216E,L-frontal,575.0,0.13369956184032142,6
R1216E,L-frontal,625.0,0.12711266154769107,6
R1216E,L-frontal,675.0,0.19771282303333193,6
R1216E,L-frontal,725.0,0.11607210401465172,6
R1216E,L-frontal,775.0,0.08814946475604661,6
R1216E,L-frontal,825.0,0.084872490635516,6
R1216E,L-frontal,875.0,0.10678736125040504,6
R1216E,L-frontal,925.0,0.13737447847258413,6
R1216E,L-frontal,975.0,0.10456933878874236,6
R1216E,L-frontal,1025.0,0.09113045662974965,6
R1216E,L-frontal,1075.0,0.10568630161143348,6
R1216E,L-frontal,1125.0,0.0881516202851373,6
R1216E,L-frontal,1175.0,0.10644014479959962,6
R1216E,L-frontal,1225.0,0.022479260888933577,6
R1216E,L-frontal,1275.0,0.06440102123542657,6
R1216E,L-frontal,1325.0,0.09126107417812516,6
R1216E,L-frontal,1375.0,0.09055290019543814,6
R1216E,L-frontal,1425.0,0.036697160844282914,6
R1216E,L-frontal,1475.0,0.009902768175791528,6
R1216E,L-frontal,1525.0,-0.015860493600001312,6
R1216E,L-frontal,1575.0,-0.02050788374311232,6
R1221P,L-frontal,25.0,-0.04747883024604412,3
R1221P,L-frontal,75.0,-0.12343393903441087,3
R1221P,L-frontal,125.0,-0.05164235978060375,3
R1221P,L-frontal,175.0,0.03316778236441494,3
R1221P,L-frontal,225.0,-0.034473512413314734,3
R1221P,L-frontal,275.0,-0.011822003197584233,3
R1221P,L-frontal,325.0,0.07847946332190009,3
R1221P,L-frontal,375.0,0.1653840376834047,3
R1221P,L-frontal,425.0,0.24210201314108148,3
R1221P,L-frontal,475.0,0.29125766377122986,3
R1221P,L-frontal,525.0,0.2558719502366317,3
R1221P,L-frontal,575.0,0.22819881146716436,3
R1221P,L-frontal,625.0,0.16294886047797932,3
R1221P,L-frontal,675.0,0.13784468320762003,3
R1221P,L-frontal,725.0,0.15652627610873662,3
R1221P,L-frontal,775.0,0.11268648898128741,3
R1221P,L-frontal,825.0,0.0401897292653055,3
R1221P,L-frontal,875.0,0.01766048545108739,3
R1221P,L-frontal,925.0,-0.07321013464811399,3
R1221P,L-frontal,975.0,-0.085136117983033,3
R1221P,L-frontal,1025.0,-0.10064995194276956,3
R1221P,L-frontal,1075.0,-0.019541450706642424,3
R1221P,L-frontal,1125.0,0.0053940692808105125,3
R1221P,L-frontal,1175.0,0.021942121242182117,3
R1221P,L-frontal,1225.0,0.004396247764628949,3
R1221P,L-frontal,1275.0,0.05047827696820981,3
R1221P,L-frontal,1325.0,0.048726924173017466,3
R1221P,L-frontal,1375.0,-0.022320556108528417,3
R1221P,L-frontal,1425.0,0.0031352664172728437,3
R1221P,L-frontal,1475.0,0.012371205542257768,3
R1221P,L-frontal,1525.0,0.008002071541469015,3
R1221P,L-frontal,1575.0,-0.013469514759347394,3
R1221P,L-parietal,25.0,0.06646987345362938,9
R1221P,L-parietal,75.0,0.12490712033923417,9
R1221P,L-parietal,125.0,0.2838158751156945,9
R1221P,L-parietal,175.0,0.25890701449162,9
R1221P,L-parietal,225.0,0.17306036021719848,9
R1221P,L-parietal,275.0,0.16910871041939077,9
R1221P,L-parietal,325.0,0.15850312205593375,9
R1221P,L-parietal,375.0,0.15413816399689356,9
R1221P,L-parietal,425.0,0.16209004617566697,9
R1221P,L-parietal,475.0,0.1468562552511987,9
R1221P,L-parietal,525.0,0.12134768262871308,9
R1221P,L-parietal,575.0,0.06282325743333811,9
R1221P,L-parietal,625.0,0.025044337558082753,9
R1221P,L-parietal,675.0,0.03149513888079621,9
R1221P,L-parietal,725.0,0.05858897591582003,9
R1221P,L-parietal,775.0,0.09038350628568702,9
R1221P,L-parietal,825.0,0.053320309165385056,9
R1221P,L-parietal,875.0,0.03956944908532766,9
R1221P,L-parietal,925.0,0.031806352362132854,9
R1221P,L-parietal,975.0,0.03653669730020088,9
R1221P,L-parietal,1025.0,0.07221378360587073,9
R1221P,L-parietal,1075.0,0.058372189717051035,9
R1221P,L-parietal,1125.0,0.049448035977077934,9
R1221P,L-parietal,1175.0,0.0438365353612533,9
R1221P,L-parietal,1225.0,0.03425464357988,9
R1221P,L-parietal,1275.0,0.04082359618339902,9
R1221P,L-parietal,1325.0,0.02929547413962435,9
R1221P,L-parietal,1375.0,0.05158198766337257,9
R1221P,L-parietal,1425.0,0.07613792010602527,9
R1221P,L-parietal,1475.0,0.048521841759358884,9
R1221P,L-parietal,1525.0,0.010474215588181892,9
R1221P,L-parietal,1575.0,-0.009307475971005988,9
R1223E,L-frontal,25.0,-0.008262579849032512,10
R1223E,L-frontal,75.0,0.00602311666562291,10
R1223E,L-frontal,125.0,-0.03622236669162882,10
R1223E,L-frontal,175.0,0.012022743849262081,10
R1223E,L-frontal,225.0,-0.02841780810392568,10
R1223E,L-frontal,275.0,-0.049113971107098135,10
R1223E,L-frontal,325.0,-0.08452196985818668,10
R1223E,L-frontal,375.0,-0.05076817456864948,10
R1223E,L-frontal,425.0,-0.03604972578533232,10
R1223E,L-frontal,475.0,-0.0003039062937039948,10
R1223E,L-frontal,525.0,0.025705970279192462,10
R1223E,L-frontal,575.0,0.03210030929718048,10
R1223E,L-frontal,625.0,0.08307318157868877,10
R1223E,L-frontal,675.0,0.10204767692322247,10
R1223E,L-frontal,725.0,0.11440901908708641,10
R1223E,L-frontal,775.0,0.09065589951840884,10
R1223E,L-frontal,825.0,0.07416315057537749,10
R1223E,L-frontal,875.0,0.07110053578439765,10
R1223E,L-frontal,925.0,0.11425180401823716,10
R1223E,L-frontal,975.0,0.09790321279184253,10
R1223E,L-frontal,1025.0,0.09690291642777282,10
R1223E,L-frontal,1075.0,0.08017714772060715,10
R1223E,L-frontal,1125.0,0.09483644609003075,10
R1223E,L-frontal,1175.0,0.08347776315110439,10
R1223E,L-frontal,1225.0,0.07556116034685895,10
R1223E,L-frontal,1275.0,0.08184908728093729,10
R1223E,L-frontal,1325.0,0.0921716340208557,10
R1223E,L-frontal,1375.0,0.09128484062680055,10
R1223E,L-frontal,1425.0,0.08911572365294176,10
R1223E,L-frontal,1475.0,0.024980821040010034,10
R1223E,L-frontal,1525.0,0.027300927352167142,10
R1223E,L-frontal,1575.0,0.010314555320583587,10
R1223E,L-temporal,25.0,0.03452527605275929,3
R1223E,L-temporal,75.0,0.0560342780956938,3
R1223E,L-temporal,125.0,-0.0035224173559613484,3
R1223E,L-temporal,175.0,0.09357027715207704,3
R1223E,L-temporal,225.0,0.13421288464718156,3
R1223E,L-temporal,275.0,0.13052239853308076,3
R1223E,L-temporal,325.0,0.05263698157948916,3
R1223E,L-temporal,375.0,0.037157017276189946,3
R1223E,L-temporal,425.0,0.014422810689232601,3
R1223E,L-temporal,475.0,0.041715134408420534,3
R1223E,L-temporal,525.0,0.041497286779891264,3
R1223E,L-temporal,575.0,-0.00015072306049703868,3
R1223E,L-temporal,625.0,0.04753699249977946,3
R1223E,L-temporal,675.0,0.0378050113394628,3
R1223E,L-temporal,725.0,0.026522032570472198,3
R1223E,L-temporal,775.0,0.012938251274669374,3
R1223E,L-temporal,825.0,-0.02352981950227587,3
R1223E,L-temporal,875.0,-0.03488349218269307,3
R1223E,L-temporal,925.0,0.07360414108111546,3
R1223E,L-temporal,975.0,0.02527778150977339,3
R1223E,L-temporal,1025.0,-0.02833695913800961,3
R1223E,L-temporal,1075.0,-0.021666737115437287,3
R1223E,L-temporal,1125.0,-0.005755084045221425,3
R1223E,L-temporal,1175.0,-0.001106910152960996,3
R1223E,L-temporal,1225.0,-0.005672128790002506,3
R1223E,L-temporal,1275.0,-0.03446882032779198,3
R1223E,L-temporal,1325.0,0.002473123748421381,3
R1223E,L-temporal,1375.0,0.04132515783331062,3
R1223E,L-temporal,1425.0,0.09238057481285367,3
R1223E,L-temporal,1475.0,0.03888712504352534,3
R1223E,L-temporal,1525.0,0.015212906376923852,3
R1223E,L-temporal,1575.0,-0.017135983555001354,3
R1226D,L-frontal,25.0,0.02620192347340673,4
R1226D,L-frontal,75.0,0.046439941871857134,4
R1226D,L-frontal,125.0,0.013387959980177888,4
R1226D,L-frontal,175.0,-0.011726864649282895,4
R1226D,L-frontal,225.0,-0.03651737743064246,4
R1226D,L-frontal,275.0,-0.001258718532722353,4
R1226D,L-frontal,325.0,0.0602598401762749,4
R1226D,L-frontal,375.0,0.06937502440006449,4
R1226D,L-frontal,425.0,0.05522028049061052,4
R1226D,L-frontal,475.0,0.12423807732496632,4
R1226D,L-frontal,525.0,0.09789056612494243,4
R1226D,L-frontal,575.0,0.057391563646411944,4
R1226D,L-frontal,625.0,0.10010823923140977,4
R1226D,L-frontal,675.0,0.11384675957625262,4
R1226D,L-frontal,725.0,0.0991614920341706,4
R1226D,L-frontal,775.0,0.09538448376674362,4
R1226D,L-frontal,825.0,0.0880487798285528,4
R1226D,L-frontal,875.0,0.13495921915409687,4
R1226D,L-frontal,925.0,0.1124105920989536,4
R1226D,L-frontal,975.0,0.0855582263531626,4
R1226D,L-frontal,1025.0,0.05749343983465506,4
R1226D,L-frontal,1075.0,0.048758823294448174,4
R1226D,L-frontal,1125.0,0.06974809634454898,4
R1226D,L-frontal,1175.0,0.024165208853909548,4
R1226D,L-frontal,1225.0,0.012738689254638386,4
R1226D,L-frontal,1275.0,-0.016505069175211867,4
R1226D,L-frontal,1325.0,-0.012475904441256104,4
R1226D,L-frontal,1375.0,0.017194598602181834,4
R1226D,L-frontal,1425.0,0.007468420671733766,4
R1226D,L-frontal,1475.0,0.022223626328901888,4
R1226D,L-frontal,1525.0,-0.013784525825532398,4
R1226D,L-frontal,1575.0,-0.03744278329228509,4
R1226D,L-parietal,25.0,-0.049072480451885926,3
R1226D,L-parietal,75.0,-0.018526931113947927,3
R1226D,L-parietal,125.0,0.006010836822720374,3
R1226D,L-parietal,175.0,0.022179417201692236,3
R1226D,L-parietal,225.0,-0.010204486157792042,3
R1226D,L-parietal,275.0,-0.021997247032585515,3
R1226D,L-parietal,325.0,0.05971218286430743,3
R1226D,L-parietal,375.0,0.07604517510631774,3
R1226D,L-parietal,425.0,0.040147130327922824,3
R1226D,L-parietal,475.0,-0.004592447502872493,3
R1226D,L-parietal,525.0,0.01770201703254019,3
R1226D,L-parietal,575.0,0.03220612848431725,3
R1226D,L-parietal,625.0,0.037998858580463556,3
R1226D,L-parietal,675.0,0.029551223429467657,3
R1226D,L-parietal,725.0,0.034353347801474955,3
R1226D,L-parietal,775.0,0.05268546675669696,3
R1226D,L-parietal,825.0,-0.0029569219303484454,3
R1226D,L-parietal,875.0,-0.012248016772929816,3
R1226D,L-parietal,925.0,0.03360135538877026,3
R1226D,L-parietal,975.0,0.042128515101678886,3
R1226D,L-parietal,1025.0,0.012509127225534931,3
R1226D,L-parietal,1075.0,0.008648290766886611,3
R1226D,L-parietal,1125.0,0.02738637713957677,3
R1226D,L-parietal,1175.0,0.041772766288171635,3
R1226D,L-parietal,1225.0,0.0347693649201437,3
R1226D,L-parietal,1275.0,-0.008983753853006473,3
R1226D,L-parietal,1325.0,0.013753652412125334,3
R1226D,L-parietal,1375.0,0.0036205396524627773,3
R1226D,L-parietal,1425.0,-0.011204238538701628,3
R1226D,L-parietal,1475.0,0.025571221885735695,3
R1226D,L-parietal,1525.0,-0.022602245437562535,3
R1226D,L-parietal,1575.0,-0.01832842745000925,3
R1226D,L-temporal,25.0,-0.0037246287798270794,8
R1226D,L-temporal,75.0,-0.025390484101081363,8
R1226D,L-temporal,125.0,-0.02394492736614024,8
R1226D,L-temporal,175.0,0.00457311365033701,8
R1226D,L-temporal,225.0,0.012769080821672635,8
R1226D,L-temporal,275.0,-0.0029545031438980296,8
R1226D,L-temporal,325.0,0.02178563572270097,8
R1226D,L-temporal,375.0,0.022335123158625576,8
R1226D,L-temporal,425.0,-0.01675358833944448,8
R1226D,L-temporal,475.0,-0.029934764961618343,8
R1226D,L-temporal,525.0,-0.019840526249569224,8
R1226D,L-temporal,575.0,-0.04392597750003743,8
R1226D,L-temporal,625.0,-0.01736305266411644,8
R1226D,L-temporal,675.0,-0.017782603898178553,8
R1226D,L-temporal,725.0,-0.08261384742651133,8
R1226D,L-temporal,775.0,-0.052667746672866056,8
R1226D,L-temporal,825.0,-0.03767154900438545,8
R1226D,L-temporal,875.0,-0.022042915707086337,8
R1226D,L-temporal,925.0,-0.024653485744574863,8
R1226D,L-temporal,975.0,-0.02393875964373536,8
R1226D,L-temporal,1025.0,-0.05966651057877745,8
R1226D,L-temporal,1075.0,-0.06553261610974499,8
R1226D,L-temporal,1125.0,-0.04870039073755528,8
R1226D,L-temporal,1175.0,-0.03638814182785092,8
R1226D,L-temporal,1225.0,-0.05678176869532084,8
R1226D,L-temporal,1275.0,-0.04159270572827367,8
R1226D,L-temporal,1325.0,-0.06031596832438799,8
R1226D,L-temporal,1375.0,-0.10547834845200281,8
R1226D,L-temporal,1425.0,-0.08846946153138344,8
R1226D,L-temporal,1475.0,-0.046516251673822485,8
R1226D,L-temporal,1525.0,-0.047780601339121286,8
R1226D,L-temporal,1575.0,-0.06770737734438097,8
R1228M,L-frontal,25.0,-0.029884562041466407,3
R1228M,L-frontal,75.0,-0.042292586186644276,3
R1228M,L-frontal,125.0,-0.06161129990546362,3
R1228M,L-frontal,175.0,0.020088237383342384,3
R1228M,L-frontal,225.0,0.13021875912234407,3
R1228M,L-frontal,275.0,0.1589002755815179,3
R1228M,L-frontal,325.0,0.24193874126778506,3
R1228M,L-frontal,375.0,0.24118957147008033,3
R1228M,L-frontal,425.0,0.17621204752302666,3
R1228M,L-frontal,475.0,0.0945407721848228,3
R1228M,L-frontal,525.0,0.10741553248551021,3
R1228M,L-frontal,575.0,0.07339674672845808,3
R1228M,L-frontal,625.0,0.044255260744328374,3
R1228M,L-frontal,675.0,0.11845236257303711,3
R1228M,L-frontal,725.0,0.061912260380680484,3
R1228M,L-frontal,775.0,0.05241840291917519,3
R1228M,L-frontal,825.0,0.04774527236260475,3
R1228M,L-frontal,875.0,0.05613028395656452,3
R1228M,L-frontal,925.0,0.06092525227750034,3
R1228M,L-frontal,975.0,0.023606122667609183,3
R1228M,L-frontal,1025.0,0.07582387056060468,3
R1228M,L-frontal,1075.0,0.09330903976934808,3
R1228M,L-frontal,1125.0,0.06089433131080269,3
R1228M,L-frontal,1175.0,0.060049721751791456,3
R1228M,L-frontal,1225.0,0.04879672898976415,3
R1228M,L-frontal,1275.0,0.02883982335265453,3
R1228M,L-frontal,1325.0,0.053212654793668955,3
R1228M,L-frontal,1375.0,0.09458753618964032,3
R1228M,L-frontal,1425.0,0.049751575550835515,3
R1228M,L-frontal,1475.0,0.002383333218148384,3
R1228M,L-frontal,1525.0,0.0667875305665196,3
R1228M,L-frontal,1575.0,0.06453737862264484,3
R1231M,R-frontal,25.0,-0.06450052994071209,4
R1231M,R-frontal,75.0,-0.011501222354074152,4
R1231M,R-frontal,125.0,0.014672825308574056,4
R1231M,R-frontal,175.0,-0.002489034181082466,4
R1231M,R-frontal,225.0,-0.0030112967190941177,4
R1231M,R-frontal,275.0,0.03500272271354231,4
R1231M,R-frontal,325.0,0.052440483946272605,4
R1231M,R-frontal,375.0,0.02449559712966374,4
R1231M,R-frontal,425.0,0.0668886415554657,4
R1231M,R-frontal,475.0,0.09279208044970834,4
R1231M,R-frontal,525.0,0.09899232879291833,4
R1231M,R-frontal,575.0,0.07182990521238772,4
R1231M,R-frontal,625.0,0.06647449207986164,4
R1231M,R-frontal,675.0,0.0706310765272063,4
R1231M,R-frontal,725.0,0.03278748399056773,4
R1231M,R-frontal,775.0,0.06921533235163575,4
R1231M,R-frontal,825.0,0.01096554066369159,4
R1231M,R-frontal,875.0,0.006205493965578096,4
R1231M,R-frontal,925.0,0.06214789129413821,4
R1231M,R-frontal,975.0,0.06408532426551244,4
R1231M,R-frontal,1025.0,0.08473031792613675,4
R1231M,R-frontal,1075.0,0.007835684842483967,4
R1231M,R-frontal,1125.0,-0.04130296283857327,4
R1231M,R-frontal,1175.0,0.0031928334307762297,4
R1231M,R-frontal,1225.0,0.014610800148211783,4
R1231M,R-frontal,1275.0,-0.014747401066171152,4
R1231M,R-frontal,1325.0,0.050399235489480124,4
R1231M,R-frontal,1375.0,0.018735735753559975,4
R1231M,R-frontal,1425.0,0.0518219266029156,4
R1231M,R-frontal,1475.0,0.07801431089569018,4
R1231M,R-frontal,1525.0,0.035119161653325584,4
R1231M,R-frontal,1575.0,0.008636624387053753,4
R1232N,L-frontal,25.0,0.043976128265587444,3
R1232N,L-frontal,75.0,0.07993605655173247,3
R1232N,L-frontal,125.0,0.07389818534345358,3
R1232N,L-frontal,175.0,0.011623594788099755,3
R1232N,L-frontal,225.0,0.006793429061366173,3
R1232N,L-frontal,275.0,-0.009858758727731573,3
R1232N,L-frontal,325.0,0.037453628280875194,3
R1232N,L-frontal,375.0,0.05608262873417136,3
R1232N,L-frontal,425.0,0.10938374886756526,3
R1232N,L-frontal,475.0,0.15571091966524078,3
R1232N,L-frontal,525.0,0.20679404219164618,3
R1232N,L-frontal,575.0,0.21137536386810096,3
R1232N,L-frontal,625.0,0.19636958526313864,3
R1232N,L-frontal,675.0,0.19811642441637775,3
R1232N,L-frontal,725.0,0.21913252947872155,3
R1232N,L-frontal,775.0,0.17830676052671834,3
R1232N,L-frontal,825.0,0.1795207391430417,3
R1232N,L-frontal,875.0,0.19146209084371701,3
R1232N,L-frontal,925.0,0.1638243174329459,3
R1232N,L-frontal,975.0,0.18736780424331076,3
R1232N,L-frontal,1025.0,0.13528936256498905,3
R1232N,L-frontal,1075.0,0.09086731315980694,3
R1232N,L-frontal,1125.0,0.0935850483367614,3
R1232N,L-frontal,1175.0,0.15401487265473882,3
R1232N,L-frontal,1225.0,0.14715053620363364,3
R1232N,L-frontal,1275.0,0.1700019776961034,3
R1232N,L-frontal,1325.0,0.14825302982206287,3
R1232N,L-frontal,1375.0,0.17425294783232137,3
R1232N,L-frontal,1425.0,0.09750087599287814,3
R1232N,L-frontal,1475.0,0.10151778328157034,3
R1232N,L-frontal,1525.0,0.07172318251021144,3
R1232N,L-frontal,1575.0,0.06248101618141905,3
R1232N,L-temporal,25.0,0.04720663798768947,4
R1232N,L-temporal,75.0,-0.014750416310801318,4
R1232N,L-temporal,125.0,-0.06088922724782464,4
R1232N,L-temporal,175.0,0.0010005954045419659,4
R1232N,L-temporal,225.0,-0.01169644049156712,4
R1232N,L-temporal,275.0,-0.016544029765373676,4
R1232N,L-temporal,325.0,-0.007088537433448595,4
R1232N,L-temporal,375.0,-0.054104146255265856,4
R1232N,L-temporal,425.0,-0.0769551530222233,4
R1232N,L-temporal,475.0,0.004345719994556636,4
R1232N,L-temporal,525.0,-0.011024032186099183,4
R1232N,L-temporal,575.0,-0.020535839256933548,4
R1232N,L-temporal,625.0,0.01817037467142169,4
R1232N,L-temporal,675.0,0.030153428921409157,4
R1232N,L-temporal,725.0,0.004250085891141134,4
R1232N,L-temporal,775.0,0.02337607537442202,4
R1232N,L-temporal,825.0,0.02112802741591576,4
R1232N,L-temporal,875.0,0.025025020717448068,4
R1232N,L-temporal,925.0,0.0026999905550312564,4
R1232N,L-temporal,975.0,0.002406075674404637,4
R1232N,L-temporal,1025.0,0.014901661448587393,4
R1232N,L-temporal,1075.0,-0.0027667112006866945,4
R1232N,L-temporal,1125.0,-0.004283379451239924,4
R1232N,L-temporal,1175.0,-0.02065446898877149,4
R1232N,L-temporal,1225.0,0.014545709051710515,4
R1232N,L-temporal,1275.0,0.07534116636481364,4
R1232N,L-temporal,1325.0,0.05786346758447966,4
R1232N,L-temporal,1375.0,0.06326515721812109,4
R1232N,L-temporal,1425.0,0.042693572621768316,4
R1232N,L-temporal,1475.0,0.04270034933506146,4
R1232N,L-temporal,1525.0,0.010909628173846038,4
R1232N,L-temporal,1575.0,-0.018399144243650627,4
R1234D,L-frontal,25.0,-0.005573963789662007,3
R1234D,L-frontal,75.0,-0.011530566741323656,3
R1234D,L-frontal,125.0,-0.05280905410839081,3
R1234D,L-frontal,175.0,-0.01713012627738816,3
R1234D,L-frontal,225.0,-0.005523028516150548,3
R1234D,L-frontal,275.0,0.05832268298418725,3
R1234D,L-frontal,325.0,0.26138060276966996,3
R1234D,L-frontal,375.0,0.3892502380977025,3
R1234D,L-frontal,425.0,0.4328214199174704,3
R1234D,L-frontal,475.0,0.4930610284955317,3
R1234D,L-frontal,525.0,0.4662072155072372,3
R1234D,L-frontal,575.0,0.45582320780465113,3
R1234D,L-frontal,625.0,0.3850454008948004,3
R1234D,L-frontal,675.0,0.3051572483241108,3
R1234D,L-frontal,725.0,0.28154862233269295,3
R1234D,L-frontal,775.0,0.26788879140011773,3
R1234D,L-frontal,825.0,0.21563738396572252,3
R1234D,L-frontal,875.0,0.16728417615121668,3
R1234D,L-frontal,925.0,0.16309097412293458,3
R1234D,L-frontal,975.0,0.13764062707921806,3
R1234D,L-frontal,1025.0,0.06645791592139806,3
R1234D,L-frontal,1075.0,0.024994194975719003,3
R1234D,L-frontal,1125.0,0.04449060176249684,3
R1234D,L-frontal,1175.0,0.06497212883493708,3
R1234D,L-frontal,1225.0,0.07730124588797865,3
R1234D,L-frontal,1275.0,0.02175067583430586,3
R1234D,L-frontal,1325.0,0.07866921379034575,3
R1234D,L-frontal,1375.0,0.07033625581976137,3
R1234D,L-frontal,1425.0,0.03171853080671976,3
R1234D,L-frontal,1475.0,0.05961245716046785,3
R1234D,L-frontal,1525.0,0.06238898529188685,3
R1234D,L-frontal,1575.0,0.043548717997281494,3
R1234D,L-occipital,25.0,-0.00868746316997349,6
R1234D,L-occipital,75.0,0.032418294366924796,6
R1234D,L-occipital,125.0,0.32162941886773677,6
R1234D,L-occipital,175.0,0.7366847958821928,6
R1234D,L-occipital,225.0,0.8667290689314129,6
R1234D,L-occipital,275.0,0.9524362251764217,6
R1234D,L-occipital,325.0,0.9370728970613187,6
R1234D,L-occipital,375.0,0.7711198621016232,6
R1234D,L-occipital,425.0,0.5959055648381751,6
R1234D,L-occipital,475.0,0.5150754610109808,6
R1234D,L-occipital,525.0,0.42774716207129676,6
R1234D,L-occipital,575.0,0.3832309995990654,6
R1234D,L-occipital,625.0,0.31164745924281567,6
R1234D,L-occipital,675.0,0.2126468078011525,6
R1234D,L-occipital,725.0,0.15016804344715243,6
R1234D,L-occipital,775.0,0.10931154478000116,6
R1234D,L-occipital,825.0,0.11002355058098358,6
R1234D,L-occipital,875.0,0.13253168523629363,6
R1234D,L-occipital,925.0,0.0908073838239748,6
R1234D,L-occipital,975.0,0.05151325040313115,6
R1234D,L-occipital,1025.0,0.05613395507496993,6
R1234D,L-occipital,1075.0,0.02252694398951512,6
R1234D,L-occipital,1125.0,0.034346535354207966,6
R1234D,L-occipital,1175.0,0.025379227215321033,6
R1234D,L-occipital,1225.0,0.052326883742950824,6
R1234D,L-occipital,1275.0,0.04602238929879895,6
R1234D,L-occipital,1325.0,0.08824373493150683,6
R1234D,L-occipital,1375.0,0.1042425507645635,6
R1234D,L-occipital,1425.0,0.08799852248429878,6
R1234D,L-occipital,1475.0,0.12105251583393667,6
R1234D,L-occipital,1525.0,0.1513162939613409,6
R1234D,L-occipital,1575.0,0.12196976613829957,6
R1234D,L-parietal,25.0,0.024234153830942337,3
R1234D,L-parietal,75.0,0.05162000187535858,3
R1234D,L-parietal,125.0,-0.0016963621814969122,3
R1234D,L-parietal,175.0,-0.03745986819645041,3
R1234D,L-parietal,225.0,-0.005195044873019232,3
R1234D,L-parietal,275.0,0.0017160489594871264,3
R1234D,L-parietal,325.0,-0.000519979089979213,3
R1234D,L-parietal,375.0,-0.009823668506232092,3
R1234D,L-parietal,425.0,0.013214673517055733,3
R1234D,L-parietal,475.0,0.024612395887139444,3
R1234D,L-parietal,525.0,0.017323769886923735,3
R1234D,L-parietal,575.0,0.016756658385480443,3
R1234D,L-parietal,625.0,-0.0216469783771961,3
R1234D,L-parietal,675.0,-0.06494978961981572,3
R1234D,L-parietal,725.0,-0.03646373182853585,3
R1234D,L-parietal,775.0,-0.004535463933649332,3
R1234D,L-parietal,825.0,-0.011747979307942386,3
R1234D,L-parietal,875.0,-0.009240439287574486,3
R1234D,L-parietal,925.0,0.02540177462032429,3
R1234D,L-parietal,975.0,-0.004474898754203228,3
R1234D,L-parietal,1025.0,0.00838035811289726,3
R1234D,L-parietal,1075.0,0.022283414576609026,3
R1234D,L-parietal,1125.0,-0.026623297543671685,3
R1234D,L-parietal,1175.0,-0.028759291476372715,3
R1234D,L-parietal,1225.0,0.02232834655319134,3
R1234D,L-parietal,1275.0,0.006581456571498698,3
R1234D,L-parietal,1325.0,-0.0056085588488969315,3
R1234D,L-parietal,1375.0,-0.01850306601714353,3
R1234D,L-parietal,1425.0,-0.0254794000619533,3
R1234D,L-parietal,1475.0,-0.013914744021474771,3
R1234D,L-parietal,1525.0,-0.010095853860809046,3
R1234D,L-parietal,1575.0,-0.009421021887359762,3
R1234D,L-temporal,25.0,-0.0477817614800186,5
R1234D,L-temporal,75.0,-0.013473796540266165,5
R1234D,L-temporal,125.0,0.002000295951804945,5
R1234D,L-temporal,175.0,-0.009798002382605728,5
R1234D,L-temporal,225.0,-0.02825169644584604,5
R1234D,L-temporal,275.0,0.013942254428158673,5
R1234D,L-temporal,325.0,0.08311963640201225,5
R1234D,L-temporal,375.0,0.09846667758580267,5
R1234D,L-temporal,425.0,0.05941221308146655,5
R1234D,L-temporal,475.0,0.06498098061626056,5
R1234D,L-temporal,525.0,0.038103393173901504,5
R1234D,L-temporal,575.0,0.02859945622284931,5
R1234D,L-temporal,625.0,0.020613025073294,5
R1234D,L-temporal,675.0,-0.020705488409530248,5
R1234D,L-temporal,725.0,-0.017334073727094355,5
R1234D,L-temporal,775.0,-0.0035275785301007944,5
R1234D,L-temporal,825.0,-0.019236188738365845,5
R1234D,L-temporal,875.0,0.001448516576081227,5
R1234D,L-temporal,925.0,0.017551771021915637,5
R1234D,L-temporal,975.0,0.024864999368956815,5
R1234D,L-temporal,1025.0,0.04270909316679372,5
R1234D,L-temporal,1075.0,0.01350840579008743,5
R1234D,L-temporal,1125.0,-0.011743236810717619,5
R1234D,L-temporal,1175.0,-0.007130320473985099,5
R1234D,L-temporal,1225.0,0.03180751633207864,5
R1234D,L-temporal,1275.0,0.02738636003540077,5
R1234D,L-temporal,1325.0,0.024919207359585287,5
R1234D,L-temporal,1375.0,0.053258915794306784,5
R1234D,L-temporal,1425.0,0.03541878079095943,5
R1234D,L-temporal,1475.0,0.0007332911192148683,5
R1234D,L-temporal,1525.0,0.05319646077091396,5
R1234D,L-temporal,1575.0,0.03187115431810024,5
R1234D,R-temporal,25.0,-0.030766926435168034,4
R1234D,R-temporal,75.0,0.001769678338966337,4
R1234D,R-temporal,125.0,0.015086900238225938,4
R1234D,R-temporal,175.0,0.012898261285633894,4
R1234D,R-temporal,225.0,0.04167842243446934,4
R1234D,R-temporal,275.0,0.04543465152906011,4
R1234D,R-temporal,325.0,0.05741100427718441,4
R1234D,R-temporal,375.0,-0.021866255123227405,4
R1234D,R-temporal,425.0,-0.03690959796473041,4
R1234D,R-temporal,475.0,-0.0334082083898942,4
R1234D,R-temporal,525.0,-0.04788487838804263,4
R1234D,R-temporal,575.0,-0.05530058151324368,4
R1234D,R-temporal,625.0,-0.10853517283111394,4
R1234D,R-temporal,675.0,-0.14604135416842767,4
R1234D,R-temporal,725.0,-0.13210319644807209,4
R1234D,R-temporal,775.0,-0.13206587004886658,4
R1234D,R-temporal,825.0,-0.09871181103854705,4
R1234D,R-temporal,875.0,-0.0586619432505768,4
R1234D,R-temporal,925.0,-0.09961489562574748,4
R1234D,R-temporal,975.0,-0.12925241341728677,4
R1234D,R-temporal,1025.0,-0.08964911914091206,4
R1234D,R-temporal,1075.0,-0.1033191462523998,4
R1234D,R-temporal,1125.0,-0.08386374196687146,4
R1234D,R-temporal,1175.0,-0.0829042236419034,4
R1234D,R-temporal,1225.0,-0.029681462496219353,4
R1234D,R-temporal,1275.0,-0.006800398393873452,4
R1234D,R-temporal,1325.0,-0.015780800219099497,4
R1234D,R-temporal,1375.0,-0.014651005562180849,4
R1234D,R-temporal,1425.0,-0.015470084290351075,4
R1234D,R-temporal,1475.0,-0.042224457239446775,4
R1234D,R-temporal,1525.0,-0.02011551809070711,4
R1234D,R-temporal,1575.0,-0.033948370385776305,4
R1240T,L-parietal,25.0,0.0529603756938212,3
R1240T,L-parietal,75.0,0.1269765720257738,3
R1240T,L-parietal,125.0,0.2634487406459119,3
R1240T,L-parietal,175.0,0.21799154426553055,3
R1240T,L-parietal,225.0,0.18422631179752966,3
R1240T,L-parietal,275.0,0.1747573591389542,3
R1240T,L-parietal,325.0,0.23860359089252733,3
R1240T,L-parietal,375.0,0.13952087915011258,3
R1240T,L-parietal,425.0,0.013761849136643916,3
R1240T,L-parietal,475.0,0.10059600480314035,3
R1240T,L-parietal,525.0,0.05484926758740824,3
R1240T,L-parietal,575.0,0.03769544476348569,3
R1240T,L-parietal,625.0,0.050722402554596,3
R1240T,L-parietal,675.0,0.05295446064487155,3
R1240T,L-parietal,725.0,0.15218303925695112,3
R1240T,L-parietal,775.0,0.07740500475395201,3
R1240T,L-parietal,825.0,0.013218953453713234,3
R1240T,L-parietal,875.0,0.027650573271384957,3
R1240T,L-parietal,925.0,-0.009945487152178661,3
R1240T,L-parietal,975.0,-0.012771397305915361,3
R1240T,L-parietal,1025.0,0.08934991957195221,3
R1240T,L-parietal,1075.0,0.1948994974390228,3
R1240T,L-parietal,1125.0,0.06856117135523934,3
R1240T,L-parietal,1175.0,0.1265314198384761,3
R1240T,L-parietal,1225.0,0.1171360442347154,3
R1240T,L-parietal,1275.0,-0.07201251321497659,3
R1240T,L-parietal,1325.0,-0.03615912782638162,3
R1240T,L-parietal,1375.0,0.07053112414327561,3
R1240T,L-parietal,1425.0,0.010920888692717332,3
R1240T,L-parietal,1475.0,-0.08984582148029237,3
R1240T,L-parietal,1525.0,-0.02389052314000779,3
R1240T,L-parietal,1575.0,-0.032275504222004966,3
R1240T,L-temporal,25.0,-0.03681163829083861,3
R1240T,L-temporal,75.0,0.03956559658139084,3
R1240T,L-temporal,125.0,-0.0089818024053252,3
R1240T,L-temporal,175.0,0.020121343511377468,3
R1240T,L-temporal,225.0,0.13456250372706724,3
R1240T,L-temporal,275.0,0.019934506055430467,3
R1240T,L-temporal,325.0,-0.023277768298300208,3
R1240T,L-temporal,375.0,0.010919415617940291,3
R1240T,L-temporal,425.0,-0.05922261254905647,3
R1240T,L-temporal,475.0,0.08284175373532975,3
R1240T,L-temporal,525.0,0.09123859082538315,3
R1240T,L-temporal,575.0,0.06712741726041305,3
R1240T,L-temporal,625.0,0.11993724650734539,3
R1240T,L-temporal,675.0,0.030654928619485867,3
R1240T,L-temporal,725.0,0.03966396562841454,3
R1240T,L-temporal,775.0,0.030334884138412985,3
R1240T,L-temporal,825.0,0.03515397715483779,3
R1240T,L-temporal,875.0,0.11798450909073437,3
R1240T,L-temporal,925.0,-0.003056577392658952,3
R1240T,L-temporal,975.0,-0.0802707292789786,3
R1240T,L-temporal,1025.0,0.01909241959306866,3
R1240T,L-temporal,1075.0,0.09723239631271134,3
R1240T,L-temporal,1125.0,0.09407968559368006,3
R1240T,L-temporal,1175.0,0.09328998605927795,3
R1240T,L-temporal,1225.0,0.014773857630181344,3
R1240T,L-temporal,1275.0,-0.034669765562204274,3
R1240T,L-temporal,1325.0,-0.05368362843682797,3
R1240T,L-temporal,1375.0,0.005489275890821391,3
R1240T,L-temporal,1425.0,0.0037866276874937202,3
R1240T,L-temporal,1475.0,-0.09662555395782763,3
R1240T,L-temporal,1525.0,0.01913036470067933,3
R1240T,L-temporal,1575.0,0.013658944861308878,3
R1243T,L-frontal,25.0,0.06379839816441922,16
R1243T,L-frontal,75.0,0.06717031115661037,16
R1243T,L-frontal,125.0,0.009382390601171908,16
R1243T,L-frontal,175.0,0.004152899652086738,16
R1243T,L-frontal,225.0,0.00719498644908716,16
R1243T,L-frontal,275.0,0.03425855647279419,16
R1243T,L-frontal,325.0,0.01857232458763524,16
R1243T,L-frontal,375.0,0.022016964087698727,16
R1243T,L-frontal,425.0,0.06459691911701469,16
R1243T,L-frontal,475.0,-0.0029251999356641957,16
R1243T,L-frontal,525.0,0.04343663738814421,16
R1243T,L-frontal,575.0,0.07416386090806218,16
R1243T,L-frontal,625.0,0.04826119301248532,16
R1243T,L-frontal,675.0,-0.009443558036933686,16
R1243T,L-frontal,725.0,0.05088270203241605,16
R1243T,L-frontal,775.0,0.06384052094329624,16
R1243T,L-frontal,825.0,0.06375151582396976,16
R1243T,L-frontal,875.0,0.09559641539774016,16
R1243T,L-frontal,925.0,0.031542500587115864,16
R1243T,L-frontal,975.0,0.04425439882004001,16
R1243T,L-frontal,1025.0,0.05693410496986777,16
R1243T,L-frontal,1075.0,0.07302622316420893,16
R1243T,L-frontal,1125.0,0.037475817335265046,16
R1243T,L-frontal,1175.0,0.03570795711929703,16
R1243T,L-frontal,1225.0,0.04858253213327333,16
R1243T,L-frontal,1275.0,0.06524620320056504,16
R1243T,L-frontal,1325.0,0.06050413974101793,16
R1243T,L-frontal,1375.0,0.026760781214027345,16
R1243T,L-frontal,1425.0,0.058492500227347304,16
R1243T,L-frontal,1475.0,0.04077370241211182,16
R1243T,L-frontal,1525.0,0.0645513894086248,16
R1243T,L-frontal,1575.0,0.08835243833248835,16
R1243T,L-parietal,25.0,0.05804057597247682,25
R1243T,L-parietal,75.0,0.08469798766037155,25
R1243T,L-parietal,125.0,0.029789693269319118,25
R1243T,L-parietal,175.0,0.032154392150769866,25
R1243T,L-parietal,225.0,0.013368799040845232,25
R1243T,L-parietal,275.0,0.028175470314044212,25
R1243T,L-parietal,325.0,0.016148465232723494,25
R1243T,L-parietal,375.0,0.04482652087033308,25
R1243T,L-parietal,425.0,0.0785347722100479,25
R1243T,L-parietal,475.0,-0.001167057962532435,25
R1243T,L-parietal,525.0,0.05196299831638759,25
R1243T,L-parietal,575.0,0.0497412531596339,25
R1243T,L-parietal,625.0,0.03274598351878999,25
R1243T,L-parietal,675.0,-0.014882852792793581,25
R1243T,L-parietal,725.0,0.041439129971132055,25
R1243T,L-parietal,775.0,0.03545405403460523,25
R1243T,L-parietal,825.0,0.04265473504209829,25
R1243T,L-parietal,875.0,0.0723093044676114,25
R1243T,L-parietal,925.0,0.022925127422521268,25
R1243T,L-parietal,975.0,0.0369295744585409,25
R1243T,L-parietal,1025.0,0.059322993319333585,25
R1243T,L-parietal,1075.0,0.05462736723420976,25
R1243T,L-parietal,1125.0,0.015280501665590265,25
R1243T,L-parietal,1175.0,0.017047406514451965,25
R1243T,L-parietal,1225.0,0.04340727305639186,25
R1243T,L-parietal,1275.0,0.060643947509716856,25
R1243T,L-parietal,1325.0,0.04013416075563776,25
R1243T,L-parietal,1375.0,0.011455163278460296,25
R1243T,L-parietal,1425.0,0.05289827222984345,25
R1243T,L-parietal,1475.0,0.02198324658334231,25
R1243T,L-parietal,1525.0,0.03746773681697734,25
R1243T,L-parietal,1575.0,0.06679328099500376,25
R1243T,L-temporal,25.0,0.059686141394853065,26
R1243T,L-temporal,75.0,0.07379022042954266,26
R1243T,L-temporal,125.0,0.023866363387696595,26
R1243T,L-temporal,175.0,0.018591098282805425,26
R1243T,L-temporal,225.0,0.004740817717853987,26
R1243T,L-temporal,275.0,0.03088152754997582,26
R1243T,L-temporal,325.0,0.017566570899345765,26
R1243T,L-temporal,375.0,0.023119044514737862,26
R1243T,L-temporal,425.0,0.06204651110833792,26
R1243T,L-temporal,475.0,0.015243977110851544,26
R1243T,L-temporal,525.0,0.055207140592991304,26
R1243T,L-temporal,575.0,0.05795076494241228,26
R1243T,L-temporal,625.0,0.04520843409300468,26
R1243T,L-temporal,675.0,0.0021768758622443714,26
R1243T,L-temporal,725.0,0.04565727770321549,26
R1243T,L-temporal,775.0,0.053049622281387196,26
R1243T,L-temporal,825.0,0.051911797710936944,26
R1243T,L-temporal,875.0,0.07980114514441691,26
R1243T,L-temporal,925.0,0.02240249639777403,26
R1243T,L-temporal,975.0,0.033557949966770924,26
R1243T,L-temporal,1025.0,0.05004979729780482,26
R1243T,L-temporal,1075.0,0.051968291167569146,26
R1243T,L-temporal,1125.0,0.03329431531126565,26
R1243T,L-temporal,1175.0,0.02977701298258207,26
R1243T,L-temporal,1225.0,0.048036452827150605,26
R1243T,L-temporal,1275.0,0.06161169128260087,26
R1243T,L-temporal,1325.0,0.040696624858360154,26
R1243T,L-temporal,1375.0,0.017661609434473556,26
R1243T,L-temporal,1425.0,0.05260570752594773,26
R1243T,L-temporal,1475.0,0.020861393344359443,26
R1243T,L-temporal,1525.0,0.04897357033992137,26
R1243T,L-temporal,1575.0,0.07179394065659112,26
R1243T,R-temporal,25.0,0.04746191779163169,3
R1243T,R-temporal,75.0,0.06259638792047349,3
R1243T,R-temporal,125.0,0.00039505056102550175,3
R1243T,R-temporal,175.0,0.020977735786533558,3
R1243T,R-temporal,225.0,0.001055896294404354,3
R1243T,R-temporal,275.0,0.01803948836090251,3
R1243T,R-temporal,325.0,0.004670510420028682,3
R1243T,R-temporal,375.0,0.0490620225828113,3
R1243T,R-temporal,425.0,0.0746899442239581,3
R1243T,R-temporal,475.0,-0.017441234361372095,3
R1243T,R-temporal,525.0,0.02225293457495886,3
R1243T,R-temporal,575.0,-0.003713746978688767,3
R1243T,R-temporal,625.0,-0.010099535382045001,3
R1243T,R-temporal,675.0,-0.030402519565840933,3
R1243T,R-temporal,725.0,0.0375272612312176,3
R1243T,R-temporal,775.0,0.05263734676589347,3
R1243T,R-temporal,825.0,0.0679889190881584,3
R1243T,R-temporal,875.0,0.09007384986499241,3
R1243T,R-temporal,925.0,0.04382722047964751,3
R1243T,R-temporal,975.0,0.03396178347723646,3
R1243T,R-temporal,1025.0,0.06617437820103654,3
R1243T,R-temporal,1075.0,0.06844614582188513,3
R1243T,R-temporal,1125.0,0.04129008491461173,3
R1243T,R-temporal,1175.0,0.028222234952072597,3
R1243T,R-temporal,1225.0,0.05098189664260106,3
R1243T,R-temporal,1275.0,0.08144628748126366,3
R1243T,R-temporal,1325.0,0.06277636670394542,3
R1243T,R-temporal,1375.0,0.0029983561325792017,3
R1243T,R-temporal,1425.0,0.041760815100231295,3
R1243T,R-temporal,1475.0,0.014980254280413855,3
R1243T,R-temporal,1525.0,0.05782894977566341,3
R1243T,R-temporal,1575.0,0.08740490447084902,3
R1247P,L-frontal,25.0,-0.06759774621886801,6
R1247P,L-frontal,75.0,-0.08693634021953615,6
R1247P,L-frontal,125.0,-0.11503174571803626,6
R1247P,L-frontal,175.0,-0.13460281137773272,6
R1247P,L-frontal,225.0,-0.12651773808861713,6
R1247P,L-frontal,275.0,-0.08277353123358248,6
R1247P,L-frontal,325.0,-0.0495560178820035,6
R1247P,L-frontal,375.0,-0.05832137284006309,6
R1247P,L-frontal,425.0,-0.08149792697430898,6
R1247P,L-frontal,475.0,-0.1251039282510232,6
R1247P,L-frontal,525.0,-0.10592815294769181,6
R1247P,L-frontal,575.0,-0.07224527215075227,6
R1247P,L-frontal,625.0,-0.15353328390147344,6
R1247P,L-frontal,675.0,-0.10883493476294188,6
R1247P,L-frontal,725.0,-0.18848708388101829,6
R1247P,L-frontal,775.0,-0.19244557028851075,6
R1247P,L-frontal,825.0,-0.15714029710837651,6
R1247P,L-frontal,875.0,-0.16980085777464293,6
R1247P,L-frontal,925.0,-0.1634171929956426,6
R1247P,L-frontal,975.0,-0.14150386237931464,6
R1247P,L-frontal,1025.0,-0.08528061776301776,6
R1247P,L-frontal,1075.0,-0.1790972281780372,6
R1247P,L-frontal,1125.0,-0.14846631635377253,6
R1247P,L-frontal,1175.0,-0.14888696587418904,6
R1247P,L-frontal,1225.0,-0.14964346612655313,6
R1247P,L-frontal,1275.0,-0.16732155666028756,6
R1247P,L-frontal,1325.0,-0.0853619701103094,6
R1247P,L-frontal,1375.0,0.028893024504935905,6
R1247P,L-frontal,1425.0,0.13613290359168528,6
R1247P,L-frontal,1475.0,0.13642503314381457,6
R1247P,L-frontal,1525.0,-0.05240558141671301,6
R1247P,L-frontal,1575.0,0.07239934845963346,6
R1250N,R-occipital,25.0,0.09343412803518983,13
R1250N,R-occipital,75.0,0.32871159505968073,13
R1250N,R-occipital,125.0,0.8275634177988797,13
R1250N,R-occipital,175.0,0.9983419539562541,13
R1250N,R-occipital,225.0,0.7921283519567622,13
R1250N,R-occipital,275.0,0.8269974610640106,13
R1250N,R-occipital,325.0,0.917376924412857,13
R1250N,R-occipital,375.0,0.9796464580410155,13
R1250N,R-occipital,425.0,0.9072341719721533,13
R1250N,R-occipital,475.0,0.8430768321358577,13
R1250N,R-occipital,525.0,0.7593549002427314,13
R1250N,R-occipital,575.0,0.6795883901846624,13
R1250N,R-occipital,625.0,0.6574919025321907,13
R1250N,R-occipital,675.0,0.595742252876846,13
R1250N,R-occipital,725.0,0.5353924256742135,13
R1250N,R-occipital,775.0,0.4932246883781355,13
R1250N,R-occipital,825.0,0.4672463221954182,13
R1250N,R-occipital,875.0,0.43993067371008565,13
R1250N,R-occipital,925.0,0.4028188814712958,13
R1250N,R-occipital,975.0,0.36823309048800434,13
R1250N,R-occipital,1025.0,0.3706897080957068,13
R1250N,R-occipital,1075.0,0.3610018056915899,13
R1250N,R-occipital,1125.0,0.34464438546489357,13
R1250N,R-occipital,1175.0,0.3375319824859143,13
R1250N,R-occipital,1225.0,0.3604673475602472,13
R1250N,R-occipital,1275.0,0.3808578527239519,13
R1250N,R-occipital,1325.0,0.39305241370447663,13
R1250N,R-occipital,1375.0,0.4052778586072868,13
R1250N,R-occipital,1425.0,0.4049350600890929,13
R1250N,R-occipital,1475.0,0.4011924955887282,13
R1250N,R-occipital,1525.0,0.39408763554830273,13
R1250N,R-occipital,1575.0,0.40184689294547365,13
R1264P,L-frontal,25.0,0.044596792516717325,6
R1264P,L-frontal,75.0,0.01633175194246073,6
R1264P,L-frontal,125.0,-0.03659793300167058,6
R1264P,L-frontal,175.0,0.023668905910094615,6
R1264P,L-frontal,225.0,0.12176267751666857,6
R1264P,L-frontal,275.0,0.15705862990273375,6
R1264P,L-frontal,325.0,0.07008135713971697,6
R1264P,L-frontal,375.0,0.09668571047015335,6
R1264P,L-frontal,425.0,0.15015770367578438,6
R1264P,L-frontal,475.0,0.08261613359945075,6
R1264P,L-frontal,525.0,0.03242096798865585,6
R1264P,L-frontal,575.0,0.0031593647483597886,6
R1264P,L-frontal,625.0,0.007154940338469265,6
R1264P,L-frontal,675.0,0.014983591439813084,6
R1264P,L-frontal,725.0,0.05401153764616327,6
R1264P,L-frontal,775.0,0.08522823398682283,6
R1264P,L-frontal,825.0,0.09958165653867147,6
R1264P,L-frontal,875.0,0.14287223546226463,6
R1264P,L-frontal,925.0,0.1392609921469012,6
R1264P,L-frontal,975.0,0.09124573442634316,6
R1264P,L-frontal,1025.0,0.08476340975976758,6
R1264P,L-frontal,1075.0,0.052282683887184246,6
R1264P,L-frontal,1125.0,0.07909417003001533,6
R1264P,L-frontal,1175.0,0.05077195909151052,6
R1264P,L-frontal,1225.0,0.052907218376903466,6
R1264P,L-frontal,1275.0,0.036939607685568775,6
R1264P,L-frontal,1325.0,0.025119541315322597,6
R1264P,L-frontal,1375.0,0.01965951538939747,6
R1264P,L-frontal,1425.0,0.0708190152519126,6
R1264P,L-frontal,1475.0,0.060095502339560354,6
R1264P,L-frontal,1525.0,0.07949187197264833,6
R1264P,L-frontal,1575.0,0.09805174809148391,6
R1264P,L-occipital,25.0,0.06804943622514528,5
R1264P,L-occipital,75.0,0.08920883263559759,5
R1264P,L-occipital,125.0,0.13881096347830385,5
R1264P,L-occipital,175.0,0.2812523328210854,5
R1264P,L-occipital,225.0,0.2559501551326665,5
R1264P,L-occipital,275.0,0.2633344486693049,5
R1264P,L-occipital,325.0,0.31895259382356195,5
R1264P,L-occipital,375.0,0.36670775761411234,5
R1264P,L-occipital,425.0,0.33202918664236203,5
R1264P,L-occipital,475.0,0.25615721717956086,5
R1264P,L-occipital,525.0,0.2102236665901684,5
R1264P,L-occipital,575.0,0.16318016909755179,5
R1264P,L-occipital,625.0,0.09519023381546923,5
R1264P,L-occipital,675.0,0.1073825261530131,5
R1264P,L-occipital,725.0,0.02196913839385841,5
R1264P,L-occipital,775.0,0.01258221283473166,5
R1264P,L-occipital,825.0,0.008267169119463269,5
R1264P,L-occipital,875.0,0.02533878262361286,5
R1264P,L-occipital,925.0,-0.004942896755583022,5
R1264P,L-occipital,975.0,-0.0702450955147664,5
R1264P,L-occipital,1025.0,-0.009536000421474403,5
R1264P,L-occipital,1075.0,0.03588682993194271,5
R1264P,L-occipital,1125.0,0.011002639405554852,5
R1264P,L-occipital,1175.0,-0.0027587629877556486,5
R1264P,L-occipital,1225.0,0.010214510810144939,5
R1264P,L-occipital,1275.0,-0.03231729053628174,5
R1264P,L-occipital,1325.0,-0.03180659284701594,5
R1264P,L-occipital,1375.0,-0.03205913914557357,5
R1264P,L-occipital,1425.0,-0.016181934220606917,5
R1264P,L-occipital,1475.0,-0.06645809151323076,5
R1264P,L-occipital,1525.0,-0.05067744226073394,5
R1264P,L-occipital,1575.0,-0.006219106054392104,5
R1264P,L-temporal,25.0,0.04083811861647248,7
R1264P,L-temporal,75.0,0.07431347389825083,7
R1264P,L-temporal,125.0,0.24551269215612828,7
R1264P,L-temporal,175.0,0.479527026162396,7
R1264P,L-temporal,225.0,0.47384081371902337,7
R1264P,L-temporal,275.0,0.4934265231654654,7
R1264P,L-temporal,325.0,0.4641446063076659,7
R1264P,L-temporal,375.0,0.42847988879935306,7
R1264P,L-temporal,425.0,0.37569093321817554,7
R1264P,L-temporal,475.0,0.2949897036324604,7
R1264P,L-temporal,525.0,0.236542022798379,7
R1264P,L-temporal,575.0,0.1791267986182355,7
R1264P,L-temporal,625.0,0.1296427238392648,7
R1264P,L-temporal,675.0,0.06467070349028442,7
R1264P,L-temporal,725.0,0.03152333133411165,7
R1264P,L-temporal,775.0,0.008529514230307,7
R1264P,L-temporal,825.0,0.007000215751034,7
R1264P,L-temporal,875.0,-0.04693704690468873,7
R1264P,L-temporal,925.0,-0.077075840695695,7
R1264P,L-temporal,975.0,-0.07339116763196465,7
R1264P,L-temporal,1025.0,-0.05153865101615025,7
R1264P,L-temporal,1075.0,-0.007015834452925735,7
R1264P,L-temporal,1125.0,0.005040195975532418,7
R1264P,L-temporal,1175.0,0.03074902643695315,7
R1264P,L-temporal,1225.0,0.044487098280446724,7
R1264P,L-temporal,1275.0,0.0234402930012103,7
R1264P,L-temporal,1325.0,-0.005710082368435947,7
R1264P,L-temporal,1375.0,-0.03282744856778668,7
R1264P,L-temporal,1425.0,-0.03625004750073223,7
R1264P,L-temporal,1475.0,-0.0029182507885966275,7
R1264P,L-temporal,1525.0,-0.010953077006955466,7
R1264P,L-temporal,1575.0,0.009373102451065306,7
R1275D,L-frontal,25.0,0.029133169834790935,21
R1275D,L-frontal,75.0,0.03679744564264719,21
R1275D,L-frontal,125.0,0.0814302541758483,21
R1275D,L-frontal,175.0,0.20394029054790921,21
R1275D,L-frontal,225.0,0.3025218701245443,21
R1275D,L-frontal,275.0,0.34811812454568736,21
R1275D,L-frontal,325.0,0.3966730740830963,21
R1275D,L-frontal,375.0,0.3866567582444982,21
R1275D,L-frontal,425.0,0.3686294666859237,21
R1275D,L-frontal,475.0,0.33868238361602493,21
R1275D,L-frontal,525.0,0.31654953620197346,21
R1275D,L-frontal,575.0,0.3087950509009229,21
R1275D,L-frontal,625.0,0.2926426833924117,21
R1275D,L-frontal,675.0,0.2897508416258902,21
R1275D,L-frontal,725.0,0.27750575337801575,21
R1275D,L-frontal,775.0,0.27548762691264683,21
R1275D,L-frontal,825.0,0.26629165658182674,21
R1275D,L-frontal,875.0,0.2350415015887928,21
R1275D,L-frontal,925.0,0.21191883903720563,21
R1275D,L-frontal,975.0,0.21127079341904725,21
R1275D,L-frontal,1025.0,0.21174092985511286,21
R1275D,L-frontal,1075.0,0.18316548267783453,21
R1275D,L-frontal,1125.0,0.1614768187290829,21
R1275D,L-frontal,1175.0,0.13635266597711845,21
R1275D,L-frontal,1225.0,0.13292114660729915,21
R1275D,L-frontal,1275.0,0.12430166893181248,21
R1275D,L-frontal,1325.0,0.10327380842204793,21
R1275D,L-frontal,1375.0,0.08929749008315124,21
R1275D,L-frontal,1425.0,0.0900054904096585,21
R1275D,L-frontal,1475.0,0.07540577943350198,21
R1275D,L-frontal,1525.0,0.06921167570023526,21
R1275D,L-frontal,1575.0,0.05682258717109854,21
R1275D,L-parietal,25.0,0.02600122575647386,6
R1275D,L-parietal,75.0,0.0011117508053134957,6
R1275D,L-parietal,125.0,0.03561098941503077,6
R1275D,L-parietal,175.0,0.08843271314104521,6
R1275D,L-parietal,225.0,0.14427529880564147,6
R1275D,L-parietal,275.0,0.20642944306276753,6
R1275D,L-parietal,325.0,0.28664259471353737,6
R1275D,L-parietal,375.0,0.3032892510975436,6
R1275D,L-parietal,425.0,0.26557455439619027,6
R1275D,L-parietal,475.0,0.27595453872927983,6
R1275D,L-parietal,525.0,0.3268914635438827,6
R1275D,L-parietal,575.0,0.29776783707836463,6
R1275D,L-parietal,625.0,0.2846741062716056,6
R1275D,L-parietal,675.0,0.3119494280455328,6
R1275D,L-parietal,725.0,0.31327418862716366,6
R1275D,L-parietal,775.0,0.3209565833021181,6
R1275D,L-parietal,825.0,0.29917302128630374,6
R1275D,L-parietal,875.0,0.3003930137807773,6
R1275D,L-parietal,925.0,0.3069842702028083,6
R1275D,L-parietal,975.0,0.2816596546216005,6
R1275D,L-parietal,1025.0,0.3178214030819601,6
R1275D,L-parietal,1075.0,0.26400708993347016,6
R1275D,L-parietal,1125.0,0.22605704929699713,6
R1275D,L-parietal,1175.0,0.2006613855774755,6
R1275D,L-parietal,1225.0,0.1933447846854066,6
R1275D,L-parietal,1275.0,0.1630807707006328,6
R1275D,L-parietal,1325.0,0.1489735220686003,6
R1275D,L-parietal,1375.0,0.13491048969393457,6
R1275D,L-parietal,1425.0,0.11712915593290979,6
R1275D,L-parietal,1475.0,0.10087801352819283,6
R1275D,L-parietal,1525.0,0.08355746966196337,6
R1275D,L-parietal,1575.0,0.0658645321259739,6
R1275D,R-frontal,25.0,0.014941496412223143,26
R1275D,R-frontal,75.0,0.028269970085621283,26
R1275D,R-frontal,125.0,0.034295451727116406,26
R1275D,R-frontal,175.0,0.06275828908350262,26
R1275D,R-frontal,225.0,0.06347223219960654,26
R1275D,R-frontal,275.0,0.05608431199454706,26
R1275D,R-frontal,325.0,0.07691251363791002,26
R1275D,R-frontal,375.0,0.06794250311217896,26
R1275D,R-frontal,425.0,0.08021338708398378,26
R1275D,R-frontal,475.0,0.09387196130171839,26
R1275D,R-frontal,525.0,0.09006734392341122,26
R1275D,R-frontal,575.0,0.08913057231921805,26
R1275D,R-frontal,625.0,0.1042073443814393,26
R1275D,R-frontal,675.0,0.11797859542589927,26
R1275D,R-frontal,725.0,0.11990699598920236,26
R1275D,R-frontal,775.0,0.13301349009839464,26
R1275D,R-frontal,825.0,0.1236569057491294,26
R1275D,R-frontal,875.0,0.13718029477594104,26
R1275D,R-frontal,925.0,0.13783599448339354,26
R1275D,R-frontal,975.0,0.1383730752120625,26
R1275D,R-frontal,1025.0,0.14530789335462527,26
R1275D,R-frontal,1075.0,0.12589246606798793,26
R1275D,R-frontal,1125.0,0.12279344387776908,26
R1275D,R-frontal,1175.0,0.09849218342584988,26
R1275D,R-frontal,1225.0,0.09274247455522353,26
R1275D,R-frontal,1275.0,0.07274963373442275,26
R1275D,R-frontal,1325.0,0.07378066693951145,26
R1275D,R-frontal,1375.0,0.04741700718203452,26
R1275D,R-frontal,1425.0,0.06945907572895449,26
R1275D,R-frontal,1475.0,0.08880487298837071,26
R1275D,R-frontal,1525.0,0.0735327858793959,26
R1275D,R-frontal,1575.0,0.03949358381451991,26
R1275D,R-parietal,25.0,0.013258158762345821,13
R1275D,R-parietal,75.0,0.06045052641527006,13
R1275D,R-parietal,125.0,0.2071111667172231,13
R1275D,R-parietal,175.0,0.3370247604266854,13
R1275D,R-parietal,225.0,0.3036726189475633,13
R1275D,R-parietal,275.0,0.22250912688323038,13
R1275D,R-parietal,325.0,0.20528914516445276,13
R1275D,R-parietal,375.0,0.1920802344545482,13
R1275D,R-parietal,425.0,0.18495301918962162,13
R1275D,R-parietal,475.0,0.17540156670591808,13
R1275D,R-parietal,525.0,0.18451758624637446,13
R1275D,R-parietal,575.0,0.18672179790926896,13
R1275D,R-parietal,625.0,0.16165565105020038,13
R1275D,R-parietal,675.0,0.14448196622010068,13
R1275D,R-parietal,725.0,0.1615767661155811,13
R1275D,R-parietal,775.0,0.1702729969793273,13
R1275D,R-parietal,825.0,0.18105999369581544,13
R1275D,R-parietal,875.0,0.17509983013445854,13
R1275D,R-parietal,925.0,0.16131975427637338,13
R1275D,R-parietal,975.0,0.16800939688381492,13
R1275D,R-parietal,1025.0,0.14650124873761508,13
R1275D,R-parietal,1075.0,0.11722982744803018,13
R1275D,R-parietal,1125.0,0.10774195104997457,13
R1275D,R-parietal,1175.0,0.09889842627743026,13
R1275D,R-parietal,1225.0,0.09114600642413519,13
R1275D,R-parietal,1275.0,0.0844033217954503,13
R1275D,R-parietal,1325.0,0.08942288034433893,13
R1275D,R-parietal,1375.0,0.06342425142107756,13
R1275D,R-parietal,1425.0,0.06721272284433365,13
R1275D,R-parietal,1475.0,0.06781056230028004,13
R1275D,R-parietal,1525.0,0.03755010924573673,13
R1275D,R-parietal,1575.0,0.042159381303283,13
R1275D,R-temporal,25.0,0.002433547801928932,7
R1275D,R-temporal,75.0,0.024862540206857835,7
R1275D,R-temporal,125.0,0.04482535382212476,7
R1275D,R-temporal,175.0,0.024746545632168066,7
R1275D,R-temporal,225.0,-0.0006587103561982404,7
R1275D,R-temporal,275.0,0.02015929434989877,7
R1275D,R-temporal,325.0,0.019082239531494096,7
R1275D,R-temporal,375.0,0.08229531690940686,7
R1275D,R-temporal,425.0,0.1119714496148245,7
R1275D,R-temporal,475.0,0.14625570346200914,7
R1275D,R-temporal,525.0,0.15054801450936184,7
R1275D,R-temporal,575.0,0.16049047638699562,7
R1275D,R-temporal,625.0,0.18067728168640398,7
R1275D,R-temporal,675.0,0.14398120303395764,7
R1275D,R-temporal,725.0,0.1615447509147184,7
R1275D,R-temporal,775.0,0.20079051432553444,7
R1275D,R-temporal,825.0,0.23211887072001777,7
R1275D,R-temporal,875.0,0.26542015121221196,7
R1275D,R-temporal,925.0,0.2844865634471708,7
R1275D,R-temporal,975.0,0.23407157097176784,7
R1275D,R-temporal,1025.0,0.20262174016283632,7
R1275D,R-temporal,1075.0,0.20789106576244734,7
R1275D,R-temporal,1125.0,0.19438360138422092,7
R1275D,R-temporal,1175.0,0.16897622706700208,7
R1275D,R-temporal,1225.0,0.1628707102693823,7
R1275D,R-temporal,1275.0,0.16130150751532715,7
R1275D,R-temporal,1325.0,0.1426915569471374,7
R1275D,R-temporal,1375.0,0.15181867204449426,7
R1275D,R-temporal,1425.0,0.11560716343171792,7
R1275D,R-temporal,1475.0,0.11333625854403198,7
R1275D,R-temporal,1525.0,0.11068409063876417,7
R1275D,R-temporal,1575.0,0.06539540893185046,7
R1281E,L-frontal,25.0,-0.08032918715003297,3
R1281E,L-frontal,75.0,-0.05735539561687,3
R1281E,L-frontal,125.0,-0.01907282180536005,3
R1281E,L-frontal,175.0,-0.04836679952025647,3
R1281E,L-frontal,225.0,-0.05319270439474208,3
R1281E,L-frontal,275.0,-0.036637217493167944,3
R1281E,L-frontal,325.0,-0.029161202360272264,3
R1281E,L-frontal,375.0,-0.04120811767598793,3
R1281E,L-frontal,425.0,-0.0489224846357314,3
R1281E,L-frontal,475.0,-0.05337856232052579,3
R1281E,L-frontal,525.0,-0.05731376227356203,3
R1281E,L-frontal,575.0,-0.013480319220009659,3
R1281E,L-frontal,625.0,0.008350566671009049,3
R1281E,L-frontal,675.0,0.01875727498024793,3
R1281E,L-frontal,725.0,-0.0037489359516061685,3
R1281E,L-frontal,775.0,-0.02904264719814158,3
R1281E,L-frontal,825.0,-0.023620998760996773,3
R1281E,L-frontal,875.0,-0.05178977426413705,3
R1281E,L-frontal,925.0,-0.06680351023303159,3
R1281E,L-frontal,975.0,-0.038803019449195515,3
R1281E,L-frontal,1025.0,-0.039955088532220746,3
R1281E,L-frontal,1075.0,-0.07901740766546539,3
R1281E,L-frontal,1125.0,-0.0978563943469949,3
R1281E,L-frontal,1175.0,-0.10468122112941021,3
R1281E,L-frontal,1225.0,-0.0939644332323115,3
R1281E,L-frontal,1275.0,-0.06507062074284845,3
R1281E,L-frontal,1325.0,-0.0677861288770402,3
R1281E,L-frontal,1375.0,-0.09263052999225456,3
R1281E,L-frontal,1425.0,-0.12266825537359406,3
R1281E,L-frontal,1475.0,-0.11085245085038166,3
R1281E,L-frontal,1525.0,-0.08766743962185293,3
R1281E,L-frontal,1575.0,-0.03132177951527106,3
R1281E,L-temporal,25.0,-0.0414193565513489,19
R1281E,L-temporal,75.0,-0.018694970949750745,19
R1281E,L-temporal,125.0,-0.033558753055031434,19
R1281E,L-temporal,175.0,-0.033971448465494436,19
R1281E,L-temporal,225.0,-0.005605228686098653,19
R1281E,L-temporal,275.0,0.0012949825285967454,19
R1281E,L-temporal,325.0,0.008493828494319084,19
R1281E,L-temporal,375.0,0.018966367747950894,19
R1281E,L-temporal,425.0,0.016199451240435436,19
R1281E,L-temporal,475.0,0.015390904895034405,19
R1281E,L-temporal,525.0,0.013440857604910738,19
R1281E,L-temporal,575.0,0.015373120142003085,19
R1281E,L-temporal,625.0,0.009377605856927571,19
R1281E,L-temporal,675.0,0.0078251179092275,19
R1281E,L-temporal,725.0,0.011584240117977552,19
R1281E,L-temporal,775.0,0.017832655682896114,19
R1281E,L-temporal,825.0,-0.0062944560517782045,19
R1281E,L-temporal,875.0,-0.020712759316642123,19
R1281E,L-temporal,925.0,-0.010700940563603233,19
R1281E,L-temporal,975.0,-0.00252849696700015,19
R1281E,L-temporal,1025.0,-0.014678792123730112,19
R1281E,L-temporal,1075.0,-0.010456813627054841,19
R1281E,L-temporal,1125.0,-0.008168078762944361,19
R1281E,L-temporal,1175.0,-0.005720946426889928,19
R1281E,L-temporal,1225.0,-0.018215507161320015,19
R1281E,L-temporal,1275.0,-0.03195987797764603,19
R1281E,L-temporal,1325.0,-0.03179386744030738,19
R1281E,L-temporal,1375.0,-0.03641591024792229,19
R1281E,L-temporal,1425.0,-0.0264104969584688,19
R1281E,L-temporal,1475.0,-0.007311959096747971,19
R1281E,L-temporal,1525.0,-0.0061558200041504,19
R1281E,L-temporal,1575.0,-0.021695532748189902,19
R1281E,R-temporal,25.0,-0.017163951205182822,3
R1281E,R-temporal,75.0,-0.04989216470403291,3
R1281E,R-temporal,125.0,-0.058414998068954706,3
R1281E,R-temporal,175.0,-0.05258225049673351,3
R1281E,R-temporal,225.0,-0.055686472783711916,3
R1281E,R-temporal,275.0,-0.03350687571291905,3
R1281E,R-temporal,325.0,-0.026715649858156495,3
R1281E,R-temporal,375.0,-0.03818136974100161,3
R1281E,R-temporal,425.0,-0.06799783278080872,3
R1281E,R-temporal,475.0,-0.0764465418261464,3
R1281E,R-temporal,525.0,-0.04430559402409534,3
R1281E,R-temporal,575.0,-0.008452980983913496,3
R1281E,R-temporal,625.0,-0.03226930688263376,3
R1281E,R-temporal,675.0,-0.043682894336280746,3
R1281E,R-temporal,725.0,-0.026951065868574042,3
R1281E,R-temporal,775.0,-0.007028568724572475,3
R1281E,R-temporal,825.0,0.005718085175970733,3
R1281E,R-temporal,875.0,-0.034406925769165604,3
R1281E,R-temporal,925.0,-0.013507608576179825,3
R1281E,R-temporal,975.0,-0.012304657156590654,3
R1281E,R-temporal,1025.0,-0.045888784858594205,3
R1281E,R-temporal,1075.0,-0.041252562618292014,3
R1281E,R-temporal,1125.0,-0.04424280067192576,3
R1281E,R-temporal,1175.0,-0.03713469221363548,3
R1281E,R-temporal,1225.0,-0.052584017283151874,3
R1281E,R-temporal,1275.0,-0.05699963040861724,3
R1281E,R-temporal,1325.0,-0.07152863407305163,3
R1281E,R-temporal,1375.0,-0.05076942511810289,3
R1281E,R-temporal,1425.0,-0.02526646736767293,3
R1281E,R-temporal,1475.0,-0.041760181946890775,3
R1281E,R-temporal,1525.0,-0.05987077813793254,3
R1281E,R-temporal,1575.0,-0.035285849300675465,3
R1283T,R-temporal,25.0,0.0600687162897951,3
R1283T,R-temporal,75.0,0.03232558408578864,3
R1283T,R-temporal,125.0,0.06620116405532434,3
R1283T,R-temporal,175.0,0.0638448195506537,3
R1283T,R-temporal,225.0,0.06092828233920791,3
R1283T,R-temporal,275.0,0.07516515623675586,3
R1283T,R-temporal,325.0,0.05948880061299661,3
R1283T,R-temporal,375.0,0.10092255021605455,3
R1283T,R-temporal,425.0,0.1448508914524862,3
R1283T,R-temporal,475.0,0.10813403621371713,3
R1283T,R-temporal,525.0,0.07408286263513984,3
R1283T,R-temporal,575.0,0.08015907026477125,3
R1283T,R-temporal,625.0,0.08029391572393275,3
R1283T,R-temporal,675.0,0.03522371304885603,3
R1283T,R-temporal,725.0,0.06503993890285382,3
R1283T,R-temporal,775.0,0.012007613951218356,3
R1283T,R-temporal,825.0,0.027643442518693148,3
R1283T,R-temporal,875.0,0.07628843682497159,3
R1283T,R-temporal,925.0,0.06397505364561253,3
R1283T,R-temporal,975.0,0.040624329471526485,3
R1283T,R-temporal,1025.0,0.016805793432839798,3
R1283T,R-temporal,1075.0,0.009335401465015223,3
R1283T,R-temporal,1125.0,-0.012759285963630587,3
R1283T,R-temporal,1175.0,0.0015458914798210446,3
R1283T,R-temporal,1225.0,0.049271061451028324,3
R1283T,R-temporal,1275.0,0.06377664461143706,3
R1283T,R-temporal,1325.0,0.040192309733721794,3
R1283T,R-temporal,1375.0,-0.021574679193732658,3
R1283T,R-temporal,1425.0,-0.04308210795946774,3
R1283T,R-temporal,1475.0,-0.027009536875969173,3
R1283T,R-temporal,1525.0,-0.009659632778084529,3
R1283T,R-temporal,1575.0,-0.005240400799396636,3
R1286J,L-frontal,25.0,0.0011330549003008938,7
R1286J,L-frontal,75.0,-0.0391080406991734,7
R1286J,L-frontal,125.0,-0.028761125762330256,7
R1286J,L-frontal,175.0,-0.0027809510979146445,7
R1286J,L-frontal,225.0,-0.003608942185045013,7
R1286J,L-frontal,275.0,0.006215866986969935,7
R1286J,L-frontal,325.0,0.07346294234423958,7
R1286J,L-frontal,375.0,0.086782209836737,7
R1286J,L-frontal,425.0,0.061791558461262594,7
R1286J,L-frontal,475.0,0.027812491054232225,7
R1286J,L-frontal,525.0,0.12028060630752978,7
R1286J,L-frontal,575.0,0.09649492213647456,7
R1286J,L-frontal,625.0,0.07475729619950013,7
R1286J,L-frontal,675.0,0.07925769804581902,7
R1286J,L-frontal,725.0,0.09984846399189669,7
R1286J,L-frontal,775.0,0.056626603335374046,7
R1286J,L-frontal,825.0,0.06539978141481491,7
R1286J,L-frontal,875.0,0.14152244901909733,7
R1286J,L-frontal,925.0,0.13791179000691703,7
R1286J,L-frontal,975.0,0.11130876672620507,7
R1286J,L-frontal,1025.0,0.06619831244627851,7
R1286J,L-frontal,1075.0,0.03760246939638512,7
R1286J,L-frontal,1125.0,0.07887051589280113,7
R1286J,L-frontal,1175.0,0.08872010159715409,7
R1286J,L-frontal,1225.0,0.10224732540789418,7
R1286J,L-frontal,1275.0,0.08332648020334786,7
R1286J,L-frontal,1325.0,0.08368480873600861,7
R1286J,L-frontal,1375.0,0.057591297636368034,7
R1286J,L-frontal,1425.0,0.04566712229746254,7
R1286J,L-frontal,1475.0,0.07301077796125613,7
R1286J,L-frontal,1525.0,0.11832545781557595,7
R1286J,L-frontal,1575.0,0.12137881105746942,7
R1286J,L-parietal,25.0,0.05669617742720978,10
R1286J,L-parietal,75.0,0.020709657891931996,10
R1286J,L-parietal,125.0,0.007520457374256234,10
R1286J,L-parietal,175.0,0.03878624433053914,10
R1286J,L-parietal,225.0,0.07225527257604836,10
R1286J,L-parietal,275.0,0.1390180736440611,10
R1286J,L-parietal,325.0,0.15273497589690976,10
R1286J,L-parietal,375.0,0.14757692516588644,10
R1286J,L-parietal,425.0,0.12611883390250087,10
R1286J,L-parietal,475.0,0.12248465410432433,10
R1286J,L-parietal,525.0,0.12422607709203004,10
R1286J,L-parietal,575.0,0.14332705989315148,10
R1286J,L-parietal,625.0,0.14130004086876385,10
R1286J,L-parietal,675.0,0.1154650894165083,10
R1286J,L-parietal,725.0,0.12110253756378228,10
R1286J,L-parietal,775.0,0.11763793757729935,10
R1286J,L-parietal,825.0,0.07396605639452797,10
R1286J,L-parietal,875.0,0.054106455678323506,10
R1286J,L-parietal,925.0,0.05805788096990794,10
R1286J,L-parietal,975.0,0.09336303528924111,10
R1286J,L-parietal,1025.0,0.12000731626539538,10
R1286J,L-parietal,1075.0,0.10244690578069005,10
R1286J,L-parietal,1125.0,0.07271184213094706,10
R1286J,L-parietal,1175.0,0.04760795565799074,10
R1286J,L-parietal,1225.0,0.035528314552272525,10
R1286J,L-parietal,1275.0,0.0562346237583163,10
R1286J,L-parietal,1325.0,0.0815880115457353,10
R1286J,L-parietal,1375.0,0.09966584353856536,10
R1286J,L-parietal,1425.0,0.07060937420362258,10
R1286J,L-parietal,1475.0,0.040450138913267056,10
R1286J,L-parietal,1525.0,0.03715115547835794,10
R1286J,L-parietal,1575.0,0.04601563539187363,10
R1288P,L-temporal,25.0,0.006140375188258048,4
R1288P,L-temporal,75.0,0.028621443847773178,4
R1288P,L-temporal,125.0,0.040428759005635743,4
R1288P,L-temporal,175.0,0.13386106526519406,4
R1288P,L-temporal,225.0,0.17522062752120543,4
R1288P,L-temporal,275.0,0.12576071508513337,4
R1288P,L-temporal,325.0,0.07334445365962602,4
R1288P,L-temporal,375.0,0.060448795834535114,4
R1288P,L-temporal,425.0,0.1054049637087665,4
R1288P,L-temporal,475.0,0.07788565111020097,4
R1288P,L-temporal,525.0,0.021795105472753592,4
R1288P,L-temporal,575.0,0.01068936391879196,4
R1288P,L-temporal,625.0,0.0038181663156325804,4
R1288P,L-temporal,675.0,0.07863951617634264,4
R1288P,L-temporal,725.0,0.06880596684507105,4
R1288P,L-temporal,775.0,0.05969240850791579,4
R1288P,L-temporal,825.0,-0.002197922126185411,4
R1288P,L-temporal,875.0,-0.01414573491735481,4
R1288P,L-temporal,925.0,0.0707291149734045,4
R1288P,L-temporal,975.0,0.09166845670340765,4
R1288P,L-temporal,1025.0,0.03679096600958627,4
R1288P,L-temporal,1075.0,-0.06025008365789547,4
R1288P,L-temporal,1125.0,-0.08347429206613483,4
R1288P,L-temporal,1175.0,-0.01931235349515224,4
R1288P,L-temporal,1225.0,-0.0066941978047509385,4
R1288P,L-temporal,1275.0,-0.028238865673075993,4
R1288P,L-temporal,1325.0,0.0483956355976946,4
R1288P,L-temporal,1375.0,0.0633092815209289,4
R1288P,L-temporal,1425.0,0.05527734540518198,4
R1288P,L-temporal,1475.0,-0.01763727873644893,4
R1288P,L-temporal,1525.0,-0.047511452836761794,4
R1288P,L-temporal,1575.0,-0.06112219749088371,4
R1291M,L-frontal,25.0,-0.06068602950232898,12
R1291M,L-frontal,75.0,-0.06008508771593101,12
R1291M,L-frontal,125.0,-0.03392034255915761,12
R1291M,L-frontal,175.0,0.044097360802033934,12
R1291M,L-frontal,225.0,0.13606796520128187,12
R1291M,L-frontal,275.0,0.2256823518813409,12
R1291M,L-frontal,325.0,0.26700015369258917,12
R1291M,L-frontal,375.0,0.24753172704924553,12
R1291M,L-frontal,425.0,0.22780518316875945,12
R1291M,L-frontal,475.0,0.2517738820348356,12
R1291M,L-frontal,525.0,0.2778703750927262,12
R1291M,L-frontal,575.0,0.21826372252564577,12
R1291M,L-frontal,625.0,0.18126268544181132,12
R1291M,L-frontal,675.0,0.1766516846339905,12
R1291M,L-frontal,725.0,0.1451987308452275,12
R1291M,L-frontal,775.0,0.11264120908776387,12
R1291M,L-frontal,825.0,0.07929832036738403,12
R1291M,L-frontal,875.0,0.04654556771066101,12
R1291M,L-frontal,925.0,0.0226919324006566,12
R1291M,L-frontal,975.0,0.014440817855506062,12
R1291M,L-frontal,1025.0,0.008195393144744203,12
R1291M,L-frontal,1075.0,0.015996657237582753,12
R1291M,L-frontal,1125.0,0.03247937358676845,12
R1291M,L-frontal,1175.0,0.014323585804642838,12
R1291M,L-frontal,1225.0,-0.01096209107505989,12
R1291M,L-frontal,1275.0,-0.04061124411080811,12
R1291M,L-frontal,1325.0,-0.024332055564930705,12
R1291M,L-frontal,1375.0,-0.04489503524216095,12
R1291M,L-frontal,1425.0,-0.034464552778023454,12
R1291M,L-frontal,1475.0,0.019391680387884122,12
R1291M,L-frontal,1525.0,0.008624593455382528,12
R1291M,L-frontal,1575.0,0.022951780827315308,12
R1291M,L-parietal,25.0,0.014373002025338432,5
R1291M,L-parietal,75.0,-0.02517134109590784,5
R1291M,L-parietal,125.0,-0.029607821940499768,5
R1291M,L-parietal,175.0,-0.059917399592319044,5
R1291M,L-parietal,225.0,-0.08113423658748894,5
R1291M,L-parietal,275.0,-0.0027166250784293076,5
R1291M,L-parietal,325.0,0.025874037938664274,5
R1291M,L-parietal,375.0,0.07736702884665456,5
R1291M,L-parietal,425.0,0.21015752734841336,5
R1291M,L-parietal,475.0,0.29910911945615026,5
R1291M,L-parietal,525.0,0.3798772005552479,5
R1291M,L-parietal,575.0,0.43525516972023304,5
R1291M,L-parietal,625.0,0.45176154049099926,5
R1291M,L-parietal,675.0,0.45518230366090207,5
R1291M,L-parietal,725.0,0.4149870122261035,5
R1291M,L-parietal,775.0,0.3918620477356066,5
R1291M,L-parietal,825.0,0.40493920080243184,5
R1291M,L-parietal,875.0,0.3578562442990855,5
R1291M,L-parietal,925.0,0.3229481915318219,5
R1291M,L-parietal,975.0,0.2564230562567712,5
R1291M,L-parietal,1025.0,0.26265472989214644,5
R1291M,L-parietal,1075.0,0.19268689008097248,5
R1291M,L-parietal,1125.0,0.1416438287719517,5
R1291M,L-parietal,1175.0,0.12963412474189687,5
R1291M,L-parietal,1225.0,0.11786709730503202,5
R1291M,L-parietal,1275.0,0.07723730426912796,5
R1291M,L-parietal,1325.0,0.05836331233086602,5
R1291M,L-parietal,1375.0,0.05559648637307342,5
R1291M,L-parietal,1425.0,0.046327737873257335,5
R1291M,L-parietal,1475.0,0.021703867190002585,5
R1291M,L-parietal,1525.0,0.049293402951949464,5
R1291M,L-parietal,1575.0,0.07801613933109326,5
R1291M,L-temporal,25.0,-0.030641885787791007,10
R1291M,L-temporal,75.0,-0.01211178819879733,10
R1291M,L-temporal,125.0,0.03138726765214868,10
R1291M,L-temporal,175.0,0.11220700776689223,10
R1291M,L-temporal,225.0,0.19172455286139295,10
R1291M,L-temporal,275.0,0.2443056663679844,10
R1291M,L-temporal,325.0,0.2656548121890561,10
R1291M,L-temporal,375.0,0.2690121844883494,10
R1291M,L-temporal,425.0,0.21131020774979675,10
R1291M,L-temporal,475.0,0.2063583198141344,10
R1291M,L-temporal,525.0,0.21037446537132212,10
R1291M,L-temporal,575.0,0.18484777621858695,10
R1291M,L-temporal,625.0,0.12676611824816647,10
R1291M,L-temporal,675.0,0.061770335857166445,10
R1291M,L-temporal,725.0,0.0390879454131485,10
R1291M,L-temporal,775.0,0.023206211585958723,10
R1291M,L-temporal,825.0,0.022561168701361562,10
R1291M,L-temporal,875.0,0.030909057999547462,10
R1291M,L-temporal,925.0,0.004951529184437295,10
R1291M,L-temporal,975.0,0.027516913423193394,10
R1291M,L-temporal,1025.0,0.005947836591544565,10
R1291M,L-temporal,1075.0,0.023056284274405446,10
R1291M,L-temporal,1125.0,0.019348098282648874,10
R1291M,L-temporal,1175.0,0.006182935490275055,10
R1291M,L-temporal,1225.0,-0.03756670272170384,10
R1291M,L-temporal,1275.0,-0.03324294745202301,10
R1291M,L-temporal,1325.0,-0.027118065129974167,10
R1291M,L-temporal,1375.0,-0.04477197995121286,10
R1291M,L-temporal,1425.0,-0.036155038071395286,10
R1291M,L-temporal,1475.0,-0.04105953394620004,10
R1291M,L-temporal,1525.0,0.022942274072214216,10
R1291M,L-temporal,1575.0,0.014161614726529038,10
R1292E,R-parietal,25.0,-0.03828985825107525,4
R1292E,R-parietal,75.0,-0.01873226842785618,4
R1292E,R-parietal,125.0,-0.03443451118065262,4
R1292E,R-parietal,175.0,-0.02873344086513548,4
R1292E,R-parietal,225.0,-0.008799482101503536,4
R1292E,R-parietal,275.0,-0.021301821856164842,4
R1292E,R-parietal,325.0,-0.012168617468673768,4
R1292E,R-parietal,375.0,-0.0654292779286512,4
R1292E,R-parietal,425.0,-0.08131376996846978,4
R1292E,R-parietal,475.0,-0.07180793292180841,4
R1292E,R-parietal,525.0,-0.0362584260882204,4
R1292E,R-parietal,575.0,-0.031770957221980145,4
R1292E,R-parietal,625.0,-0.040413283061678386,4
R1292E,R-parietal,675.0,-0.0015612104911252012,4
R1292E,R-parietal,725.0,0.03711973920562123,4
R1292E,R-parietal,775.0,0.02488588709934693,4
R1292E,R-parietal,825.0,0.004851482816636969,4
R1292E,R-parietal,875.0,0.017022304085403128,4
R1292E,R-parietal,925.0,0.0643298228001978,4
R1292E,R-parietal,975.0,0.07234148666931828,4
R1292E,R-parietal,1025.0,0.06094109395382176,4
R1292E,R-parietal,1075.0,0.06845880220921009,4
R1292E,R-parietal,1125.0,0.06850405079865697,4
R1292E,R-parietal,1175.0,0.06605390436221589,4
R1292E,R-parietal,1225.0,0.07221766788376315,4
R1292E,R-parietal,1275.0,0.07449904756061664,4
R1292E,R-parietal,1325.0,0.074534986771182,4
R1292E,R-parietal,1375.0,0.06977951651932791,4
R1292E,R-parietal,1425.0,0.03370601101608978,4
R1292E,R-parietal,1475.0,0.061771635435705116,4
R1292E,R-parietal,1525.0,0.06430905595141925,4
R1292E,R-parietal,1575.0,0.06170557945093741,4
R1292E,R-temporal,25.0,-0.03994668972202977,22
R1292E,R-temporal,75.0,-0.03431801616201155,22
R1292E,R-temporal,125.0,-0.03505269419829416,22
R1292E,R-temporal,175.0,-0.014909160684528326,22
R1292E,R-temporal,225.0,0.0031780789192883976,22
R1292E,R-temporal,275.0,0.009128759023061555,22
R1292E,R-temporal,325.0,0.011807362226105666,22
R1292E,R-temporal,375.0,-0.01735660903589115,22
R1292E,R-temporal,425.0,-0.04559534384368381,22
R1292E,R-temporal,475.0,-0.039205332116127194,22
R1292E,R-temporal,525.0,-0.005350251079158133,22
R1292E,R-temporal,575.0,-0.004174641731089173,22
R1292E,R-temporal,625.0,-0.025615766045908376,22
R1292E,R-temporal,675.0,-0.03344589652942806,22
R1292E,R-temporal,725.0,-0.024597745326659558,22
R1292E,R-temporal,775.0,-0.023859404926804065,22
R1292E,R-temporal,825.0,-0.03089079550014799,22
R1292E,R-temporal,875.0,-0.028336570274207298,22
R1292E,R-temporal,925.0,0.004861891379634972,22
R1292E,R-temporal,975.0,0.01871016369726119,22
R1292E,R-temporal,1025.0,0.0011204118054368268,22
R1292E,R-temporal,1075.0,-0.001846009381064006,22
R1292E,R-temporal,1125.0,0.0047779022963005185,22
R1292E,R-temporal,1175.0,0.002757635972366811,22
R1292E,R-temporal,1225.0,-0.006595895223336468,22
R1292E,R-temporal,1275.0,-0.013665495650696297,22
R1292E,R-temporal,1325.0,-0.0021694028538127154,22
R1292E,R-temporal,1375.0,-0.02259237231692574,22
R1292E,R-temporal,1425.0,-0.02783927025074144,22
R1292E,R-temporal,1475.0,-0.02703500694103851,22
R1292E,R-temporal,1525.0,-0.03457414958652479,22
R1292E,R-temporal,1575.0,-0.01820718272127036,22
R1293P,L-frontal,25.0,-0.0032304058788026947,5
R1293P,L-frontal,75.0,0.020978377788135858,5
R1293P,L-frontal,125.0,0.014779872918766335,5
R1293P,L-frontal,175.0,0.040984835630941525,5
R1293P,L-frontal,225.0,0.0977158775214466,5
R1293P,L-frontal,275.0,0.1007801564582701,5
R1293P,L-frontal,325.0,0.08253771371863936,5
R1293P,L-frontal,375.0,0.08206330297630907,5
R1293P,L-frontal,425.0,0.10947413408045732,5
R1293P,L-frontal,475.0,0.06654485187801537,5
R1293P,L-frontal,525.0,0.02269768673045216,5
R1293P,L-frontal,575.0,0.03106002477976592,5
R1293P,L-frontal,625.0,0.030605724652820715,5
R1293P,L-frontal,675.0,0.0349082303469919,5
R1293P,L-frontal,725.0,-0.0005089652332230576,5
R1293P,L-frontal,775.0,-0.02827536622012543,5
R1293P,L-frontal,825.0,-0.017312543391553147,5
R1293P,L-frontal,875.0,-0.037204231823196515,5
R1293P,L-frontal,925.0,-0.019755502037064006,5
R1293P,L-frontal,975.0,-0.015438580317625836,5
R1293P,L-frontal,1025.0,-0.02008850151135034,5
R1293P,L-frontal,1075.0,-0.024634784835092405,5
R1293P,L-frontal,1125.0,-0.018470161426841093,5
R1293P,L-frontal,1175.0,0.01088363106601738,5
R1293P,L-frontal,1225.0,0.008556427257323649,5
R1293P,L-frontal,1275.0,-0.0112594429315916,5
R1293P,L-frontal,1325.0,-0.01005521119072269,5
R1293P,L-frontal,1375.0,0.005284623102398434,5
R1293P,L-frontal,1425.0,0.0035185918022250197,5
R1293P,L-frontal,1475.0,0.012085753296438993,5
R1293P,L-frontal,1525.0,0.006945355920030194,5
R1293P,L-frontal,1575.0,0.015288644980770372,5
R1293P,L-temporal,25.0,-0.035893273680435926,8
R1293P,L-temporal,75.0,-0.035932668406292514,8
R1293P,L-temporal,125.0,0.07350529441185616,8
R1293P,L-temporal,175.0,0.2834565992400418,8
R1293P,L-temporal,225.0,0.30211624963523087,8
R1293P,L-temporal,275.0,0.26224223233874694,8
R1293P,L-temporal,325.0,0.2553647565206433,8
R1293P,L-temporal,375.0,0.20794439856760064,8
R1293P,L-temporal,425.0,0.18354025059931858,8
R1293P,L-temporal,475.0,0.16592166805574518,8
R1293P,L-temporal,525.0,0.10357904880815817,8
R1293P,L-temporal,575.0,0.05766409762001708,8
R1293P,L-temporal,625.0,0.06194341403074545,8
R1293P,L-temporal,675.0,0.064034641844346,8
R1293P,L-temporal,725.0,0.04496267951845096,8
R1293P,L-temporal,775.0,0.02966447742486803,8
R1293P,L-temporal,825.0,0.03168252639838516,8
R1293P,L-temporal,875.0,0.008727358543635492,8
R1293P,L-temporal,925.0,-0.019674615129473782,8
R1293P,L-temporal,975.0,-0.03215037049591324,8
R1293P,L-temporal,1025.0,-0.00896666688924355,8
R1293P,L-temporal,1075.0,0.027451380571467284,8
R1293P,L-temporal,1125.0,0.013207816072920951,8
R1293P,L-temporal,1175.0,0.029033732531251803,8
R1293P,L-temporal,1225.0,0.02070760703366414,8
R1293P,L-temporal,1275.0,0.00678902256008336,8
R1293P,L-temporal,1325.0,-0.010608583295553444,8
R1293P,L-temporal,1375.0,-0.03204878619989411,8
R1293P,L-temporal,1425.0,-0.020499802165915314,8
R1293P,L-temporal,1475.0,0.011414408954481202,8
R1293P,L-temporal,1525.0,0.017996390295556948,8
R1293P,L-temporal,1575.0,0.035824670230471825,8
R1293P,R-occipital,25.0,0.02093715918483668,5
R1293P,R-occipital,75.0,0.08588761488896478,5
R1293P,R-occipital,125.0,0.3627225165014975,5
R1293P,R-occipital,175.0,0.47341552105087814,5
R1293P,R-occipital,225.0,0.28338588876121235,5
R1293P,R-occipital,275.0,0.21316217941977258,5
R1293P,R-occipital,325.0,0.21208600124699303,5
R1293P,R-occipital,375.0,0.20645846522836836,5
R1293P,R-occipital,425.0,0.185792574311044,5
R1293P,R-occipital,475.0,0.1692336898939784,5
R1293P,R-occipital,525.0,0.12375542230082459,5
R1293P,R-occipital,575.0,0.12422888682960635,5
R1293P,R-occipital,625.0,0.1482893142488877,5
R1293P,R-occipital,675.0,0.11488763270979026,5
R1293P,R-occipital,725.0,0.070024744500721,5
R1293P,R-occipital,775.0,0.004654635501252677,5
R1293P,R-occipital,825.0,-0.023214822553920246,5
R1293P,R-occipital,875.0,-0.008818789114210562,5
R1293P,R-occipital,925.0,0.005529846490131643,5
R1293P,R-occipital,975.0,0.002083858296005682,5
R1293P,R-occipital,1025.0,0.016257709031619653,5
R1293P,R-occipital,1075.0,0.03017191891442831,5
R1293P,R-occipital,1125.0,0.05583091148415216,5
R1293P,R-occipital,1175.0,0.06722270876687889,5
R1293P,R-occipital,1225.0,0.05510751877859173,5
R1293P,R-occipital,1275.0,0.05406328737106475,5
R1293P,R-occipital,1325.0,0.04528153070989303,5
R1293P,R-occipital,1375.0,0.059075259109671596,5
R1293P,R-occipital,1425.0,0.056916903962200824,5
R1293P,R-occipital,1475.0,0.07262155173745477,5
R1293P,R-occipital,1525.0,0.06817492741035965,5
R1293P,R-occipital,1575.0,0.08141581963098823,5
R1298E,L-frontal,25.0,0.00010850026149618053,10
R1298E,L-frontal,75.0,0.043586308183970815,10
R1298E,L-frontal,125.0,0.06956644244229512,10
R1298E,L-frontal,175.0,0.08697939159577288,10
R1298E,L-frontal,225.0,0.11566571410473152,10
R1298E,L-frontal,275.0,0.10917771817232187,10
R1298E,L-frontal,325.0,0.10299599156507522,10
R1298E,L-frontal,375.0,0.11313559506120947,10
R1298E,L-frontal,425.0,0.08494881083794675,10
R1298E,L-frontal,475.0,0.08056183130393559,10
R1298E,L-frontal,525.0,0.07391305229545388,10
R1298E,L-frontal,575.0,0.06424131780738951,10
R1298E,L-frontal,625.0,0.038324549892166195,10
R1298E,L-frontal,675.0,0.0391379118367856,10
R1298E,L-frontal,725.0,0.021526231245032407,10
R1298E,L-frontal,775.0,0.026873777815852384,10
R1298E,L-frontal,825.0,0.07267677394699654,10
R1298E,L-frontal,875.0,0.06266318144798802,10
R1298E,L-frontal,925.0,0.09903324946388252,10
R1298E,L-frontal,975.0,0.10584366644632448,10
R1298E,L-frontal,1025.0,0.09169916138796089,10
R1298E,L-frontal,1075.0,0.07082751560317327,10
R1298E,L-frontal,1125.0,0.07083024645266021,10
R1298E,L-frontal,1175.0,0.057835929901080926,10
R1298E,L-frontal,1225.0,0.0691105169159453,10
R1298E,L-frontal,1275.0,0.12049143428580963,10
R1298E,L-frontal,1325.0,0.1368900351357188,10
R1298E,L-frontal,1375.0,0.10187815932723154,10
R1298E,L-frontal,1425.0,0.05941501924956729,10
R1298E,L-frontal,1475.0,0.07302749089777574,10
R1298E,L-frontal,1525.0,0.05352341000853206,10
R1298E,L-frontal,1575.0,0.049902543624405916,10
R1298E,L-occipital,25.0,0.05504346228188719,5
R1298E,L-occipital,75.0,0.11971341244765528,5
R1298E,L-occipital,125.0,0.24465563854394964,5
R1298E,L-occipital,175.0,0.2205238422238053,5
R1298E,L-occipital,225.0,0.22567919157395905,5
R1298E,L-occipital,275.0,0.27110260776981937,5
R1298E,L-occipital,325.0,0.26076617417563497,5
R1298E,L-occipital,375.0,0.19764099897255077,5
R1298E,L-occipital,425.0,0.1821328361207947,5
R1298E,L-occipital,475.0,0.1153145233679949,5
R1298E,L-occipital,525.0,0.07886781328886147,5
R1298E,L-occipital,575.0,0.08661179906540278,5
R1298E,L-occipital,625.0,0.12155225015614488,5
R1298E,L-occipital,675.0,0.1295585986405528,5
R1298E,L-occipital,725.0,0.12833876720165135,5
R1298E,L-occipital,775.0,0.13850839110079213,5
R1298E,L-occipital,825.0,0.11447368286535323,5
R1298E,L-occipital,875.0,0.03864681915806166,5
R1298E,L-occipital,925.0,0.060943455193931254,5
R1298E,L-occipital,975.0,0.014592637300003878,5
R1298E,L-occipital,1025.0,0.032014165592005754,5
R1298E,L-occipital,1075.0,-0.005236357401510611,5
R1298E,L-occipital,1125.0,0.005898256243866475,5
R1298E,L-occipital,1175.0,-0.013141400052626265,5
R1298E,L-occipital,1225.0,0.006840664561584367,5
R1298E,L-occipital,1275.0,0.05768089803367462,5
R1298E,L-occipital,1325.0,0.06287353766219193,5
R1298E,L-occipital,1375.0,0.034929014200453856,5
R1298E,L-occipital,1425.0,-0.03427563022803089,5
R1298E,L-occipital,1475.0,-0.03580976613833152,5
R1298E,L-occipital,1525.0,0.015222652208191311,5
R1298E,L-occipital,1575.0,0.02927408204365379,5
R1298E,L-temporal,25.0,0.014487190050644676,13
R1298E,L-temporal,75.0,0.035161355212926244,13
R1298E,L-temporal,125.0,0.11033469875450182,13
R1298E,L-temporal,175.0,0.16259392460980676,13
R1298E,L-temporal,225.0,0.1875947004101088,13
R1298E,L-temporal,275.0,0.2086657386066263,13
R1298E,L-temporal,325.0,0.19717783936145342,13
R1298E,L-temporal,375.0,0.18009723205732675,13
R1298E,L-temporal,425.0,0.16889907230172108,13
R1298E,L-temporal,475.0,0.09784228939289931,13
R1298E,L-temporal,525.0,0.1117087167341555,13
R1298E,L-temporal,575.0,0.12544034263869056,13
R1298E,L-temporal,625.0,0.08944352702516299,13
R1298E,L-temporal,675.0,0.0804409198491307,13
R1298E,L-temporal,725.0,0.03965051618789094,13
R1298E,L-temporal,775.0,0.0582913237566662,13
R1298E,L-temporal,825.0,0.08458251442273602,13
R1298E,L-temporal,875.0,0.05303079572367212,13
R1298E,L-temporal,925.0,0.03406728152722909,13
R1298E,L-temporal,975.0,0.057103384861373195,13
R1298E,L-temporal,1025.0,0.050244074834583104,13
R1298E,L-temporal,1075.0,0.031665996901750836,13
R1298E,L-temporal,1125.0,0.05121322809920311,13
R1298E,L-temporal,1175.0,0.05567554856522151,13
R1298E,L-temporal,1225.0,0.05942140755673846,13
R1298E,L-temporal,1275.0,0.08016215975954297,13
R1298E,L-temporal,1325.0,0.09124006549423579,13
R1298E,L-temporal,1375.0,0.05632085706833941,13
R1298E,L-temporal,1425.0,0.06235411603338862,13
R1298E,L-temporal,1475.0,0.07041635888383112,13
R1298E,L-temporal,1525.0,0.057256930003704826,13
R1298E,L-temporal,1575.0,0.005093359446724998,13
R1299T,L-frontal,25.0,-0.011353122047918877,17
R1299T,L-frontal,75.0,-0.01122062210814516,17
R1299T,L-frontal,125.0,-0.0355519249708423,17
R1299T,L-frontal,175.0,-0.04076117112093176,17
R1299T,L-frontal,225.0,-0.04435732543186793,17
R1299T,L-frontal,275.0,-0.0517298617871567,17
R1299T,L-frontal,325.0,-0.09081816070297943,17
R1299T,L-frontal,375.0,-0.12207239730339337,17
R1299T,L-frontal,425.0,-0.13935331979700272,17
R1299T,L-frontal,475.0,-0.1440332182464632,17
R1299T,L-frontal,525.0,-0.11932718268035025,17
R1299T,L-frontal,575.0,-0.09405148229523463,17
R1299T,L-frontal,625.0,-0.08365273483826328,17
R1299T,L-frontal,675.0,-0.06363303370444742,17
R1299T,L-frontal,725.0,-0.05609958591160004,17
R1299T,L-frontal,775.0,-0.044251149074620376,17
R1299T,L-frontal,825.0,-0.03112880728730855,17
R1299T,L-frontal,875.0,-0.023245325280184723,17
R1299T,L-frontal,925.0,-0.018833087505323948,17
R1299T,L-frontal,975.0,-0.02556876459168258,17
R1299T,L-frontal,1025.0,-0.03030524829201897,17
R1299T,L-frontal,1075.0,-0.020737418468483853,17
R1299T,L-frontal,1125.0,-0.027457357279413695,17
R1299T,L-frontal,1175.0,-0.02279150502832114,17
R1299T,L-frontal,1225.0,-0.013831334363683119,17
R1299T,L-frontal,1275.0,-0.017214432356559263,17
R1299T,L-frontal,1325.0,-0.026857103548362894,17
R1299T,L-frontal,1375.0,-0.027610864662867562,17
R1299T,L-frontal,1425.0,-0.026429355933860414,17
R1299T,L-frontal,1475.0,-0.0429343035123294,17
R1299T,L-frontal,1525.0,-0.05521791841874308,17
R1299T,L-frontal,1575.0,-0.05170789357823263,17
R1299T,L-occipital,25.0,0.007205712680789657,4
R1299T,L-occipital,75.0,0.005980746617969439,4
R1299T,L-occipital,125.0,0.01817903992305003,4
R1299T,L-occipital,175.0,0.08294022168876472,4
R1299T,L-occipital,225.0,0.13430717379742318,4
R1299T,L-occipital,275.0,0.14978672540760282,4
R1299T,L-occipital,325.0,0.1126215609864262,4
R1299T,L-occipital,375.0,0.06778678748470938,4
R1299T,L-occipital,425.0,0.03128352500740867,4
R1299T,L-occipital,475.0,0.015757271024998465,4
R1299T,L-occipital,525.0,-0.008292580271629805,4
R1299T,L-occipital,575.0,-0.019918194559169065,4
R1299T,L-occipital,625.0,-0.0355714534819109,4
R1299T,L-occipital,675.0,-0.03295885430897965,4
R1299T,L-occipital,725.0,-0.01779449923083871,4
R1299T,L-occipital,775.0,-0.019087522848447034,4
R1299T,L-occipital,825.0,-0.03685129956732566,4
R1299T,L-occipital,875.0,-0.054859709034173046,4
R1299T,L-occipital,925.0,-0.01752280223163027,4
R1299T,L-occipital,975.0,-0.0296651952816091,4
R1299T,L-occipital,1025.0,-0.045738682789226284,4
R1299T,L-occipital,1075.0,-0.05773934645629838,4
R1299T,L-occipital,1125.0,-0.06060268007246228,4
R1299T,L-occipital,1175.0,-0.038180960239385144,4
R1299T,L-occipital,1225.0,-0.034347852215971975,4
R1299T,L-occipital,1275.0,-0.04326225365791402,4
R1299T,L-occipital,1325.0,-0.03673351331345576,4
R1299T,L-occipital,1375.0,-0.030994763243081584,4
R1299T,L-occipital,1425.0,-0.05237229456902092,4
R1299T,L-occipital,1475.0,-0.055292762201543444,4
R1299T,L-occipital,1525.0,-0.05399642266471195,4
R1299T,L-occipital,1575.0,-0.0483669635610843,4
R1299T,L-temporal,25.0,-0.03538284663944792,18
R1299T,L-temporal,75.0,-0.030626191093223572,18
R1299T,L-temporal,125.0,-0.0380633900441018,18
R1299T,L-temporal,175.0,-0.0100983913190621,18
R1299T,L-temporal,225.0,0.010060775436017806,18
R1299T,L-temporal,275.0,0.018619003319263288,18
R1299T,L-temporal,325.0,-0.0006437222325143393,18
R1299T,L-temporal,375.0,-0.04004507909650532,18
R1299T,L-temporal,425.0,-0.05905404828221967,18
R1299T,L-temporal,475.0,-0.07425260540066216,18
R1299T,L-temporal,525.0,-0.0693167858743984,18
R1299T,L-temporal,575.0,-0.059393489520639324,18
R1299T,L-temporal,625.0,-0.06835477743295916,18
R1299T,L-temporal,675.0,-0.06705116326012281,18
R1299T,L-temporal,725.0,-0.058899875164487664,18
R1299T,L-temporal,775.0,-0.053383185396151944,18
R1299T,L-temporal,825.0,-0.037493739626230524,18
R1299T,L-temporal,875.0,-0.03469565881736146,18
R1299T,L-temporal,925.0,-0.03144750565026147,18
R1299T,L-temporal,975.0,-0.03416274333397163,18
R1299T,L-temporal,1025.0,-0.03376806461796359,18
R1299T,L-temporal,1075.0,-0.040517746148946376,18
R1299T,L-temporal,1125.0,-0.04505445744748779,18
R1299T,L-temporal,1175.0,-0.04795046339283678,18
R1299T,L-temporal,1225.0,-0.03845931597175284,18
R1299T,L-temporal,1275.0,-0.03713302697259187,18
R1299T,L-temporal,1325.0,-0.04815383024117833,18
R1299T,L-temporal,1375.0,-0.05860537441497867,18
R1299T,L-temporal,1425.0,-0.05947899215136979,18
R1299T,L-temporal,1475.0,-0.06134509764382096,18
R1299T,L-temporal,1525.0,-0.06424868219523135,18
R1299T,L-temporal,1575.0,-0.06987840339839291,18
R1299T,R-frontal,25.0,-0.0062148618601641946,4
R1299T,R-frontal,75.0,-0.014249663262753969,4
R1299T,R-frontal,125.0,-0.029486627966457013,4
R1299T,R-frontal,175.0,-0.03823168136493957,4
R1299T,R-frontal,225.0,-0.045807915410010336,4
R1299T,R-frontal,275.0,-0.05505601290459031,4
R1299T,R-frontal,325.0,-0.05351322310433812,4
R1299T,R-frontal,375.0,-0.06020538480765246,4
R1299T,R-frontal,425.0,-0.08167613653588084,4
R1299T,R-frontal,475.0,-0.09278273509210856,4
R1299T,R-frontal,525.0,-0.0694454667338165,4
R1299T,R-frontal,575.0,-0.06796746516932471,4
R1299T,R-frontal,625.0,-0.07300951817227175,4
R1299T,R-frontal,675.0,-0.06305797532954556,4
R1299T,R-frontal,725.0,-0.06778536430091243,4
R1299T,R-frontal,775.0,-0.05507265678482378,4
R1299T,R-frontal,825.0,-0.053358250515448506,4
R1299T,R-frontal,875.0,-0.06689502485402637,4
R1299T,R-frontal,925.0,-0.06963092898982487,4
R1299T,R-frontal,975.0,-0.05048826300710857,4
R1299T,R-frontal,1025.0,-0.04642103180768581,4
R1299T,R-frontal,1075.0,-0.051994303847377424,4
R1299T,R-frontal,1125.0,-0.0391627181368407,4
R1299T,R-frontal,1175.0,-0.04906644618479476,4
R1299T,R-frontal,1225.0,-0.05311331132384333,4
R1299T,R-frontal,1275.0,-0.05005327617677236,4
R1299T,R-frontal,1325.0,-0.057689546761162676,4
R1299T,R-frontal,1375.0,-0.04452303819925944,4
R1299T,R-frontal,1425.0,-0.050236204179629367,4
R1299T,R-frontal,1475.0,-0.06692220299282706,4
R1299T,R-frontal,1525.0,-0.06217619324215932,4
R1299T,R-frontal,1575.0,-0.057178168191696035,4
R1299T,R-occipital,25.0,-0.03696691417518462,4
R1299T,R-occipital,75.0,0.058668098535220224,4
R1299T,R-occipital,125.0,0.5412761393291543,4
R1299T,R-occipital,175.0,0.6963294204076714,4
R1299T,R-occipital,225.0,0.5896734968625189,4
R1299T,R-occipital,275.0,0.52776376304729,4
R1299T,R-occipital,325.0,0.43726998281654095,4
R1299T,R-occipital,375.0,0.36323704285369096,4
R1299T,R-occipital,425.0,0.2864289748556236,4
R1299T,R-occipital,475.0,0.18453100894777524,4
R1299T,R-occipital,525.0,0.09305066628813966,4
R1299T,R-occipital,575.0,0.03635754329250726,4
R1299T,R-occipital,625.0,-0.014350940099997461,4
R1299T,R-occipital,675.0,-0.022149147475409463,4
R1299T,R-occipital,725.0,-0.009418349206510246,4
R1299T,R-occipital,775.0,0.008918940950768053,4
R1299T,R-occipital,825.0,0.02298722806356402,4
R1299T,R-occipital,875.0,0.05602848379763922,4
R1299T,R-occipital,925.0,0.06396216737843645,4
R1299T,R-occipital,975.0,0.05791607323311474,4
R1299T,R-occipital,1025.0,0.06234715798976176,4
R1299T,R-occipital,1075.0,0.06657100026389308,4
R1299T,R-occipital,1125.0,0.06778079876303014,4
R1299T,R-occipital,1175.0,0.05150837226298932,4
R1299T,R-occipital,1225.0,0.045307805670573464,4
R1299T,R-occipital,1275.0,0.01624605779540065,4
R1299T,R-occipital,1325.0,0.011682784706730162,4
R1299T,R-occipital,1375.0,0.02586307759353225,4
R1299T,R-occipital,1425.0,0.06028233427818719,4
R1299T,R-occipital,1475.0,0.06480111460659607,4
R1299T,R-occipital,1525.0,0.0651419591842885,4
R1299T,R-occipital,1575.0,0.0637539564546382,4
R1299T,R-parietal,25.0,-0.0052767608219607565,4
R1299T,R-parietal,75.0,0.0005593492419777813,4
R1299T,R-parietal,125.0,-0.02054002868561141,4
R1299T,R-parietal,175.0,-0.0070940369731370264,4
R1299T,R-parietal,225.0,-0.012984916024706413,4
R1299T,R-parietal,275.0,-0.007107770118174693,4
R1299T,R-parietal,325.0,-0.03380842862759693,4
R1299T,R-parietal,375.0,-0.06254117803135754,4
R1299T,R-parietal,425.0,-0.0797907965197201,4
R1299T,R-parietal,475.0,-0.07933520020207278,4
R1299T,R-parietal,525.0,-0.07274303973226377,4
R1299T,R-parietal,575.0,-0.09405385682619676,4
R1299T,R-parietal,625.0,-0.097294220752324,4
R1299T,R-parietal,675.0,-0.06161527690419022,4
R1299T,R-parietal,725.0,-0.024813897824788052,4
R1299T,R-parietal,775.0,0.0016094175295959887,4
R1299T,R-parietal,825.0,0.00025030081579125243,4
R1299T,R-parietal,875.0,0.002660396090628188,4
R1299T,R-parietal,925.0,-0.014025679191542658,4
R1299T,R-parietal,975.0,-0.028803322023410013,4
R1299T,R-parietal,1025.0,-0.03259896649549866,4
R1299T,R-parietal,1075.0,0.0006619234220303864,4
R1299T,R-parietal,1125.0,0.005298347379851475,4
R1299T,R-parietal,1175.0,-0.008283117083597037,4
R1299T,R-parietal,1225.0,-0.013607850841691665,4
R1299T,R-parietal,1275.0,-0.014791735463973592,4
R1299T,R-parietal,1325.0,-0.03777305439540353,4
R1299T,R-parietal,1375.0,-0.05259735357329336,4
R1299T,R-parietal,1425.0,-0.01780393560073755,4
R1299T,R-parietal,1475.0,-0.04386806230599026,4
R1299T,R-parietal,1525.0,-0.043398382112925946,4
R1299T,R-parietal,1575.0,-0.04469481590022828,4
R1299T,R-temporal,25.0,-0.0016629349877878075,14
R1299T,R-temporal,75.0,-0.011814484711746823,14
R1299T,R-temporal,125.0,-0.014090054697364863,14
R1299T,R-temporal,175.0,0.008512028865237484,14
R1299T,R-temporal,225.0,0.013930096619413053,14
R1299T,R-temporal,275.0,0.00736429097351661,14
R1299T,R-temporal,325.0,-0.006358665386935361,14
R1299T,R-temporal,375.0,-0.023255144335111423,14
R1299T,R-temporal,425.0,-0.028818280262253228,14
R1299T,R-temporal,475.0,-0.03755220297843868,14
R1299T,R-temporal,525.0,-0.042735842134594526,14
R1299T,R-temporal,575.0,-0.04518035237577878,14
R1299T,R-temporal,625.0,-0.047551646164621215,14
R1299T,R-temporal,675.0,-0.04532038714694301,14
R1299T,R-temporal,725.0,-0.03287914736200563,14
R1299T,R-temporal,775.0,-0.027476354420350152,14
R1299T,R-temporal,825.0,-0.036536059541435004,14
R1299T,R-temporal,875.0,-0.04073403252122245,14
R1299T,R-temporal,925.0,-0.033370719592950626,14
R1299T,R-temporal,975.0,-0.026385050634992645,14
R1299T,R-temporal,1025.0,-0.03576853545591996,14
R1299T,R-temporal,1075.0,-0.03607511221409689,14
R1299T,R-temporal,1125.0,-0.026987555328106243,14
R1299T,R-temporal,1175.0,-0.022894832927965403,14
R1299T,R-temporal,1225.0,-0.024079736382343904,14
R1299T,R-temporal,1275.0,-0.037986449998946716,14
R1299T,R-temporal,1325.0,-0.04488049419897655,14
R1299T,R-temporal,1375.0,-0.04209140935500287,14
R1299T,R-temporal,1425.0,-0.041721464409450085,14
R1299T,R-temporal,1475.0,-0.048209492560298335,14
R1299T,R-temporal,1525.0,-0.04856575885644592,14
R1299T,R-temporal,1575.0,-0.044160916554699774,14
R1304N,L-frontal,25.0,0.019256888504476734,7
R1304N,L-frontal,75.0,0.025125494698100985,7
R1304N,L-frontal,125.0,0.046246788009580785,7
R1304N,L-frontal,175.0,0.02962589295157713,7
R1304N,L-frontal,225.0,-0.01751371005394698,7
R1304N,L-frontal,275.0,-0.04323676330867527,7
R1304N,L-frontal,325.0,-0.10515979496032915,7
R1304N,L-frontal,375.0,-0.14644875161564289,7
R1304N,L-frontal,425.0,-0.1143293566538752,7
R1304N,L-frontal,475.0,-0.09306858079589933,7
R1304N,L-frontal,525.0,-0.0627312135420779,7
R1304N,L-frontal,575.0,-0.050567638620979606,7
R1304N,L-frontal,625.0,-0.041986579423915815,7
R1304N,L-frontal,675.0,-0.03197466867573272,7
R1304N,L-frontal,725.0,-0.008043534539155546,7
R1304N,L-frontal,775.0,-0.01576552103168178,7
R1304N,L-frontal,825.0,-0.01704288800008583,7
R1304N,L-frontal,875.0,-0.02287109856739414,7
R1304N,L-frontal,925.0,-0.03334871090348478,7
R1304N,L-frontal,975.0,-0.0246965576399806,7
R1304N,L-frontal,1025.0,8.777156296413005e-05,7
R1304N,L-frontal,1075.0,-0.0018566843334785318,7
R1304N,L-frontal,1125.0,-0.016286326555181092,7
R1304N,L-frontal,1175.0,-0.021109088939058333,7
R1304N,L-frontal,1225.0,-0.0383627142938769,7
R1304N,L-frontal,1275.0,-0.018768162903078138,7
R1304N,L-frontal,1325.0,0.019445582938454335,7
R1304N,L-frontal,1375.0,0.006907930042812795,7
R1304N,L-frontal,1425.0,-0.0010377061519423153,7
R1304N,L-frontal,1475.0,-0.013537490870577259,7
R1304N,L-frontal,1525.0,-0.01363150239635465,7
R1304N,L-frontal,1575.0,-0.012164263957150713,7
R1304N,R-frontal,25.0,-0.001068510322478251,26
R1304N,R-frontal,75.0,-0.0077312138240755125,26
R1304N,R-frontal,125.0,-0.0015001888350528283,26
R1304N,R-frontal,175.0,0.01718519054299558,26
R1304N,R-frontal,225.0,0.000707306294868078,26
R1304N,R-frontal,275.0,-0.038692425824645056,26
R1304N,R-frontal,325.0,-0.07313301293904027,26
R1304N,R-frontal,375.0,-0.05854113270248673,26
R1304N,R-frontal,425.0,-0.010766374487360616,26
R1304N,R-frontal,475.0,0.039907894404599506,26
R1304N,R-frontal,525.0,0.05797997528668552,26
R1304N,R-frontal,575.0,0.0669241894223826,26
R1304N,R-frontal,625.0,0.07594320311810766,26
R1304N,R-frontal,675.0,0.07580367161306653,26
R1304N,R-frontal,725.0,0.07821770896450973,26
R1304N,R-frontal,775.0,0.08095799384643704,26
R1304N,R-frontal,825.0,0.06497489826582424,26
R1304N,R-frontal,875.0,0.047739463488038765,26
R1304N,R-frontal,925.0,0.037156673440298514,26
R1304N,R-frontal,975.0,0.039520853574140334,26
R1304N,R-frontal,1025.0,0.020915615219838517,26
R1304N,R-frontal,1075.0,0.022604180711529094,26
R1304N,R-frontal,1125.0,0.02332503558044556,26
R1304N,R-frontal,1175.0,0.027756715587917244,26
R1304N,R-frontal,1225.0,0.019997728604611457,26
R1304N,R-frontal,1275.0,0.016682189748496154,26
R1304N,R-frontal,1325.0,0.023531901303071815,26
R1304N,R-frontal,1375.0,0.03568780121357705,26
R1304N,R-frontal,1425.0,0.0315493000296994,26
R1304N,R-frontal,1475.0,0.012798653455605354,26
R1304N,R-frontal,1525.0,-0.010185615507613379,26
R1304N,R-frontal,1575.0,-0.008405679506687138,26
R1308T,L-frontal,25.0,0.0043251260509522115,4
R1308T,L-frontal,75.0,-0.009721603414185993,4
R1308T,L-frontal,125.0,-0.023766799518967492,4
R1308T,L-frontal,175.0,0.047126856704567496,4
R1308T,L-frontal,225.0,0.09094206306905543,4
R1308T,L-frontal,275.0,0.11385800918106538,4
R1308T,L-frontal,325.0,0.11125274605083647,4
R1308T,L-frontal,375.0,0.07467251939421472,4
R1308T,L-frontal,425.0,0.0181016542814637,4
R1308T,L-frontal,475.0,0.03096707843888427,4
R1308T,L-frontal,525.0,0.0421107242404111,4
R1308T,L-frontal,575.0,0.036196738866214995,4
R1308T,L-frontal,625.0,0.056067200668991034,4
R1308T,L-frontal,675.0,0.03191188517576361,4
R1308T,L-frontal,725.0,0.04156102027352593,4
R1308T,L-frontal,775.0,0.01862901290738306,4
R1308T,L-frontal,825.0,-0.007282398931994831,4
R1308T,L-frontal,875.0,-0.031048238828281113,4
R1308T,L-frontal,925.0,-0.014084106193995256,4
R1308T,L-frontal,975.0,-0.0425716291253634,4
R1308T,L-frontal,1025.0,-0.03965885791460644,4
R1308T,L-frontal,1075.0,-0.014922973350075704,4
R1308T,L-frontal,1125.0,-0.01777107782816743,4
R1308T,L-frontal,1175.0,0.019821662768081436,4
R1308T,L-frontal,1225.0,0.03491533183506496,4
R1308T,L-frontal,1275.0,0.018271990245205982,4
R1308T,L-frontal,1325.0,0.0165509982312724,4
R1308T,L-frontal,1375.0,0.01138038606634592,4
R1308T,L-frontal,1425.0,0.013538998481219242,4
R1308T,L-frontal,1475.0,0.030971937634628688,4
R1308T,L-frontal,1525.0,0.02859305330487169,4
R1308T,L-frontal,1575.0,0.007743720374534896,4
R1308T,L-parietal,25.0,0.0763334726320157,5
R1308T,L-parietal,75.0,0.18489568958387118,5
R1308T,L-parietal,125.0,0.4388850951915428,5
R1308T,L-parietal,175.0,0.6003066015298334,5
R1308T,L-parietal,225.0,0.5576818779850586,5
R1308T,L-parietal,275.0,0.49848769595618087,5
R1308T,L-parietal,325.0,0.39636983055419367,5
R1308T,L-parietal,375.0,0.29741877278279394,5
R1308T,L-parietal,425.0,0.23445089122897386,5
R1308T,L-parietal,475.0,0.1598985901010865,5
R1308T,L-parietal,525.0,0.12312462426031101,5
R1308T,L-parietal,575.0,0.10147836831852415,5
R1308T,L-parietal,625.0,0.05167528238856568,5
R1308T,L-parietal,675.0,0.028414147359381692,5
R1308T,L-parietal,725.0,0.021098407291107034,5
R1308T,L-parietal,775.0,0.00869387996582226,5
R1308T,L-parietal,825.0,0.013673421548800607,5
R1308T,L-parietal,875.0,0.030853271130712002,5
R1308T,L-parietal,925.0,0.015944987771987718,5
R1308T,L-parietal,975.0,0.00908703219745411,5
R1308T,L-parietal,1025.0,0.007163341879935103,5
R1308T,L-parietal,1075.0,-0.004121938635232034,5
R1308T,L-parietal,1125.0,0.00047387848794035875,5
R1308T,L-parietal,1175.0,-0.007115038958676883,5
R1308T,L-parietal,1225.0,-0.014522324242972695,5
R1308T,L-parietal,1275.0,-0.012819570522486372,5
R1308T,L-parietal,1325.0,0.0009575050124330991,5
R1308T,L-parietal,1375.0,-0.012407687642151995,5
R1308T,L-parietal,1425.0,-0.017361528303523353,5
R1308T,L-parietal,1475.0,-0.028231495806781776,5
R1308T,L-parietal,1525.0,-0.024240965576698883,5
R1308T,L-parietal,1575.0,-0.020746005200636984,5
R1308T,L-temporal,25.0,0.013360824206244742,11
R1308T,L-temporal,75.0,0.028674920113217185,11
R1308T,L-temporal,125.0,0.14822115945714034,11
R1308T,L-temporal,175.0,0.2518267470371019,11
R1308T,L-temporal,225.0,0.3334036557581872,11
R1308T,L-temporal,275.0,0.3755248490266142,11
R1308T,L-temporal,325.0,0.3472091838156546,11
R1308T,L-temporal,375.0,0.2683774563830299,11
R1308T,L-temporal,425.0,0.22046670806224575,11
R1308T,L-temporal,475.0,0.20219414452681733,11
R1308T,L-temporal,525.0,0.1996992162414094,11
R1308T,L-temporal,575.0,0.15374748835018515,11
R1308T,L-temporal,625.0,0.11442929921159756,11
R1308T,L-temporal,675.0,0.07212650841488123,11
R1308T,L-temporal,725.0,0.07376473648064051,11
R1308T,L-temporal,775.0,0.06490023513856615,11
R1308T,L-temporal,825.0,0.05807564554397262,11
R1308T,L-temporal,875.0,0.05127288132010748,11
R1308T,L-temporal,925.0,0.03150276671335764,11
R1308T,L-temporal,975.0,0.025308313565957842,11
R1308T,L-temporal,1025.0,0.027025485966542872,11
R1308T,L-temporal,1075.0,0.026256257490210412,11
R1308T,L-temporal,1125.0,0.0264787665501932,11
R1308T,L-temporal,1175.0,0.023964900132181107,11
R1308T,L-temporal,1225.0,0.00653623115538284,11
R1308T,L-temporal,1275.0,0.016269883663512508,11
R1308T,L-temporal,1325.0,0.012712666773655783,11
R1308T,L-temporal,1375.0,0.015077749102473286,11
R1308T,L-temporal,1425.0,0.013155635840246555,11
R1308T,L-temporal,1475.0,-0.0032032967932131423,11
R1308T,L-temporal,1525.0,-0.002664080504477574,11
R1308T,L-temporal,1575.0,0.013838084988585802,11
R1308T,R-parietal,25.0,0.03084321355949376,4
R1308T,R-parietal,75.0,0.0718959258352652,4
R1308T,R-parietal,125.0,0.15544641422599637,4
R1308T,R-parietal,175.0,0.20866118349952983,4
R1308T,R-parietal,225.0,0.22450171947356726,4
R1308T,R-parietal,275.0,0.23721851506289496,4
R1308T,R-parietal,325.0,0.27724048418867453,4
R1308T,R-parietal,375.0,0.28634515672807165,4
R1308T,R-parietal,425.0,0.2376037891425079,4
R1308T,R-parietal,475.0,0.21972913883140086,4
R1308T,R-parietal,525.0,0.2220285623042923,4
R1308T,R-parietal,575.0,0.18147139298770082,4
R1308T,R-parietal,625.0,0.14575407643370894,4
R1308T,R-parietal,675.0,0.1332481554416029,4
R1308T,R-parietal,725.0,0.12618435427429484,4
R1308T,R-parietal,775.0,0.11837160834307243,4
R1308T,R-parietal,825.0,0.11393041870746098,4
R1308T,R-parietal,875.0,0.11698894060682878,4
R1308T,R-parietal,925.0,0.11121866097909537,4
R1308T,R-parietal,975.0,0.13104839678617597,4
R1308T,R-parietal,1025.0,0.1229973593146549,4
R1308T,R-parietal,1075.0,0.1232270628494217,4
R1308T,R-parietal,1125.0,0.1373164912423081,4
R1308T,R-parietal,1175.0,0.14139977707943582,4
R1308T,R-parietal,1225.0,0.14674401337316392,4
R1308T,R-parietal,1275.0,0.09562764988403788,4
R1308T,R-parietal,1325.0,0.08333856992161112,4
R1308T,R-parietal,1375.0,0.10043212992196979,4
R1308T,R-parietal,1425.0,0.0878780823662577,4
R1308T,R-parietal,1475.0,0.07021936668132095,4
R1308T,R-parietal,1525.0,0.07887356043941579,4
R1308T,R-parietal,1575.0,0.08854671628459856,4
R1308T,R-temporal,25.0,0.000498277638560934,5
R1308T,R-temporal,75.0,0.01002669715681885,5
R1308T,R-temporal,125.0,0.013087827361158705,5
R1308T,R-temporal,175.0,0.009641534787207647,5
R1308T,R-temporal,225.0,0.015823873448846427,5
R1308T,R-temporal,275.0,-0.002640765121584417,5
R1308T,R-temporal,325.0,-0.010330509478434096,5
R1308T,R-temporal,375.0,-0.04431493092608532,5
R1308T,R-temporal,425.0,-0.09781121664729728,5
R1308T,R-temporal,475.0,-0.07062850666734855,5
R1308T,R-temporal,525.0,-0.0652308994358984,5
R1308T,R-temporal,575.0,-0.059511191338535815,5
R1308T,R-temporal,625.0,-0.05945924559258718,5
R1308T,R-temporal,675.0,-0.06104209755585592,5
R1308T,R-temporal,725.0,-0.06039601658854536,5
R1308T,R-temporal,775.0,-0.07287122134946782,5
R1308T,R-temporal,825.0,-0.07402559310400385,5
R1308T,R-temporal,875.0,-0.08309417896564858,5
R1308T,R-temporal,925.0,-0.07146746503189975,5
R1308T,R-temporal,975.0,-0.05880802226525831,5
R1308T,R-temporal,1025.0,-0.03788703665655027,5
R1308T,R-temporal,1075.0,-0.037112841864716944,5
R1308T,R-temporal,1125.0,-0.006815996613831188,5
R1308T,R-temporal,1175.0,-0.00814769650858293,5
R1308T,R-temporal,1225.0,-0.017313450932221985,5
R1308T,R-temporal,1275.0,-0.029409416289802516,5
R1308T,R-temporal,1325.0,-0.025343634064499215,5
R1308T,R-temporal,1375.0,-0.02532628138649452,5
R1308T,R-temporal,1425.0,-0.05258777388531607,5
R1308T,R-temporal,1475.0,-0.034633427779023965,5
R1308T,R-temporal,1525.0,-0.03288075102777009,5
R1308T,R-temporal,1575.0,-0.04707099493263385,5
R1310J,L-frontal,25.0,-0.016961561623384188,9
R1310J,L-frontal,75.0,0.0003423298826712224,9
R1310J,L-frontal,125.0,0.020377996301651644,9
R1310J,L-frontal,175.0,0.019645881464990102,9
R1310J,L-frontal,225.0,0.04154102415462008,9
R1310J,L-frontal,275.0,0.06716761769158872,9
R1310J,L-frontal,325.0,0.09389160622237856,9
R1310J,L-frontal,375.0,0.09291243619070928,9
R1310J,L-frontal,425.0,0.10600244653462038,9
R1310J,L-frontal,475.0,0.06826953995282777,9
R1310J,L-frontal,525.0,0.06652551762724083,9
R1310J,L-frontal,575.0,0.08404807178672431,9
R1310J,L-frontal,625.0,0.07989946434452484,9
R1310J,L-frontal,675.0,0.054487383626817106,9
R1310J,L-frontal,725.0,0.06145701165021797,9
R1310J,L-frontal,775.0,0.07253156951001109,9
R1310J,L-frontal,825.0,0.08678923568115743,9
R1310J,L-frontal,875.0,0.09015381322761558,9
R1310J,L-frontal,925.0,0.06426349894606478,9
R1310J,L-frontal,975.0,0.0820393696212967,9
R1310J,L-frontal,1025.0,0.07920300740241384,9
R1310J,L-frontal,1075.0,0.056390702349564115,9
R1310J,L-frontal,1125.0,0.05781347441038572,9
R1310J,L-frontal,1175.0,0.04537947067620564,9
R1310J,L-frontal,1225.0,0.01623050945406494,9
R1310J,L-frontal,1275.0,0.03636496570165035,9
R1310J,L-frontal,1325.0,0.030911933284862074,9
R1310J,L-frontal,1375.0,0.050919427619049905,9
R1310J,L-frontal,1425.0,0.06922819282084187,9
R1310J,L-frontal,1475.0,0.058195282652021306,9
R1310J,L-frontal,1525.0,0.05811665570243179,9
R1310J,L-frontal,1575.0,0.068498029297989,9
R1310J,L-temporal,25.0,-0.003689775573837885,6
R1310J,L-temporal,75.0,0.016468294246319137,6
R1310J,L-temporal,125.0,0.05949917561991408,6
R1310J,L-temporal,175.0,0.06792744749773783,6
R1310J,L-temporal,225.0,0.1315944147080685,6
R1310J,L-temporal,275.0,0.13234996151314873,6
R1310J,L-temporal,325.0,0.09732693824263892,6
R1310J,L-temporal,375.0,0.09847943097338567,6
R1310J,L-temporal,425.0,0.09004548072006376,6
R1310J,L-temporal,475.0,0.04594469025523126,6
R1310J,L-temporal,525.0,0.04522285668862756,6
R1310J,L-temporal,575.0,0.045513673632766906,6
R1310J,L-temporal,625.0,0.0392802889228133,6
R1310J,L-temporal,675.0,0.03397016476305033,6
R1310J,L-temporal,725.0,0.08102329347976601,6
R1310J,L-temporal,775.0,0.08009685622840423,6
R1310J,L-temporal,825.0,0.0937284620479797,6
R1310J,L-temporal,875.0,0.08724743243347828,6
R1310J,L-temporal,925.0,0.0884809584688564,6
R1310J,L-temporal,975.0,0.07003951407767511,6
R1310J,L-temporal,1025.0,0.03888241730528668,6
R1310J,L-temporal,1075.0,0.014074311233581792,6
R1310J,L-temporal,1125.0,0.05785542466262702,6
R1310J,L-temporal,1175.0,0.09424920784445306,6
R1310J,L-temporal,1225.0,0.07726872409616607,6
R1310J,L-temporal,1275.0,0.04214036847280923,6
R1310J,L-temporal,1325.0,0.032199076287076696,6
R1310J,L-temporal,1375.0,0.06548509370018218,6
R1310J,L-temporal,1425.0,0.08532273719325395,6
R1310J,L-temporal,1475.0,0.08909867052231435,6
R1310J,L-temporal,1525.0,0.08799973799947737,6
R1310J,L-temporal,1575.0,0.12685478930815303,6
R1310J,R-frontal,25.0,-0.013787221692286458,3
R1310J,R-frontal,75.0,-0.002725791240803106,3
R1310J,R-frontal,125.0,-0.03353489058431563,3
R1310J,R-frontal,175.0,-0.0016154248078951163,3
R1310J,R-frontal,225.0,0.023555758949028793,3
R1310J,R-frontal,275.0,0.015767153484252214,3
R1310J,R-frontal,325.0,0.02922727558990834,3
R1310J,R-frontal,375.0,0.034983089457511336,3
R1310J,R-frontal,425.0,0.02119981121571163,3
R1310J,R-frontal,475.0,0.010737637238132888,3
R1310J,R-frontal,525.0,-0.0039011408154001107,3
R1310J,R-frontal,575.0,0.011807929113572044,3
R1310J,R-frontal,625.0,0.03157575176545326,3
R1310J,R-frontal,675.0,-0.015578540175930189,3
R1310J,R-frontal,725.0,-0.005973943088929024,3
R1310J,R-frontal,775.0,6.153048134850218e-05,3
R1310J,R-frontal,825.0,0.00032021959051166393,3
R1310J,R-frontal,875.0,0.03091843715342145,3
R1310J,R-frontal,925.0,0.02110941604668387,3
R1310J,R-frontal,975.0,0.05586553266846289,3
R1310J,R-frontal,1025.0,0.08722780544008912,3
R1310J,R-frontal,1075.0,0.07852036308949785,3
R1310J,R-frontal,1125.0,0.03711263137609528,3
R1310J,R-frontal,1175.0,-0.008161761244202412,3
R1310J,R-frontal,1225.0,0.02745336125667759,3
R1310J,R-frontal,1275.0,0.03279567648883474,3
R1310J,R-frontal,1325.0,-0.014487203905921038,3
R1310J,R-frontal,1375.0,0.0068391349546350275,3
R1310J,R-frontal,1425.0,-0.010028111991217425,3
R1310J,R-frontal,1475.0,0.0013606425609198052,3
R1310J,R-frontal,1525.0,0.025495104271339664,3
R1310J,R-frontal,1575.0,-0.012574382374889734,3
R1311T,R-frontal,25.0,-0.06898164804488989,9
R1311T,R-frontal,75.0,-0.026787356048010233,9
R1311T,R-frontal,125.0,0.02454462017289814,9
R1311T,R-frontal,175.0,0.02463773673782432,9
R1311T,R-frontal,225.0,0.009171718660679134,9
R1311T,R-frontal,275.0,0.02982289847376607,9
R1311T,R-frontal,325.0,0.04774963319546129,9
R1311T,R-frontal,375.0,0.05296276786447749,9
R1311T,R-frontal,425.0,0.028323582721215865,9
R1311T,R-frontal,475.0,0.04114355672013,9
R1311T,R-frontal,525.0,0.046005233693702095,9
R1311T,R-frontal,575.0,0.03484288221021095,9
R1311T,R-frontal,625.0,0.018329500027297708,9
R1311T,R-frontal,675.0,0.03685502869241923,9
R1311T,R-frontal,725.0,0.050851228360833854,9
R1311T,R-frontal,775.0,0.06854701604422724,9
R1311T,R-frontal,825.0,0.06139190606545522,9
R1311T,R-frontal,875.0,0.029171505108714444,9
R1311T,R-frontal,925.0,0.0259553241390394,9
R1311T,R-frontal,975.0,0.046104341888127204,9
R1311T,R-frontal,1025.0,0.0421644463666903,9
R1311T,R-frontal,1075.0,0.03146230690328151,9
R1311T,R-frontal,1125.0,0.02619285300695608,9
R1311T,R-frontal,1175.0,0.03344820805302873,9
R1311T,R-frontal,1225.0,0.03672421162643018,9
R1311T,R-frontal,1275.0,0.009674411776528655,9
R1311T,R-frontal,1325.0,-0.00793743271688546,9
R1311T,R-frontal,1375.0,-0.015258767829468093,9
R1311T,R-frontal,1425.0,0.02863979902149146,9
R1311T,R-frontal,1475.0,0.016707055933260134,9
R1311T,R-frontal,1525.0,0.015073740903148204,9
R1311T,R-frontal,1575.0,0.020200173679283118,9
R1311T,R-parietal,25.0,-0.03401091324926282,13
R1311T,R-parietal,75.0,0.014531289580367302,13
R1311T,R-parietal,125.0,0.048571645194599826,13
R1311T,R-parietal,175.0,0.10792378113936943,13
R1311T,R-parietal,225.0,0.12786222470871325,13
R1311T,R-parietal,275.0,0.15973896928177272,13
R1311T,R-parietal,325.0,0.1481794849015569,13
R1311T,R-parietal,375.0,0.11462067417794808,13
R1311T,R-parietal,425.0,0.06065797887942172,13
R1311T,R-parietal,475.0,0.052428284310629486,13
R1311T,R-parietal,525.0,0.06978215720764286,13
R1311T,R-parietal,575.0,0.07446317346342493,13
R1311T,R-parietal,625.0,0.07761185625400843,13
R1311T,R-parietal,675.0,0.11803490939955565,13
R1311T,R-parietal,725.0,0.13527087512688205,13
R1311T,R-parietal,775.0,0.14002818510516682,13
R1311T,R-parietal,825.0,0.15672281847914651,13
R1311T,R-parietal,875.0,0.12668773135527978,13
R1311T,R-parietal,925.0,0.08232273122027242,13
R1311T,R-parietal,975.0,0.06378468577132093,13
R1311T,R-parietal,1025.0,0.06529584961895948,13
R1311T,R-parietal,1075.0,0.07283609864819357,13
R1311T,R-parietal,1125.0,0.06542993713110246,13
R1311T,R-parietal,1175.0,0.022294253933425975,13
R1311T,R-parietal,1225.0,0.0185642504914763,13
R1311T,R-parietal,1275.0,0.033989130783057465,13
R1311T,R-parietal,1325.0,0.06549359020198592,13
R1311T,R-parietal,1375.0,0.05413502795709842,13
R1311T,R-parietal,1425.0,0.030077023007576698,13
R1311T,R-parietal,1475.0,0.0636824935074019,13
R1311T,R-parietal,1525.0,0.03719957380935802,13
R1311T,R-parietal,1575.0,-0.006664926868536554,13
R1313J,R-frontal,25.0,0.03267063279696643,16
R1313J,R-frontal,75.0,0.06190055065424023,16
R1313J,R-frontal,125.0,0.12533540538249283,16
R1313J,R-frontal,175.0,0.14369300527157877,16
R1313J,R-frontal,225.0,0.08948362632315958,16
R1313J,R-frontal,275.0,0.0816665911173984,16
R1313J,R-frontal,325.0,0.07454028975521806,16
R1313J,R-frontal,375.0,0.08289710772693638,16
R1313J,R-frontal,425.0,0.08056953895837776,16
R1313J,R-frontal,475.0,0.07777506822493535,16
R1313J,R-frontal,525.0,0.03784597865471897,16
R1313J,R-frontal,575.0,0.04101430984099426,16
R1313J,R-frontal,625.0,0.03292647041667728,16
R1313J,R-frontal,675.0,0.022207845611330178,16
R1313J,R-frontal,725.0,0.014377962507368926,16
R1313J,R-frontal,775.0,0.008621490194314792,16
R1313J,R-frontal,825.0,0.03718054272918895,16
R1313J,R-frontal,875.0,0.05882944750623598,16
R1313J,R-frontal,925.0,0.03103339596816037,16
R1313J,R-frontal,975.0,0.033016883102813,16
R1313J,R-frontal,1025.0,0.03492395975165764,16
R1313J,R-frontal,1075.0,0.057370930588653134,16
R1313J,R-frontal,1125.0,0.04792740767058396,16
R1313J,R-frontal,1175.0,0.04917054936112477,16
R1313J,R-frontal,1225.0,0.047513079373003114,16
R1313J,R-frontal,1275.0,0.021687646130191758,16
R1313J,R-frontal,1325.0,0.03252534350025208,16
R1313J,R-frontal,1375.0,0.05563028594394002,16
R1313J,R-frontal,1425.0,0.05917666445474854,16
R1313J,R-frontal,1475.0,0.041362289280139575,16
R1313J,R-frontal,1525.0,0.020550097377484113,16
R1313J,R-frontal,1575.0,0.023397768411006367,16
R1313J,R-parietal,25.0,0.0453623080336892,12
R1313J,R-parietal,75.0,0.06564687186489786,12
R1313J,R-parietal,125.0,0.051394072775965,12
R1313J,R-parietal,175.0,0.03660038043880756,12
R1313J,R-parietal,225.0,0.06752979911804954,12
R1313J,R-parietal,275.0,0.09730762449491198,12
R1313J,R-parietal,325.0,0.1061698655844741,12
R1313J,R-parietal,375.0,0.07629144518424517,12
R1313J,R-parietal,425.0,0.049668705656729976,12
R1313J,R-parietal,475.0,0.06864752840840804,12
R1313J,R-parietal,525.0,0.03986127834319896,12
R1313J,R-parietal,575.0,0.030799010242709018,12
R1313J,R-parietal,625.0,0.01659810727184328,12
R1313J,R-parietal,675.0,0.011711278019634203,12
R1313J,R-parietal,725.0,-0.004864702084577701,12
R1313J,R-parietal,775.0,0.016418206717117804,12
R1313J,R-parietal,825.0,0.04404939021367018,12
R1313J,R-parietal,875.0,0.031759923599216144,12
R1313J,R-parietal,925.0,0.002366501539369825,12
R1313J,R-parietal,975.0,0.039590390086282706,12
R1313J,R-parietal,1025.0,0.04198812064050966,12
R1313J,R-parietal,1075.0,0.02289152006731963,12
R1313J,R-parietal,1125.0,0.0007409101678996921,12
R1313J,R-parietal,1175.0,0.045425337459358055,12
R1313J,R-parietal,1225.0,0.04706101573228629,12
R1313J,R-parietal,1275.0,0.013444605357052804,12
R1313J,R-parietal,1325.0,0.04374336489105471,12
R1313J,R-parietal,1375.0,0.057721036667898594,12
R1313J,R-parietal,1425.0,0.03261541031050122,12
R1313J,R-parietal,1475.0,0.02952443367355176,12
R1313J,R-parietal,1525.0,0.04308816646971047,12
R1313J,R-parietal,1575.0,0.02622997712155742,12
R1313J,R-temporal,25.0,-0.0013520106751564603,18
R1313J,R-temporal,75.0,0.05028553925686232,18
R1313J,R-temporal,125.0,0.10075408254620444,18
R1313J,R-temporal,175.0,0.13788963862404235,18
R1313J,R-temporal,225.0,0.08284245953451568,18
R1313J,R-temporal,275.0,0.06643850296266555,18
R1313J,R-temporal,325.0,0.08909533853663515,18
R1313J,R-temporal,375.0,0.1126296536668521,18
R1313J,R-temporal,425.0,0.10208451827272741,18
R1313J,R-temporal,475.0,0.07647714123351487,18
R1313J,R-temporal,525.0,0.05801441787434325,18
R1313J,R-temporal,575.0,0.05342145439283539,18
R1313J,R-temporal,625.0,0.052738469206498245,18
R1313J,R-temporal,675.0,0.02646522299218716,18
R1313J,R-temporal,725.0,0.0351907365498433,18
R1313J,R-temporal,775.0,0.039802469682488,18
R1313J,R-temporal,825.0,0.06104886000969599,18
R1313J,R-temporal,875.0,0.06805050282321702,18
R1313J,R-temporal,925.0,0.06327034921993728,18
R1313J,R-temporal,975.0,0.06630959010196232,18
R1313J,R-temporal,1025.0,0.07967481541093421,18
R1313J,R-temporal,1075.0,0.07126724233319146,18
R1313J,R-temporal,1125.0,0.05240272148582176,18
R1313J,R-temporal,1175.0,0.0469270374865646,18
R1313J,R-temporal,1225.0,0.05609845333604949,18
R1313J,R-temporal,1275.0,0.05457286397000147,18
R1313J,R-temporal,1325.0,0.08137903118247745,18
R1313J,R-temporal,1375.0,0.11978002754182844,18
R1313J,R-temporal,1425.0,0.08915122063668852,18
R1313J,R-temporal,1475.0,0.05999715968430164,18
R1313J,R-temporal,1525.0,0.043253666578665945,18
R1313J,R-temporal,1575.0,0.02933728970093631,18
R1315T,L-frontal,25.0,0.002718071326620379,7
R1315T,L-frontal,75.0,-0.006092799241855837,7
R1315T,L-frontal,125.0,0.048936418471795196,7
R1315T,L-frontal,175.0,0.19679762406419501,7
R1315T,L-frontal,225.0,0.15964823582833956,7
R1315T,L-frontal,275.0,0.02999430544265969,7
R1315T,L-frontal,325.0,-0.021684278716700367,7
R1315T,L-frontal,375.0,-0.054208359552455905,7
R1315T,L-frontal,425.0,-0.02599895975718286,7
R1315T,L-frontal,475.0,-0.01691255930798532,7
R1315T,L-frontal,525.0,0.014948129014345076,7
R1315T,L-frontal,575.0,0.02385402539207724,7
R1315T,L-frontal,625.0,0.046718310161311394,7
R1315T,L-frontal,675.0,0.06814048150407291,7
R1315T,L-frontal,725.0,0.08100917202969436,7
R1315T,L-frontal,775.0,0.06947592299566104,7
R1315T,L-frontal,825.0,0.055713993074314634,7
R1315T,L-frontal,875.0,0.04669102771578272,7
R1315T,L-frontal,925.0,0.07444465382896649,7
R1315T,L-frontal,975.0,0.09260524839466792,7
R1315T,L-frontal,1025.0,0.07653947943926076,7
R1315T,L-frontal,1075.0,0.04190997772296824,7
R1315T,L-frontal,1125.0,0.07638193509229038,7
R1315T,L-frontal,1175.0,0.07315778107573521,7
R1315T,L-frontal,1225.0,0.08082647352087655,7
R1315T,L-frontal,1275.0,0.08761542272538463,7
R1315T,L-frontal,1325.0,0.08488060732364303,7
R1315T,L-frontal,1375.0,0.06734061714173274,7
R1315T,L-frontal,1425.0,0.07134606721296433,7
R1315T,L-frontal,1475.0,0.06482430532819865,7
R1315T,L-frontal,1525.0,0.043758974101281614,7
R1315T,L-frontal,1575.0,0.028233645512940917,7
R1315T,L-occipital,25.0,0.02920735367131408,3
R1315T,L-occipital,75.0,0.07780803637698655,3
R1315T,L-occipital,125.0,0.48923934912501804,3
R1315T,L-occipital,175.0,1.0011327802867882,3
R1315T,L-occipital,225.0,0.9986263442677624,3
R1315T,L-occipital,275.0,0.7928055358744075,3
R1315T,L-occipital,325.0,0.6749398971081436,3
R1315T,L-occipital,375.0,0.537008625958448,3
R1315T,L-occipital,425.0,0.379402235431952,3
R1315T,L-occipital,475.0,0.2722483992633118,3
R1315T,L-occipital,525.0,0.1923546794483951,3
R1315T,L-occipital,575.0,0.1435584103847748,3
R1315T,L-occipital,625.0,0.082586235781354,3
R1315T,L-occipital,675.0,0.04962921925096131,3
R1315T,L-occipital,725.0,0.017540819186873797,3
R1315T,L-occipital,775.0,0.02240652019259552,3
R1315T,L-occipital,825.0,0.006788097482454787,3
R1315T,L-occipital,875.0,0.06592150986464451,3
R1315T,L-occipital,925.0,0.10918978188329227,3
R1315T,L-occipital,975.0,0.09422071732207422,3
R1315T,L-occipital,1025.0,0.08115929036442883,3
R1315T,L-occipital,1075.0,0.08516613158943039,3
R1315T,L-occipital,1125.0,0.08388848226853633,3
R1315T,L-occipital,1175.0,0.04850650557324149,3
R1315T,L-occipital,1225.0,0.06314925821562185,3
R1315T,L-occipital,1275.0,0.06441608794353205,3
R1315T,L-occipital,1325.0,0.06494490930004086,3
R1315T,L-occipital,1375.0,0.07296736801312877,3
R1315T,L-occipital,1425.0,0.079750264392341,3
R1315T,L-occipital,1475.0,0.04778323813352355,3
R1315T,L-occipital,1525.0,0.08857463202331772,3
R1315T,L-occipital,1575.0,0.08862889706975179,3
R1315T,L-parietal,25.0,-0.023944779414524466,11
R1315T,L-parietal,75.0,0.0017269563308162953,11
R1315T,L-parietal,125.0,0.12204182731646158,11
R1315T,L-parietal,175.0,0.1742571338943136,11
R1315T,L-parietal,225.0,0.16586509695274898,11
R1315T,L-parietal,275.0,0.15467381597141858,11
R1315T,L-parietal,325.0,0.1243652090590705,11
R1315T,L-parietal,375.0,0.1466929283779363,11
R1315T,L-parietal,425.0,0.13897219188378707,11
R1315T,L-parietal,475.0,0.1291599607679294,11
R1315T,L-parietal,525.0,0.15106696831191496,11
R1315T,L-parietal,575.0,0.13377047407268375,11
R1315T,L-parietal,625.0,0.12692746266252872,11
R1315T,L-parietal,675.0,0.12120239552841518,11
R1315T,L-parietal,725.0,0.09445741300808543,11
R1315T,L-parietal,775.0,0.09337902004214338,11
R1315T,L-parietal,825.0,0.11869819185976499,11
R1315T,L-parietal,875.0,0.12471747072158648,11
R1315T,L-parietal,925.0,0.14150331086211912,11
R1315T,L-parietal,975.0,0.14964595764787902,11
R1315T,L-parietal,1025.0,0.1435114454044294,11
R1315T,L-parietal,1075.0,0.13942798071464677,11
R1315T,L-parietal,1125.0,0.13507777327106799,11
R1315T,L-parietal,1175.0,0.1340391160755318,11
R1315T,L-parietal,1225.0,0.11696495053335725,11
R1315T,L-parietal,1275.0,0.11979321329202386,11
R1315T,L-parietal,1325.0,0.11985441675351564,11
R1315T,L-parietal,1375.0,0.10307301834343147,11
R1315T,L-parietal,1425.0,0.10978025372698502,11
R1315T,L-parietal,1475.0,0.08676989483898222,11
R1315T,L-parietal,1525.0,0.04228914548748724,11
R1315T,L-parietal,1575.0,0.04542011775082195,11
R1315T,L-temporal,25.0,-0.019464980721997288,20
R1315T,L-temporal,75.0,0.02564493075863451,20
R1315T,L-temporal,125.0,0.13389443429680012,20
R1315T,L-temporal,175.0,0.3091994113603177,20
R1315T,L-temporal,225.0,0.33006358210379816,20
R1315T,L-temporal,275.0,0.23384838546270212,20
R1315T,L-temporal,325.0,0.18788347033685068,20
R1315T,L-temporal,375.0,0.1562641757780054,20
R1315T,L-temporal,425.0,0.13068671268340398,20
R1315T,L-temporal,475.0,0.10645035211497103,20
R1315T,L-temporal,525.0,0.09400477421443756,20
R1315T,L-temporal,575.0,0.06976925588088753,20
R1315T,L-temporal,625.0,0.05570244108979363,20
R1315T,L-temporal,675.0,0.061880976841817384,20
R1315T,L-temporal,725.0,0.047944386733998604,20
R1315T,L-temporal,775.0,0.04616064363778658,20
R1315T,L-temporal,825.0,0.032853297142648466,20
R1315T,L-temporal,875.0,0.013252598142165737,20
R1315T,L-temporal,925.0,0.025828352109537954,20
R1315T,L-temporal,975.0,0.048480508945680116,20
R1315T,L-temporal,1025.0,0.04134861491805834,20
R1315T,L-temporal,1075.0,0.03952048788695853,20
R1315T,L-temporal,1125.0,0.05105698535023127,20
R1315T,L-temporal,1175.0,0.04572649761353265,20
R1315T,L-temporal,1225.0,0.04112553649777041,20
R1315T,L-temporal,1275.0,0.02915265331867086,20
R1315T,L-temporal,1325.0,0.02804254786716327,20
R1315T,L-temporal,1375.0,0.019932800883605137,20
R1315T,L-temporal,1425.0,0.031716154236821885,20
R1315T,L-temporal,1475.0,0.03364111291783999,20
R1315T,L-temporal,1525.0,0.04707567540316929,20
R1315T,L-temporal,1575.0,0.03799486241000212,20
R1315T,R-temporal,25.0,0.019565150368512897,14
R1315T,R-temporal,75.0,0.03193512139125922,14
R1315T,R-temporal,125.0,0.04384997665571954,14
R1315T,R-temporal,175.0,0.11511260141086167,14
R1315T,R-temporal,225.0,0.11595023558280564,14
R1315T,R-temporal,275.0,0.05436039931689661,14
R1315T,R-temporal,325.0,0.047949824894449475,14
R1315T,R-temporal,375.0,0.049133643898520485,14
R1315T,R-temporal,425.0,0.04279339833605506,14
R1315T,R-temporal,475.0,0.03311998642624002,14
R1315T,R-temporal,525.0,0.03652359162538766,14
R1315T,R-temporal,575.0,0.02949034778419198,14
R1315T,R-temporal,625.0,0.03398887280952851,14
R1315T,R-temporal,675.0,0.05277183973778591,14
R1315T,R-temporal,725.0,0.040181092903462,14
R1315T,R-temporal,775.0,0.028148463625340098,14
R1315T,R-temporal,825.0,0.029180057702575122,14
R1315T,R-temporal,875.0,0.03382586728687653,14
R1315T,R-temporal,925.0,0.027232867085943645,14
R1315T,R-temporal,975.0,0.03513702810969976,14
R1315T,R-temporal,1025.0,0.03953286406257738,14
R1315T,R-temporal,1075.0,0.044617883937082485,14
R1315T,R-temporal,1125.0,0.06142656357316385,14
R1315T,R-temporal,1175.0,0.0769316670087851,14
R1315T,R-temporal,1225.0,0.054836016941446505,14
R1315T,R-temporal,1275.0,0.03985515948227893,14
R1315T,R-temporal,1325.0,0.04709907179250087,14
R1315T,R-temporal,1375.0,0.028725244156414222,14
R1315T,R-temporal,1425.0,0.03101892444647506,14
R1315T,R-temporal,1475.0,0.03521612554959351,14
R1315T,R-temporal,1525.0,0.026725970106864512,14
R1315T,R-temporal,1575.0,0.01286924075192866,14
R1316T,L-occipital,25.0,0.0013149289288572593,4
R1316T,L-occipital,75.0,0.0014692627271205077,4
R1316T,L-occipital,125.0,0.014291070963071736,4
R1316T,L-occipital,175.0,0.15941946435823118,4
R1316T,L-occipital,225.0,0.3147159444584787,4
R1316T,L-occipital,275.0,0.3836478228737594,4
R1316T,L-occipital,325.0,0.36147894446662016,4
R1316T,L-occipital,375.0,0.22747008964630908,4
R1316T,L-occipital,425.0,0.20034659297639715,4
R1316T,L-occipital,475.0,0.22877116360279076,4
R1316T,L-occipital,525.0,0.17024856961340074,4
R1316T,L-occipital,575.0,0.18008517236234062,4
R1316T,L-occipital,625.0,0.1713285099752509,4
R1316T,L-occipital,675.0,0.10920203853656102,4
R1316T,L-occipital,725.0,0.0447613015515923,4
R1316T,L-occipital,775.0,0.04013909505360453,4
R1316T,L-occipital,825.0,0.0686282433690099,4
R1316T,L-occipital,875.0,0.07717739672599036,4
R1316T,L-occipital,925.0,0.05498546452911113,4
R1316T,L-occipital,975.0,0.03462637741217098,4
R1316T,L-occipital,1025.0,0.06202377295922352,4
R1316T,L-occipital,1075.0,0.05523701668157176,4
R1316T,L-occipital,1125.0,0.030634602216019314,4
R1316T,L-occipital,1175.0,0.0908979930775641,4
R1316T,L-occipital,1225.0,0.07300970912578036,4
R1316T,L-occipital,1275.0,0.015019442052614507,4
R1316T,L-occipital,1325.0,-0.02348572388860162,4
R1316T,L-occipital,1375.0,-0.019754887952222827,4
R1316T,L-occipital,1425.0,0.008726486717918792,4
R1316T,L-occipital,1475.0,-0.0015385719044717183,4
R1316T,L-occipital,1525.0,-0.025526954262396852,4
R1316T,L-occipital,1575.0,-0.013722549865218245,4
R1316T,L-parietal,25.0,0.010461602543903374,3
R1316T,L-parietal,75.0,-0.012516646392706098,3
R1316T,L-parietal,125.0,0.0009547111879739016,3
R1316T,L-parietal,175.0,-0.007905982739494798,3
R1316T,L-parietal,225.0,-0.012556355731529939,3
R1316T,L-parietal,275.0,0.02481353205419376,3
R1316T,L-parietal,325.0,0.04740284803318415,3
R1316T,L-parietal,375.0,0.04227536373264738,3
R1316T,L-parietal,425.0,-0.025908094636527226,3
R1316T,L-parietal,475.0,-0.07656335774331108,3
R1316T,L-parietal,525.0,-0.08331788364839086,3
R1316T,L-parietal,575.0,-0.07599782075213043,3
R1316T,L-parietal,625.0,-0.10916089337933754,3
R1316T,L-parietal,675.0,-0.11762193270552224,3
R1316T,L-parietal,725.0,-0.09134501938554622,3
R1316T,L-parietal,775.0,-0.12436634152846777,3
R1316T,L-parietal,825.0,-0.08369487789687763,3
R1316T,L-parietal,875.0,-0.10190443199051763,3
R1316T,L-parietal,925.0,-0.06967955285499203,3
R1316T,L-parietal,975.0,-0.04036832286819888,3
R1316T,L-parietal,1025.0,-0.040192866738460925,3
R1316T,L-parietal,1075.0,-0.06716152922383144,3
R1316T,L-parietal,1125.0,-0.059709134380293544,3
R1316T,L-parietal,1175.0,-0.06469529333288461,3
R1316T,L-parietal,1225.0,-0.057822582228239806,3
R1316T,L-parietal,1275.0,-0.07478766572405741,3
R1316T,L-parietal,1325.0,-0.07806738503409316,3
R1316T,L-parietal,1375.0,-0.06870069975709676,3
R1316T,L-parietal,1425.0,-0.03307756013743523,3
R1316T,L-parietal,1475.0,-0.013856862130842732,3
R1316T,L-parietal,1525.0,-0.01801446651667921,3
R1316T,L-parietal,1575.0,-0.03842429631315108,3
R1316T,L-temporal,25.0,-0.03580603752148714,3
R1316T,L-temporal,75.0,-0.006181208247125795,3
R1316T,L-temporal,125.0,0.08048131280721169,3
R1316T,L-temporal,175.0,0.23897315050646126,3
R1316T,L-temporal,225.0,0.34016650236113577,3
R1316T,L-temporal,275.0,0.40808813736981026,3
R1316T,L-temporal,325.0,0.34816381405451446,3
R1316T,L-temporal,375.0,0.21340092803805066,3
R1316T,L-temporal,425.0,0.19398769955479137,3
R1316T,L-temporal,475.0,0.12411953667189217,3
R1316T,L-temporal,525.0,0.04288902882190568,3
R1316T,L-temporal,575.0,-0.0320211916062771,3
R1316T,L-temporal,625.0,3.957520138599124e-05,3
R1316T,L-temporal,675.0,-0.011554360237613174,3
R1316T,L-temporal,725.0,-0.004584454569329703,3
R1316T,L-temporal,775.0,0.05581015009556059,3
R1316T,L-temporal,825.0,-0.0018206611151476172,3
R1316T,L-temporal,875.0,-0.04738079211058303,3
R1316T,L-temporal,925.0,0.005063026700860461,3
R1316T,L-temporal,975.0,-0.035011972358117906,3
R1316T,L-temporal,1025.0,0.0013223048079140768,3
R1316T,L-temporal,1075.0,0.04830613746269167,3
R1316T,L-temporal,1125.0,-0.019763401250589997,3
R1316T,L-temporal,1175.0,0.033755175829079234,3
R1316T,L-temporal,1225.0,0.02815385827276272,3
R1316T,L-temporal,1275.0,-0.00436285297236978,3
R1316T,L-temporal,1325.0,0.011446406793747472,3
R1316T,L-temporal,1375.0,-0.0007211687355791786,3
R1316T,L-temporal,1425.0,0.04656581732815018,3
R1316T,L-temporal,1475.0,0.05061232318757552,3
R1316T,L-temporal,1525.0,0.008634866309162116,3
R1316T,L-temporal,1575.0,0.009611356143493907,3
R1316T,R-frontal,25.0,-0.05595579046156762,5
R1316T,R-frontal,75.0,-0.038146720918738594,5
R1316T,R-frontal,125.0,-0.019595297371933135,5
R1316T,R-frontal,175.0,-0.023831854329132474,5
R1316T,R-frontal,225.0,-0.007800149403661824,5
R1316T,R-frontal,275.0,-0.019408759499064104,5
R1316T,R-frontal,325.0,-0.02672920039394223,5
R1316T,R-frontal,375.0,0.04835593403276696,5
R1316T,R-frontal,425.0,0.024085759714873856,5
R1316T,R-frontal,475.0,-0.01836152577295418,5
R1316T,R-frontal,525.0,-0.06706828512703712,5
R1316T,R-frontal,575.0,-0.06956105520388617,5
R1316T,R-frontal,625.0,-0.070530089297982,5
R1316T,R-frontal,675.0,-0.028510230420906547,5
R1316T,R-frontal,725.0,-0.007042213828703667,5
R1316T,R-frontal,775.0,-0.05182704356490682,5
R1316T,R-frontal,825.0,-0.04459093444614239,5
R1316T,R-frontal,875.0,-0.038877351891309926,5
R1316T,R-frontal,925.0,-0.08732871848069759,5
R1316T,R-frontal,975.0,-0.061249465490855415,5
R1316T,R-frontal,1025.0,-0.029986131132832217,5
R1316T,R-frontal,1075.0,-0.0355077997375369,5
R1316T,R-frontal,1125.0,-0.022432976377277834,5
R1316T,R-frontal,1175.0,-0.03376616741190468,5
R1316T,R-frontal,1225.0,-0.03935428288352366,5
R1316T,R-frontal,1275.0,-0.0598402220179484,5
R1316T,R-frontal,1325.0,-0.03658024914378803,5
R1316T,R-frontal,1375.0,-0.03361862234510974,5
R1316T,R-frontal,1425.0,-0.04549029010085285,5
R1316T,R-frontal,1475.0,-0.029275570913926206,5
R1316T,R-frontal,1525.0,-0.010861399944382667,5
R1316T,R-frontal,1575.0,0.0013564228269196481,5
R1316T,R-occipital,25.0,0.16153913511074447,4
R1316T,R-occipital,75.0,0.313249252535158,4
R1316T,R-occipital,125.0,1.1423203963959252,4
R1316T,R-occipital,175.0,1.4480228930748904,4
R1316T,R-occipital,225.0,0.9667950527694887,4
R1316T,R-occipital,275.0,0.989683603126641,4
R1316T,R-occipital,325.0,0.8200440576587035,4
R1316T,R-occipital,375.0,0.5461195995861585,4
R1316T,R-occipital,425.0,0.4296922928022845,4
R1316T,R-occipital,475.0,0.28191118285491723,4
R1316T,R-occipital,525.0,0.0923147129157543,4
R1316T,R-occipital,575.0,0.06951293862210751,4
R1316T,R-occipital,625.0,0.02426089888917314,4
R1316T,R-occipital,675.0,-0.08021864429449412,4
R1316T,R-occipital,725.0,-0.04671331348883661,4
R1316T,R-occipital,775.0,0.018597271911532803,4
R1316T,R-occipital,825.0,0.0009036774642467559,4
R1316T,R-occipital,875.0,0.020248541894125383,4
R1316T,R-occipital,925.0,0.06383296627883772,4
R1316T,R-occipital,975.0,0.08710552996047166,4
R1316T,R-occipital,1025.0,0.06887893375300888,4
R1316T,R-occipital,1075.0,0.04815471535325134,4
R1316T,R-occipital,1125.0,0.034450608465509944,4
R1316T,R-occipital,1175.0,0.043003137352192855,4
R1316T,R-occipital,1225.0,0.11236892467947229,4
R1316T,R-occipital,1275.0,0.05771389942839802,4
R1316T,R-occipital,1325.0,0.049359064358481634,4
R1316T,R-occipital,1375.0,0.09657706963183213,4
R1316T,R-occipital,1425.0,0.07363942487596323,4
R1316T,R-occipital,1475.0,0.09800872175684332,4
R1316T,R-occipital,1525.0,0.09966683619521068,4
R1316T,R-occipital,1575.0,0.12045556985352454,4
R1316T,R-parietal,25.0,0.08365118892306726,4
R1316T,R-parietal,75.0,0.07113308908752027,4
R1316T,R-parietal,125.0,0.08403325675633946,4
R1316T,R-parietal,175.0,0.1003283085355548,4
R1316T,R-parietal,225.0,0.11305871346106268,4
R1316T,R-parietal,275.0,0.10897307013910479,4
R1316T,R-parietal,325.0,0.07325780300648986,4
R1316T,R-parietal,375.0,0.12871017444096075,4
R1316T,R-parietal,425.0,0.1256004760524728,4
R1316T,R-parietal,475.0,0.15822168352424248,4
R1316T,R-parietal,525.0,0.09791758997135579,4
R1316T,R-parietal,575.0,0.05983429771299308,4
R1316T,R-parietal,625.0,0.042037835618977865,4
R1316T,R-parietal,675.0,0.04376356649465642,4
R1316T,R-parietal,725.0,0.017202208434862493,4
R1316T,R-parietal,775.0,0.04217825826257264,4
R1316T,R-parietal,825.0,0.04552277346616649,4
R1316T,R-parietal,875.0,0.005674733834548602,4
R1316T,R-parietal,925.0,-0.011891680642446039,4
R1316T,R-parietal,975.0,-0.06704363122232194,4
R1316T,R-parietal,1025.0,0.008322125261173355,4
R1316T,R-parietal,1075.0,-0.024725320579737944,4
R1316T,R-parietal,1125.0,-0.0777056823894322,4
R1316T,R-parietal,1175.0,-0.01058100271398983,4
R1316T,R-parietal,1225.0,-0.053287666350902804,4
R1316T,R-parietal,1275.0,-0.04019041832284616,4
R1316T,R-parietal,1325.0,0.013253459737495529,4
R1316T,R-parietal,1375.0,0.008362133663184923,4
R1316T,R-parietal,1425.0,0.030351610223185242,4
R1316T,R-parietal,1475.0,-0.002338584913392049,4
R1316T,R-parietal,1525.0,-0.020721713025459897,4
R1316T,R-parietal,1575.0,-0.005710611463467384,4
R1316T,R-temporal,25.0,0.02059291451923472,4
R1316T,R-temporal,75.0,-0.009720269356376855,4
R1316T,R-temporal,125.0,0.11297719989938484,4
R1316T,R-temporal,175.0,0.2843905755975916,4
R1316T,R-temporal,225.0,0.2744132900285955,4
R1316T,R-temporal,275.0,0.26946317757895316,4
R1316T,R-temporal,325.0,0.24579267784659178,4
R1316T,R-temporal,375.0,0.1440172296486146,4
R1316T,R-temporal,425.0,0.12396391999506033,4
R1316T,R-temporal,475.0,0.12079134830716402,4
R1316T,R-temporal,525.0,0.08293974909629244,4
R1316T,R-temporal,575.0,0.04624869333846831,4
R1316T,R-temporal,625.0,0.050131690020506936,4
R1316T,R-temporal,675.0,0.0023871695103660825,4
R1316T,R-temporal,725.0,-0.005685799777887374,4
R1316T,R-temporal,775.0,0.026536262704094565,4
R1316T,R-temporal,825.0,0.01627179953051128,4
R1316T,R-temporal,875.0,-0.002031673105407479,4
R1316T,R-temporal,925.0,0.003077709685203503,4
R1316T,R-temporal,975.0,0.012383497702342167,4
R1316T,R-temporal,1025.0,0.028390348055919862,4
R1316T,R-temporal,1075.0,0.045243839544586696,4
R1316T,R-temporal,1125.0,0.012585640488266693,4
R1316T,R-temporal,1175.0,-0.009418040996727026,4
R1316T,R-temporal,1225.0,-0.005411393004043282,4
R1316T,R-temporal,1275.0,-0.025174060115361663,4
R1316T,R-temporal,1325.0,0.00017456593269015493,4
R1316T,R-temporal,1375.0,0.031782830588873705,4
R1316T,R-temporal,1425.0,0.06467046355513326,4
R1316T,R-temporal,1475.0,0.025215859387072465,4
R1316T,R-temporal,1525.0,0.04850355047690784,4
R1316T,R-temporal,1575.0,0.041444140840046474,4
R1317D,L-frontal,25.0,0.025568927996919098,3
R1317D,L-frontal,75.0,0.030033409257251842,3
R1317D,L-frontal,125.0,0.04442163188471304,3
R1317D,L-frontal,175.0,0.06396888563028141,3
R1317D,L-frontal,225.0,0.0951497729679653,3
R1317D,L-frontal,275.0,0.16484652242821707,3
R1317D,L-frontal,325.0,0.20251854671166583,3
R1317D,L-frontal,375.0,0.2729082171479505,3
R1317D,L-frontal,425.0,0.32207345138713633,3
R1317D,L-frontal,475.0,0.2886874793963309,3
R1317D,L-frontal,525.0,0.27979786853539335,3
R1317D,L-frontal,575.0,0.29786199110450423,3
R1317D,L-frontal,625.0,0.2606842971164528,3
R1317D,L-frontal,675.0,0.22036325100192536,3
R1317D,L-frontal,725.0,0.20714643080369854,3
R1317D,L-frontal,775.0,0.19227393482880104,3
R1317D,L-frontal,825.0,0.14886402088349257,3
R1317D,L-frontal,875.0,0.15979953370026886,3
R1317D,L-frontal,925.0,0.19756077523580165,3
R1317D,L-frontal,975.0,0.17121963180895597,3
R1317D,L-frontal,1025.0,0.13823215200670944,3
R1317D,L-frontal,1075.0,0.1046452440823467,3
R1317D,L-frontal,1125.0,0.14948269385532442,3
R1317D,L-frontal,1175.0,0.1225291038395689,3
R1317D,L-frontal,1225.0,0.1020885998465592,3
R1317D,L-frontal,1275.0,0.09843973726011945,3
R1317D,L-frontal,1325.0,0.06567942434494153,3
R1317D,L-frontal,1375.0,0.07340619363831459,3
R1317D,L-frontal,1425.0,0.08736599817297781,3
R1317D,L-frontal,1475.0,0.033148289436516966,3
R1317D,L-frontal,1525.0,0.017179301054239104,3
R1317D,L-frontal,1575.0,0.04811667513844612,3
R1317D,L-occipital,25.0,0.008634077473964406,5
R1317D,L-occipital,75.0,0.029186042469140704,5
R1317D,L-occipital,125.0,0.3056698126905963,5
R1317D,L-occipital,175.0,0.644856803644206,5
R1317D,L-occipital,225.0,0.648340050899361,5
R1317D,L-occipital,275.0,0.6195024524747141,5
R1317D,L-occipital,325.0,0.5767550106169222,5
R1317D,L-occipital,375.0,0.47419713407346215,5
R1317D,L-occipital,425.0,0.37283986318021867,5
R1317D,L-occipital,475.0,0.33682270787316854,5
R1317D,L-occipital,525.0,0.25323432882807334,5
R1317D,L-occipital,575.0,0.16882387441067828,5
R1317D,L-occipital,625.0,0.1330251690796988,5
R1317D,L-occipital,675.0,0.08823387056780745,5
R1317D,L-occipital,725.0,0.07387891601265979,5
R1317D,L-occipital,775.0,0.041711776876264435,5
R1317D,L-occipital,825.0,0.025111033337877408,5
R1317D,L-occipital,875.0,0.03381340760626296,5
R1317D,L-occipital,925.0,0.03116166694669566,5
R1317D,L-occipital,975.0,0.0172835504406821,5
R1317D,L-occipital,1025.0,0.0449479096605925,5
R1317D,L-occipital,1075.0,0.06794697147125668,5
R1317D,L-occipital,1125.0,0.07769860266640242,5
R1317D,L-occipital,1175.0,0.1160729281092104,5
R1317D,L-occipital,1225.0,0.1224758383767802,5
R1317D,L-occipital,1275.0,0.07341813648974883,5
R1317D,L-occipital,1325.0,0.0412301560826133,5
R1317D,L-occipital,1375.0,0.05715319706397075,5
R1317D,L-occipital,1425.0,0.05231366115277734,5
R1317D,L-occipital,1475.0,0.07211090922382664,5
R1317D,L-occipital,1525.0,0.048152279734595,5
R1317D,L-occipital,1575.0,0.03930482983363049,5
R1317D,L-parietal,25.0,0.055921859387607686,4
R1317D,L-parietal,75.0,0.04791987343162299,4
R1317D,L-parietal,125.0,0.05166422746881463,4
R1317D,L-parietal,175.0,0.1064879880222153,4
R1317D,L-parietal,225.0,0.10990236060640189,4
R1317D,L-parietal,275.0,0.1403696092136414,4
R1317D,L-parietal,325.0,0.16155537277552734,4
R1317D,L-parietal,375.0,0.13546698727942882,4
R1317D,L-parietal,425.0,0.11492420311786272,4
R1317D,L-parietal,475.0,0.12862535753462173,4
R1317D,L-parietal,525.0,0.13826710489502528,4
R1317D,L-parietal,575.0,0.13090860067926535,4
R1317D,L-parietal,625.0,0.10327794796948692,4
R1317D,L-parietal,675.0,0.08715774566448889,4
R1317D,L-parietal,725.0,0.091326609032951,4
R1317D,L-parietal,775.0,0.09269704380475874,4
R1317D,L-parietal,825.0,0.0893045625961168,4
R1317D,L-parietal,875.0,0.09145094048896832,4
R1317D,L-parietal,925.0,0.10352152357952975,4
R1317D,L-parietal,975.0,0.1148145882151177,4
R1317D,L-parietal,1025.0,0.0670574176897688,4
R1317D,L-parietal,1075.0,0.06242033155125911,4
R1317D,L-parietal,1125.0,0.053627942031670955,4
R1317D,L-parietal,1175.0,0.054791064835353086,4
R1317D,L-parietal,1225.0,0.08022903657817476,4
R1317D,L-parietal,1275.0,0.07432511012701394,4
R1317D,L-parietal,1325.0,0.04592330939653373,4
R1317D,L-parietal,1375.0,0.02239853808938195,4
R1317D,L-parietal,1425.0,0.026873327055741476,4
R1317D,L-parietal,1475.0,0.04904856181908034,4
R1317D,L-parietal,1525.0,0.018387874380635383,4
R1317D,L-parietal,1575.0,0.004568696415301849,4
R1317D,L-temporal,25.0,0.024295224862203993,5
R1317D,L-temporal,75.0,0.028894693844833112,5
R1317D,L-temporal,125.0,0.04167243397934382,5
R1317D,L-temporal,175.0,0.037911401992915636,5
R1317D,L-temporal,225.0,0.02077544558630052,5
R1317D,L-temporal,275.0,0.050757788347587374,5
R1317D,L-temporal,325.0,0.059631169778987414,5
R1317D,L-temporal,375.0,0.06017741119636,5
R1317D,L-temporal,425.0,0.07543441018036769,5
R1317D,L-temporal,475.0,0.08057347041877062,5
R1317D,L-temporal,525.0,0.035350665698056935,5
R1317D,L-temporal,575.0,0.02127278846166625,5
R1317D,L-temporal,625.0,0.029544538286429077,5
R1317D,L-temporal,675.0,0.05893862891887678,5
R1317D,L-temporal,725.0,0.06184980215205923,5
R1317D,L-temporal,775.0,0.053480347753005045,5
R1317D,L-temporal,825.0,0.04696800357736217,5
R1317D,L-temporal,875.0,0.058534668505068235,5
R1317D,L-temporal,925.0,0.07817990404099348,5
R1317D,L-temporal,975.0,0.033273909063857174,5
R1317D,L-temporal,1025.0,0.035733262831195454,5
R1317D,L-temporal,1075.0,0.05499178762961014,5
R1317D,L-temporal,1125.0,0.048295071736515024,5
R1317D,L-temporal,1175.0,0.02733833614786656,5
R1317D,L-temporal,1225.0,0.0419680167538105,5
R1317D,L-temporal,1275.0,0.05349635658782492,5
R1317D,L-temporal,1325.0,0.03829907899960547,5
R1317D,L-temporal,1375.0,0.02783361843264997,5
R1317D,L-temporal,1425.0,0.018301431417505464,5
R1317D,L-temporal,1475.0,0.03807528708477535,5
R1317D,L-temporal,1525.0,0.032036105028521555,5
R1317D,L-temporal,1575.0,-0.012047010116630267,5
R1318N,L-frontal,25.0,-0.05054921449260997,19
R1318N,L-frontal,75.0,-0.039280561300137705,19
R1318N,L-frontal,125.0,-0.02721062985512253,19
R1318N,L-frontal,175.0,-0.05398007065608296,19
R1318N,L-frontal,225.0,-0.08268855745298982,19
R1318N,L-frontal,275.0,-0.0979112088445974,19
R1318N,L-frontal,325.0,-0.04678968003323722,19
R1318N,L-frontal,375.0,0.02027237534631743,19
R1318N,L-frontal,425.0,0.01959616542028767,19
R1318N,L-frontal,475.0,-0.02237232862142232,19
R1318N,L-frontal,525.0,-0.03693759290455806,19
R1318N,L-frontal,575.0,-0.027043637590109946,19
R1318N,L-frontal,625.0,-0.020173283052614652,19
R1318N,L-frontal,675.0,-0.029850698516775548,19
R1318N,L-frontal,725.0,-0.01772347422302481,19
R1318N,L-frontal,775.0,-0.023364917151636414,19
R1318N,L-frontal,825.0,5.0790324436819634e-05,19
R1318N,L-frontal,875.0,0.009665626049738581,19
R1318N,L-frontal,925.0,0.013206331992435257,19
R1318N,L-frontal,975.0,-0.00047014679713324706,19
R1318N,L-frontal,1025.0,-0.016928329639675766,19
R1318N,L-frontal,1075.0,-0.015363120254861803,19
R1318N,L-frontal,1125.0,-0.006702892389742431,19
R1318N,L-frontal,1175.0,-0.01899423461623409,19
R1318N,L-frontal,1225.0,-0.013288490745595414,19
R1318N,L-frontal,1275.0,-0.04527420907730788,19
R1318N,L-frontal,1325.0,-0.05139774694884473,19
R1318N,L-frontal,1375.0,-0.0029194604342505166,19
R1318N,L-frontal,1425.0,-0.007461493189912554,19
R1318N,L-frontal,1475.0,-0.04237717349606834,19
R1318N,L-frontal,1525.0,-0.0299477031528712,19
R1318N,L-frontal,1575.0,-0.014567628849538742,19
R1318N,R-frontal,25.0,0.024922725239216844,22
R1318N,R-frontal,75.0,0.018985312300451217,22
R1318N,R-frontal,125.0,0.0421147002191846,22
R1318N,R-frontal,175.0,0.13426900101524433,22
R1318N,R-frontal,225.0,0.16798518894227019,22
R1318N,R-frontal,275.0,0.15845286464810646,22
R1318N,R-frontal,325.0,0.13866610672747762,22
R1318N,R-frontal,375.0,0.11014105126299119,22
R1318N,R-frontal,425.0,0.05301812485241038,22
R1318N,R-frontal,475.0,0.003808125635771567,22
R1318N,R-frontal,525.0,-0.006504611076559517,22
R1318N,R-frontal,575.0,0.003870667603432248,22
R1318N,R-frontal,625.0,0.02510819959794081,22
R1318N,R-frontal,675.0,0.029363662851164707,22
R1318N,R-frontal,725.0,0.0362301324260931,22
R1318N,R-frontal,775.0,0.03470937630980633,22
R1318N,R-frontal,825.0,0.02894551504415521,22
R1318N,R-frontal,875.0,0.007681511201442942,22
R1318N,R-frontal,925.0,0.019051119904816963,22
R1318N,R-frontal,975.0,0.025523986341054874,22
R1318N,R-frontal,1025.0,0.025082500696217824,22
R1318N,R-frontal,1075.0,0.023874138027948733,22
R1318N,R-frontal,1125.0,0.03559383232015401,22
R1318N,R-frontal,1175.0,0.025765738000380258,22
R1318N,R-frontal,1225.0,0.03510845072051051,22
R1318N,R-frontal,1275.0,0.029097111032234425,22
R1318N,R-frontal,1325.0,0.01589450505251605,22
R1318N,R-frontal,1375.0,0.018312282287062415,22
R1318N,R-frontal,1425.0,0.009799367288131966,22
R1318N,R-frontal,1475.0,0.0030787896664704038,22
R1318N,R-frontal,1525.0,0.015424344659260432,22
R1318N,R-frontal,1575.0,0.03184259342086553,22
R1321M,R-frontal,25.0,-0.03478639968135726,7
R1321M,R-frontal,75.0,-0.06383800070262538,7
R1321M,R-frontal,125.0,-0.04288377745055428,7
R1321M,R-frontal,175.0,-0.05381831464810618,7
R1321M,R-frontal,225.0,-0.05381893554402794,7
R1321M,R-frontal,275.0,-0.010875660721217295,7
R1321M,R-frontal,325.0,-0.023055944915622333,7
R1321M,R-frontal,375.0,-0.009015384664277478,7
R1321M,R-frontal,425.0,0.01465899637687139,7
R1321M,R-frontal,475.0,0.004439626830049869,7
R1321M,R-frontal,525.0,-0.02811589443435958,7
R1321M,R-frontal,575.0,-0.0055540212249084965,7
R1321M,R-frontal,625.0,0.015043680250772986,7
R1321M,R-frontal,675.0,0.07296969947984251,7
R1321M,R-frontal,725.0,0.11231357492651213,7
R1321M,R-frontal,775.0,0.0057888762691023265,7
R1321M,R-frontal,825.0,0.0066974085891755575,7
R1321M,R-frontal,875.0,-0.002721365359685281,7
R1321M,R-frontal,925.0,0.06397595878338165,7
R1321M,R-frontal,975.0,0.030174577338514058,7
R1321M,R-frontal,1025.0,0.00594967664421588,7
R1321M,R-frontal,1075.0,-0.01270752228031803,7
R1321M,R-frontal,1125.0,-0.023017981380425986,7
R1321M,R-frontal,1175.0,-0.044167168645481474,7
R1321M,R-frontal,1225.0,-0.013973417677674974,7
R1321M,R-frontal,1275.0,0.02515699152252674,7
R1321M,R-frontal,1325.0,0.0007497475609345716,7
R1321M,R-frontal,1375.0,-0.01108371559447601,7
R1321M,R-frontal,1425.0,0.008844357681396551,7
R1321M,R-frontal,1475.0,0.014264314318299927,7
R1321M,R-frontal,1525.0,-0.01480643180231628,7
R1321M,R-frontal,1575.0,0.0045557506988417795,7
R1321M,R-parietal,25.0,0.038381337326464995,3
R1321M,R-parietal,75.0,-0.03922972397452739,3
R1321M,R-parietal,125.0,-0.059790077284352705,3
R1321M,R-parietal,175.0,-0.11166931559100068,3
R1321M,R-parietal,225.0,-0.08199148623925166,3
R1321M,R-parietal,275.0,-0.07911717270233819,3
R1321M,R-parietal,325.0,0.058803318514890394,3
R1321M,R-parietal,375.0,0.13613335441242733,3
R1321M,R-parietal,425.0,0.17625520359895955,3
R1321M,R-parietal,475.0,0.21604184705419194,3
R1321M,R-parietal,525.0,0.22470963275493286,3
R1321M,R-parietal,575.0,0.1981780301585513,3
R1321M,R-parietal,625.0,0.1610375728213445,3
R1321M,R-parietal,675.0,0.20150264216343253,3
R1321M,R-parietal,725.0,0.20736487183286142,3
R1321M,R-parietal,775.0,0.1635405649087305,3
R1321M,R-parietal,825.0,0.17605418410446663,3
R1321M,R-parietal,875.0,0.07530587778765545,3
R1321M,R-parietal,925.0,0.013582358193835284,3
R1321M,R-parietal,975.0,0.032279517370722245,3
R1321M,R-parietal,1025.0,0.004047940141892918,3
R1321M,R-parietal,1075.0,-0.06104082848802933,3
R1321M,R-parietal,1125.0,0.0507497497862443,3
R1321M,R-parietal,1175.0,0.009406711756523342,3
R1321M,R-parietal,1225.0,-0.015207286007233407,3
R1321M,R-parietal,1275.0,-0.1519687224735552,3
R1321M,R-parietal,1325.0,-0.10222314238605718,3
R1321M,R-parietal,1375.0,-0.12584782685102822,3
R1321M,R-parietal,1425.0,-0.10883591911117246,3
R1321M,R-parietal,1475.0,-0.1002391957136407,3
R1321M,R-parietal,1525.0,-0.06876154663758342,3
R1321M,R-parietal,1575.0,-0.07334932918469907,3
R1323T,L-frontal,25.0,-0.00246323490256243,8
R1323T,L-frontal,75.0,0.005610562390917767,8
R1323T,L-frontal,125.0,0.004728937606569362,8
R1323T,L-frontal,175.0,-0.01573959851598106,8
R1323T,L-frontal,225.0,-0.014183149843582914,8
R1323T,L-frontal,275.0,0.014696219378206577,8
R1323T,L-frontal,325.0,0.0370319603003,8
R1323T,L-frontal,375.0,0.045047970060639216,8
R1323T,L-frontal,425.0,0.06736811168428511,8
R1323T,L-frontal,475.0,0.08240312858277282,8
R1323T,L-frontal,525.0,0.08227324962479354,8
R1323T,L-frontal,575.0,0.07638275377587359,8
R1323T,L-frontal,625.0,0.07822328353344439,8
R1323T,L-frontal,675.0,0.07787848688806014,8
R1323T,L-frontal,725.0,0.0624672213961119,8
R1323T,L-frontal,775.0,0.05824172782494015,8
R1323T,L-frontal,825.0,0.065687670013038,8
R1323T,L-frontal,875.0,0.06826227912334415,8
R1323T,L-frontal,925.0,0.0806517567623269,8
R1323T,L-frontal,975.0,0.08329664069110732,8
R1323T,L-frontal,1025.0,0.06338115131666312,8
R1323T,L-frontal,1075.0,0.08705792033846925,8
R1323T,L-frontal,1125.0,0.07376049698674329,8
R1323T,L-frontal,1175.0,0.0828846615157163,8
R1323T,L-frontal,1225.0,0.07111014244414976,8
R1323T,L-frontal,1275.0,0.053495296582939215,8
R1323T,L-frontal,1325.0,0.038639911410222015,8
R1323T,L-frontal,1375.0,0.01761612633137518,8
R1323T,L-frontal,1425.0,0.0371953210914542,8
R1323T,L-frontal,1475.0,0.05172486135395467,8
R1323T,L-frontal,1525.0,0.05726541843065388,8
R1323T,L-frontal,1575.0,0.03366816881053618,8
R1323T,L-parietal,25.0,0.029654465231127997,12
R1323T,L-parietal,75.0,0.0385530780949943,12
R1323T,L-parietal,125.0,0.09802058407242929,12
R1323T,L-parietal,175.0,0.14753866288317713,12
R1323T,L-parietal,225.0,0.161431905296522,12
R1323T,L-parietal,275.0,0.24490520935880059,12
R1323T,L-parietal,325.0,0.2746293058991253,12
R1323T,L-parietal,375.0,0.25379367996021457,12
R1323T,L-parietal,425.0,0.2587663477279956,12
R1323T,L-parietal,475.0,0.2392550042537234,12
R1323T,L-parietal,525.0,0.1895336455350811,12
R1323T,L-parietal,575.0,0.1694640871122499,12
R1323T,L-parietal,625.0,0.15101810117102152,12
R1323T,L-parietal,675.0,0.1379618605076406,12
R1323T,L-parietal,725.0,0.10827247094455628,12
R1323T,L-parietal,775.0,0.10033043163630584,12
R1323T,L-parietal,825.0,0.10191906747004176,12
R1323T,L-parietal,875.0,0.08887876551541822,12
R1323T,L-parietal,925.0,0.09228402832619374,12
R1323T,L-parietal,975.0,0.1007984293818089,12
R1323T,L-parietal,1025.0,0.07740301966774216,12
R1323T,L-parietal,1075.0,0.07915755131293328,12
R1323T,L-parietal,1125.0,0.0781127195053239,12
R1323T,L-parietal,1175.0,0.06149185042897571,12
R1323T,L-parietal,1225.0,0.06317840637840187,12
R1323T,L-parietal,1275.0,0.04760932414272618,12
R1323T,L-parietal,1325.0,0.03637227656704258,12
R1323T,L-parietal,1375.0,0.04702521793447113,12
R1323T,L-parietal,1425.0,0.05247087961029159,12
R1323T,L-parietal,1475.0,0.03397933000077809,12
R1323T,L-parietal,1525.0,0.021013854290632756,12
R1323T,L-parietal,1575.0,0.03456008374453089,12
R1323T,R-parietal,25.0,0.022746037673054473,7
R1323T,R-parietal,75.0,0.021577115458244308,7
R1323T,R-parietal,125.0,0.04825240994996367,7
R1323T,R-parietal,175.0,0.05319962292418807,7
R1323T,R-parietal,225.0,0.08864795950566762,7
R1323T,R-parietal,275.0,0.13907748893817598,7
R1323T,R-parietal,325.0,0.1294818800605082,7
R1323T,R-parietal,375.0,0.10366069309402502,7
R1323T,R-parietal,425.0,0.10434306160401839,7
R1323T,R-parietal,475.0,0.12093251654252458,7
R1323T,R-parietal,525.0,0.10613676641645871,7
R1323T,R-parietal,575.0,0.09569615770930921,7
R1323T,R-parietal,625.0,0.11362569926815691,7
R1323T,R-parietal,675.0,0.06846561678630886,7
R1323T,R-parietal,725.0,0.05634751247284337,7
R1323T,R-parietal,775.0,0.07405158823140921,7
R1323T,R-parietal,825.0,0.052402691556249804,7
R1323T,R-parietal,875.0,0.05131932863253354,7
R1323T,R-parietal,925.0,0.07432686571803555,7
R1323T,R-parietal,975.0,0.05819498383092354,7
R1323T,R-parietal,1025.0,0.05125324315061092,7
R1323T,R-parietal,1075.0,0.07445300780034905,7
R1323T,R-parietal,1125.0,0.07424268145189619,7
R1323T,R-parietal,1175.0,0.056368774901445665,7
R1323T,R-parietal,1225.0,0.07955455499956052,7
R1323T,R-parietal,1275.0,0.08843103245163664,7
R1323T,R-parietal,1325.0,0.05587215249763994,7
R1323T,R-parietal,1375.0,0.040337244948375116,7
R1323T,R-parietal,1425.0,0.006412865394030235,7
R1323T,R-parietal,1475.0,0.0037445215877974464,7
R1323T,R-parietal,1525.0,-0.007553296229997204,7
R1323T,R-parietal,1575.0,6.74914984040788e-05,7
R1328E,L-frontal,25.0,-0.0023434924166346183,4
R1328E,L-frontal,75.0,0.041891937095994425,4
R1328E,L-frontal,125.0,0.04679012656917685,4
R1328E,L-frontal,175.0,0.02175024557262735,4
R1328E,L-frontal,225.0,0.010748290237377764,4
R1328E,L-frontal,275.0,0.023992849799260002,4
R1328E,L-frontal,325.0,0.02551221470912534,4
R1328E,L-frontal,375.0,0.0344952572664903,4
R1328E,L-frontal,425.0,-0.009606261835604913,4
R1328E,L-frontal,475.0,-0.022874303302144322,4
R1328E,L-frontal,525.0,0.005433397339446621,4
R1328E,L-frontal,575.0,0.006927918154314178,4
R1328E,L-frontal,625.0,0.011882979854378806,4
R1328E,L-frontal,675.0,-0.00777942780619733,4
R1328E,L-frontal,725.0,0.043267437585123886,4
R1328E,L-frontal,775.0,0.07734408820218329,4
R1328E,L-frontal,825.0,0.0948368646278379,4
R1328E,L-frontal,875.0,0.02822975834403047,4
R1328E,L-frontal,925.0,0.05861713602727379,4
R1328E,L-frontal,975.0,0.07848278413523202,4
R1328E,L-frontal,1025.0,0.08967378678434892,4
R1328E,L-frontal,1075.0,0.04924048132002247,4
R1328E,L-frontal,1125.0,0.06671469603478111,4
R1328E,L-frontal,1175.0,0.040088298567950376,4
R1328E,L-frontal,1225.0,0.027544466716696074,4
R1328E,L-frontal,1275.0,0.008751950700837402,4
R1328E,L-frontal,1325.0,-0.0222911242429165,4
R1328E,L-frontal,1375.0,0.013756677204271827,4
R1328E,L-frontal,1425.0,0.01965695550009433,4
R1328E,L-frontal,1475.0,0.04112578894331067,4
R1328E,L-frontal,1525.0,0.06242290033289272,4
R1328E,L-frontal,1575.0,0.04259241988261904,4
R1328E,L-temporal,25.0,-0.04488533168381106,3
R1328E,L-temporal,75.0,-0.061794619324822476,3
R1328E,L-temporal,125.0,-0.07309030080882449,3
R1328E,L-temporal,175.0,0.015142848216115537,3
R1328E,L-temporal,225.0,0.1380007338495806,3
R1328E,L-temporal,275.0,0.21079435091595888,3
R1328E,L-temporal,325.0,0.10297168242806116,3
R1328E,L-temporal,375.0,0.0074987317522353025,3
R1328E,L-temporal,425.0,0.07800840628606878,3
R1328E,L-temporal,475.0,0.1558892323172071,3
R1328E,L-temporal,525.0,0.14743104561185302,3
R1328E,L-temporal,575.0,0.12793917359068588,3
R1328E,L-temporal,625.0,0.10298589041573032,3
R1328E,L-temporal,675.0,0.08169566457739787,3
R1328E,L-temporal,725.0,0.08927368964890126,3
R1328E,L-temporal,775.0,0.09018083395380722,3
R1328E,L-temporal,825.0,0.08116558438202097,3
R1328E,L-temporal,875.0,0.05522987378744132,3
R1328E,L-temporal,925.0,0.08869942329263912,3
R1328E,L-temporal,975.0,0.11184056326486198,3
R1328E,L-temporal,1025.0,0.0863951925506898,3
R1328E,L-temporal,1075.0,0.07684043242900958,3
R1328E,L-temporal,1125.0,0.055522754763972726,3
R1328E,L-temporal,1175.0,0.012407366503650466,3
R1328E,L-temporal,1225.0,0.011375506704522113,3
R1328E,L-temporal,1275.0,0.030083957985788015,3
R1328E,L-temporal,1325.0,0.005109458945536234,3
R1328E,L-temporal,1375.0,0.007311686811842036,3
R1328E,L-temporal,1425.0,0.0189937269028653,3
R1328E,L-temporal,1475.0,-0.014483566321617009,3
R1328E,L-temporal,1525.0,-0.06319776229506997,3
R1328E,L-temporal,1575.0,-0.03226422372342836,3
R1332M,L-temporal,25.0,-0.023950747072949977,3
R1332M,L-temporal,75.0,-0.042067141114570515,3
R1332M,L-temporal,125.0,-0.06638003427774404,3
R1332M,L-temporal,175.0,-0.043177525034816006,3
R1332M,L-temporal,225.0,-0.03110850878966773,3
R1332M,L-temporal,275.0,-0.022442534423136377,3
R1332M,L-temporal,325.0,-0.0485903370266185,3
R1332M,L-temporal,375.0,-0.066328626314574,3
R1332M,L-temporal,425.0,-0.08696233945258298,3
R1332M,L-temporal,475.0,-0.06412436128989728,3
R1332M,L-temporal,525.0,-0.04891180825797101,3
R1332M,L-temporal,575.0,-0.04952021940010442,3
R1332M,L-temporal,625.0,-0.039123852635540905,3
R1332M,L-temporal,675.0,-0.036065435949731064,3
R1332M,L-temporal,725.0,-0.04808065585305197,3
R1332M,L-temporal,775.0,-0.05936126280278856,3
R1332M,L-temporal,825.0,-0.039839008530149704,3
R1332M,L-temporal,875.0,-0.06046317077322047,3
R1332M,L-temporal,925.0,-0.048562601129083525,3
R1332M,L-temporal,975.0,-0.04666348361819528,3
R1332M,L-temporal,1025.0,-0.040264994951118405,3
R1332M,L-temporal,1075.0,-0.02064900169826547,3
R1332M,L-temporal,1125.0,-0.015871264827804866,3
R1332M,L-temporal,1175.0,-0.019334284882803535,3
R1332M,L-temporal,1225.0,-0.04210257557036859,3
R1332M,L-temporal,1275.0,-0.06299338640047443,3
R1332M,L-temporal,1325.0,-0.0382836342358659,3
R1332M,L-temporal,1375.0,-0.08295680574048098,3
R1332M,L-temporal,1425.0,-0.0732460242296118,3
R1332M,L-temporal,1475.0,-0.03268385399019051,3
R1332M,L-temporal,1525.0,-0.07145386366981687,3
R1332M,L-temporal,1575.0,-0.11559514885974832,3
R1334T,L-frontal,25.0,-0.04031798105001514,3
R1334T,L-frontal,75.0,-0.03261579997365104,3
R1334T,L-frontal,125.0,-0.026365348552979905,3
R1334T,L-frontal,175.0,0.005587059592674567,3
R1334T,L-frontal,225.0,-0.00864028580883477,3
R1334T,L-frontal,275.0,-0.019696882339543777,3
R1334T,L-frontal,325.0,-0.028850148252379065,3
R1334T,L-frontal,375.0,-0.06782567839700913,3
R1334T,L-frontal,425.0,-0.041876817524816146,3
R1334T,L-frontal,475.0,-0.055621335878835665,3
R1334T,L-frontal,525.0,-0.05022121294856807,3
R1334T,L-frontal,575.0,-0.018888329191374096,3
R1334T,L-frontal,625.0,-0.008214185323115847,3
R1334T,L-frontal,675.0,-0.02594525902862796,3
R1334T,L-frontal,725.0,-0.013430652360283615,3
R1334T,L-frontal,775.0,-0.016931702134877095,3
R1334T,L-frontal,825.0,-0.02517852109169232,3
R1334T,L-frontal,875.0,-0.04147692963393657,3
R1334T,L-frontal,925.0,-0.04126562737058553,3
R1334T,L-frontal,975.0,-0.029309721493035953,3
R1334T,L-frontal,1025.0,-0.018129953702746338,3
R1334T,L-frontal,1075.0,-0.020424199053513434,3
R1334T,L-frontal,1125.0,-0.06867199611614722,3
R1334T,L-frontal,1175.0,-0.06512872202314206,3
R1334T,L-frontal,1225.0,-0.06409241086514465,3
R1334T,L-frontal,1275.0,-0.00032339573700417246,3
R1334T,L-frontal,1325.0,6.702407149685706e-05,3
R1334T,L-frontal,1375.0,-0.0032124590411492515,3
R1334T,L-frontal,1425.0,-0.028607655980252705,3
R1334T,L-frontal,1475.0,-0.03635994038430893,3
R1334T,L-frontal,1525.0,-0.029275654709066335,3
R1334T,L-frontal,1575.0,-0.009580997267632264,3
R1334T,L-parietal,25.0,-0.017043848807760293,14
R1334T,L-parietal,75.0,-0.020840762628330282,14
R1334T,L-parietal,125.0,-0.030746538212403064,14
R1334T,L-parietal,175.0,-0.010066064875075385,14
R1334T,L-parietal,225.0,-0.011410100891446897,14
R1334T,L-parietal,275.0,-0.02044306019204447,14
R1334T,L-parietal,325.0,-0.03538709376577398,14
R1334T,L-parietal,375.0,-0.05322287842068351,14
R1334T,L-parietal,425.0,-0.07535153613532365,14
R1334T,L-parietal,475.0,-0.10136789512156082,14
R1334T,L-parietal,525.0,-0.11588195518703995,14
R1334T,L-parietal,575.0,-0.10037420607315774,14
R1334T,L-parietal,625.0,-0.11331615083161974,14
R1334T,L-parietal,675.0,-0.08759683859311825,14
R1334T,L-parietal,725.0,-0.09136236628757337,14
R1334T,L-parietal,775.0,-0.09999149545697447,14
R1334T,L-parietal,825.0,-0.09511115477401984,14
R1334T,L-parietal,875.0,-0.09925018526794446,14
R1334T,L-parietal,925.0,-0.10148580989188902,14
R1334T,L-parietal,975.0,-0.09632610432086368,14
R1334T,L-parietal,1025.0,-0.114724505431518,14
R1334T,L-parietal,1075.0,-0.1159040856259759,14
R1334T,L-parietal,1125.0,-0.0888381971074274,14
R1334T,L-parietal,1175.0,-0.06733801050919683,14
R1334T,L-parietal,1225.0,-0.06671774113691477,14
R1334T,L-parietal,1275.0,-0.05014937017830511,14
R1334T,L-parietal,1325.0,-0.031212864817629696,14
R1334T,L-parietal,1375.0,-0.03146875976382812,14
R1334T,L-parietal,1425.0,-0.07986657999916898,14
R1334T,L-parietal,1475.0,-0.10227624066653007,14
R1334T,L-parietal,1525.0,-0.08036254930922788,14
R1334T,L-parietal,1575.0,-0.06223352811466797,14
R1334T,L-temporal,25.0,-0.03585139041529444,40
R1334T,L-temporal,75.0,-0.05298726358813387,40
R1334T,L-temporal,125.0,-0.03933155794807031,40
R1334T,L-temporal,175.0,-0.006639510663243959,40
R1334T,L-temporal,225.0,-0.0019929154838306175,40
R1334T,L-temporal,275.0,-0.007062822967151503,40
R1334T,L-temporal,325.0,-0.01970466178725759,40
R1334T,L-temporal,375.0,-0.04215699192528754,40
R1334T,L-temporal,425.0,-0.04687460775926134,40
R1334T,L-temporal,475.0,-0.06621365427151692,40
R1334T,L-temporal,525.0,-0.10152817701879122,40
R1334T,L-temporal,575.0,-0.12016406726253737,40
R1334T,L-temporal,625.0,-0.10502202801044518,40
R1334T,L-temporal,675.0,-0.08220306584962246,40
R1334T,L-temporal,725.0,-0.0809594409267568,40
R1334T,L-temporal,775.0,-0.1024355293947743,40
R1334T,L-temporal,825.0,-0.09908734574668822,40
R1334T,L-temporal,875.0,-0.11738128863016795,40
R1334T,L-temporal,925.0,-0.12473345589778906,40
R1334T,L-temporal,975.0,-0.10330405070460447,40
R1334T,L-temporal,1025.0,-0.10329914139669963,40
R1334T,L-temporal,1075.0,-0.11051018338986099,40
R1334T,L-temporal,1125.0,-0.08853699044300666,40
R1334T,L-temporal,1175.0,-0.08458045058410127,40
R1334T,L-temporal,1225.0,-0.08507032166219239,40
R1334T,L-temporal,1275.0,-0.06215521222804006,40
R1334T,L-temporal,1325.0,-0.035452500118303344,40
R1334T,L-temporal,1375.0,-0.03290848197468715,40
R1334T,L-temporal,1425.0,-0.08029252828127144,40
R1334T,L-temporal,1475.0,-0.10257065604754667,40
R1334T,L-temporal,1525.0,-0.09169300892501393,40
R1334T,L-temporal,1575.0,-0.053872465800772186,40
R1334T,R-occipital,25.0,-0.02487557696293075,6
R1334T,R-occipital,75.0,-0.01095067012694384,6
R1334T,R-occipital,125.0,-0.03915619935513725,6
R1334T,R-occipital,175.0,-0.031958537768922955,6
R1334T,R-occipital,225.0,-0.05341166371391547,6
R1334T,R-occipital,275.0,-0.048471127374175284,6
R1334T,R-occipital,325.0,-0.05883004671005839,6
R1334T,R-occipital,375.0,-0.0899041264757176,6
R1334T,R-occipital,425.0,-0.07620458144344404,6
R1334T,R-occipital,475.0,-0.07538398596142447,6
R1334T,R-occipital,525.0,-0.09347301756509047,6
R1334T,R-occipital,575.0,-0.09471572332859718,6
R1334T,R-occipital,625.0,-0.09307327082985088,6
R1334T,R-occipital,675.0,-0.08369616035426337,6
R1334T,R-occipital,725.0,-0.08070605683785831,6
R1334T,R-occipital,775.0,-0.11154451880508004,6
R1334T,R-occipital,825.0,-0.10966154477276126,6
R1334T,R-occipital,875.0,-0.11779641537909964,6
R1334T,R-occipital,925.0,-0.13001937614617806,6
R1334T,R-occipital,975.0,-0.10297394217370139,6
R1334T,R-occipital,1025.0,-0.10282659036381984,6
R1334T,R-occipital,1075.0,-0.09910848819104727,6
R1334T,R-occipital,1125.0,-0.10234816319505692,6
R1334T,R-occipital,1175.0,-0.09031492026740578,6
R1334T,R-occipital,1225.0,-0.08415897130049187,6
R1334T,R-occipital,1275.0,-0.05311658778423297,6
R1334T,R-occipital,1325.0,-0.042609155246988085,6
R1334T,R-occipital,1375.0,-0.05346691107880288,6
R1334T,R-occipital,1425.0,-0.09707447312669493,6
R1334T,R-occipital,1475.0,-0.09742507851732435,6
R1334T,R-occipital,1525.0,-0.08116714811258513,6
R1334T,R-occipital,1575.0,-0.06925123359594182,6
R1334T,R-parietal,25.0,0.002081645465375538,15
R1334T,R-parietal,75.0,0.005760736533936912,15
R1334T,R-parietal,125.0,-0.004608637192847997,15
R1334T,R-parietal,175.0,-0.022548965749844004,15
R1334T,R-parietal,225.0,-0.03072902976488532,15
R1334T,R-parietal,275.0,-0.03273413007507928,15
R1334T,R-parietal,325.0,-0.03744977032496723,15
R1334T,R-parietal,375.0,-0.0891919225558064,15
R1334T,R-parietal,425.0,-0.12264841863182344,15
R1334T,R-parietal,475.0,-0.1510659487620919,15
R1334T,R-parietal,525.0,-0.1854455886144112,15
R1334T,R-parietal,575.0,-0.19148428173657692,15
R1334T,R-parietal,625.0,-0.18046697030619985,15
R1334T,R-parietal,675.0,-0.14350659598602927,15
R1334T,R-parietal,725.0,-0.13632741464554438,15
R1334T,R-parietal,775.0,-0.16149117160028276,15
R1334T,R-parietal,825.0,-0.18282270568249667,15
R1334T,R-parietal,875.0,-0.1715460993140275,15
R1334T,R-parietal,925.0,-0.1758474863955263,15
R1334T,R-parietal,975.0,-0.1945483468145292,15
R1334T,R-parietal,1025.0,-0.17783790379432135,15
R1334T,R-parietal,1075.0,-0.13268699143918739,15
R1334T,R-parietal,1125.0,-0.11322952575204077,15
R1334T,R-parietal,1175.0,-0.10509489993084672,15
R1334T,R-parietal,1225.0,-0.09239987689083791,15
R1334T,R-parietal,1275.0,-0.0757109931572068,15
R1334T,R-parietal,1325.0,-0.058763262003677354,15
R1334T,R-parietal,1375.0,-0.04399846953637498,15
R1334T,R-parietal,1425.0,-0.07930844238922176,15
R1334T,R-parietal,1475.0,-0.09045335244431076,15
R1334T,R-parietal,1525.0,-0.10144781091912909,15
R1334T,R-parietal,1575.0,-0.09052613503390634,15
R1334T,R-temporal,25.0,-0.020474949220802667,40
R1334T,R-temporal,75.0,-0.020733880821046068,40
R1334T,R-temporal,125.0,-0.029804459719072453,40
R1334T,R-temporal,175.0,-0.01475922240390759,40
R1334T,R-temporal,225.0,-0.03140292529264615,40
R1334T,R-temporal,275.0,-0.059386149583664526,40
R1334T,R-temporal,325.0,-0.06924918806976955,40
R1334T,R-temporal,375.0,-0.08267438579857692,40
R1334T,R-temporal,425.0,-0.10831442628006498,40
R1334T,R-temporal,475.0,-0.13821312522387566,40
R1334T,R-temporal,525.0,-0.16514607168792306,40
R1334T,R-temporal,575.0,-0.16699389626233305,40
R1334T,R-temporal,625.0,-0.15605481861534815,40
R1334T,R-temporal,675.0,-0.12418580262517571,40
R1334T,R-temporal,725.0,-0.12331872248900524,40
R1334T,R-temporal,775.0,-0.14359502739080462,40
R1334T,R-temporal,825.0,-0.14250156937855762,40
R1334T,R-temporal,875.0,-0.13572292213797418,40
R1334T,R-temporal,925.0,-0.14418399968876625,40
R1334T,R-temporal,975.0,-0.14828798101835955,40
R1334T,R-temporal,1025.0,-0.12417589522900534,40
R1334T,R-temporal,1075.0,-0.10439576216285022,40
R1334T,R-temporal,1125.0,-0.09613959406505065,40
R1334T,R-temporal,1175.0,-0.09524223520643375,40
R1334T,R-temporal,1225.0,-0.08486151865441445,40
R1334T,R-temporal,1275.0,-0.07134000696656764,40
R1334T,R-temporal,1325.0,-0.07684481056722962,40
R1334T,R-temporal,1375.0,-0.0689058034508753,40
R1334T,R-temporal,1425.0,-0.07623882692461725,40
R1334T,R-temporal,1475.0,-0.06950864408952845,40
R1334T,R-temporal,1525.0,-0.08299870916578751,40
R1334T,R-temporal,1575.0,-0.07532781989478879,40
R1337E,L-frontal,25.0,-0.022933499232175057,6
R1337E,L-frontal,75.0,0.06767814763210771,6
R1337E,L-frontal,125.0,0.1830237470321792,6
R1337E,L-frontal,175.0,0.19793366210273933,6
R1337E,L-frontal,225.0,0.11876886712174357,6
R1337E,L-frontal,275.0,0.06710387651748033,6
R1337E,L-frontal,325.0,0.008227107905105882,6
R1337E,L-frontal,375.0,-0.06522616237389511,6
R1337E,L-frontal,425.0,-0.08873197995350728,6
R1337E,L-frontal,475.0,-0.10861191900029449,6
R1337E,L-frontal,525.0,-0.11854635199396561,6
R1337E,L-frontal,575.0,-0.1110262286309001,6
R1337E,L-frontal,625.0,-0.10705876868032833,6
R1337E,L-frontal,675.0,-0.10017843565564989,6
R1337E,L-frontal,725.0,-0.05764967499981013,6
R1337E,L-frontal,775.0,-0.023360687249706625,6
R1337E,L-frontal,825.0,-0.03202138601819476,6
R1337E,L-frontal,875.0,-0.04477231096571166,6
R1337E,L-frontal,925.0,-0.053047680736183205,6
R1337E,L-frontal,975.0,-0.07416035757511492,6
R1337E,L-frontal,1025.0,-0.07352866540610631,6
R1337E,L-frontal,1075.0,-0.046652051963133025,6
R1337E,L-frontal,1125.0,-0.03392210513185018,6
R1337E,L-frontal,1175.0,-0.064630973805152,6
R1337E,L-frontal,1225.0,-0.05983803707269796,6
R1337E,L-frontal,1275.0,-0.025709630421027835,6
R1337E,L-frontal,1325.0,-0.03222919902033786,6
R1337E,L-frontal,1375.0,-0.05290749079268365,6
R1337E,L-frontal,1425.0,-0.09682009337678156,6
R1337E,L-frontal,1475.0,-0.08482197572159132,6
R1337E,L-frontal,1525.0,-0.06832265643892288,6
R1337E,L-frontal,1575.0,-0.08770707617449437,6
R1337E,L-parietal,25.0,-0.04644856321425784,5
R1337E,L-parietal,75.0,-0.0344211222857959,5
R1337E,L-parietal,125.0,-0.046080398461284366,5
R1337E,L-parietal,175.0,-0.027512161578662275,5
R1337E,L-parietal,225.0,-0.05707857159214087,5
R1337E,L-parietal,275.0,-0.0694496372042928,5
R1337E,L-parietal,325.0,-0.10542763798028376,5
R1337E,L-parietal,375.0,-0.11110557910657719,5
R1337E,L-parietal,425.0,-0.06906251275738018,5
R1337E,L-parietal,475.0,-0.06920814330048514,5
R1337E,L-parietal,525.0,-0.07132239125732069,5
R1337E,L-parietal,575.0,-0.020596422177790313,5
R1337E,L-parietal,625.0,-0.01811238154732065,5
R1337E,L-parietal,675.0,-0.016801337629288808,5
R1337E,L-parietal,725.0,-0.0025741139299494237,5
R1337E,L-parietal,775.0,-0.005151609570164828,5
R1337E,L-parietal,825.0,-0.008670226030803996,5
R1337E,L-parietal,875.0,-0.03691933121677287,5
R1337E,L-parietal,925.0,-0.027745204219144982,5
R1337E,L-parietal,975.0,-0.04220837539788064,5
R1337E,L-parietal,1025.0,-0.08476746420066623,5
R1337E,L-parietal,1075.0,-0.08225310762729103,5
R1337E,L-parietal,1125.0,-0.06258671917243777,5
R1337E,L-parietal,1175.0,-0.06347587222096478,5
R1337E,L-parietal,1225.0,-0.07497894436481893,5
R1337E,L-parietal,1275.0,-0.029152852575026457,5
R1337E,L-parietal,1325.0,-0.054783415309063124,5
R1337E,L-parietal,1375.0,-0.07488386330232391,5
R1337E,L-parietal,1425.0,-0.062233503555558324,5
R1337E,L-parietal,1475.0,-0.08181021875507083,5
R1337E,L-parietal,1525.0,-0.030797603288990234,5
R1337E,L-parietal,1575.0,-0.030383853267322552,5
R1337E,L-temporal,25.0,-0.04489122456760218,14
R1337E,L-temporal,75.0,-0.02251725812935314,14
R1337E,L-temporal,125.0,-0.048782401311406445,14
R1337E,L-temporal,175.0,-0.04169310774577944,14
R1337E,L-temporal,225.0,-0.030955804168433864,14
R1337E,L-temporal,275.0,0.007336677443924105,14
R1337E,L-temporal,325.0,-0.03506278709092778,14
R1337E,L-temporal,375.0,-0.05636625134315806,14
R1337E,L-temporal,425.0,-0.07331056796894554,14
R1337E,L-temporal,475.0,-0.08933332825489258,14
R1337E,L-temporal,525.0,-0.08072028329085909,14
R1337E,L-temporal,575.0,-0.03494495552152081,14
R1337E,L-temporal,625.0,-0.03352834941972201,14
R1337E,L-temporal,675.0,-0.030588272093789438,14
R1337E,L-temporal,725.0,-0.02011056224487226,14
R1337E,L-temporal,775.0,-0.02414585522630492,14
R1337E,L-temporal,825.0,-0.018909354457405637,14
R1337E,L-temporal,875.0,-0.05116195618746701,14
R1337E,L-temporal,925.0,-0.05068416347664887,14
R1337E,L-temporal,975.0,-0.0587798443027052,14
R1337E,L-temporal,1025.0,-0.08423961604789663,14
R1337E,L-temporal,1075.0,-0.07533775172354248,14
R1337E,L-temporal,1125.0,-0.06341487357157612,14
R1337E,L-temporal,1175.0,-0.07052531004378264,14
R1337E,L-temporal,1225.0,-0.07592662629974697,14
R1337E,L-temporal,1275.0,-0.05598131568528949,14
R1337E,L-temporal,1325.0,-0.04866839797264322,14
R1337E,L-temporal,1375.0,-0.0579732067276547,14
R1337E,L-temporal,1425.0,-0.09043825461423875,14
R1337E,L-temporal,1475.0,-0.08293647398735106,14
R1337E,L-temporal,1525.0,-0.05522043681425618,14
R1337E,L-temporal,1575.0,-0.03746266687573491,14
R1337E,R-temporal,25.0,-0.06838280974603445,5
R1337E,R-temporal,75.0,-0.03206032886147138,5
R1337E,R-temporal,125.0,0.016897897737659946,5
R1337E,R-temporal,175.0,-0.01385224434538509,5
R1337E,R-temporal,225.0,-0.025999805394457627,5
R1337E,R-temporal,275.0,-0.03155434769441926,5
R1337E,R-temporal,325.0,-0.06574305848560415,5
R1337E,R-temporal,375.0,-0.11238960089658719,5
R1337E,R-temporal,425.0,-0.09018722285514151,5
R1337E,R-temporal,475.0,-0.06548772767560222,5
R1337E,R-temporal,525.0,-0.06467834394166003,5
R1337E,R-temporal,575.0,-0.013765511913965928,5
R1337E,R-temporal,625.0,-0.028595531325156347,5
R1337E,R-temporal,675.0,-0.03911943462905134,5
R1337E,R-temporal,725.0,-0.014495695338277593,5
R1337E,R-temporal,775.0,-0.05376667486819155,5
R1337E,R-temporal,825.0,-0.04086058810346431,5
R1337E,R-temporal,875.0,-0.039367503916894905,5
R1337E,R-temporal,925.0,-0.04715798940803183,5
R1337E,R-temporal,975.0,-0.08252356034485377,5
R1337E,R-temporal,1025.0,-0.06436344102948707,5
R1337E,R-temporal,1075.0,-0.06870717798115801,5
R1337E,R-temporal,1125.0,-0.05676962134548782,5
R1337E,R-temporal,1175.0,-0.07784572727609604,5
R1337E,R-temporal,1225.0,-0.06435686577182795,5
R1337E,R-temporal,1275.0,-0.06569814559359732,5
R1337E,R-temporal,1325.0,-0.05914455937734796,5
R1337E,R-temporal,1375.0,-0.09078456669508797,5
R1337E,R-temporal,1425.0,-0.07815880219963081,5
R1337E,R-temporal,1475.0,-0.04006706930019741,5
R1337E,R-temporal,1525.0,-0.01804228171820492,5
R1337E,R-temporal,1575.0,-0.04697051160274689,5
R1338T,R-parietal,25.0,-0.04136037869247616,4
R1338T,R-parietal,75.0,0.03317289602476807,4
R1338T,R-parietal,125.0,0.10878019293502586,4
R1338T,R-parietal,175.0,0.1375908509215349,4
R1338T,R-parietal,225.0,0.10922163012229542,4
R1338T,R-parietal,275.0,0.1515898483376179,4
R1338T,R-parietal,325.0,0.21432404176767605,4
R1338T,R-parietal,375.0,0.22231465312151077,4
R1338T,R-parietal,425.0,0.1670124402440199,4
R1338T,R-parietal,475.0,0.11733829623665729,4
R1338T,R-parietal,525.0,0.1104224398270308,4
R1338T,R-parietal,575.0,0.15468786306740057,4
R1338T,R-parietal,625.0,0.1452026199681455,4
R1338T,R-parietal,675.0,0.1237398593094154,4
R1338T,R-parietal,725.0,0.1236881049907953,4
R1338T,R-parietal,775.0,0.13036429123460883,4
R1338T,R-parietal,825.0,0.11477851968786817,4
R1338T,R-parietal,875.0,0.08103572763838524,4
R1338T,R-parietal,925.0,0.03705413066726217,4
R1338T,R-parietal,975.0,0.04795555076485067,4
R1338T,R-parietal,1025.0,0.026757072312898776,4
R1338T,R-parietal,1075.0,0.0024782630880818973,4
R1338T,R-parietal,1125.0,0.0060216019536435544,4
R1338T,R-parietal,1175.0,0.016861054099959753,4
R1338T,R-parietal,1225.0,0.032055145575843054,4
R1338T,R-parietal,1275.0,0.0071476727786364234,4
R1338T,R-parietal,1325.0,-0.001533176017770854,4
R1338T,R-parietal,1375.0,0.005171701487120012,4
R1338T,R-parietal,1425.0,-0.008306414773381128,4
R1338T,R-parietal,1475.0,0.008028310357020842,4
R1338T,R-parietal,1525.0,-0.02033198193038217,4
R1338T,R-parietal,1575.0,0.002515120547492816,4
R1341T,L-frontal,25.0,-0.004744798507770806,12
R1341T,L-frontal,75.0,0.0104362690579772,12
R1341T,L-frontal,125.0,0.012569127088729834,12
R1341T,L-frontal,175.0,0.028665048146936226,12
R1341T,L-frontal,225.0,0.04874642053068098,12
R1341T,L-frontal,275.0,0.05448084911950566,12
R1341T,L-frontal,325.0,0.07199875375515895,12
R1341T,L-frontal,375.0,0.07021972636269731,12
R1341T,L-frontal,425.0,0.05962933247928628,12
R1341T,L-frontal,475.0,0.05726980102344128,12
R1341T,L-frontal,525.0,0.07437173425567697,12
R1341T,L-frontal,575.0,0.08931936395001404,12
R1341T,L-frontal,625.0,0.09869566359275578,12
R1341T,L-frontal,675.0,0.08564354324211108,12
R1341T,L-frontal,725.0,0.09260547182252134,12
R1341T,L-frontal,775.0,0.07807685122728941,12
R1341T,L-frontal,825.0,0.06624799551829058,12
R1341T,L-frontal,875.0,0.0544326663530732,12
R1341T,L-frontal,925.0,0.058594548047986285,12
R1341T,L-frontal,975.0,0.05681103185042644,12
R1341T,L-frontal,1025.0,0.05191304900335241,12
R1341T,L-frontal,1075.0,0.053976949037922876,12
R1341T,L-frontal,1125.0,0.04584486515054812,12
R1341T,L-frontal,1175.0,0.04421896408679957,12
R1341T,L-frontal,1225.0,0.02707460280613982,12
R1341T,L-frontal,1275.0,0.01783245603579059,12
R1341T,L-frontal,1325.0,0.018456349795711785,12
R1341T,L-frontal,1375.0,0.03280947861430844,12
R1341T,L-frontal,1425.0,0.025352028866100898,12
R1341T,L-frontal,1475.0,0.02278208996289655,12
R1341T,L-frontal,1525.0,0.02282363488374194,12
R1341T,L-frontal,1575.0,0.029612678316818408,12
R1342M,L-frontal,25.0,0.053725074622707536,3
R1342M,L-frontal,75.0,0.0015788776936337251,3
R1342M,L-frontal,125.0,0.0279715307894839,3
R1342M,L-frontal,175.0,0.006694173299112177,3
R1342M,L-frontal,225.0,0.01308155979403991,3
R1342M,L-frontal,275.0,-0.09264754355358835,3
R1342M,L-frontal,325.0,-0.07910589423526333,3
R1342M,L-frontal,375.0,0.0010381856320758238,3
R1342M,L-frontal,425.0,-0.004365178744109559,3
R1342M,L-frontal,475.0,0.0068314888916778576,3
R1342M,L-frontal,525.0,0.027736142856812928,3
R1342M,L-frontal,575.0,0.02592459286279993,3
R1342M,L-frontal,625.0,0.06500937413598191,3
R1342M,L-frontal,675.0,0.08446234835901399,3
R1342M,L-frontal,725.0,0.057727415653645614,3
R1342M,L-frontal,775.0,0.007311073760707505,3
R1342M,L-frontal,825.0,0.006545308256347783,3
R1342M,L-frontal,875.0,0.004278062841713765,3
R1342M,L-frontal,925.0,-0.020812212757701908,3
R1342M,L-frontal,975.0,-0.04546788521981218,3
R1342M,L-frontal,1025.0,-0.07398140083191312,3
R1342M,L-frontal,1075.0,-0.031027598024665412,3
R1342M,L-frontal,1125.0,-0.0218177502404801,3
R1342M,L-frontal,1175.0,-0.014166867194348084,3
R1342M,L-frontal,1225.0,0.00832429704447528,3
R1342M,L-frontal,1275.0,-0.010049272576526413,3
R1342M,L-frontal,1325.0,-0.0421455433737403,3
R1342M,L-frontal,1375.0,-0.07571084626343809,3
R1342M,L-frontal,1425.0,-0.0184024588641697,3
R1342M,L-frontal,1475.0,0.005748277499852788,3
R1342M,L-frontal,1525.0,0.004971729309553252,3
R1342M,L-frontal,1575.0,-0.0425588210796915,3
R1342M,R-temporal,25.0,0.08384088895131558,3
R1342M,R-temporal,75.0,0.03873463072495189,3
R1342M,R-temporal,125.0,0.056470894664109185,3
R1342M,R-temporal,175.0,0.08276967033545328,3
R1342M,R-temporal,225.0,0.045563478618615726,3
R1342M,R-temporal,275.0,0.10188191491649518,3
R1342M,R-temporal,325.0,0.1090198041153343,3
R1342M,R-temporal,375.0,0.10379557684238318,3
R1342M,R-temporal,425.0,0.09787487395195464,3
R1342M,R-temporal,475.0,0.049852484352411804,3
R1342M,R-temporal,525.0,0.04109022823327347,3
R1342M,R-temporal,575.0,0.07702395158866661,3
R1342M,R-temporal,625.0,0.07901242513758333,3
R1342M,R-temporal,675.0,0.0887500019140816,3
R1342M,R-temporal,725.0,0.028522228388407293,3
R1342M,R-temporal,775.0,0.08419408264526167,3
R1342M,R-temporal,825.0,0.07742605989583319,3
R1342M,R-temporal,875.0,0.08517491242894178,3
R1342M,R-temporal,925.0,0.09866603562859899,3
R1342M,R-temporal,975.0,0.06245812552093808,3
R1342M,R-temporal,1025.0,0.06792427963835403,3
R1342M,R-temporal,1075.0,0.09951335975873171,3
R1342M,R-temporal,1125.0,0.06231783406601852,3
R1342M,R-temporal,1175.0,0.015912533048635408,3
R1342M,R-temporal,1225.0,0.0983946213060873,3
R1342M,R-temporal,1275.0,0.05484073316761238,3
R1342M,R-temporal,1325.0,0.07197629373966886,3
R1342M,R-temporal,1375.0,0.07677847271460612,3
R1342M,R-temporal,1425.0,0.05831178970952925,3
R1342M,R-temporal,1475.0,0.10311763545605213,3
R1342M,R-temporal,1525.0,0.07994600272840707,3
R1342M,R-temporal,1575.0,0.09423910470167479,3
R1346T,L-frontal,25.0,-0.0025253413047553776,6
R1346T,L-frontal,75.0,0.004339465460132379,6
R1346T,L-frontal,125.0,0.006865992682752027,6
R1346T,L-frontal,175.0,0.018797648258101426,6
R1346T,L-frontal,225.0,-0.025291278967365705,6
R1346T,L-frontal,275.0,-0.03738392438496504,6
R1346T,L-frontal,325.0,-0.06808163226033949,6
R1346T,L-frontal,375.0,-0.0828182609011087,6
R1346T,L-frontal,425.0,-0.08299388560043121,6
R1346T,L-frontal,475.0,-0.09191084547857213,6
R1346T,L-frontal,525.0,-0.07513735060035,6
R1346T,L-frontal,575.0,-0.054164295587418844,6
R1346T,L-frontal,625.0,-0.011239098466522768,6
R1346T,L-frontal,675.0,0.0004440647274220703,6
R1346T,L-frontal,725.0,-0.015301028956917298,6
R1346T,L-frontal,775.0,-0.03760815290618321,6
R1346T,L-frontal,825.0,0.0012402823174202937,6
R1346T,L-frontal,875.0,0.017016941434932552,6
R1346T,L-frontal,925.0,-0.014672337867485513,6
R1346T,L-frontal,975.0,-0.017854658960696438,6
R1346T,L-frontal,1025.0,-0.03487169157898389,6
R1346T,L-frontal,1075.0,-0.015426427465872411,6
R1346T,L-frontal,1125.0,-0.004334583730430291,6
R1346T,L-frontal,1175.0,0.01487816023329975,6
R1346T,L-frontal,1225.0,-0.018183140809314494,6
R1346T,L-frontal,1275.0,-0.030764647513733877,6
R1346T,L-frontal,1325.0,-0.007071928050892374,6
R1346T,L-frontal,1375.0,-0.031621145764330914,6
R1346T,L-frontal,1425.0,-0.037046379480441996,6
R1346T,L-frontal,1475.0,8.743728706897547e-05,6
R1346T,L-frontal,1525.0,0.021866415151472102,6
R1346T,L-frontal,1575.0,0.03799625773508342,6
R1346T,L-parietal,25.0,-0.038880372586187414,4
R1346T,L-parietal,75.0,-0.01465104888486252,4
R1346T,L-parietal,125.0,-0.03276214372173852,4
R1346T,L-parietal,175.0,-0.03143148686699668,4
R1346T,L-parietal,225.0,-0.05321444357130441,4
R1346T,L-parietal,275.0,-0.07317355125143146,4
R1346T,L-parietal,325.0,-0.0320218609721334,4
R1346T,L-parietal,375.0,-0.012434593066418493,4
R1346T,L-parietal,425.0,-0.020021053640459516,4
R1346T,L-parietal,475.0,-0.05513693180956921,4
R1346T,L-parietal,525.0,-0.058365680083920526,4
R1346T,L-parietal,575.0,-0.07608376111827787,4
R1346T,L-parietal,625.0,-0.0784275861407047,4
R1346T,L-parietal,675.0,-0.05615697383401722,4
R1346T,L-parietal,725.0,-0.06789176852828586,4
R1346T,L-parietal,775.0,-0.0807976299231746,4
R1346T,L-parietal,825.0,-0.029556502935028626,4
R1346T,L-parietal,875.0,0.0217277715894192,4
R1346T,L-parietal,925.0,-0.007401528771648507,4
R1346T,L-parietal,975.0,-0.08095262572494331,4
R1346T,L-parietal,1025.0,-0.04663650885977157,4
R1346T,L-parietal,1075.0,-0.06992848397953624,4
R1346T,L-parietal,1125.0,-0.07513016498893643,4
R1346T,L-parietal,1175.0,-0.05892554882407279,4
R1346T,L-parietal,1225.0,-0.08661162304915568,4
R1346T,L-parietal,1275.0,-0.08197193481952963,4
R1346T,L-parietal,1325.0,-0.05344421763575297,4
R1346T,L-parietal,1375.0,-0.05835904696377649,4
R1346T,L-parietal,1425.0,-0.05232851818455381,4
R1346T,L-parietal,1475.0,-0.03382891376497846,4
R1346T,L-parietal,1525.0,-0.03660897135527859,4
R1346T,L-parietal,1575.0,-0.04162002321092872,4
R1346T,R-temporal,25.0,-0.03479822183451697,7
R1346T,R-temporal,75.0,-0.023741465014741014,7
R1346T,R-temporal,125.0,-0.0026330262298665786,7
R1346T,R-temporal,175.0,0.08468261592419533,7
R1346T,R-temporal,225.0,0.09685068234781018,7
R1346T,R-temporal,275.0,0.07001904512303479,7
R1346T,R-temporal,325.0,0.06709294353162736,7
R1346T,R-temporal,375.0,0.07264608437451872,7
R1346T,R-temporal,425.0,0.07002282900287546,7
R1346T,R-temporal,475.0,0.06384565328217705,7
R1346T,R-temporal,525.0,0.043275214274871285,7
R1346T,R-temporal,575.0,-0.0002830507273518028,7
R1346T,R-temporal,625.0,-0.003360992435445527,7
R1346T,R-temporal,675.0,0.01050470654646978,7
R1346T,R-temporal,725.0,0.027426383699970823,7
R1346T,R-temporal,775.0,0.003372278492777686,7
R1346T,R-temporal,825.0,-0.018608133323131486,7
R1346T,R-temporal,875.0,-0.00675560942623718,7
R1346T,R-temporal,925.0,-0.005813614026055458,7
R1346T,R-temporal,975.0,-0.03570259251456832,7
R1346T,R-temporal,1025.0,-0.040794975576187574,7
R1346T,R-temporal,1075.0,-0.03372466391433051,7
R1346T,R-temporal,1125.0,-0.03344119820967084,7
R1346T,R-temporal,1175.0,-0.019308018641994985,7
R1346T,R-temporal,1225.0,-0.025935243528965837,7
R1346T,R-temporal,1275.0,-0.008831906655347985,7
R1346T,R-temporal,1325.0,-0.020259231258363687,7
R1346T,R-temporal,1375.0,-0.03381473748194258,7
R1346T,R-temporal,1425.0,-0.030714120180682803,7
R1346T,R-temporal,1475.0,-0.0255730328012757,7
R1346T,R-temporal,1525.0,-0.0411900053618026,7
R1346T,R-temporal,1575.0,-0.05738002658918296,7
R1349T,L-frontal,25.0,0.11170647744635684,8
R1349T,L-frontal,75.0,0.09051452125758987,8
R1349T,L-frontal,125.0,0.09177297080404746,8
R1349T,L-frontal,175.0,0.08852914003779905,8
R1349T,L-frontal,225.0,0.09085354063636808,8
R1349T,L-frontal,275.0,0.06092279118973651,8
R1349T,L-frontal,325.0,0.00261012808166647,8
R1349T,L-frontal,375.0,-0.056239902144320994,8
R1349T,L-frontal,425.0,-0.09130922030001282,8
R1349T,L-frontal,475.0,-0.024843134510813103,8
R1349T,L-frontal,525.0,0.011139058645310475,8
R1349T,L-frontal,575.0,-0.004219326330998634,8
R1349T,L-frontal,625.0,-0.04339650236869193,8
R1349T,L-frontal,675.0,-0.06346818239804028,8
R1349T,L-frontal,725.0,-0.07591428460686872,8
R1349T,L-frontal,775.0,-0.09956332489886403,8
R1349T,L-frontal,825.0,-0.03607808501616239,8
R1349T,L-frontal,875.0,0.05734469548739987,8
R1349T,L-frontal,925.0,0.11140463613656733,8
R1349T,L-frontal,975.0,0.07042369699489617,8
R1349T,L-frontal,1025.0,0.046079762165121246,8
R1349T,L-frontal,1075.0,0.0020177304103488856,8
R1349T,L-frontal,1125.0,-0.10970779867596786,8
R1349T,L-frontal,1175.0,-0.14294450519303356,8
R1349T,L-frontal,1225.0,-0.10699467543179939,8
R1349T,L-frontal,1275.0,0.00896492513010153,8
R1349T,L-frontal,1325.0,0.09000728669797284,8
R1349T,L-frontal,1375.0,0.11227048360710598,8
R1349T,L-frontal,1425.0,0.06372769191885669,8
R1349T,L-frontal,1475.0,0.003232126054380358,8
R1349T,L-frontal,1525.0,-0.01460361105001214,8
R1349T,L-frontal,1575.0,0.02716770564922233,8
R1349T,L-parietal,25.0,0.042205023990205794,3
R1349T,L-parietal,75.0,0.06108265595453031,3
R1349T,L-parietal,125.0,0.09193913738667182,3
R1349T,L-parietal,175.0,0.05217588311389152,3
R1349T,L-parietal,225.0,0.14181715467443387,3
R1349T,L-parietal,275.0,0.25176243339998283,3
R1349T,L-parietal,325.0,0.31536270574606357,3
R1349T,L-parietal,375.0,0.24176214470492208,3
R1349T,L-parietal,425.0,0.10937510053063133,3
R1349T,L-parietal,475.0,0.19311086043198014,3
R1349T,L-parietal,525.0,0.1666675659941844,3
R1349T,L-parietal,575.0,0.04404469089467525,3
R1349T,L-parietal,625.0,0.04059891104358474,3
R1349T,L-parietal,675.0,0.03266643569250103,3
R1349T,L-parietal,725.0,0.00741163478670727,3
R1349T,L-parietal,775.0,0.03414641146793507,3
R1349T,L-parietal,825.0,0.01116256696872473,3
R1349T,L-parietal,875.0,0.07875963905081526,3
R1349T,L-parietal,925.0,0.07265619674289246,3
R1349T,L-parietal,975.0,0.1277148990124828,3
R1349T,L-parietal,1025.0,0.135642907307134,3
R1349T,L-parietal,1075.0,0.10604231899474616,3
R1349T,L-parietal,1125.0,0.05390474563471817,3
R1349T,L-parietal,1175.0,-0.00495064395142474,3
R1349T,L-parietal,1225.0,0.05822535987055977,3
R1349T,L-parietal,1275.0,0.08569929316876668,3
R1349T,L-parietal,1325.0,0.1144908660449966,3
R1349T,L-parietal,1375.0,0.06314059652202307,3
R1349T,L-parietal,1425.0,0.09369047441909077,3
R1349T,L-parietal,1475.0,0.018322817813579688,3
R1349T,L-parietal,1525.0,0.0006781089418802835,3
R1349T,L-parietal,1575.0,0.03128459004476581,3
R1349T,R-parietal,25.0,0.09469583418819232,3
R1349T,R-parietal,75.0,0.03787226568229023,3
R1349T,R-parietal,125.0,0.08427424413513591,3
R1349T,R-parietal,175.0,0.10486543352038989,3
R1349T,R-parietal,225.0,0.09903687284548233,3
R1349T,R-parietal,275.0,0.06221827092667595,3
R1349T,R-parietal,325.0,0.10722188479642492,3
R1349T,R-parietal,375.0,0.1469854031060349,3
R1349T,R-parietal,425.0,0.1291886285536252,3
R1349T,R-parietal,475.0,0.21479441886493514,3
R1349T,R-parietal,525.0,0.21651794410455616,3
R1349T,R-parietal,575.0,0.12406238116105299,3
R1349T,R-parietal,625.0,0.20206689563955615,3
R1349T,R-parietal,675.0,0.18137955091634972,3
R1349T,R-parietal,725.0,0.2287636431142058,3
R1349T,R-parietal,775.0,0.23320186113552524,3
R1349T,R-parietal,825.0,0.19819091959133464,3
R1349T,R-parietal,875.0,0.17690440412969285,3
R1349T,R-parietal,925.0,0.139337066593579,3
R1349T,R-parietal,975.0,0.11081901251792708,3
R1349T,R-parietal,1025.0,0.07080263104982265,3
R1349T,R-parietal,1075.0,0.10752740515294394,3
R1349T,R-parietal,1125.0,0.14420234844199442,3
R1349T,R-parietal,1175.0,0.039364074721559526,3
R1349T,R-parietal,1225.0,0.0399898379287272,3
R1349T,R-parietal,1275.0,0.0036786868234370434,3
R1349T,R-parietal,1325.0,0.06729611057969485,3
R1349T,R-parietal,1375.0,0.07481613775284181,3
R1349T,R-parietal,1425.0,-0.028557327467756067,3
R1349T,R-parietal,1475.0,0.09664550465039429,3
R1349T,R-parietal,1525.0,0.028949402073627336,3
R1349T,R-parietal,1575.0,-0.039232988681366036,3
R1351M,R-temporal,25.0,0.011714118280403954,7
R1351M,R-temporal,75.0,0.03358621392962129,7
R1351M,R-temporal,125.0,0.005505721226177554,7
R1351M,R-temporal,175.0,0.013979257119045446,7
R1351M,R-temporal,225.0,-0.002413536618952522,7
R1351M,R-temporal,275.0,-0.0036250126610531635,7
R1351M,R-temporal,325.0,0.003929659241887615,7
R1351M,R-temporal,375.0,0.009263612371305487,7
R1351M,R-temporal,425.0,0.026616933933177572,7
R1351M,R-temporal,475.0,-0.034621185440160344,7
R1351M,R-temporal,525.0,-0.04669045838317359,7
R1351M,R-temporal,575.0,0.04218822800995744,7
R1351M,R-temporal,625.0,-0.009779492966474188,7
R1351M,R-temporal,675.0,-0.03651710439506019,7
R1351M,R-temporal,725.0,-0.039850579922797176,7
R1351M,R-temporal,775.0,-0.03922527551847892,7
R1351M,R-temporal,825.0,-0.043081059819213806,7
R1351M,R-temporal,875.0,0.037876978970258976,7
R1351M,R-temporal,925.0,0.0437104771856209,7
R1351M,R-temporal,975.0,0.012656686831262596,7
R1351M,R-temporal,1025.0,-0.012443656159443645,7
R1351M,R-temporal,1075.0,-0.03363467178113416,7
R1351M,R-temporal,1125.0,0.003556526967680232,7
R1351M,R-temporal,1175.0,-0.014514134833744844,7
R1351M,R-temporal,1225.0,-0.01864978782793707,7
R1351M,R-temporal,1275.0,-0.04491019271106457,7
R1351M,R-temporal,1325.0,0.012375663678034015,7
R1351M,R-temporal,1375.0,0.01445946302169532,7
R1351M,R-temporal,1425.0,-0.030089342593115874,7
R1351M,R-temporal,1475.0,-0.038249610487777495,7
R1351M,R-temporal,1525.0,-0.009079801570607044,7
R1351M,R-temporal,1575.0,-0.018742961855362977,7
R1367D,L-frontal,25.0,0.016753139392251305,6
R1367D,L-frontal,75.0,-0.01128559743540867,6
R1367D,L-frontal,125.0,0.0562618993682954,6
R1367D,L-frontal,175.0,0.1639850508689454,6
R1367D,L-frontal,225.0,0.18794099484263124,6
R1367D,L-frontal,275.0,0.2062072372895549,6
R1367D,L-frontal,325.0,0.19385139395849862,6
R1367D,L-frontal,375.0,0.19854124096739711,6
R1367D,L-frontal,425.0,0.17282904341870334,6
R1367D,L-frontal,475.0,0.14192397189536,6
R1367D,L-frontal,525.0,0.10617928283046636,6
R1367D,L-frontal,575.0,0.07752910890482052,6
R1367D,L-frontal,625.0,0.0869439135851352,6
R1367D,L-frontal,675.0,0.10828312964239745,6
R1367D,L-frontal,725.0,0.0891092203560881,6
R1367D,L-frontal,775.0,0.09661255257635558,6
R1367D,L-frontal,825.0,0.0807978169723289,6
R1367D,L-frontal,875.0,0.051148843200343345,6
R1367D,L-frontal,925.0,0.0639938340058712,6
R1367D,L-frontal,975.0,0.0909749585998968,6
R1367D,L-frontal,1025.0,0.07739118325224494,6
R1367D,L-frontal,1075.0,0.061849706440292605,6
R1367D,L-frontal,1125.0,0.0699287007159376,6
R1367D,L-frontal,1175.0,0.05499872628406157,6
R1367D,L-frontal,1225.0,0.03738757491940681,6
R1367D,L-frontal,1275.0,0.02806159978317571,6
R1367D,L-frontal,1325.0,0.020307297781357262,6
R1367D,L-frontal,1375.0,0.021869843231666002,6
R1367D,L-frontal,1425.0,-0.0045714400782186915,6
R1367D,L-frontal,1475.0,0.04427400649695575,6
R1367D,L-frontal,1525.0,0.05059468405546886,6
R1367D,L-frontal,1575.0,0.007420122007084466,6
R1367D,R-frontal,25.0,0.005110618942698595,9
R1367D,R-frontal,75.0,-0.0030666546066545437,9
R1367D,R-frontal,125.0,0.018508235526621616,9
R1367D,R-frontal,175.0,0.07355967013278518,9
R1367D,R-frontal,225.0,0.05410252585771323,9
R1367D,R-frontal,275.0,-0.0006339667348407975,9
R1367D,R-frontal,325.0,0.00461998693479269,9
R1367D,R-frontal,375.0,0.002020431117699361,9
R1367D,R-frontal,425.0,-0.014096968576201463,9
R1367D,R-frontal,475.0,-0.012186611035712515,9
R1367D,R-frontal,525.0,0.0036316644834206374,9
R1367D,R-frontal,575.0,-0.019297329544283502,9
R1367D,R-frontal,625.0,-0.023162638042866227,9
R1367D,R-frontal,675.0,-0.011134866267128932,9
R1367D,R-frontal,725.0,0.00679624742722745,9
R1367D,R-frontal,775.0,0.02941907265260023,9
R1367D,R-frontal,825.0,0.024953754195072123,9
R1367D,R-frontal,875.0,0.0017388488077620568,9
R1367D,R-frontal,925.0,-0.001866435620893169,9
R1367D,R-frontal,975.0,0.03246874644906776,9
R1367D,R-frontal,1025.0,0.04845925313738487,9
R1367D,R-frontal,1075.0,0.04415883349900215,9
R1367D,R-frontal,1125.0,0.049810791362893174,9
R1367D,R-frontal,1175.0,0.03727209814090745,9
R1367D,R-frontal,1225.0,0.05526417351529736,9
R1367D,R-frontal,1275.0,0.02252664473267497,9
R1367D,R-frontal,1325.0,0.02862659824996798,9
R1367D,R-frontal,1375.0,0.030090479695838765,9
R1367D,R-frontal,1425.0,0.015703733691901995,9
R1367D,R-frontal,1475.0,-0.0251981939079153,9
R1367D,R-frontal,1525.0,-0.015239857490545516,9
R1367D,R-frontal,1575.0,0.021558793318399588,9
R1367D,R-temporal,25.0,-0.06589641292951397,3
R1367D,R-temporal,75.0,0.006728599471009477,3
R1367D,R-temporal,125.0,0.28923101376349897,3
R1367D,R-temporal,175.0,0.38053914794545046,3
R1367D,R-temporal,225.0,0.2437094337486736,3
R1367D,R-temporal,275.0,0.03203495438005625,3
R1367D,R-temporal,325.0,-0.07891294220845112,3
R1367D,R-temporal,375.0,-0.13388108433748938,3
R1367D,R-temporal,425.0,-0.21238484478092243,3
R1367D,R-temporal,475.0,-0.21620954299655404,3
R1367D,R-temporal,525.0,-0.2377897438918389,3
R1367D,R-temporal,575.0,-0.252193201541772,3
R1367D,R-temporal,625.0,-0.24436335268270667,3
R1367D,R-temporal,675.0,-0.2521507833888312,3
R1367D,R-temporal,725.0,-0.19624216740011535,3
R1367D,R-temporal,775.0,-0.1523540793792307,3
R1367D,R-temporal,825.0,-0.13652342002816598,3
R1367D,R-temporal,875.0,-0.11372676486925486,3
R1367D,R-temporal,925.0,-0.10111290774566302,3
R1367D,R-temporal,975.0,-0.1202782638729717,3
R1367D,R-temporal,1025.0,-0.135702876911329,3
R1367D,R-temporal,1075.0,-0.14487904448852879,3
R1367D,R-temporal,1125.0,-0.1169998650567395,3
R1367D,R-temporal,1175.0,-0.08174048239451642,3
R1367D,R-temporal,1225.0,-0.13165941365261602,3
R1367D,R-temporal,1275.0,-0.07508737845405579,3
R1367D,R-temporal,1325.0,-0.05027027473860368,3
R1367D,R-temporal,1375.0,-0.053129938626678315,3
R1367D,R-temporal,1425.0,-0.03908770933148,3
R1367D,R-temporal,1475.0,-0.08258417397230293,3
R1367D,R-temporal,1525.0,-0.0867999938681542,3
R1367D,R-temporal,1575.0,-0.06243892856983666,3
R1413D,L-frontal,25.0,-0.018399423190090494,18
R1413D,L-frontal,75.0,0.014249125956442864,18
R1413D,L-frontal,125.0,0.023108242392893275,18
R1413D,L-frontal,175.0,0.033947140677538276,18
R1413D,L-frontal,225.0,0.07340520002200296,18
R1413D,L-frontal,275.0,0.10072427064074976,18
R1413D,L-frontal,325.0,0.18437514295000332,18
R1413D,L-frontal,375.0,0.1898173644513227,18
R1413D,L-frontal,425.0,0.18399342271681307,18
R1413D,L-frontal,475.0,0.1826573399681305,18
R1413D,L-frontal,525.0,0.15081916002695264,18
R1413D,L-frontal,575.0,0.09783954037562609,18
R1413D,L-frontal,625.0,0.08756086455759525,18
R1413D,L-frontal,675.0,0.10677508672906474,18
R1413D,L-frontal,725.0,0.10816114614818106,18
R1413D,L-frontal,775.0,0.10971209911200425,18
R1413D,L-frontal,825.0,0.13115017084582956,18
R1413D,L-frontal,875.0,0.088293990239288,18
R1413D,L-frontal,925.0,0.07073636061127532,18
R1413D,L-frontal,975.0,0.09378243678636783,18
R1413D,L-frontal,1025.0,0.1079274000166663,18
R1413D,L-frontal,1075.0,0.0969196250284702,18
R1413D,L-frontal,1125.0,0.052474965352158925,18
R1413D,L-frontal,1175.0,0.04588325264345558,18
R1413D,L-frontal,1225.0,0.056767895601964775,18
R1413D,L-frontal,1275.0,0.042047783957095596,18
R1413D,L-frontal,1325.0,0.06044764850930932,18
R1413D,L-frontal,1375.0,0.0639900223035397,18
R1413D,L-frontal,1425.0,0.034747214441656446,18
R1413D,L-frontal,1475.0,0.035163359215120434,18
R1413D,L-frontal,1525.0,0.043013498365463566,18
R1413D,L-frontal,1575.0,0.05368920862608504,18
R1413D,L-temporal,25.0,0.0018864926386773957,4
R1413D,L-temporal,75.0,-0.03361266434297813,4
R1413D,L-temporal,125.0,-0.05198895730839372,4
R1413D,L-temporal,175.0,0.012901562818055294,4
R1413D,L-temporal,225.0,0.065132738645898,4
R1413D,L-temporal,275.0,0.07279935462898045,4
R1413D,L-temporal,325.0,0.11977542026833096,4
R1413D,L-temporal,375.0,0.1782168738391187,4
R1413D,L-temporal,425.0,0.17811838565165142,4
R1413D,L-temporal,475.0,0.1570357933521136,4
R1413D,L-temporal,525.0,0.13349040719015398,4
R1413D,L-temporal,575.0,0.09713890172914363,4
R1413D,L-temporal,625.0,0.1576245045342799,4
R1413D,L-temporal,675.0,0.09038316471189867,4
R1413D,L-temporal,725.0,0.11183684362136384,4
R1413D,L-temporal,775.0,0.08595732718535613,4
R1413D,L-temporal,825.0,0.0697219460366806,4
R1413D,L-temporal,875.0,0.05670179359872813,4
R1413D,L-temporal,925.0,0.054772917300852104,4
R1413D,L-temporal,975.0,0.061803549542543024,4
R1413D,L-temporal,1025.0,0.08835566897646904,4
R1413D,L-temporal,1075.0,0.018287395416565003,4
R1413D,L-temporal,1125.0,0.11824041476999608,4
R1413D,L-temporal,1175.0,0.08864877628294972,4
R1413D,L-temporal,1225.0,0.05748207421458851,4
R1413D,L-temporal,1275.0,0.03905208308664804,4
R1413D,L-temporal,1325.0,0.02885782000894655,4
R1413D,L-temporal,1375.0,0.07353382610582716,4
R1413D,L-temporal,1425.0,0.10740975862977649,4
R1413D,L-temporal,1475.0,0.08703518645266882,4
R1413D,L-temporal,1525.0,-0.0014758752710690506,4
R1413D,L-temporal,1575.0,-0.010218495383440107,4
R1569T,L-frontal,25.0,-0.040763486997290724,13
R1569T,L-frontal,75.0,-0.03108254238481464,13
R1569T,L-frontal,125.0,-0.0035738442001367406,13
R1569T,L-frontal,175.0,0.0478919745394477,13
R1569T,L-frontal,225.0,0.026725391548371245,13
R1569T,L-frontal,275.0,0.04878209947888519,13
R1569T,L-frontal,325.0,0.060541705782348625,13
R1569T,L-frontal,375.0,0.04484561700504262,13
R1569T,L-frontal,425.0,-0.04023925223314995,13
R1569T,L-frontal,475.0,-0.06734056659719687,13
R1569T,L-frontal,525.0,-0.04216683595378637,13
R1569T,L-frontal,575.0,-0.0236550036847241,13
R1569T,L-frontal,625.0,-0.04739252856591351,13
R1569T,L-frontal,675.0,-0.05184724128827949,13
R1569T,L-frontal,725.0,-0.017621407623711092,13
R1569T,L-frontal,775.0,0.03054501332546258,13
R1569T,L-frontal,825.0,0.07471440544426756,13
R1569T,L-frontal,875.0,0.04936581929315952,13
R1569T,L-frontal,925.0,-0.021876368252448066,13
R1569T,L-frontal,975.0,0.017184492668388177,13
R1569T,L-frontal,1025.0,0.024406081481191413,13
R1569T,L-frontal,1075.0,0.012456856771393094,13
R1569T,L-frontal,1125.0,0.03994613202257579,13
R1569T,L-frontal,1175.0,0.08792397335210783,13
R1569T,L-frontal,1225.0,0.06781274526413145,13
R1569T,L-frontal,1275.0,0.05392799380774626,13
R1569T,L-frontal,1325.0,0.03692973796239047,13
R1569T,L-frontal,1375.0,0.006674397596877434,13
R1569T,L-frontal,1425.0,0.04548467369662419,13
R1569T,L-frontal,1475.0,0.04115731731813431,13
R1569T,L-frontal,1525.0,-0.000845434082192982,13
R1569T,L-frontal,1575.0,0.0013671558575124763,13
R1569T,L-occipital,25.0,0.02747232371915333,6
R1569T,L-occipital,75.0,0.08707406786482848,6
R1569T,L-occipital,125.0,0.14034222104185387,6
R1569T,L-occipital,175.0,0.2568636406709731,6
R1569T,L-occipital,225.0,0.3289193537352595,6
R1569T,L-occipital,275.0,0.3727278394301019,6
R1569T,L-occipital,325.0,0.36625798904636686,6
R1569T,L-occipital,375.0,0.3259158782302666,6
R1569T,L-occipital,425.0,0.25589669695493117,6
R1569T,L-occipital,475.0,0.23254115767154535,6
R1569T,L-occipital,525.0,0.20249974988100225,6
R1569T,L-occipital,575.0,0.10896426568378248,6
R1569T,L-occipital,625.0,0.07408192401135279,6
R1569T,L-occipital,675.0,0.04090329532713907,6
R1569T,L-occipital,725.0,0.06671609938680703,6
R1569T,L-occipital,775.0,0.16411011063423467,6
R1569T,L-occipital,825.0,0.17745703698911544,6
R1569T,L-occipital,875.0,0.11181542539634486,6
R1569T,L-occipital,925.0,-0.032964746429306045,6
R1569T,L-occipital,975.0,-0.004320315587449142,6
R1569T,L-occipital,1025.0,0.06697416272363263,6
R1569T,L-occipital,1075.0,0.03464042659142252,6
R1569T,L-occipital,1125.0,0.04958030132073979,6
R1569T,L-occipital,1175.0,0.04105502161365326,6
R1569T,L-occipital,1225.0,0.00743188957712938,6
R1569T,L-occipital,1275.0,0.07943421545591824,6
R1569T,L-occipital,1325.0,0.06980858038380866,6
R1569T,L-occipital,1375.0,0.03978611116590844,6
R1569T,L-occipital,1425.0,0.015320007119749885,6
R1569T,L-occipital,1475.0,-0.024197701452808015,6
R1569T,L-occipital,1525.0,0.00829683543684658,6
R1569T,L-occipital,1575.0,0.06600216366306921,6
R1569T,L-parietal,25.0,0.057209193496228224,8
R1569T,L-parietal,75.0,0.05559503106178993,8
R1569T,L-parietal,125.0,0.14509616602303516,8
R1569T,L-parietal,175.0,0.28059748311674815,8
R1569T,L-parietal,225.0,0.39037021205120426,8
R1569T,L-parietal,275.0,0.4923652239327212,8
R1569T,L-parietal,325.0,0.4849335966484798,8
R1569T,L-parietal,375.0,0.4366178800137681,8
R1569T,L-parietal,425.0,0.29466438312397897,8
R1569T,L-parietal,475.0,0.1918473463744949,8
R1569T,L-parietal,525.0,0.2028817767661357,8
R1569T,L-parietal,575.0,0.1416602012076819,8
R1569T,L-parietal,625.0,0.09130222214916313,8
R1569T,L-parietal,675.0,0.10452027623800714,8
R1569T,L-parietal,725.0,0.09879598708346725,8
R1569T,L-parietal,775.0,0.10485594728920729,8
R1569T,L-parietal,825.0,0.11766570018527399,8
R1569T,L-parietal,875.0,0.14295986043450493,8
R1569T,L-parietal,925.0,0.13037348901785886,8
R1569T,L-parietal,975.0,0.12224762949431014,8
R1569T,L-parietal,1025.0,0.12524046608201223,8
R1569T,L-parietal,1075.0,0.10075734837541525,8
R1569T,L-parietal,1125.0,0.11313864476907963,8
R1569T,L-parietal,1175.0,0.10220912324403844,8
R1569T,L-parietal,1225.0,0.055294405931165413,8
R1569T,L-parietal,1275.0,0.06864730576700337,8
R1569T,L-parietal,1325.0,0.07676658251955125,8
R1569T,L-parietal,1375.0,0.03190432996000155,8
R1569T,L-parietal,1425.0,0.04822467989389744,8
R1569T,L-parietal,1475.0,0.06432786584621303,8
R1569T,L-parietal,1525.0,0.03734322706294289,8
R1569T,L-parietal,1575.0,0.03374920280986825,8
R1569T,L-temporal,25.0,-0.005607849808572248,12
R1569T,L-temporal,75.0,-0.00619118949163807,12
R1569T,L-temporal,125.0,0.012512669100118745,12
R1569T,L-temporal,175.0,0.0811338766216188,12
R1569T,L-temporal,225.0,0.10759333654483137,12
R1569T,L-temporal,275.0,0.14299855992157576,12
R1569T,L-temporal,325.0,0.12142485370586074,12
R1569T,L-temporal,375.0,0.12885464774012012,12
R1569T,L-temporal,425.0,0.069161591664566,12
R1569T,L-temporal,475.0,0.039789006424157475,12
R1569T,L-temporal,525.0,0.01625903073740899,12
R1569T,L-temporal,575.0,0.012337525238236816,12
R1569T,L-temporal,625.0,-0.03881930252084129,12
R1569T,L-temporal,675.0,-0.04178353028122853,12
R1569T,L-temporal,725.0,0.010278514090057053,12
R1569T,L-temporal,775.0,-0.0024076239903342497,12
R1569T,L-temporal,825.0,-0.032423306895463425,12
R1569T,L-temporal,875.0,-0.04517266192315338,12
R1569T,L-temporal,925.0,-0.06344237704902751,12
R1569T,L-temporal,975.0,-0.026230939397128724,12
R1569T,L-temporal,1025.0,-0.023763063703411788,12
R1569T,L-temporal,1075.0,-0.04211716052918768,12
R1569T,L-temporal,1125.0,-0.04873129509659063,12
R1569T,L-temporal,1175.0,-0.05022632425347656,12
R1569T,L-temporal,1225.0,-0.0375409605388136,12
R1569T,L-temporal,1275.0,-0.030443931806365346,12
R1569T,L-temporal,1325.0,-0.02478812102713887,12
R1569T,L-temporal,1375.0,-0.023197996246897418,12
R1569T,L-temporal,1425.0,0.03256807295647938,12
R1569T,L-temporal,1475.0,-0.00042651679028443457,12
R1569T,L-temporal,1525.0,-0.015927803874191838,12
R1569T,L-temporal,1575.0,-0.0043079886220236145,12
R1569T,R-frontal,25.0,-0.005541187137258305,8
R1569T,R-frontal,75.0,0.00873715427772885,8
R1569T,R-frontal,125.0,0.09071782701268075,8
R1569T,R-frontal,175.0,0.14966037347012848,8
R1569T,R-frontal,225.0,0.1668038527945424,8
R1569T,R-frontal,275.0,0.1950664456629723,8
R1569T,R-frontal,325.0,0.18351610836217586,8
R1569T,R-frontal,375.0,0.07345023885911933,8
R1569T,R-frontal,425.0,0.04214013794771686,8
R1569T,R-frontal,475.0,0.04138301000811362,8
R1569T,R-frontal,525.0,-0.01374454825870311,8
R1569T,R-frontal,575.0,-0.06421804363794098,8
R1569T,R-frontal,625.0,-0.09262670922116088,8
R1569T,R-frontal,675.0,-0.08890023200851302,8
R1569T,R-frontal,725.0,-0.06333532265964267,8
R1569T,R-frontal,775.0,-0.0752551191673972,8
R1569T,R-frontal,825.0,-0.045089133897590776,8
R1569T,R-frontal,875.0,-0.07563827014316912,8
R1569T,R-frontal,925.0,-0.08045982893386891,8
R1569T,R-frontal,975.0,-0.05977129872800503,8
R1569T,R-frontal,1025.0,-0.056965819921748914,8
R1569T,R-frontal,1075.0,-0.08844614147001094,8
R1569T,R-frontal,1125.0,-0.07762272905975992,8
R1569T,R-frontal,1175.0,-0.059280811845773135,8
R1569T,R-frontal,1225.0,-0.02954708066933227,8
R1569T,R-frontal,1275.0,-0.043736387053090894,8
R1569T,R-frontal,1325.0,-0.04850834412389523,8
R1569T,R-frontal,1375.0,-0.05201516130869003,8
R1569T,R-frontal,1425.0,-0.04108513704719291,8
R1569T,R-frontal,1475.0,-0.06487961965283552,8
R1569T,R-frontal,1525.0,-0.07812155630592156,8
R1569T,R-frontal,1575.0,-0.04020292091796247,8
R1569T,R-temporal,25.0,-0.09335381398668371,8
R1569T,R-temporal,75.0,-0.08069072711428042,8
R1569T,R-temporal,125.0,-0.08349650016589896,8
R1569T,R-temporal,175.0,-0.06725706525261585,8
R1569T,R-temporal,225.0,-0.06904495890566999,8
R1569T,R-temporal,275.0,-0.08549193457142128,8
R1569T,R-temporal,325.0,-0.06160226085835878,8
R1569T,R-temporal,375.0,-0.06355922380728257,8
R1569T,R-temporal,425.0,-0.06199645348962933,8
R1569T,R-temporal,475.0,-0.017751018589040685,8
R1569T,R-temporal,525.0,-0.043216527077277106,8
R1569T,R-temporal,575.0,-0.0640985022010437,8
R1569T,R-temporal,625.0,-0.06226815957832076,8
R1569T,R-temporal,675.0,-0.0975623575247715,8
R1569T,R-temporal,725.0,-0.10783052384772344,8
R1569T,R-temporal,775.0,-0.10992002341197164,8
R1569T,R-temporal,825.0,-0.06716271462326362,8
R1569T,R-temporal,875.0,-0.07422383506748102,8
R1569T,R-temporal,925.0,-0.08002900489607637,8
R1569T,R-temporal,975.0,-0.07032907655150542,8
R1569T,R-temporal,1025.0,-0.08591152715700943,8
R1569T,R-temporal,1075.0,-0.1011964641617529,8
R1569T,R-temporal,1125.0,-0.12519216922423573,8
R1569T,R-temporal,1175.0,-0.09135530503609576,8
R1569T,R-temporal,1225.0,-0.0872211952431095,8
R1569T,R-temporal,1275.0,-0.10156779148629141,8
R1569T,R-temporal,1325.0,-0.073291892669037,8
R1569T,R-temporal,1375.0,-0.04494974475863392,8
R1569T,R-temporal,1425.0,-0.02668877837495435,8
R1569T,R-temporal,1475.0,-0.038409722130694816,8
R1569T,R-temporal,1525.0,-0.07837503141566078,8
R1569T,R-temporal,1575.0,-0.07605438964963156,8
R1571T,L-frontal,25.0,0.0037524430121469122,13
R1571T,L-frontal,75.0,-0.009312248230519972,13
R1571T,L-frontal,125.0,-0.016744301133634336,13
R1571T,L-frontal,175.0,0.031890401388420996,13
R1571T,L-frontal,225.0,0.051772124556681016,13
R1571T,L-frontal,275.0,0.13155439889618065,13
R1571T,L-frontal,325.0,0.13970403220821234,13
R1571T,L-frontal,375.0,0.12738838237941674,13
R1571T,L-frontal,425.0,0.12048276746317955,13
R1571T,L-frontal,475.0,0.09320757715064037,13
R1571T,L-frontal,525.0,0.06220054837652341,13
R1571T,L-frontal,575.0,0.07340514787951577,13
R1571T,L-frontal,625.0,0.06102779822998591,13
R1571T,L-frontal,675.0,0.06998619271561349,13
R1571T,L-frontal,725.0,0.06925731236674715,13
R1571T,L-frontal,775.0,0.04524314853441759,13
R1571T,L-frontal,825.0,0.03558899303140899,13
R1571T,L-frontal,875.0,0.08047628033571191,13
R1571T,L-frontal,925.0,0.10534384463242369,13
R1571T,L-frontal,975.0,0.10253266277222381,13
R1571T,L-frontal,1025.0,0.10488572153579272,13
R1571T,L-frontal,1075.0,0.07226411139753851,13
R1571T,L-frontal,1125.0,0.05412720827916332,13
R1571T,L-frontal,1175.0,0.058535137430282984,13
R1571T,L-frontal,1225.0,0.02207341159110365,13
R1571T,L-frontal,1275.0,0.039681733870186794,13
R1571T,L-frontal,1325.0,0.013317617841245423,13
R1571T,L-frontal,1375.0,-0.001823515594538272,13
R1571T,L-frontal,1425.0,0.01928680022288083,13
R1571T,L-frontal,1475.0,-0.0005977124879370441,13
R1571T,L-frontal,1525.0,0.014171018877980966,13
R1571T,L-frontal,1575.0,-0.002956849214253764,13
R1571T,L-occipital,25.0,-0.026715332102395555,7
R1571T,L-occipital,75.0,-0.028703526901196357,7
R1571T,L-occipital,125.0,0.08019766489667604,7
R1571T,L-occipital,175.0,0.17210938931765876,7
R1571T,L-occipital,225.0,0.13792254044990215,7
R1571T,L-occipital,275.0,0.12231090477125324,7
R1571T,L-occipital,325.0,0.13754601767378496,7
R1571T,L-occipital,375.0,0.11398640310908516,7
R1571T,L-occipital,425.0,0.08670363263468216,7
R1571T,L-occipital,475.0,0.06535084099363826,7
R1571T,L-occipital,525.0,0.08529612972188413,7
R1571T,L-occipital,575.0,0.13800012344133536,7
R1571T,L-occipital,625.0,0.17364144300652784,7
R1571T,L-occipital,675.0,0.1979450108785117,7
R1571T,L-occipital,725.0,0.19910684770877815,7
R1571T,L-occipital,775.0,0.2044502591632569,7
R1571T,L-occipital,825.0,0.20258399402892227,7
R1571T,L-occipital,875.0,0.24043045232483357,7
R1571T,L-occipital,925.0,0.27076218418088777,7
R1571T,L-occipital,975.0,0.290770421880691,7
R1571T,L-occipital,1025.0,0.3206959733588222,7
R1571T,L-occipital,1075.0,0.275686273794318,7
R1571T,L-occipital,1125.0,0.2555208729042784,7
R1571T,L-occipital,1175.0,0.2624757021059617,7
R1571T,L-occipital,1225.0,0.230277487112212,7
R1571T,L-occipital,1275.0,0.19738863359636732,7
R1571T,L-occipital,1325.0,0.14298604056681802,7
R1571T,L-occipital,1375.0,0.09460577752281488,7
R1571T,L-occipital,1425.0,0.12125334314872575,7
R1571T,L-occipital,1475.0,0.1313544810721286,7
R1571T,L-occipital,1525.0,0.12984593665405322,7
R1571T,L-occipital,1575.0,0.12002432230954015,7
R1571T,L-parietal,25.0,-0.0050697019485237355,6
R1571T,L-parietal,75.0,0.050088784769197835,6
R1571T,L-parietal,125.0,0.08912515259346843,6
R1571T,L-parietal,175.0,0.13023379650503225,6
R1571T,L-parietal,225.0,0.12511830841616198,6
R1571T,L-parietal,275.0,0.08206602244451826,6
R1571T,L-parietal,325.0,0.07893021276415221,6
R1571T,L-parietal,375.0,0.07797935576613431,6
R1571T,L-parietal,425.0,-0.0009092732987436061,6
R1571T,L-parietal,475.0,-0.01714002320697886,6
R1571T,L-parietal,525.0,-0.05922733052167767,6
R1571T,L-parietal,575.0,-0.07358356300052,6
R1571T,L-parietal,625.0,-0.017370497962136043,6
R1571T,L-parietal,675.0,0.005150305276893923,6
R1571T,L-parietal,725.0,-0.024774678055177704,6
R1571T,L-parietal,775.0,-0.08907551430414183,6
R1571T,L-parietal,825.0,-0.07781773425228096,6
R1571T,L-parietal,875.0,-0.07626155082977816,6
R1571T,L-parietal,925.0,-0.07159828842911016,6
R1571T,L-parietal,975.0,-0.05565295382067709,6
R1571T,L-parietal,1025.0,-0.023922190721761962,6
R1571T,L-parietal,1075.0,-0.004300226616672819,6
R1571T,L-parietal,1125.0,-0.013908521828491787,6
R1571T,L-parietal,1175.0,-0.039407181363680426,6
R1571T,L-parietal,1225.0,-0.044653825315448877,6
R1571T,L-parietal,1275.0,-0.019313079249395366,6
R1571T,L-parietal,1325.0,-0.003207135788458914,6
R1571T,L-parietal,1375.0,-0.0018311011694021491,6
R1571T,L-parietal,1425.0,0.026335064895926963,6
R1571T,L-parietal,1475.0,0.034396788891601436,6
R1571T,L-parietal,1525.0,0.01845471369566734,6
R1571T,L-parietal,1575.0,0.017018258352342525,6
R1571T,L-temporal,25.0,-0.01971910452856503,31
R1571T,L-temporal,75.0,-0.019596677449845574,31
R1571T,L-temporal,125.0,0.01633022812322475,31
R1571T,L-temporal,175.0,0.05988800805690218,31
R1571T,L-temporal,225.0,0.06863647093358355,31
R1571T,L-temporal,275.0,0.06587274954268403,31
R1571T,L-temporal,325.0,0.08074759430629654,31
R1571T,L-temporal,375.0,0.08597268157970697,31
R1571T,L-temporal,425.0,0.08716099128900699,31
R1571T,L-temporal,475.0,0.08015402341813417,31
R1571T,L-temporal,525.0,0.06783304186452514,31
R1571T,L-temporal,575.0,0.09731806600087015,31
R1571T,L-temporal,625.0,0.10787700028442801,31
R1571T,L-temporal,675.0,0.1105134039237559,31
R1571T,L-temporal,725.0,0.1298281743552369,31
R1571T,L-temporal,775.0,0.13701418537518023,31
R1571T,L-temporal,825.0,0.15277052093240137,31
R1571T,L-temporal,875.0,0.18947812614496953,31
R1571T,L-temporal,925.0,0.18876220733307222,31
R1571T,L-temporal,975.0,0.21076831107947067,31
R1571T,L-temporal,1025.0,0.23610983301069033,31
R1571T,L-temporal,1075.0,0.21294869451464407,31
R1571T,L-temporal,1125.0,0.21170188158195327,31
R1571T,L-temporal,1175.0,0.20594089833163637,31
R1571T,L-temporal,1225.0,0.18765537630573934,31
R1571T,L-temporal,1275.0,0.16584100552223965,31
R1571T,L-temporal,1325.0,0.19128731706787666,31
R1571T,L-temporal,1375.0,0.1398721932916186,31
R1571T,L-temporal,1425.0,0.14303769359999874,31
R1571T,L-temporal,1475.0,0.13616669371076834,31
R1571T,L-temporal,1525.0,0.0996906543261917,31
R1571T,L-temporal,1575.0,0.09914851760460794,31
R1571T,R-occipital,25.0,-0.05490875635574614,4
R1571T,R-occipital,75.0,-0.07667378548355472,4
R1571T,R-occipital,125.0,-0.08428369415536378,4
R1571T,R-occipital,175.0,-0.04344700576486531,4
R1571T,R-occipital,225.0,-0.056692638862414324,4
R1571T,R-occipital,275.0,0.01960146408179685,4
R1571T,R-occipital,325.0,0.08669214742171129,4
R1571T,R-occipital,375.0,0.12206883840066421,4
R1571T,R-occipital,425.0,0.18064909094617743,4
R1571T,R-occipital,475.0,0.15174101338042412,4
R1571T,R-occipital,525.0,0.1748580072659251,4
R1571T,R-occipital,575.0,0.2162318441220864,4
R1571T,R-occipital,625.0,0.22210995743225853,4
R1571T,R-occipital,675.0,0.27695073607861437,4
R1571T,R-occipital,725.0,0.2896592856344815,4
R1571T,R-occipital,775.0,0.30250429125570916,4
R1571T,R-occipital,825.0,0.33662751277839303,4
R1571T,R-occipital,875.0,0.3805007922855257,4
R1571T,R-occipital,925.0,0.40270573125746334,4
R1571T,R-occipital,975.0,0.46490805028161475,4
R1571T,R-occipital,1025.0,0.4948284847160055,4
R1571T,R-occipital,1075.0,0.41247381482162804,4
R1571T,R-occipital,1125.0,0.34554942673001443,4
R1571T,R-occipital,1175.0,0.3637585674098042,4
R1571T,R-occipital,1225.0,0.3709966416667939,4
R1571T,R-occipital,1275.0,0.31097540760563225,4
R1571T,R-occipital,1325.0,0.22047073462981134,4
R1571T,R-occipital,1375.0,0.17568829864385568,4
R1571T,R-occipital,1425.0,0.21356854701778788,4
R1571T,R-occipital,1475.0,0.2332859012757871,4
R1571T,R-occipital,1525.0,0.15172118512821486,4
R1571T,R-occipital,1575.0,0.09228410680572811,4
R1571T,R-temporal,25.0,-0.05232531742405821,25
R1571T,R-temporal,75.0,-0.07542552642188086,25
R1571T,R-temporal,125.0,-0.07154538822063645,25
R1571T,R-temporal,175.0,-0.01825521791539976,25
R1571T,R-temporal,225.0,-0.029600202955894783,25
R1571T,R-temporal,275.0,-0.014821761777926601,25
R1571T,R-temporal,325.0,0.039177282433044046,25
R1571T,R-temporal,375.0,0.06679328772383698,25
R1571T,R-temporal,425.0,0.08471937487013607,25
R1571T,R-temporal,475.0,0.06319157197260113,25
R1571T,R-temporal,525.0,0.04864760750099897,25
R1571T,R-temporal,575.0,0.08722073221428964,25
R1571T,R-temporal,625.0,0.067325149959012,25
R1571T,R-temporal,675.0,0.10449343590434566,25
R1571T,R-temporal,725.0,0.14854919237633116,25
R1571T,R-temporal,775.0,0.1794671006447018,25
R1571T,R-temporal,825.0,0.1697795580696716,25
R1571T,R-temporal,875.0,0.19796903580903383,25
R1571T,R-temporal,925.0,0.2276719655646324,25
R1571T,R-temporal,975.0,0.25544353977015954,25
R1571T,R-temporal,1025.0,0.296922808777692,25
R1571T,R-temporal,1075.0,0.2725641912860892,25
R1571T,R-temporal,1125.0,0.23853697700570284,25
R1571T,R-temporal,1175.0,0.24110587093175848,25
R1571T,R-temporal,1225.0,0.2534508257674911,25
R1571T,R-temporal,1275.0,0.25106270632402783,25
R1571T,R-temporal,1325.0,0.2195192856093505,25
R1571T,R-temporal,1375.0,0.2143188468335979,25
R1571T,R-temporal,1425.0,0.1898079111793718,25
R1571T,R-temporal,1475.0,0.1722513658547075,25
R1571T,R-temporal,1525.0,0.1176717561244328,25
R1571T,R-temporal,1575.0,0.09130356109012135,25
