sub,roi,bin_ms,d,n_elec
R1001P,L-frontal,25.0,-0.0586223766818502,10
R1001P,L-frontal,75.0,-0.048919023939914576,10
R1001P,L-frontal,125.0,-0.06386921286531749,10
R1001P,L-frontal,175.0,-0.012001219025391693,10
R1001P,L-frontal,225.0,-0.04721619482415999,10
R1001P,L-frontal,275.0,-0.021028631871746306,10
R1001P,L-frontal,325.0,-0.013227627653702667,10
R1001P,L-frontal,375.0,0.05360794824646453,10
R1001P,L-frontal,425.0,0.041510333430625504,10
R1001P,L-frontal,475.0,0.07175780037818211,10
R1001P,L-frontal,525.0,0.08239388451248744,10
R1001P,L-frontal,575.0,0.06685737090743923,10
R1001P,L-frontal,625.0,0.10122281525499281,10
R1001P,L-frontal,675.0,0.06084411283003359,10
R1001P,L-frontal,725.0,0.051041735020459424,10
R1001P,L-frontal,775.0,0.059481709059579446,10
R1001P,L-frontal,825.0,0.03877647336571847,10
R1001P,L-frontal,875.0,0.0479882480255724,10
R1001P,L-frontal,925.0,0.029203034107584836,10
R1001P,L-frontal,975.0,0.04481022261378921,10
R1001P,L-frontal,1025.0,0.018189040502437803,10
R1001P,L-frontal,1075.0,0.06154527212334339,10
R1001P,L-frontal,1125.0,0.028198666608634106,10
R1001P,L-frontal,1175.0,0.042942750706674464,10
R1001P,L-frontal,1225.0,0.027857849303068855,10
R1001P,L-frontal,1275.0,0.03608305425604197,10
R1001P,L-frontal,1325.0,0.07265823033123822,10
R1001P,L-frontal,1375.0,0.07956069632070786,10
R1001P,L-frontal,1425.0,0.06671924561286767,10
R1001P,L-frontal,1475.0,0.036088527817144736,10
R1001P,L-frontal,1525.0,0.027547483197281876,10
R1001P,L-frontal,1575.0,0.012935276987360708,10
R1001P,L-occipital,25.0,0.04168331444663121,8
R1001P,L-occipital,75.0,0.10619151608248095,8
R1001P,L-occipital,125.0,0.5349810515388288,8
R1001P,L-occipital,175.0,0.8799184414552925,8
R1001P,L-occipital,225.0,0.7307357535237369,8
R1001P,L-occipital,275.0,0.7313834790871457,8
R1001P,L-occipital,325.0,0.6892500712008686,8
R1001P,L-occipital,375.0,0.6469626941707427,8
R1001P,L-occipital,425.0,0.5556346635895705,8
R1001P,L-occipital,475.0,0.5055127437144747,8
R1001P,L-occipital,525.0,0.38542637538836116,8
R1001P,L-occipital,575.0,0.2377008523538472,8
R1001P,L-occipital,625.0,0.132894427451471,8
R1001P,L-occipital,675.0,0.0752280766136578,8
R1001P,L-occipital,725.0,0.03579966694366434,8
R1001P,L-occipital,775.0,-0.000877767140668121,8
R1001P,L-occipital,825.0,-0.0167991760198624,8
R1001P,L-occipital,875.0,0.020103209036863596,8
R1001P,L-occipital,925.0,-0.010694526365490384,8
R1001P,L-occipital,975.0,0.06238585457541424,8
R1001P,L-occipital,1025.0,0.07335531985231313,8
R1001P,L-occipital,1075.0,0.08977789041742337,8
R1001P,L-occipital,1125.0,0.08545753369677084,8
R1001P,L-occipital,1175.0,0.10535020602731202,8
R1001P,L-occipital,1225.0,0.12984972390037508,8
R1001P,L-occipital,1275.0,0.12112819265147541,8
R1001P,L-occipital,1325.0,0.11669929070179044,8
R1001P,L-occipital,1375.0,0.09405316116143235,8
R1001P,L-occipital,1425.0,0.11265710846659101,8
R1001P,L-occipital,1475.0,0.09816244576555772,8
R1001P,L-occipital,1525.0,0.09533325348900085,8
R1001P,L-occipital,1575.0,0.08256962886063626,8
R1001P,L-parietal,25.0,-0.04614118687705981,8
R1001P,L-parietal,75.0,-0.05763403643805386,8
R1001P,L-parietal,125.0,-0.02623808660927964,8
R1001P,L-parietal,175.0,-0.0015003995551199963,8
R1001P,L-parietal,225.0,-0.036688647122069075,8
R1001P,L-parietal,275.0,-0.051276227773408095,8
R1001P,L-parietal,325.0,-0.02440686135096068,8
R1001P,L-parietal,375.0,0.031234915648992778,8
R1001P,L-parietal,425.0,0.023357976774639824,8
R1001P,L-parietal,475.0,0.053582437501288584,8
R1001P,L-parietal,525.0,0.06166953106258023,8
R1001P,L-parietal,575.0,0.05459260689245022,8
R1001P,L-parietal,625.0,0.02499962781031634,8
R1001P,L-parietal,675.0,0.03809434896114887,8
R1001P,L-parietal,725.0,0.05458266598109927,8
R1001P,L-parietal,775.0,0.0684395832109994,8
R1001P,L-parietal,825.0,0.053365883338562584,8
R1001P,L-parietal,875.0,0.0687094393265708,8
R1001P,L-parietal,925.0,0.03943928514681505,8
R1001P,L-parietal,975.0,0.05419996036580077,8
R1001P,L-parietal,1025.0,0.0796167534865294,8
R1001P,L-parietal,1075.0,0.08071224993228263,8
R1001P,L-parietal,1125.0,0.04028440617024664,8
R1001P,L-parietal,1175.0,0.0483950227127662,8
R1001P,L-parietal,1225.0,0.0329162704185374,8
R1001P,L-parietal,1275.0,0.0703760849843591,8
R1001P,L-parietal,1325.0,0.06690028586574485,8
R1001P,L-parietal,1375.0,0.06659263999937631,8
R1001P,L-parietal,1425.0,0.0705652504079765,8
R1001P,L-parietal,1475.0,0.08064146167563453,8
R1001P,L-parietal,1525.0,0.06716828470130685,8
R1001P,L-parietal,1575.0,0.04692408129698676,8
R1001P,L-temporal,25.0,-0.07217232205916245,6
R1001P,L-temporal,75.0,-0.012295203928881933,6
R1001P,L-temporal,125.0,-0.01962551342979631,6
R1001P,L-temporal,175.0,0.03612536915039399,6
R1001P,L-temporal,225.0,0.01677866912348876,6
R1001P,L-temporal,275.0,-0.01789351908944114,6
R1001P,L-temporal,325.0,-0.020366538284118694,6
R1001P,L-temporal,375.0,-0.08764982837194307,6
R1001P,L-temporal,425.0,-0.06417725348447284,6
R1001P,L-temporal,475.0,-0.08242904322358495,6
R1001P,L-temporal,525.0,-0.05559100401036221,6
R1001P,L-temporal,575.0,-0.07474094025192153,6
R1001P,L-temporal,625.0,-0.07824772718423949,6
R1001P,L-temporal,675.0,-0.06348095633709522,6
R1001P,L-temporal,725.0,-0.07341738715343336,6
R1001P,L-temporal,775.0,-0.09554722889815313,6
R1001P,L-temporal,825.0,-0.06795591639721299,6
R1001P,L-temporal,875.0,-0.05213412045731822,6
R1001P,L-temporal,925.0,-0.052912028480708174,6
R1001P,L-temporal,975.0,-0.07468825713363741,6
R1001P,L-temporal,1025.0,-0.006169472254726485,6
R1001P,L-temporal,1075.0,-0.0297004483822165,6
R1001P,L-temporal,1125.0,-0.043975064123999826,6
R1001P,L-temporal,1175.0,-0.00011468220136921319,6
R1001P,L-temporal,1225.0,-0.06604442259155942,6
R1001P,L-temporal,1275.0,-0.03517999623821876,6
R1001P,L-temporal,1325.0,0.028311228834669248,6
R1001P,L-temporal,1375.0,0.021823313845750692,6
R1001P,L-temporal,1425.0,0.03286699635045403,6
R1001P,L-temporal,1475.0,-0.04301257327040395,6
R1001P,L-temporal,1525.0,-0.031550726082313456,6
R1001P,L-temporal,1575.0,-0.018448142253710918,6
R1001P,R-frontal,25.0,-0.021016210068562656,9
R1001P,R-frontal,75.0,-0.009462368848035677,9
R1001P,R-frontal,125.0,0.010984384578437463,9
R1001P,R-frontal,175.0,-0.03680893608673434,9
R1001P,R-frontal,225.0,-0.08327543673303098,9
R1001P,R-frontal,275.0,-0.08953851518469838,9
R1001P,R-frontal,325.0,-0.09526389796466038,9
R1001P,R-frontal,375.0,-0.1108574939689547,9
R1001P,R-frontal,425.0,-0.11476604692113912,9
R1001P,R-frontal,475.0,-0.1001736651784945,9
R1001P,R-frontal,525.0,-0.10861333866952838,9
R1001P,R-frontal,575.0,-0.12758063677187004,9
R1001P,R-frontal,625.0,-0.11498575675616106,9
R1001P,R-frontal,675.0,-0.08996816864252541,9
R1001P,R-frontal,725.0,-0.0588413433110064,9
R1001P,R-frontal,775.0,-0.07368032294331155,9
R1001P,R-frontal,825.0,-0.04316945097331357,9
R1001P,R-frontal,875.0,-0.025664257866878433,9
R1001P,R-frontal,925.0,-0.019037818702247584,9
R1001P,R-frontal,975.0,0.01904840136873241,9
R1001P,R-frontal,1025.0,0.02897106008684928,9
R1001P,R-frontal,1075.0,-0.005967304269911933,9
R1001P,R-frontal,1125.0,0.01876366670079334,9
R1001P,R-frontal,1175.0,0.021520253792801272,9
R1001P,R-frontal,1225.0,0.00693926975613034,9
R1001P,R-frontal,1275.0,0.010163360144559585,9
R1001P,R-frontal,1325.0,0.061272266129622964,9
R1001P,R-frontal,1375.0,0.08321331670652321,9
R1001P,R-frontal,1425.0,0.06847938486912747,9
R1001P,R-frontal,1475.0,0.049651237232006734,9
R1001P,R-frontal,1525.0,0.026667011835061726,9
R1001P,R-frontal,1575.0,0.04637812610660356,9
R1001P,R-occipital,25.0,0.03340852790187453,10
R1001P,R-occipital,75.0,0.10220239734943574,10
R1001P,R-occipital,125.0,0.3622745191398584,10
R1001P,R-occipital,175.0,0.42825541979302423,10
R1001P,R-occipital,225.0,0.36678598365696,10
R1001P,R-occipital,275.0,0.36020376316182723,10
R1001P,R-occipital,325.0,0.37895183868227555,10
R1001P,R-occipital,375.0,0.35888506913355006,10
R1001P,R-occipital,425.0,0.27250849930342136,10
R1001P,R-occipital,475.0,0.23055981602529857,10
R1001P,R-occipital,525.0,0.1880635173408129,10
R1001P,R-occipital,575.0,0.0981049819390775,10
R1001P,R-occipital,625.0,0.011478571729268125,10
R1001P,R-occipital,675.0,-0.0470628396533152,10
R1001P,R-occipital,725.0,-0.041814399644387254,10
R1001P,R-occipital,775.0,-0.0814322085254017,10
R1001P,R-occipital,825.0,-0.05436381012284286,10
R1001P,R-occipital,875.0,-0.05883601496092683,10
R1001P,R-occipital,925.0,-0.06173579187831331,10
R1001P,R-occipital,975.0,0.0020077065473623422,10
R1001P,R-occipital,1025.0,0.013717284183166912,10
R1001P,R-occipital,1075.0,0.04612451559234544,10
R1001P,R-occipital,1125.0,0.024935659351104665,10
R1001P,R-occipital,1175.0,0.03132464584959053,10
R1001P,R-occipital,1225.0,0.019800742543214556,10
R1001P,R-occipital,1275.0,0.05815852059276201,10
R1001P,R-occipital,1325.0,0.04699183189978895,10
R1001P,R-occipital,1375.0,0.06400536039989277,10
R1001P,R-occipital,1425.0,0.051858215499820524,10
R1001P,R-occipital,1475.0,0.0015241416726537171,10
R1001P,R-occipital,1525.0,-0.008197884016025034,10
R1001P,R-occipital,1575.0,-0.005526997999311489,10
R1001P,R-parietal,25.0,-0.0484346049900787,12
R1001P,R-parietal,75.0,-0.034309389335303885,12
R1001P,R-parietal,125.0,-0.042672118010075734,12
R1001P,R-parietal,175.0,-0.04425095071284877,12
R1001P,R-parietal,225.0,-0.03955581393489937,12
R1001P,R-parietal,275.0,-0.03509543416654336,12
R1001P,R-parietal,325.0,-0.000491325131711743,12
R1001P,R-parietal,375.0,0.010245029288094877,12
R1001P,R-parietal,425.0,0.006585637241803513,12
R1001P,R-parietal,475.0,-0.03462651288793558,12
R1001P,R-parietal,525.0,-0.021598288894882713,12
R1001P,R-parietal,575.0,-0.036016622516039244,12
R1001P,R-parietal,625.0,-0.07695987531103833,12
R1001P,R-parietal,675.0,-0.020561035162237465,12
R1001P,R-parietal,725.0,-0.01766670927417466,12
R1001P,R-parietal,775.0,-0.025053878985086948,12
R1001P,R-parietal,825.0,0.0057639450639556345,12
R1001P,R-parietal,875.0,0.005369695896154666,12
R1001P,R-parietal,925.0,-0.021474856549437055,12
R1001P,R-parietal,975.0,0.002984276152094175,12
R1001P,R-parietal,1025.0,0.029781466021321968,12
R1001P,R-parietal,1075.0,0.008680185563358934,12
R1001P,R-parietal,1125.0,0.012585230190405037,12
R1001P,R-parietal,1175.0,0.016724810626234186,12
R1001P,R-parietal,1225.0,0.02786628605806464,12
R1001P,R-parietal,1275.0,-0.003960934806655142,12
R1001P,R-parietal,1325.0,0.03890035757149223,12
R1001P,R-parietal,1375.0,0.03578089272524943,12
R1001P,R-parietal,1425.0,0.05937435982448966,12
R1001P,R-parietal,1475.0,0.04082556364797393,12
R1001P,R-parietal,1525.0,0.025391383879877254,12
R1001P,R-parietal,1575.0,0.04053634882822122,12
R1001P,R-temporal,25.0,0.011001866725715312,3
R1001P,R-temporal,75.0,-0.018730762739544233,3
R1001P,R-temporal,125.0,0.06967545983174055,3
R1001P,R-temporal,175.0,0.2675531074051091,3
R1001P,R-temporal,225.0,0.17620165182284217,3
R1001P,R-temporal,275.0,0.17348656266643037,3
R1001P,R-temporal,325.0,0.19666923077479917,3
R1001P,R-temporal,375.0,0.18497297228837106,3
R1001P,R-temporal,425.0,0.19060950434352655,3
R1001P,R-temporal,475.0,0.1599752344404633,3
R1001P,R-temporal,525.0,0.14910030309070452,3
R1001P,R-temporal,575.0,0.043180283319532775,3
R1001P,R-temporal,625.0,0.0006568909813595055,3
R1001P,R-temporal,675.0,-0.09673228418782663,3
R1001P,R-temporal,725.0,-0.10984074471277931,3
R1001P,R-temporal,775.0,-0.16700010589946077,3
R1001P,R-temporal,825.0,-0.16323823539562723,3
R1001P,R-temporal,875.0,-0.1094980656747706,3
R1001P,R-temporal,925.0,-0.1142888531461903,3
R1001P,R-temporal,975.0,-0.1297755593207567,3
R1001P,R-temporal,1025.0,-0.05605166497493167,3
R1001P,R-temporal,1075.0,-0.10982525874347208,3
R1001P,R-temporal,1125.0,-0.07177525435567599,3
R1001P,R-temporal,1175.0,-0.07328057593829414,3
R1001P,R-temporal,1225.0,-0.026603148872536647,3
R1001P,R-temporal,1275.0,-0.01440709691737375,3
R1001P,R-temporal,1325.0,0.011905106094484752,3
R1001P,R-temporal,1375.0,0.005128512761643268,3
R1001P,R-temporal,1425.0,-0.006247621722121316,3
R1001P,R-temporal,1475.0,-0.018168290663720058,3
R1001P,R-temporal,1525.0,-0.05718192804306905,3
R1001P,R-temporal,1575.0,-0.026229081779467537,3
R1002P,L-frontal,25.0,0.019081196014204764,18
R1002P,L-frontal,75.0,0.0038486539400302395,18
R1002P,L-frontal,125.0,-0.014676024595997575,18
R1002P,L-frontal,175.0,-0.04461728548749063,18
R1002P,L-frontal,225.0,-0.07615181509059521,18
R1002P,L-frontal,275.0,-0.09179151296309271,18
R1002P,L-frontal,325.0,-0.12577555069941038,18
R1002P,L-frontal,375.0,-0.15758161931520773,18
R1002P,L-frontal,425.0,-0.1443171441226928,18
R1002P,L-frontal,475.0,-0.1597440248178922,18
R1002P,L-frontal,525.0,-0.17127303069954386,18
R1002P,L-frontal,575.0,-0.10541315851881322,18
R1002P,L-frontal,625.0,-0.062115448090784856,18
R1002P,L-frontal,675.0,-0.03961485669150284,18
R1002P,L-frontal,725.0,-0.006873808372326786,18
R1002P,L-frontal,775.0,0.006069032521980627,18
R1002P,L-frontal,825.0,0.026227964566709835,18
R1002P,L-frontal,875.0,0.05351746709928537,18
R1002P,L-frontal,925.0,0.06125105518573853,18
R1002P,L-frontal,975.0,0.08347525181225118,18
R1002P,L-frontal,1025.0,0.10532529868022214,18
R1002P,L-frontal,1075.0,0.08339029609998931,18
R1002P,L-frontal,1125.0,0.08760652792406971,18
R1002P,L-frontal,1175.0,0.0995802894925457,18
R1002P,L-frontal,1225.0,0.09625754732142447,18
R1002P,L-frontal,1275.0,0.09279122383238292,18
R1002P,L-frontal,1325.0,0.09630310447342962,18
R1002P,L-frontal,1375.0,0.0950191109614828,18
R1002P,L-frontal,1425.0,0.089337170108311,18
R1002P,L-frontal,1475.0,0.07396482061518109,18
R1002P,L-frontal,1525.0,0.06563084049589811,18
R1002P,L-frontal,1575.0,0.06924121601009797,18
R1002P,L-temporal,25.0,-0.030313144685893596,8
R1002P,L-temporal,75.0,-0.052224570785776026,8
R1002P,L-temporal,125.0,-0.02210923089611658,8
R1002P,L-temporal,175.0,-0.0010379790805603176,8
R1002P,L-temporal,225.0,0.0012207150926603996,8
R1002P,L-temporal,275.0,0.030909561768589312,8
R1002P,L-temporal,325.0,0.009598782514069197,8
R1002P,L-temporal,375.0,0.06649953463989171,8
R1002P,L-temporal,425.0,0.06495118708600227,8
R1002P,L-temporal,475.0,0.07107792090987569,8
R1002P,L-temporal,525.0,0.05721319948881953,8
R1002P,L-temporal,575.0,-0.004809579168895522,8
R1002P,L-temporal,625.0,0.03361793021580714,8
R1002P,L-temporal,675.0,0.02055986097426432,8
R1002P,L-temporal,725.0,0.02649261590344529,8
R1002P,L-temporal,775.0,0.015429711112557249,8
R1002P,L-temporal,825.0,-0.0045429525334040755,8
R1002P,L-temporal,875.0,-0.005937754606498907,8
R1002P,L-temporal,925.0,0.010518652547359454,8
R1002P,L-temporal,975.0,-0.042526871336611885,8
R1002P,L-temporal,1025.0,-0.031185154500173062,8
R1002P,L-temporal,1075.0,-0.016220375223878803,8
R1002P,L-temporal,1125.0,0.004443542027104105,8
R1002P,L-temporal,1175.0,0.030924788755513757,8
R1002P,L-temporal,1225.0,0.012761109526193314,8
R1002P,L-temporal,1275.0,-0.034880037725108275,8
R1002P,L-temporal,1325.0,-0.039946482636837005,8
R1002P,L-temporal,1375.0,-0.010229433302822517,8
R1002P,L-temporal,1425.0,0.0035351004204992494,8
R1002P,L-temporal,1475.0,0.00991607104264602,8
R1002P,L-temporal,1525.0,0.004897475196726288,8
R1002P,L-temporal,1575.0,0.012291368373739191,8
R1002P,R-frontal,25.0,-0.02635388020044245,16
R1002P,R-frontal,75.0,-0.03574238288440043,16
R1002P,R-frontal,125.0,-0.08609631985117845,16
R1002P,R-frontal,175.0,-0.06542534964380102,16
R1002P,R-frontal,225.0,-0.08990178654307748,16
R1002P,R-frontal,275.0,-0.10972990479640864,16
R1002P,R-frontal,325.0,-0.14208187767533448,16
R1002P,R-frontal,375.0,-0.19462300414633674,16
R1002P,R-frontal,425.0,-0.21640942353697143,16
R1002P,R-frontal,475.0,-0.1940657330985342,16
R1002P,R-frontal,525.0,-0.2123702492373378,16
R1002P,R-frontal,575.0,-0.2328452929253568,16
R1002P,R-frontal,625.0,-0.20582357564923148,16
R1002P,R-frontal,675.0,-0.16258673141330282,16
R1002P,R-frontal,725.0,-0.18505307979167382,16
R1002P,R-frontal,775.0,-0.13829674511464365,16
R1002P,R-frontal,825.0,-0.13868500051566796,16
R1002P,R-frontal,875.0,-0.12725889686124367,16
R1002P,R-frontal,925.0,-0.11910568951657503,16
R1002P,R-frontal,975.0,-0.09919713999857213,16
R1002P,R-frontal,1025.0,-0.04906335943619157,16
R1002P,R-frontal,1075.0,-0.07019357646308283,16
R1002P,R-frontal,1125.0,-0.07458618282257033,16
R1002P,R-frontal,1175.0,-0.08034128015219785,16
R1002P,R-frontal,1225.0,-0.05696620690842567,16
R1002P,R-frontal,1275.0,-0.07753156228913545,16
R1002P,R-frontal,1325.0,-0.046723622924382355,16
R1002P,R-frontal,1375.0,0.04971309373649712,16
R1002P,R-frontal,1425.0,0.08141383532193011,16
R1002P,R-frontal,1475.0,0.06470484932694426,16
R1002P,R-frontal,1525.0,0.006780462260537098,16
R1002P,R-frontal,1575.0,0.0888141775746505,16
R1002P,R-temporal,25.0,-0.018027823988254657,10
R1002P,R-temporal,75.0,-0.004666564410054289,10
R1002P,R-temporal,125.0,0.033720883903685,10
R1002P,R-temporal,175.0,-0.029974615935160376,10
R1002P,R-temporal,225.0,-0.011942916730279276,10
R1002P,R-temporal,275.0,-0.029288951533953354,10
R1002P,R-temporal,325.0,0.007666387727596371,10
R1002P,R-temporal,375.0,0.02812040640107345,10
R1002P,R-temporal,425.0,0.04519764554121125,10
R1002P,R-temporal,475.0,0.04150555673598582,10
R1002P,R-temporal,525.0,0.02349984364471026,10
R1002P,R-temporal,575.0,-0.007366377950076922,10
R1002P,R-temporal,625.0,-0.0014209694711318332,10
R1002P,R-temporal,675.0,0.018934165950252664,10
R1002P,R-temporal,725.0,0.02333714743655166,10
R1002P,R-temporal,775.0,0.060785384075260754,10
R1002P,R-temporal,825.0,0.007859902181288358,10
R1002P,R-temporal,875.0,0.046583658420025965,10
R1002P,R-temporal,925.0,0.07158208743129332,10
R1002P,R-temporal,975.0,0.061527138547358154,10
R1002P,R-temporal,1025.0,0.06365922639958838,10
R1002P,R-temporal,1075.0,0.06892502359152879,10
R1002P,R-temporal,1125.0,0.022143640705019507,10
R1002P,R-temporal,1175.0,-0.006757125105581676,10
R1002P,R-temporal,1225.0,-0.014063338012476978,10
R1002P,R-temporal,1275.0,-0.0007578649104869131,10
R1002P,R-temporal,1325.0,0.014584350486780483,10
R1002P,R-temporal,1375.0,0.003019456631384675,10
R1002P,R-temporal,1425.0,0.0021227036380044827,10
R1002P,R-temporal,1475.0,-0.006805002922365215,10
R1002P,R-temporal,1525.0,-0.0015076765924345484,10
R1002P,R-temporal,1575.0,-0.008432420151426038,10
R1003P,L-frontal,25.0,-0.04989423399199821,50
R1003P,L-frontal,75.0,-0.04815728000888709,50
R1003P,L-frontal,125.0,-0.04772968150958892,50
R1003P,L-frontal,175.0,-0.045786797606823706,50
R1003P,L-frontal,225.0,0.008477364227124624,50
R1003P,L-frontal,275.0,0.00425409899394303,50
R1003P,L-frontal,325.0,-0.034651744155027496,50
R1003P,L-frontal,375.0,-0.057261182661319576,50
R1003P,L-frontal,425.0,-0.046434758136111566,50
R1003P,L-frontal,475.0,-0.005689727876634606,50
R1003P,L-frontal,525.0,-0.00044221198003605895,50
R1003P,L-frontal,575.0,-0.001778699112272898,50
R1003P,L-frontal,625.0,-0.004653079609505965,50
R1003P,L-frontal,675.0,0.02200094257199105,50
R1003P,L-frontal,725.0,0.024462312896823088,50
R1003P,L-frontal,775.0,0.02464084466553581,50
R1003P,L-frontal,825.0,0.03590115300078707,50
R1003P,L-frontal,875.0,0.02304585742835255,50
R1003P,L-frontal,925.0,0.014151748118281921,50
R1003P,L-frontal,975.0,0.018966408132819253,50
R1003P,L-frontal,1025.0,-0.008725674821601715,50
R1003P,L-frontal,1075.0,0.009687956769858504,50
R1003P,L-frontal,1125.0,-0.021844257350384436,50
R1003P,L-frontal,1175.0,-0.0018419617300079502,50
R1003P,L-frontal,1225.0,0.013177136326523646,50
R1003P,L-frontal,1275.0,0.03818757388433,50
R1003P,L-frontal,1325.0,0.02426225968248884,50
R1003P,L-frontal,1375.0,0.0051830122970946205,50
R1003P,L-frontal,1425.0,0.05908287214126393,50
R1003P,L-frontal,1475.0,0.06368171451340754,50
R1003P,L-frontal,1525.0,0.017952966750382906,50
R1003P,L-frontal,1575.0,0.024319867514113257,50
R1003P,L-occipital,25.0,0.05667894879280962,3
R1003P,L-occipital,75.0,0.1464053755583798,3
R1003P,L-occipital,125.0,1.678298098120137,3
R1003P,L-occipital,175.0,2.0127257971670116,3
R1003P,L-occipital,225.0,1.5885414084770193,3
R1003P,L-occipital,275.0,1.8151119978938712,3
R1003P,L-occipital,325.0,1.6870040376235973,3
R1003P,L-occipital,375.0,1.4455547970825933,3
R1003P,L-occipital,425.0,1.2356580268014399,3
R1003P,L-occipital,475.0,0.916247589330118,3
R1003P,L-occipital,525.0,0.6905556677578734,3
R1003P,L-occipital,575.0,0.5586375664354429,3
R1003P,L-occipital,625.0,0.4118398762351563,3
R1003P,L-occipital,675.0,0.4415376253051746,3
R1003P,L-occipital,725.0,0.3199040777673386,3
R1003P,L-occipital,775.0,0.22659041964512663,3
R1003P,L-occipital,825.0,0.046711186655545224,3
R1003P,L-occipital,875.0,0.05891379454846488,3
R1003P,L-occipital,925.0,0.05391308274569965,3
R1003P,L-occipital,975.0,0.07840945303095509,3
R1003P,L-occipital,1025.0,0.10510954637292906,3
R1003P,L-occipital,1075.0,0.18487365134389486,3
R1003P,L-occipital,1125.0,0.12281400438987794,3
R1003P,L-occipital,1175.0,0.07431450917640957,3
R1003P,L-occipital,1225.0,0.16694621396707934,3
R1003P,L-occipital,1275.0,0.17529783158577417,3
R1003P,L-occipital,1325.0,0.12631474594915568,3
R1003P,L-occipital,1375.0,0.2355839113713126,3
R1003P,L-occipital,1425.0,0.2880777478808593,3
R1003P,L-occipital,1475.0,0.28345655246994433,3
R1003P,L-occipital,1525.0,0.23476779255681168,3
R1003P,L-occipital,1575.0,0.21086349583443578,3
R1003P,L-parietal,25.0,-0.05507457773340406,13
R1003P,L-parietal,75.0,-0.07219259604255059,13
R1003P,L-parietal,125.0,-0.07187862363752338,13
R1003P,L-parietal,175.0,-0.07838905023854625,13
R1003P,L-parietal,225.0,-0.01790711707065137,13
R1003P,L-parietal,275.0,0.03086389152488084,13
R1003P,L-parietal,325.0,0.021962482371152076,13
R1003P,L-parietal,375.0,0.03054367178190439,13
R1003P,L-parietal,425.0,0.056999782970457394,13
R1003P,L-parietal,475.0,0.09769021924227711,13
R1003P,L-parietal,525.0,0.12416057972434932,13
R1003P,L-parietal,575.0,0.09799292015177767,13
R1003P,L-parietal,625.0,0.11532797885380014,13
R1003P,L-parietal,675.0,0.13257917814565628,13
R1003P,L-parietal,725.0,0.09684217299234534,13
R1003P,L-parietal,775.0,0.09511073902689386,13
R1003P,L-parietal,825.0,0.11587871380819778,13
R1003P,L-parietal,875.0,0.05702340544710459,13
R1003P,L-parietal,925.0,0.06906517653032031,13
R1003P,L-parietal,975.0,0.016677061817504366,13
R1003P,L-parietal,1025.0,0.004523994659082984,13
R1003P,L-parietal,1075.0,0.010972956489332494,13
R1003P,L-parietal,1125.0,-0.02304491010858427,13
R1003P,L-parietal,1175.0,0.008837651096662942,13
R1003P,L-parietal,1225.0,0.07602107452303837,13
R1003P,L-parietal,1275.0,0.050262465390575294,13
R1003P,L-parietal,1325.0,-0.012600728210304625,13
R1003P,L-parietal,1375.0,0.012396296287230262,13
R1003P,L-parietal,1425.0,0.032797858382308934,13
R1003P,L-parietal,1475.0,-0.010072063656135131,13
R1003P,L-parietal,1525.0,-0.003009102699716918,13
R1003P,L-parietal,1575.0,-0.0038574871179734684,13
R1003P,L-temporal,25.0,-0.03901509716040679,25
R1003P,L-temporal,75.0,-0.0629545061047686,25
R1003P,L-temporal,125.0,-0.04917037355690867,25
R1003P,L-temporal,175.0,-0.004292421609931816,25
R1003P,L-temporal,225.0,0.06463599823229375,25
R1003P,L-temporal,275.0,0.06480985087576079,25
R1003P,L-temporal,325.0,0.04338061266866848,25
R1003P,L-temporal,375.0,-0.013605104716232705,25
R1003P,L-temporal,425.0,0.03831383154218446,25
R1003P,L-temporal,475.0,0.05188941939404062,25
R1003P,L-temporal,525.0,0.07606990965247476,25
R1003P,L-temporal,575.0,0.04605119286745641,25
R1003P,L-temporal,625.0,0.0299316062373004,25
R1003P,L-temporal,675.0,0.049151908439144174,25
R1003P,L-temporal,725.0,0.034669049481205236,25
R1003P,L-temporal,775.0,0.012712630475925168,25
R1003P,L-temporal,825.0,0.014669938966035592,25
R1003P,L-temporal,875.0,-0.02462096847026717,25
R1003P,L-temporal,925.0,-0.06310433872202877,25
R1003P,L-temporal,975.0,-0.026607711637403032,25
R1003P,L-temporal,1025.0,-0.04335075501660641,25
R1003P,L-temporal,1075.0,-0.040019037920426326,25
R1003P,L-temporal,1125.0,-0.0665959000699749,25
R1003P,L-temporal,1175.0,-0.053668303277369815,25
R1003P,L-temporal,1225.0,-0.034331910661286005,25
R1003P,L-temporal,1275.0,-0.032771838230650795,25
R1003P,L-temporal,1325.0,-0.04586702807017046,25
R1003P,L-temporal,1375.0,-0.06890330480961922,25
R1003P,L-temporal,1425.0,0.013904886557319952,25
R1003P,L-temporal,1475.0,0.0003354190594699396,25
R1003P,L-temporal,1525.0,-0.03367913641454437,25
R1003P,L-temporal,1575.0,-0.019655005900339605,25
R1006P,L-parietal,25.0,0.0600067866427521,4
R1006P,L-parietal,75.0,0.03830589869675554,4
R1006P,L-parietal,125.0,0.018531049861894102,4
R1006P,L-parietal,175.0,-0.02744735922243024,4
R1006P,L-parietal,225.0,-0.004070722205587678,4
R1006P,L-parietal,275.0,-0.04094119285876094,4
R1006P,L-parietal,325.0,0.05627813255324026,4
R1006P,L-parietal,375.0,-0.019114559196098706,4
R1006P,L-parietal,425.0,0.008680789102428093,4
R1006P,L-parietal,475.0,0.01808651452089462,4
R1006P,L-parietal,525.0,-0.058253471357162044,4
R1006P,L-parietal,575.0,-0.034193222225791936,4
R1006P,L-parietal,625.0,0.0298229724255318,4
R1006P,L-parietal,675.0,0.04528038741127423,4
R1006P,L-parietal,725.0,-0.0024399689888349478,4
R1006P,L-parietal,775.0,-0.03287859093910077,4
R1006P,L-parietal,825.0,-0.011416927544392965,4
R1006P,L-parietal,875.0,0.017514617011748772,4
R1006P,L-parietal,925.0,-0.07930320770509808,4
R1006P,L-parietal,975.0,-0.07203684234508076,4
R1006P,L-parietal,1025.0,-0.06021337623115146,4
R1006P,L-parietal,1075.0,-0.2233522318893713,4
R1006P,L-parietal,1125.0,-0.22077270036276314,4
R1006P,L-parietal,1175.0,-0.2221722673263811,4
R1006P,L-parietal,1225.0,-0.11251608830850884,4
R1006P,L-parietal,1275.0,-0.06795681933785148,4
R1006P,L-parietal,1325.0,-0.11578642395859527,4
R1006P,L-parietal,1375.0,-0.03804221729283654,4
R1006P,L-parietal,1425.0,-0.02340901734590043,4
R1006P,L-parietal,1475.0,-0.030098367150866612,4
R1006P,L-parietal,1525.0,-0.05132038187981325,4
R1006P,L-parietal,1575.0,-0.07426675723041375,4
R1006P,R-frontal,25.0,-0.04528815877244005,33
R1006P,R-frontal,75.0,-0.05341109710316142,33
R1006P,R-frontal,125.0,-0.15619186519746028,33
R1006P,R-frontal,175.0,-0.17252272894792955,33
R1006P,R-frontal,225.0,-0.14630059702472,33
R1006P,R-frontal,275.0,-0.15718855492445025,33
R1006P,R-frontal,325.0,-0.09733274347908094,33
R1006P,R-frontal,375.0,-0.1975680797941993,33
R1006P,R-frontal,425.0,-0.11656966120277937,33
R1006P,R-frontal,475.0,-0.10077385887640447,33
R1006P,R-frontal,525.0,-0.17030491352933072,33
R1006P,R-frontal,575.0,-0.203345568494602,33
R1006P,R-frontal,625.0,-0.15552258723370896,33
R1006P,R-frontal,675.0,-0.08747602871342561,33
R1006P,R-frontal,725.0,-0.16630872684259324,33
R1006P,R-frontal,775.0,-0.09588913854336195,33
R1006P,R-frontal,825.0,-0.11775421996427239,33
R1006P,R-frontal,875.0,-0.10559873578752343,33
R1006P,R-frontal,925.0,-0.18266112006742757,33
R1006P,R-frontal,975.0,-0.1606914663526667,33
R1006P,R-frontal,1025.0,-0.11777106988130394,33
R1006P,R-frontal,1075.0,-0.34292809473147906,33
R1006P,R-frontal,1125.0,-0.32957846115065326,33
R1006P,R-frontal,1175.0,-0.26724342329196826,33
R1006P,R-frontal,1225.0,-0.16817041563834367,33
R1006P,R-frontal,1275.0,-0.15365516638528864,33
R1006P,R-frontal,1325.0,-0.1633675492317051,33
R1006P,R-frontal,1375.0,-0.03751920755007977,33
R1006P,R-frontal,1425.0,0.10094514471065379,33
R1006P,R-frontal,1475.0,-0.002654737763026703,33
R1006P,R-frontal,1525.0,-0.030877967305873236,33
R1006P,R-frontal,1575.0,0.06335569338543427,33
R1006P,R-occipital,25.0,0.016078207238574373,8
R1006P,R-occipital,75.0,0.09642022245806404,8
R1006P,R-occipital,125.0,0.09187243772308235,8
R1006P,R-occipital,175.0,0.02214838419225467,8
R1006P,R-occipital,225.0,0.03628601086274892,8
R1006P,R-occipital,275.0,-0.0145837739159968,8
R1006P,R-occipital,325.0,0.08815007979979404,8
R1006P,R-occipital,375.0,0.0012250679057961428,8
R1006P,R-occipital,425.0,0.03392489614400602,8
R1006P,R-occipital,475.0,0.03508663331025171,8
R1006P,R-occipital,525.0,-0.03158383375228778,8
R1006P,R-occipital,575.0,-0.012616684752570443,8
R1006P,R-occipital,625.0,0.010118802447592376,8
R1006P,R-occipital,675.0,0.03233944397944577,8
R1006P,R-occipital,725.0,-0.02403646835979004,8
R1006P,R-occipital,775.0,0.05388789526399419,8
R1006P,R-occipital,825.0,0.018768030832044296,8
R1006P,R-occipital,875.0,0.0012728980071797218,8
R1006P,R-occipital,925.0,-0.033099438900268945,8
R1006P,R-occipital,975.0,0.02200115403786455,8
R1006P,R-occipital,1025.0,-0.010201318127770975,8
R1006P,R-occipital,1075.0,-0.10451375549159586,8
R1006P,R-occipital,1125.0,-0.14424453993053368,8
R1006P,R-occipital,1175.0,-0.1501164848400636,8
R1006P,R-occipital,1225.0,-0.07150430412957157,8
R1006P,R-occipital,1275.0,-0.04948590071311294,8
R1006P,R-occipital,1325.0,-0.05406851392028109,8
R1006P,R-occipital,1375.0,-0.07402970419628349,8
R1006P,R-occipital,1425.0,-0.01109761099958503,8
R1006P,R-occipital,1475.0,-0.02553488864547489,8
R1006P,R-occipital,1525.0,-0.06709112263067005,8
R1006P,R-occipital,1575.0,-0.08534568543860198,8
R1006P,R-parietal,25.0,-0.023245413626777674,17
R1006P,R-parietal,75.0,-0.025432067067567784,17
R1006P,R-parietal,125.0,-0.13260611851875526,17
R1006P,R-parietal,175.0,-0.14371267726661638,17
R1006P,R-parietal,225.0,-0.11264962957703545,17
R1006P,R-parietal,275.0,-0.1258475665446945,17
R1006P,R-parietal,325.0,-0.0552987395516188,17
R1006P,R-parietal,375.0,-0.15800062328485717,17
R1006P,R-parietal,425.0,-0.08327829580966917,17
R1006P,R-parietal,475.0,-0.05635883642655056,17
R1006P,R-parietal,525.0,-0.14078372594095817,17
R1006P,R-parietal,575.0,-0.164691321060402,17
R1006P,R-parietal,625.0,-0.12408343509138954,17
R1006P,R-parietal,675.0,-0.05711119703608096,17
R1006P,R-parietal,725.0,-0.132695166528416,17
R1006P,R-parietal,775.0,-0.06872598681272385,17
R1006P,R-parietal,825.0,-0.08477105104281596,17
R1006P,R-parietal,875.0,-0.07939939331480234,17
R1006P,R-parietal,925.0,-0.1431786782985596,17
R1006P,R-parietal,975.0,-0.11394695867941233,17
R1006P,R-parietal,1025.0,-0.0982644004492588,17
R1006P,R-parietal,1075.0,-0.29599494716460384,17
R1006P,R-parietal,1125.0,-0.2702653082206236,17
R1006P,R-parietal,1175.0,-0.2268816613865565,17
R1006P,R-parietal,1225.0,-0.139277565065904,17
R1006P,R-parietal,1275.0,-0.127403844745406,17
R1006P,R-parietal,1325.0,-0.14991739686078492,17
R1006P,R-parietal,1375.0,-0.04911181847920002,17
R1006P,R-parietal,1425.0,0.07240073384816811,17
R1006P,R-parietal,1475.0,-0.0012277692699417374,17
R1006P,R-parietal,1525.0,-0.054434209369082553,17
R1006P,R-parietal,1575.0,0.04096461516273754,17
R1006P,R-temporal,25.0,-0.011396911024210307,33
R1006P,R-temporal,75.0,-0.008187233534869933,33
R1006P,R-temporal,125.0,-0.09786030294378947,33
R1006P,R-temporal,175.0,-0.09442920957920173,33
R1006P,R-temporal,225.0,-0.06848173098542588,33
R1006P,R-temporal,275.0,-0.09604075115417932,33
R1006P,R-temporal,325.0,-0.00893813721983582,33
R1006P,R-temporal,375.0,-0.10695439603645826,33
R1006P,R-temporal,425.0,-0.04297215947243796,33
R1006P,R-temporal,475.0,-0.03944281901939397,33
R1006P,R-temporal,525.0,-0.10874467482717731,33
R1006P,R-temporal,575.0,-0.11883865092559351,33
R1006P,R-temporal,625.0,-0.10251535929523947,33
R1006P,R-temporal,675.0,-0.02876597128568918,33
R1006P,R-temporal,725.0,-0.09955157883953046,33
R1006P,R-temporal,775.0,-0.045549106125111094,33
R1006P,R-temporal,825.0,-0.059706675849029334,33
R1006P,R-temporal,875.0,-0.03125619552793205,33
R1006P,R-temporal,925.0,-0.11115122934853229,33
R1006P,R-temporal,975.0,-0.06526172535783788,33
R1006P,R-temporal,1025.0,-0.03691821507162581,33
R1006P,R-temporal,1075.0,-0.23128829665764247,33
R1006P,R-temporal,1125.0,-0.25823439907990847,33
R1006P,R-temporal,1175.0,-0.21483893567244072,33
R1006P,R-temporal,1225.0,-0.10152963561850016,33
R1006P,R-temporal,1275.0,-0.08779950805278706,33
R1006P,R-temporal,1325.0,-0.11139708622982127,33
R1006P,R-temporal,1375.0,-0.070508199057186,33
R1006P,R-temporal,1425.0,0.030217367734369043,33
R1006P,R-temporal,1475.0,-0.02595496415741538,33
R1006P,R-temporal,1525.0,-0.051158151186553834,33
R1006P,R-temporal,1575.0,-0.01801135079813722,33
R1018P,L-frontal,25.0,-0.00646319154548622,23
R1018P,L-frontal,75.0,-0.019028882831530793,23
R1018P,L-frontal,125.0,0.0029204379520494034,23
R1018P,L-frontal,175.0,-0.00370990018191431,23
R1018P,L-frontal,225.0,-0.042101774968928245,23
R1018P,L-frontal,275.0,0.00014634124217937952,23
R1018P,L-frontal,325.0,-0.01767056156024811,23
R1018P,L-frontal,375.0,0.012833129065495887,23
R1018P,L-frontal,425.0,-0.04800118456152473,23
R1018P,L-frontal,475.0,-0.03353421521169345,23
R1018P,L-frontal,525.0,-0.05428151392891344,23
R1018P,L-frontal,575.0,-0.0702061620925092,23
R1018P,L-frontal,625.0,-0.018052329311571497,23
R1018P,L-frontal,675.0,-0.05966240041139319,23
R1018P,L-frontal,725.0,-0.0014854825125939504,23
R1018P,L-frontal,775.0,-0.015440495304835999,23
R1018P,L-frontal,825.0,0.007492106108820856,23
R1018P,L-frontal,875.0,0.01261405680983303,23
R1018P,L-frontal,925.0,0.0009827670679571367,23
R1018P,L-frontal,975.0,0.017398247525959136,23
R1018P,L-frontal,1025.0,-0.031039711840606558,23
R1018P,L-frontal,1075.0,-0.002805611586005899,23
R1018P,L-frontal,1125.0,0.04037899618533134,23
R1018P,L-frontal,1175.0,0.01863504484488538,23
R1018P,L-frontal,1225.0,-0.005206421283346328,23
R1018P,L-frontal,1275.0,0.004690623359155606,23
R1018P,L-frontal,1325.0,-0.008947566549131026,23
R1018P,L-frontal,1375.0,-0.007315044558586684,23
R1018P,L-frontal,1425.0,-0.019678964738678806,23
R1018P,L-frontal,1475.0,0.026871433713765894,23
R1018P,L-frontal,1525.0,0.0063719888876218825,23
R1018P,L-frontal,1575.0,-0.03060142901968057,23
R1018P,L-occipital,25.0,-0.044507552720864506,3
R1018P,L-occipital,75.0,0.11192685576334964,3
R1018P,L-occipital,125.0,0.25569622905787553,3
R1018P,L-occipital,175.0,0.0850182436270596,3
R1018P,L-occipital,225.0,-0.1603399983928203,3
R1018P,L-occipital,275.0,-0.16730775228336228,3
R1018P,L-occipital,325.0,-0.18133312766891652,3
R1018P,L-occipital,375.0,-0.17826400694770814,3
R1018P,L-occipital,425.0,-0.19572212523360918,3
R1018P,L-occipital,475.0,-0.14800049552757555,3
R1018P,L-occipital,525.0,-0.10220180824101577,3
R1018P,L-occipital,575.0,0.006551167377342362,3
R1018P,L-occipital,625.0,-0.07998536696868079,3
R1018P,L-occipital,675.0,0.052926582656725535,3
R1018P,L-occipital,725.0,0.0035458783080780684,3
R1018P,L-occipital,775.0,0.0020621248492518804,3
R1018P,L-occipital,825.0,0.04550883512412197,3
R1018P,L-occipital,875.0,0.03795873317686325,3
R1018P,L-occipital,925.0,0.03053072457451472,3
R1018P,L-occipital,975.0,0.02874408263530544,3
R1018P,L-occipital,1025.0,0.03551383771007688,3
R1018P,L-occipital,1075.0,-0.04688537686230626,3
R1018P,L-occipital,1125.0,-0.10352535216647107,3
R1018P,L-occipital,1175.0,-0.11375975452853854,3
R1018P,L-occipital,1225.0,-0.15029052963807857,3
R1018P,L-occipital,1275.0,-0.09156930281987259,3
R1018P,L-occipital,1325.0,-0.10355004333536888,3
R1018P,L-occipital,1375.0,-0.04694817455996978,3
R1018P,L-occipital,1425.0,-0.050895099987857066,3
R1018P,L-occipital,1475.0,-0.08213046191984465,3
R1018P,L-occipital,1525.0,0.01768348763835598,3
R1018P,L-occipital,1575.0,-0.0448027664086579,3
R1018P,L-parietal,25.0,0.010259701437690378,17
R1018P,L-parietal,75.0,0.012897186053682431,17
R1018P,L-parietal,125.0,0.05282509703807358,17
R1018P,L-parietal,175.0,0.04178202389252638,17
R1018P,L-parietal,225.0,-8.859835396273431e-05,17
R1018P,L-parietal,275.0,-0.03443241097241711,17
R1018P,L-parietal,325.0,-0.05809379350811818,17
R1018P,L-parietal,375.0,-0.07353887779124649,17
R1018P,L-parietal,425.0,-0.08666725886853813,17
R1018P,L-parietal,475.0,-0.06928964277512717,17
R1018P,L-parietal,525.0,-0.0903063876189028,17
R1018P,L-parietal,575.0,-0.06540766699559356,17
R1018P,L-parietal,625.0,-0.06794520901435162,17
R1018P,L-parietal,675.0,-0.06823370357290631,17
R1018P,L-parietal,725.0,-0.04381419689251558,17
R1018P,L-parietal,775.0,-0.05877624859563166,17
R1018P,L-parietal,825.0,-0.06199769682419278,17
R1018P,L-parietal,875.0,-0.057526387644204334,17
R1018P,L-parietal,925.0,-0.024951830066912796,17
R1018P,L-parietal,975.0,-0.023204860900305223,17
R1018P,L-parietal,1025.0,-0.02209883762264313,17
R1018P,L-parietal,1075.0,-0.010149426384368854,17
R1018P,L-parietal,1125.0,-0.021362540800609165,17
R1018P,L-parietal,1175.0,0.015389896382146747,17
R1018P,L-parietal,1225.0,-0.032145722966682166,17
R1018P,L-parietal,1275.0,-0.03003819440461398,17
R1018P,L-parietal,1325.0,-0.00518309179921286,17
R1018P,L-parietal,1375.0,-0.04945806327594317,17
R1018P,L-parietal,1425.0,-0.05905233179993708,17
R1018P,L-parietal,1475.0,-0.028032774714690237,17
R1018P,L-parietal,1525.0,0.0023223669123324958,17
R1018P,L-parietal,1575.0,-0.04125007349121051,17
R1018P,L-temporal,25.0,-0.056876380052165255,8
R1018P,L-temporal,75.0,-0.04294864601154485,8
R1018P,L-temporal,125.0,-0.01847384049249109,8
R1018P,L-temporal,175.0,0.013918253994791647,8
R1018P,L-temporal,225.0,0.05327910191549489,8
R1018P,L-temporal,275.0,0.046084833543792884,8
R1018P,L-temporal,325.0,0.06276161278915224,8
R1018P,L-temporal,375.0,0.024427178534070584,8
R1018P,L-temporal,425.0,0.009983364096928054,8
R1018P,L-temporal,475.0,0.019842243615397596,8
R1018P,L-temporal,525.0,0.02035667720036744,8
R1018P,L-temporal,575.0,-0.005647695467801184,8
R1018P,L-temporal,625.0,0.014435116068112592,8
R1018P,L-temporal,675.0,-0.03146127403160464,8
R1018P,L-temporal,725.0,-0.006829883515071921,8
R1018P,L-temporal,775.0,0.027276286884199162,8
R1018P,L-temporal,825.0,0.046628264525945526,8
R1018P,L-temporal,875.0,-0.023147473753288114,8
R1018P,L-temporal,925.0,0.035740553134305256,8
R1018P,L-temporal,975.0,0.04792829173293105,8
R1018P,L-temporal,1025.0,-0.021960806619905376,8
R1018P,L-temporal,1075.0,-0.017024372257273664,8
R1018P,L-temporal,1125.0,0.03816321383278984,8
R1018P,L-temporal,1175.0,0.013351972421930385,8
R1018P,L-temporal,1225.0,-0.004301360192039175,8
R1018P,L-temporal,1275.0,-0.010119315269807203,8
R1018P,L-temporal,1325.0,0.06310462047427484,8
R1018P,L-temporal,1375.0,0.029718142999816753,8
R1018P,L-temporal,1425.0,0.028168170246085377,8
R1018P,L-temporal,1475.0,-0.013201603599642897,8
R1018P,L-temporal,1525.0,-0.0075795594382623635,8
R1018P,L-temporal,1575.0,-0.036794258931115174,8
R1018P,R-frontal,25.0,0.011061040401715157,18
R1018P,R-frontal,75.0,-0.0029217648579436145,18
R1018P,R-frontal,125.0,0.047211070370105614,18
R1018P,R-frontal,175.0,0.08830888795797255,18
R1018P,R-frontal,225.0,0.09567950122656164,18
R1018P,R-frontal,275.0,0.10024446641551742,18
R1018P,R-frontal,325.0,0.024069224246751737,18
R1018P,R-frontal,375.0,0.026224427802357494,18
R1018P,R-frontal,425.0,0.022591980935971367,18
R1018P,R-frontal,475.0,0.0047744560585460255,18
R1018P,R-frontal,525.0,-0.01899877705098191,18
R1018P,R-frontal,575.0,-0.03046181592465559,18
R1018P,R-frontal,625.0,-0.038005714828407866,18
R1018P,R-frontal,675.0,-0.04379787336094232,18
R1018P,R-frontal,725.0,-0.0484431840667762,18
R1018P,R-frontal,775.0,-0.027410760844413993,18
R1018P,R-frontal,825.0,-0.04826945942363219,18
R1018P,R-frontal,875.0,-0.07190986238423044,18
R1018P,R-frontal,925.0,-0.07001377473066914,18
R1018P,R-frontal,975.0,-0.0187277525855429,18
R1018P,R-frontal,1025.0,-0.06443916710208135,18
R1018P,R-frontal,1075.0,-0.05550390121290937,18
R1018P,R-frontal,1125.0,-0.013186135609582615,18
R1018P,R-frontal,1175.0,-0.03125848256078851,18
R1018P,R-frontal,1225.0,-0.03117790484285822,18
R1018P,R-frontal,1275.0,-0.032848706663135926,18
R1018P,R-frontal,1325.0,-0.04127927174088379,18
R1018P,R-frontal,1375.0,-0.006402416609581563,18
R1018P,R-frontal,1425.0,-0.02902542008234986,18
R1018P,R-frontal,1475.0,-0.044165345089612125,18
R1018P,R-frontal,1525.0,-0.056771690399585545,18
R1018P,R-frontal,1575.0,-0.0512415904232181,18
R1018P,R-occipital,25.0,0.09656551457159879,6
R1018P,R-occipital,75.0,0.1741841322445211,6
R1018P,R-occipital,125.0,0.8547829386350432,6
R1018P,R-occipital,175.0,0.9381493312548113,6
R1018P,R-occipital,225.0,0.8976823084400989,6
R1018P,R-occipital,275.0,0.9023381697170473,6
R1018P,R-occipital,325.0,0.741461464023771,6
R1018P,R-occipital,375.0,0.7779598456968563,6
R1018P,R-occipital,425.0,0.785558838152426,6
R1018P,R-occipital,475.0,0.7898426506173091,6
R1018P,R-occipital,525.0,0.732404901022294,6
R1018P,R-occipital,575.0,0.6106100497066896,6
R1018P,R-occipital,625.0,0.6828804268479884,6
R1018P,R-occipital,675.0,0.6254579604861707,6
R1018P,R-occipital,725.0,0.6579456280281016,6
R1018P,R-occipital,775.0,0.5519932076231165,6
R1018P,R-occipital,825.0,0.5306814154363432,6
R1018P,R-occipital,875.0,0.47178170146289844,6
R1018P,R-occipital,925.0,0.463578543920471,6
R1018P,R-occipital,975.0,0.5293933401642263,6
R1018P,R-occipital,1025.0,0.4882813982725058,6
R1018P,R-occipital,1075.0,0.4154336580954376,6
R1018P,R-occipital,1125.0,0.5069213731125379,6
R1018P,R-occipital,1175.0,0.4464746375020401,6
R1018P,R-occipital,1225.0,0.44899537934844563,6
R1018P,R-occipital,1275.0,0.4383434598303882,6
R1018P,R-occipital,1325.0,0.34748659073832217,6
R1018P,R-occipital,1375.0,0.39496906290363215,6
R1018P,R-occipital,1425.0,0.3670870988670711,6
R1018P,R-occipital,1475.0,0.40286415164236317,6
R1018P,R-occipital,1525.0,0.39495394266318345,6
R1018P,R-occipital,1575.0,0.4128792711650562,6
R1018P,R-parietal,25.0,0.05353743048370837,14
R1018P,R-parietal,75.0,0.003724632174028475,14
R1018P,R-parietal,125.0,0.04054148963193218,14
R1018P,R-parietal,175.0,0.010234891111641595,14
R1018P,R-parietal,225.0,0.02886926291040191,14
R1018P,R-parietal,275.0,0.02700038214247353,14
R1018P,R-parietal,325.0,0.01306710368042233,14
R1018P,R-parietal,375.0,-0.005143250425628846,14
R1018P,R-parietal,425.0,-0.021896666014782473,14
R1018P,R-parietal,475.0,-0.040065541830585846,14
R1018P,R-parietal,525.0,-0.07490623043610796,14
R1018P,R-parietal,575.0,-0.05566275147542049,14
R1018P,R-parietal,625.0,-0.06246676910372726,14
R1018P,R-parietal,675.0,-0.08499189863353994,14
R1018P,R-parietal,725.0,-0.07566539730537705,14
R1018P,R-parietal,775.0,-0.059280365253639354,14
R1018P,R-parietal,825.0,-0.0495712294321451,14
R1018P,R-parietal,875.0,-0.11961161686041057,14
R1018P,R-parietal,925.0,-0.06867643539362973,14
R1018P,R-parietal,975.0,-0.09991837031871968,14
R1018P,R-parietal,1025.0,-0.08162649633889603,14
R1018P,R-parietal,1075.0,-0.05017274883815704,14
R1018P,R-parietal,1125.0,-0.058489048581957595,14
R1018P,R-parietal,1175.0,-0.06301898273465724,14
R1018P,R-parietal,1225.0,-0.08685498191102022,14
R1018P,R-parietal,1275.0,-0.03908198290031872,14
R1018P,R-parietal,1325.0,-0.059640890643980135,14
R1018P,R-parietal,1375.0,-0.030033133023101042,14
R1018P,R-parietal,1425.0,-0.031227210485148364,14
R1018P,R-parietal,1475.0,-0.05634015156113141,14
R1018P,R-parietal,1525.0,-0.04029830343516665,14
R1018P,R-parietal,1575.0,-0.08852047038270686,14
R1018P,R-temporal,25.0,0.016875927554287167,9
R1018P,R-temporal,75.0,-0.009805940865866154,9
R1018P,R-temporal,125.0,0.02742158679365071,9
R1018P,R-temporal,175.0,0.06576294542318156,9
R1018P,R-temporal,225.0,0.13403647796390372,9
R1018P,R-temporal,275.0,0.059884399738364874,9
R1018P,R-temporal,325.0,0.10336362479711794,9
R1018P,R-temporal,375.0,0.08924961686778597,9
R1018P,R-temporal,425.0,0.027279469463596884,9
R1018P,R-temporal,475.0,0.04232038385334335,9
R1018P,R-temporal,525.0,0.01309107580991785,9
R1018P,R-temporal,575.0,-0.015297800117225464,9
R1018P,R-temporal,625.0,0.008515130148672676,9
R1018P,R-temporal,675.0,-0.018745006164002914,9
R1018P,R-temporal,725.0,-0.028245462678911665,9
R1018P,R-temporal,775.0,-0.03573136612897118,9
R1018P,R-temporal,825.0,0.012105758044278821,9
R1018P,R-temporal,875.0,-0.0015045347362914819,9
R1018P,R-temporal,925.0,0.014208058958008446,9
R1018P,R-temporal,975.0,-0.033155712999084326,9
R1018P,R-temporal,1025.0,-0.025296540758845507,9
R1018P,R-temporal,1075.0,-0.023037162534752,9
R1018P,R-temporal,1125.0,0.03299555588782834,9
R1018P,R-temporal,1175.0,0.0009478534929325574,9
R1018P,R-temporal,1225.0,-0.0419266960897999,9
R1018P,R-temporal,1275.0,0.004259704951016963,9
R1018P,R-temporal,1325.0,-0.045385274614695686,9
R1018P,R-temporal,1375.0,-0.033859406504698535,9
R1018P,R-temporal,1425.0,-0.07160849630023815,9
R1018P,R-temporal,1475.0,-0.026035743215148108,9
R1018P,R-temporal,1525.0,-0.0035541597012306836,9
R1018P,R-temporal,1575.0,-0.0470809945370877,9
R1020J,R-frontal,25.0,-0.029861485488339563,32
R1020J,R-frontal,75.0,-0.009633048903121095,32
R1020J,R-frontal,125.0,-0.017835672551625048,32
R1020J,R-frontal,175.0,-0.02344474503714446,32
R1020J,R-frontal,225.0,-0.06342216996788602,32
R1020J,R-frontal,275.0,-0.08405195838150743,32
R1020J,R-frontal,325.0,-0.1423496248107989,32
R1020J,R-frontal,375.0,-0.13402441686475214,32
R1020J,R-frontal,425.0,-0.1490881010553065,32
R1020J,R-frontal,475.0,-0.12989109267422963,32
R1020J,R-frontal,525.0,-0.1336533778286226,32
R1020J,R-frontal,575.0,-0.09869859412728638,32
R1020J,R-frontal,625.0,-0.06500587827775227,32
R1020J,R-frontal,675.0,-0.06266863552957055,32
R1020J,R-frontal,725.0,-0.06356542621318927,32
R1020J,R-frontal,775.0,-0.03157733747495272,32
R1020J,R-frontal,825.0,-0.06139332459059065,32
R1020J,R-frontal,875.0,-0.05194974614179951,32
R1020J,R-frontal,925.0,-0.05888035829230969,32
R1020J,R-frontal,975.0,-0.06713978348604141,32
R1020J,R-frontal,1025.0,-0.0446274869776231,32
R1020J,R-frontal,1075.0,-0.04688224062460393,32
R1020J,R-frontal,1125.0,-0.0762053478052697,32
R1020J,R-frontal,1175.0,-0.08867860411985953,32
R1020J,R-frontal,1225.0,-0.04875919810881389,32
R1020J,R-frontal,1275.0,-0.06665190261772383,32
R1020J,R-frontal,1325.0,-0.07541775312587178,32
R1020J,R-frontal,1375.0,-0.06791549660787748,32
R1020J,R-frontal,1425.0,-0.07883676167932802,32
R1020J,R-frontal,1475.0,-0.07664517870635987,32
R1020J,R-frontal,1525.0,-0.08630551165958834,32
R1020J,R-frontal,1575.0,-0.05267654585202939,32
R1020J,R-occipital,25.0,0.11799156636226356,17
R1020J,R-occipital,75.0,0.26528353684884143,17
R1020J,R-occipital,125.0,1.1173512165173334,17
R1020J,R-occipital,175.0,0.7698763501246436,17
R1020J,R-occipital,225.0,0.5793559308245153,17
R1020J,R-occipital,275.0,0.5778009676724709,17
R1020J,R-occipital,325.0,0.6325111536788434,17
R1020J,R-occipital,375.0,0.6558040363923032,17
R1020J,R-occipital,425.0,0.5674922426057565,17
R1020J,R-occipital,475.0,0.5411734572247883,17
R1020J,R-occipital,525.0,0.49888332153747056,17
R1020J,R-occipital,575.0,0.38600257392340753,17
R1020J,R-occipital,625.0,0.2988722103550616,17
R1020J,R-occipital,675.0,0.21747229132578957,17
R1020J,R-occipital,725.0,0.18892044983748696,17
R1020J,R-occipital,775.0,0.17641691192484132,17
R1020J,R-occipital,825.0,0.1622947026967819,17
R1020J,R-occipital,875.0,0.17671825809295316,17
R1020J,R-occipital,925.0,0.2182178100402195,17
R1020J,R-occipital,975.0,0.21212078516409497,17
R1020J,R-occipital,1025.0,0.22612852617398713,17
R1020J,R-occipital,1075.0,0.2351088464072173,17
R1020J,R-occipital,1125.0,0.26315616967013156,17
R1020J,R-occipital,1175.0,0.25227513845983685,17
R1020J,R-occipital,1225.0,0.2613251310710196,17
R1020J,R-occipital,1275.0,0.2407328618085515,17
R1020J,R-occipital,1325.0,0.19442389806620153,17
R1020J,R-occipital,1375.0,0.21906452829483028,17
R1020J,R-occipital,1425.0,0.22452861509720923,17
R1020J,R-occipital,1475.0,0.22362917709077473,17
R1020J,R-occipital,1525.0,0.16632690034558045,17
R1020J,R-occipital,1575.0,0.1997313610969871,17
R1020J,R-parietal,25.0,0.04645515507074878,8
R1020J,R-parietal,75.0,-0.012370374728285994,8
R1020J,R-parietal,125.0,0.0010532863318334883,8
R1020J,R-parietal,175.0,-0.06095314271723496,8
R1020J,R-parietal,225.0,-0.11879305777487506,8
R1020J,R-parietal,275.0,-0.14082263127019637,8
R1020J,R-parietal,325.0,-0.2008487461211246,8
R1020J,R-parietal,375.0,-0.23993435183564568,8
R1020J,R-parietal,425.0,-0.2131751379138308,8
R1020J,R-parietal,475.0,-0.1924718999502728,8
R1020J,R-parietal,525.0,-0.14006466769915807,8
R1020J,R-parietal,575.0,-0.11394824994366154,8
R1020J,R-parietal,625.0,-0.03669163467737816,8
R1020J,R-parietal,675.0,-0.06519656071818956,8
R1020J,R-parietal,725.0,-0.036297295832334306,8
R1020J,R-parietal,775.0,-0.01995982339297938,8
R1020J,R-parietal,825.0,-0.016693433664229228,8
R1020J,R-parietal,875.0,-0.024354272573502644,8
R1020J,R-parietal,925.0,-0.014616643631544239,8
R1020J,R-parietal,975.0,-0.06404156442585582,8
R1020J,R-parietal,1025.0,-0.055444686716626466,8
R1020J,R-parietal,1075.0,-0.03968629500878887,8
R1020J,R-parietal,1125.0,0.00940665998896213,8
R1020J,R-parietal,1175.0,-0.0073581500566357524,8
R1020J,R-parietal,1225.0,-0.08211899831194323,8
R1020J,R-parietal,1275.0,-0.06484162693889238,8
R1020J,R-parietal,1325.0,-0.05252768082401917,8
R1020J,R-parietal,1375.0,-0.040576342318742416,8
R1020J,R-parietal,1425.0,-0.057868360315112034,8
R1020J,R-parietal,1475.0,-0.04995853287570235,8
R1020J,R-parietal,1525.0,-0.02557020029678015,8
R1020J,R-parietal,1575.0,-0.03685311778242037,8
R1020J,R-temporal,25.0,0.001022227864686901,24
R1020J,R-temporal,75.0,-0.046821466703885865,24
R1020J,R-temporal,125.0,-0.001864865749949816,24
R1020J,R-temporal,175.0,0.07987250158944544,24
R1020J,R-temporal,225.0,0.15448726616755265,24
R1020J,R-temporal,275.0,0.15478863585958136,24
R1020J,R-temporal,325.0,0.08895839068098159,24
R1020J,R-temporal,375.0,0.06670993283907523,24
R1020J,R-temporal,425.0,0.05592773442518411,24
R1020J,R-temporal,475.0,0.0663953876815519,24
R1020J,R-temporal,525.0,0.05626682032133407,24
R1020J,R-temporal,575.0,0.016411088909719,24
R1020J,R-temporal,625.0,0.023413456970615962,24
R1020J,R-temporal,675.0,0.06924355204362082,24
R1020J,R-temporal,725.0,0.03415454569671547,24
R1020J,R-temporal,775.0,0.06518987195758646,24
R1020J,R-temporal,825.0,0.038461927404759115,24
R1020J,R-temporal,875.0,0.0021994881923100493,24
R1020J,R-temporal,925.0,-0.02499780359664608,24
R1020J,R-temporal,975.0,-0.043965492586227305,24
R1020J,R-temporal,1025.0,-0.02844550219574887,24
R1020J,R-temporal,1075.0,0.004123522646824653,24
R1020J,R-temporal,1125.0,-0.04489838384211056,24
R1020J,R-temporal,1175.0,-0.044967344493031504,24
R1020J,R-temporal,1225.0,-0.05298456707131218,24
R1020J,R-temporal,1275.0,-0.07796298336582062,24
R1020J,R-temporal,1325.0,-0.06034974809070576,24
R1020J,R-temporal,1375.0,-0.0032543406758953467,24
R1020J,R-temporal,1425.0,-0.017267468526507516,24
R1020J,R-temporal,1475.0,-0.07505023455324063,24
R1020J,R-temporal,1525.0,-0.05778077533718104,24
R1020J,R-temporal,1575.0,-0.039939725493387965,24
R1022J,L-occipital,25.0,-0.06457295039587417,11
R1022J,L-occipital,75.0,0.029178808045958526,11
R1022J,L-occipital,125.0,0.10728996979119879,11
R1022J,L-occipital,175.0,0.0010405051147203694,11
R1022J,L-occipital,225.0,-0.09185466304377822,11
R1022J,L-occipital,275.0,0.004873291995726851,11
R1022J,L-occipital,325.0,0.08599567504496998,11
R1022J,L-occipital,375.0,0.07196553466205825,11
R1022J,L-occipital,425.0,0.15842959211800037,11
R1022J,L-occipital,475.0,0.22637170361775108,11
R1022J,L-occipital,525.0,0.10793451028570228,11
R1022J,L-occipital,575.0,0.13033793890022224,11
R1022J,L-occipital,625.0,0.11045267692406847,11
R1022J,L-occipital,675.0,0.08964662880857965,11
R1022J,L-occipital,725.0,0.07924634210960751,11
R1022J,L-occipital,775.0,0.04570645948226292,11
R1022J,L-occipital,825.0,0.08237957842872888,11
R1022J,L-occipital,875.0,0.11867388057994939,11
R1022J,L-occipital,925.0,0.07215225264101872,11
R1022J,L-occipital,975.0,0.060726142824717,11
R1022J,L-occipital,1025.0,0.010563680380208731,11
R1022J,L-occipital,1075.0,0.09697176314995329,11
R1022J,L-occipital,1125.0,0.13738526760503997,11
R1022J,L-occipital,1175.0,0.1161971415820819,11
R1022J,L-occipital,1225.0,0.06671028397329876,11
R1022J,L-occipital,1275.0,0.0459335343555802,11
R1022J,L-occipital,1325.0,0.07751345334865199,11
R1022J,L-occipital,1375.0,0.09903930276846594,11
R1022J,L-occipital,1425.0,0.06419703146449525,11
R1022J,L-occipital,1475.0,0.08433018478661426,11
R1022J,L-occipital,1525.0,0.09012336845237233,11
R1022J,L-occipital,1575.0,0.008843536356323449,11
R1022J,L-parietal,25.0,-0.06233772849887367,23
R1022J,L-parietal,75.0,-0.0013058164169773266,23
R1022J,L-parietal,125.0,-0.0493885348110181,23
R1022J,L-parietal,175.0,-0.01754164829234115,23
R1022J,L-parietal,225.0,-0.01941781817578498,23
R1022J,L-parietal,275.0,0.0008786237488819122,23
R1022J,L-parietal,325.0,-0.02775590900413023,23
R1022J,L-parietal,375.0,0.015730884381079807,23
R1022J,L-parietal,425.0,0.0024800721065141146,23
R1022J,L-parietal,475.0,0.07014116077943947,23
R1022J,L-parietal,525.0,0.029673011371804784,23
R1022J,L-parietal,575.0,0.014483511238525858,23
R1022J,L-parietal,625.0,-0.004209680090286604,23
R1022J,L-parietal,675.0,0.04498612302698764,23
R1022J,L-parietal,725.0,0.003083375336242404,23
R1022J,L-parietal,775.0,-0.010424963367603351,23
R1022J,L-parietal,825.0,0.012383240471094884,23
R1022J,L-parietal,875.0,0.01440726835785072,23
R1022J,L-parietal,925.0,-0.0012096375294515624,23
R1022J,L-parietal,975.0,-0.0525077630597244,23
R1022J,L-parietal,1025.0,-0.09292000040519166,23
R1022J,L-parietal,1075.0,-0.07821038824979103,23
R1022J,L-parietal,1125.0,0.005886486993628399,23
R1022J,L-parietal,1175.0,0.023526433035586127,23
R1022J,L-parietal,1225.0,0.038239792764271335,23
R1022J,L-parietal,1275.0,0.0438848762423945,23
R1022J,L-parietal,1325.0,0.04427121845855028,23
R1022J,L-parietal,1375.0,0.10605295123329099,23
R1022J,L-parietal,1425.0,0.05811945784843811,23
R1022J,L-parietal,1475.0,0.02375480368803488,23
R1022J,L-parietal,1525.0,0.0633383513735435,23
R1022J,L-parietal,1575.0,-0.028315809074903907,23
R1022J,L-temporal,25.0,-0.1303049544247908,9
R1022J,L-temporal,75.0,-0.08920180748670731,9
R1022J,L-temporal,125.0,-0.1396584173418534,9
R1022J,L-temporal,175.0,-0.022792090007144668,9
R1022J,L-temporal,225.0,0.003077821158594816,9
R1022J,L-temporal,275.0,-0.009767934752312291,9
R1022J,L-temporal,325.0,-0.018912249537875157,9
R1022J,L-temporal,375.0,-0.0442350635802296,9
R1022J,L-temporal,425.0,0.008631447168244964,9
R1022J,L-temporal,475.0,0.05145479473344818,9
R1022J,L-temporal,525.0,0.00012549662996370255,9
R1022J,L-temporal,575.0,0.010135305189917296,9
R1022J,L-temporal,625.0,0.03427959521363267,9
R1022J,L-temporal,675.0,0.008330333600199608,9
R1022J,L-temporal,725.0,0.017329549215264927,9
R1022J,L-temporal,775.0,0.057962383259799966,9
R1022J,L-temporal,825.0,0.03272954213554052,9
R1022J,L-temporal,875.0,0.010939458473875504,9
R1022J,L-temporal,925.0,0.012440553082390182,9
R1022J,L-temporal,975.0,0.03844361893896267,9
R1022J,L-temporal,1025.0,-0.06222147984330026,9
R1022J,L-temporal,1075.0,-0.11052579473385002,9
R1022J,L-temporal,1125.0,-0.029900123007020146,9
R1022J,L-temporal,1175.0,0.0016308767134316728,9
R1022J,L-temporal,1225.0,0.05127998893661504,9
R1022J,L-temporal,1275.0,0.06566059184321932,9
R1022J,L-temporal,1325.0,0.0829017963554109,9
R1022J,L-temporal,1375.0,0.044842008283204136,9
R1022J,L-temporal,1425.0,0.0349422625903883,9
R1022J,L-temporal,1475.0,-0.08069299341456006,9
R1022J,L-temporal,1525.0,-0.08386948379776829,9
R1022J,L-temporal,1575.0,-0.12008405885832645,9
R1023J,R-frontal,25.0,0.026638536302404824,9
R1023J,R-frontal,75.0,0.007146601167748822,9
R1023J,R-frontal,125.0,0.024060098277070317,9
R1023J,R-frontal,175.0,-0.007736051867683167,9
R1023J,R-frontal,225.0,-0.04293291058467018,9
R1023J,R-frontal,275.0,0.03452730271166458,9
R1023J,R-frontal,325.0,0.02082021463240634,9
R1023J,R-frontal,375.0,0.06476646553350966,9
R1023J,R-frontal,425.0,0.0676463480984138,9
R1023J,R-frontal,475.0,-0.009409774787460027,9
R1023J,R-frontal,525.0,-0.03885010707766128,9
R1023J,R-frontal,575.0,-0.004762228094848088,9
R1023J,R-frontal,625.0,0.010443094049069119,9
R1023J,R-frontal,675.0,-0.011805941650241538,9
R1023J,R-frontal,725.0,-0.05356942334451821,9
R1023J,R-frontal,775.0,-0.001967910769270171,9
R1023J,R-frontal,825.0,-0.031613926691661236,9
R1023J,R-frontal,875.0,-0.047444334420607234,9
R1023J,R-frontal,925.0,-0.005286951816280391,9
R1023J,R-frontal,975.0,0.02648917305237041,9
R1023J,R-frontal,1025.0,-0.0259503882270704,9
R1023J,R-frontal,1075.0,0.017215281575045024,9
R1023J,R-frontal,1125.0,-0.04384682868501869,9
R1023J,R-frontal,1175.0,-0.010516838547234987,9
R1023J,R-frontal,1225.0,0.05087410466666359,9
R1023J,R-frontal,1275.0,0.029811725325964107,9
R1023J,R-frontal,1325.0,0.008829057173363401,9
R1023J,R-frontal,1375.0,0.06657083739566988,9
R1023J,R-frontal,1425.0,0.032470655466507195,9
R1023J,R-frontal,1475.0,0.11725947805020315,9
R1023J,R-frontal,1525.0,0.10069298368914154,9
R1023J,R-frontal,1575.0,0.0034798342431196674,9
R1023J,R-occipital,25.0,-0.049398308062569146,4
R1023J,R-occipital,75.0,0.08515038424594644,4
R1023J,R-occipital,125.0,0.991146583253909,4
R1023J,R-occipital,175.0,0.7571784559412301,4
R1023J,R-occipital,225.0,-0.07250366676256358,4
R1023J,R-occipital,275.0,0.002553690064170319,4
R1023J,R-occipital,325.0,0.063153449915198,4
R1023J,R-occipital,375.0,0.03713589946796485,4
R1023J,R-occipital,425.0,0.051428320128175005,4
R1023J,R-occipital,475.0,0.07854863093701422,4
R1023J,R-occipital,525.0,0.12843108820680207,4
R1023J,R-occipital,575.0,0.011120521743810919,4
R1023J,R-occipital,625.0,-0.00745675781663882,4
R1023J,R-occipital,675.0,-0.09456405896143917,4
R1023J,R-occipital,725.0,0.053588939757703666,4
R1023J,R-occipital,775.0,0.05307496136723333,4
R1023J,R-occipital,825.0,-0.09096434955312398,4
R1023J,R-occipital,875.0,-0.02885672915429542,4
R1023J,R-occipital,925.0,-0.02508552634235016,4
R1023J,R-occipital,975.0,-0.0331079960185775,4
R1023J,R-occipital,1025.0,0.03175634119157983,4
R1023J,R-occipital,1075.0,-0.01320998939296673,4
R1023J,R-occipital,1125.0,0.01679867255278651,4
R1023J,R-occipital,1175.0,-0.041910419557204155,4
R1023J,R-occipital,1225.0,0.002367299730274181,4
R1023J,R-occipital,1275.0,0.004266940690719485,4
R1023J,R-occipital,1325.0,0.0946453687017413,4
R1023J,R-occipital,1375.0,0.072473360923206,4
R1023J,R-occipital,1425.0,0.052136166796527786,4
R1023J,R-occipital,1475.0,0.1137766782113597,4
R1023J,R-occipital,1525.0,0.06726279166726457,4
R1023J,R-occipital,1575.0,0.031693082945621565,4
R1023J,R-temporal,25.0,-0.08957197348349472,12
R1023J,R-temporal,75.0,-0.04447119515359963,12
R1023J,R-temporal,125.0,-0.009515891162731509,12
R1023J,R-temporal,175.0,0.0007477344590186887,12
R1023J,R-temporal,225.0,0.08428017540015358,12
R1023J,R-temporal,275.0,0.09881819894500928,12
R1023J,R-temporal,325.0,0.06528914320183081,12
R1023J,R-temporal,375.0,0.09694526964702761,12
R1023J,R-temporal,425.0,-0.0014054539622744549,12
R1023J,R-temporal,475.0,-0.01127231962601071,12
R1023J,R-temporal,525.0,0.04399801593968574,12
R1023J,R-temporal,575.0,-0.026242641742418183,12
R1023J,R-temporal,625.0,0.027127630286449673,12
R1023J,R-temporal,675.0,-0.04833405525781905,12
R1023J,R-temporal,725.0,-0.013348690912913757,12
R1023J,R-temporal,775.0,0.04870504501453974,12
R1023J,R-temporal,825.0,0.00613986942891498,12
R1023J,R-temporal,875.0,0.033227070076363115,12
R1023J,R-temporal,925.0,-0.03292773063059499,12
R1023J,R-temporal,975.0,-0.0223666341733159,12
R1023J,R-temporal,1025.0,0.04595417159797996,12
R1023J,R-temporal,1075.0,0.005200230874210537,12
R1023J,R-temporal,1125.0,-0.014532899659943463,12
R1023J,R-temporal,1175.0,-0.0016843069419311088,12
R1023J,R-temporal,1225.0,0.02799680601454882,12
R1023J,R-temporal,1275.0,0.03924015258971977,12
R1023J,R-temporal,1325.0,-0.06785392188199281,12
R1023J,R-temporal,1375.0,-0.0152208607095456,12
R1023J,R-temporal,1425.0,-0.03255124818390289,12
R1023J,R-temporal,1475.0,-0.010410330794471007,12
R1023J,R-temporal,1525.0,0.031741137749675574,12
R1023J,R-temporal,1575.0,-0.03256816232895971,12
R1026D,L-occipital,25.0,-0.054275227379503375,20
R1026D,L-occipital,75.0,-0.021274585705768623,20
R1026D,L-occipital,125.0,0.2302854498682707,20
R1026D,L-occipital,175.0,0.15201969526903217,20
R1026D,L-occipital,225.0,0.07820725886124003,20
R1026D,L-occipital,275.0,0.12594360950807312,20
R1026D,L-occipital,325.0,0.1647827497474277,20
R1026D,L-occipital,375.0,0.18793983347013324,20
R1026D,L-occipital,425.0,0.18430947631817554,20
R1026D,L-occipital,475.0,0.18102059776706658,20
R1026D,L-occipital,525.0,0.19926966778768526,20
R1026D,L-occipital,575.0,0.15466550429917886,20
R1026D,L-occipital,625.0,0.17638222276921778,20
R1026D,L-occipital,675.0,0.2236462685496378,20
R1026D,L-occipital,725.0,0.21212369274756687,20
R1026D,L-occipital,775.0,0.241748647185148,20
R1026D,L-occipital,825.0,0.22774233815193173,20
R1026D,L-occipital,875.0,0.24119629054017605,20
R1026D,L-occipital,925.0,0.23310356883968414,20
R1026D,L-occipital,975.0,0.21227856093603883,20
R1026D,L-occipital,1025.0,0.24282977518934362,20
R1026D,L-occipital,1075.0,0.28279892237361604,20
R1026D,L-occipital,1125.0,0.252417415610768,20
R1026D,L-occipital,1175.0,0.23378807559235373,20
R1026D,L-occipital,1225.0,0.20597539812069118,20
R1026D,L-occipital,1275.0,0.23450389936470356,20
R1026D,L-occipital,1325.0,0.221327796619306,20
R1026D,L-occipital,1375.0,0.20503246107478987,20
R1026D,L-occipital,1425.0,0.1597658265891228,20
R1026D,L-occipital,1475.0,0.16618109711104095,20
R1026D,L-occipital,1525.0,0.17386720117194418,20
R1026D,L-occipital,1575.0,0.16348897001275567,20
R1026D,L-parietal,25.0,-0.03443369305565433,21
R1026D,L-parietal,75.0,-0.001569826157326783,21
R1026D,L-parietal,125.0,0.025487576982364972,21
R1026D,L-parietal,175.0,-0.021692106915649628,21
R1026D,L-parietal,225.0,-0.002049707490309576,21
R1026D,L-parietal,275.0,0.018257140974069695,21
R1026D,L-parietal,325.0,0.049752582818141926,21
R1026D,L-parietal,375.0,0.01841655928469807,21
R1026D,L-parietal,425.0,0.04147128035437214,21
R1026D,L-parietal,475.0,0.05792962761575278,21
R1026D,L-parietal,525.0,0.04945117591957799,21
R1026D,L-parietal,575.0,0.03878143301905514,21
R1026D,L-parietal,625.0,0.0354485557238461,21
R1026D,L-parietal,675.0,0.07514886591301373,21
R1026D,L-parietal,725.0,0.003950308997073736,21
R1026D,L-parietal,775.0,0.06768366800248166,21
R1026D,L-parietal,825.0,0.04593785921295498,21
R1026D,L-parietal,875.0,0.07206622480477243,21
R1026D,L-parietal,925.0,0.08593933642314797,21
R1026D,L-parietal,975.0,-0.005275725732586225,21
R1026D,L-parietal,1025.0,0.033187333472002215,21
R1026D,L-parietal,1075.0,0.08463981266130031,21
R1026D,L-parietal,1125.0,0.09869703907203878,21
R1026D,L-parietal,1175.0,0.10633120711149974,21
R1026D,L-parietal,1225.0,0.04844228535368072,21
R1026D,L-parietal,1275.0,0.06817279322931565,21
R1026D,L-parietal,1325.0,0.08637944441392757,21
R1026D,L-parietal,1375.0,0.09204558318482861,21
R1026D,L-parietal,1425.0,0.10756540347702385,21
R1026D,L-parietal,1475.0,0.07073277693678648,21
R1026D,L-parietal,1525.0,0.08373390867172233,21
R1026D,L-parietal,1575.0,0.06376344595022151,21
R1030J,L-frontal,25.0,0.03188730567257855,6
R1030J,L-frontal,75.0,0.005632479808152256,6
R1030J,L-frontal,125.0,0.03818229806753027,6
R1030J,L-frontal,175.0,0.02138159421658989,6
R1030J,L-frontal,225.0,0.07909238412677856,6
R1030J,L-frontal,275.0,-0.0011040037143427994,6
R1030J,L-frontal,325.0,-0.0319977506362236,6
R1030J,L-frontal,375.0,-0.07277634134689562,6
R1030J,L-frontal,425.0,-0.0812480507618716,6
R1030J,L-frontal,475.0,-0.11751237990841547,6
R1030J,L-frontal,525.0,-0.04075599621723346,6
R1030J,L-frontal,575.0,-0.06482301801596552,6
R1030J,L-frontal,625.0,-0.07007358909651339,6
R1030J,L-frontal,675.0,-0.0813801866663461,6
R1030J,L-frontal,725.0,-0.11889970578524568,6
R1030J,L-frontal,775.0,-0.02809916652457639,6
R1030J,L-frontal,825.0,-0.09530422465836029,6
R1030J,L-frontal,875.0,-0.05977085865559325,6
R1030J,L-frontal,925.0,-0.09793663235254191,6
R1030J,L-frontal,975.0,-0.08656279305381441,6
R1030J,L-frontal,1025.0,-0.05267340697590378,6
R1030J,L-frontal,1075.0,-0.04328998804864156,6
R1030J,L-frontal,1125.0,-0.03261323490494019,6
R1030J,L-frontal,1175.0,-0.07793925320256728,6
R1030J,L-frontal,1225.0,-0.024169665931175977,6
R1030J,L-frontal,1275.0,-0.0709960180667513,6
R1030J,L-frontal,1325.0,-0.07605176567356559,6
R1030J,L-frontal,1375.0,-0.03147327225419469,6
R1030J,L-frontal,1425.0,-0.023347218130188852,6
R1030J,L-frontal,1475.0,-0.0805547758444195,6
R1030J,L-frontal,1525.0,-0.059085050261747846,6
R1030J,L-frontal,1575.0,-0.05206659459122554,6
R1030J,L-temporal,25.0,0.1350112766873715,8
R1030J,L-temporal,75.0,-0.023874983918977122,8
R1030J,L-temporal,125.0,0.07331643444406385,8
R1030J,L-temporal,175.0,0.08924436466777433,8
R1030J,L-temporal,225.0,0.13834498292364647,8
R1030J,L-temporal,275.0,0.1430715193875987,8
R1030J,L-temporal,325.0,0.06469513848113281,8
R1030J,L-temporal,375.0,-0.016350330669804757,8
R1030J,L-temporal,425.0,0.03019039542280013,8
R1030J,L-temporal,475.0,0.08412471276252347,8
R1030J,L-temporal,525.0,0.050269980854574556,8
R1030J,L-temporal,575.0,-0.08040200634418232,8
R1030J,L-temporal,625.0,-0.03212073790114015,8
R1030J,L-temporal,675.0,0.028325657856710137,8
R1030J,L-temporal,725.0,0.0001225229359182508,8
R1030J,L-temporal,775.0,-0.032307252514699854,8
R1030J,L-temporal,825.0,-0.017483058514560754,8
R1030J,L-temporal,875.0,-0.008898106432636992,8
R1030J,L-temporal,925.0,-0.004231602786940427,8
R1030J,L-temporal,975.0,-0.05767665782867668,8
R1030J,L-temporal,1025.0,-0.021707966233183752,8
R1030J,L-temporal,1075.0,-0.031139455556722113,8
R1030J,L-temporal,1125.0,-0.021785601242081246,8
R1030J,L-temporal,1175.0,0.06097696043704745,8
R1030J,L-temporal,1225.0,0.008875225640913212,8
R1030J,L-temporal,1275.0,0.0015351459122969965,8
R1030J,L-temporal,1325.0,-0.02585812423992403,8
R1030J,L-temporal,1375.0,-0.010718298913957425,8
R1030J,L-temporal,1425.0,0.023473990760665336,8
R1030J,L-temporal,1475.0,-0.024697488975314714,8
R1030J,L-temporal,1525.0,0.04255887489028656,8
R1030J,L-temporal,1575.0,-0.03201631532120275,8
R1032D,L-frontal,25.0,0.006436520255630519,6
R1032D,L-frontal,75.0,0.018491767883083033,6
R1032D,L-frontal,125.0,-0.06981698672277203,6
R1032D,L-frontal,175.0,-0.04348384065910155,6
R1032D,L-frontal,225.0,-0.1401721707488757,6
R1032D,L-frontal,275.0,-0.1596803158945144,6
R1032D,L-frontal,325.0,-0.2188255963388015,6
R1032D,L-frontal,375.0,-0.1630669304817411,6
R1032D,L-frontal,425.0,-0.08658715446396353,6
R1032D,L-frontal,475.0,-0.09973670200013916,6
R1032D,L-frontal,525.0,-0.06063475934793086,6
R1032D,L-frontal,575.0,-0.001099939098002348,6
R1032D,L-frontal,625.0,0.0817937869136537,6
R1032D,L-frontal,675.0,0.08411347607860066,6
R1032D,L-frontal,725.0,0.08612169906789922,6
R1032D,L-frontal,775.0,0.0945314723645162,6
R1032D,L-frontal,825.0,0.0932595960387368,6
R1032D,L-frontal,875.0,0.07910106118528794,6
R1032D,L-frontal,925.0,0.12465097326902791,6
R1032D,L-frontal,975.0,0.04480708541553377,6
R1032D,L-frontal,1025.0,0.12962414490828553,6
R1032D,L-frontal,1075.0,0.10798170622191494,6
R1032D,L-frontal,1125.0,0.10862169537467041,6
R1032D,L-frontal,1175.0,0.12868104043816808,6
R1032D,L-frontal,1225.0,0.12689431624685274,6
R1032D,L-frontal,1275.0,0.07786202496920437,6
R1032D,L-frontal,1325.0,0.07252433333403913,6
R1032D,L-frontal,1375.0,0.026296089346101004,6
R1032D,L-frontal,1425.0,0.042912024472092004,6
R1032D,L-frontal,1475.0,0.009864942095361762,6
R1032D,L-frontal,1525.0,-0.029561891785981193,6
R1032D,L-frontal,1575.0,-0.011832810096465002,6
R1032D,L-temporal,25.0,-0.059808501965368424,7
R1032D,L-temporal,75.0,-0.01357357020367286,7
R1032D,L-temporal,125.0,-0.01572786256295222,7
R1032D,L-temporal,175.0,-0.04611687299169631,7
R1032D,L-temporal,225.0,0.002286927682998334,7
R1032D,L-temporal,275.0,-0.042641571770890764,7
R1032D,L-temporal,325.0,-0.0024180779303256622,7
R1032D,L-temporal,375.0,-0.02880404718336208,7
R1032D,L-temporal,425.0,-0.03512767479280325,7
R1032D,L-temporal,475.0,-0.0874515230980336,7
R1032D,L-temporal,525.0,-0.025174253914416057,7
R1032D,L-temporal,575.0,-0.043097749456814216,7
R1032D,L-temporal,625.0,-0.04857797925270722,7
R1032D,L-temporal,675.0,-0.05273123167520619,7
R1032D,L-temporal,725.0,-0.0889304052779772,7
R1032D,L-temporal,775.0,-0.061852187600469996,7
R1032D,L-temporal,825.0,-0.07157028632702732,7
R1032D,L-temporal,875.0,-0.047379250166714244,7
R1032D,L-temporal,925.0,-0.06960059647598095,7
R1032D,L-temporal,975.0,-0.053112777562241476,7
R1032D,L-temporal,1025.0,-0.005772636899491701,7
R1032D,L-temporal,1075.0,-0.059211135704421776,7
R1032D,L-temporal,1125.0,-0.035568536279084885,7
R1032D,L-temporal,1175.0,-0.008557546883667198,7
R1032D,L-temporal,1225.0,-0.021042895078911533,7
R1032D,L-temporal,1275.0,0.04071318178294119,7
R1032D,L-temporal,1325.0,0.020586111617947427,7
R1032D,L-temporal,1375.0,0.03562321718780557,7
R1032D,L-temporal,1425.0,0.04800198561440457,7
R1032D,L-temporal,1475.0,0.00028632695802904,7
R1032D,L-temporal,1525.0,0.0017419963222828783,7
R1032D,L-temporal,1575.0,-0.008408138522359764,7
R1032D,R-frontal,25.0,-0.061085494972576405,5
R1032D,R-frontal,75.0,-0.03916015987663684,5
R1032D,R-frontal,125.0,-0.036443737447905175,5
R1032D,R-frontal,175.0,-0.021252820634275388,5
R1032D,R-frontal,225.0,-0.01669815443709725,5
R1032D,R-frontal,275.0,-0.02085035311134688,5
R1032D,R-frontal,325.0,-0.10054978838399901,5
R1032D,R-frontal,375.0,-0.12196929783058463,5
R1032D,R-frontal,425.0,-0.0712743479628928,5
R1032D,R-frontal,475.0,-0.07764980057423135,5
R1032D,R-frontal,525.0,-0.13995394852759463,5
R1032D,R-frontal,575.0,-0.061858565512273325,5
R1032D,R-frontal,625.0,-0.11756371945255775,5
R1032D,R-frontal,675.0,-0.14238867261440977,5
R1032D,R-frontal,725.0,-0.1274102999626655,5
R1032D,R-frontal,775.0,-0.08660517830244929,5
R1032D,R-frontal,825.0,-0.11927326636895601,5
R1032D,R-frontal,875.0,-0.1580630379702314,5
R1032D,R-frontal,925.0,-0.004549376142192535,5
R1032D,R-frontal,975.0,-0.05011699091148181,5
R1032D,R-frontal,1025.0,0.0025697384904606936,5
R1032D,R-frontal,1075.0,-0.01754582938928675,5
R1032D,R-frontal,1125.0,-0.10187810111329161,5
R1032D,R-frontal,1175.0,-0.0054601139501119274,5
R1032D,R-frontal,1225.0,-0.053494229423028526,5
R1032D,R-frontal,1275.0,0.005899053781944752,5
R1032D,R-frontal,1325.0,-0.02386099332812485,5
R1032D,R-frontal,1375.0,0.0021914435481814043,5
R1032D,R-frontal,1425.0,0.06372856187135587,5
R1032D,R-frontal,1475.0,0.0737827052584122,5
R1032D,R-frontal,1525.0,0.035264863435553774,5
R1032D,R-frontal,1575.0,-0.028528039142599364,5
R1032D,R-parietal,25.0,-0.010612388704124492,5
R1032D,R-parietal,75.0,-0.07182218702207122,5
R1032D,R-parietal,125.0,-0.023802501902698087,5
R1032D,R-parietal,175.0,-0.021777429579009727,5
R1032D,R-parietal,225.0,-0.08586798318394413,5
R1032D,R-parietal,275.0,-0.03619105939471412,5
R1032D,R-parietal,325.0,-0.04704672422412815,5
R1032D,R-parietal,375.0,-0.08414388453722696,5
R1032D,R-parietal,425.0,-0.004951632386695203,5
R1032D,R-parietal,475.0,-0.1715666485172826,5
R1032D,R-parietal,525.0,-0.11053405388821151,5
R1032D,R-parietal,575.0,-0.06060736989092659,5
R1032D,R-parietal,625.0,-0.12883894405010615,5
R1032D,R-parietal,675.0,-0.11508061091341722,5
R1032D,R-parietal,725.0,-0.0618017778091839,5
R1032D,R-parietal,775.0,-0.12028431325391517,5
R1032D,R-parietal,825.0,-0.04871302323910209,5
R1032D,R-parietal,875.0,-0.02974843377824434,5
R1032D,R-parietal,925.0,0.024946581725155164,5
R1032D,R-parietal,975.0,-0.04674250431574955,5
R1032D,R-parietal,1025.0,-0.049490826587309536,5
R1032D,R-parietal,1075.0,-0.09130931179677222,5
R1032D,R-parietal,1125.0,-0.06800230652262582,5
R1032D,R-parietal,1175.0,-0.006078380482573348,5
R1032D,R-parietal,1225.0,-0.0181879812088175,5
R1032D,R-parietal,1275.0,-0.0010645028733660207,5
R1032D,R-parietal,1325.0,0.0036325862544025226,5
R1032D,R-parietal,1375.0,-0.06603662727168524,5
R1032D,R-parietal,1425.0,-0.0653854703358748,5
R1032D,R-parietal,1475.0,-0.023187323784678384,5
R1032D,R-parietal,1525.0,-0.053993770116325,5
R1032D,R-parietal,1575.0,0.00849245557747455,5
R1032D,R-temporal,25.0,-0.0709142736758947,6
R1032D,R-temporal,75.0,-0.09340372949968449,6
R1032D,R-temporal,125.0,0.02116322961236947,6
R1032D,R-temporal,175.0,-0.029325716773046313,6
R1032D,R-temporal,225.0,-0.011270025364491646,6
R1032D,R-temporal,275.0,-0.008495551889128527,6
R1032D,R-temporal,325.0,0.00765161719097256,6
R1032D,R-temporal,375.0,-0.013373572779172513,6
R1032D,R-temporal,425.0,-0.014088873747830188,6
R1032D,R-temporal,475.0,0.056518242007021456,6
R1032D,R-temporal,525.0,-0.01573721293241767,6
R1032D,R-temporal,575.0,-0.005291230890254073,6
R1032D,R-temporal,625.0,0.04403164726805054,6
R1032D,R-temporal,675.0,0.03307354687075642,6
R1032D,R-temporal,725.0,0.009747201921773837,6
R1032D,R-temporal,775.0,0.01623766387740301,6
R1032D,R-temporal,825.0,0.023788231782429614,6
R1032D,R-temporal,875.0,0.03741834634412213,6
R1032D,R-temporal,925.0,0.027712491276568166,6
R1032D,R-temporal,975.0,0.027178803948104027,6
R1032D,R-temporal,1025.0,0.07157736404755455,6
R1032D,R-temporal,1075.0,0.021891449075527827,6
R1032D,R-temporal,1125.0,0.02317198830816883,6
R1032D,R-temporal,1175.0,-0.003766616049309371,6
R1032D,R-temporal,1225.0,0.07916868353410392,6
R1032D,R-temporal,1275.0,0.06504927649203111,6
R1032D,R-temporal,1325.0,0.03987162447628554,6
R1032D,R-temporal,1375.0,0.043897863571942385,6
R1032D,R-temporal,1425.0,0.026051869156305113,6
R1032D,R-temporal,1475.0,0.051626627159598294,6
R1032D,R-temporal,1525.0,0.0011803268033740409,6
R1032D,R-temporal,1575.0,-0.008411990124764538,6
R1034D,L-frontal,25.0,-0.02016872801644692,43
R1034D,L-frontal,75.0,-0.0030657435057389604,43
R1034D,L-frontal,125.0,-0.03212565620622617,43
R1034D,L-frontal,175.0,-0.01604636519185175,43
R1034D,L-frontal,225.0,0.007063966151002658,43
R1034D,L-frontal,275.0,-0.018351529264533775,43
R1034D,L-frontal,325.0,-0.04509448581744455,43
R1034D,L-frontal,375.0,-0.01737635063060626,43
R1034D,L-frontal,425.0,-0.014084416670417056,43
R1034D,L-frontal,475.0,-0.04852713795747053,43
R1034D,L-frontal,525.0,-0.011485363523389198,43
R1034D,L-frontal,575.0,-0.034008124875092395,43
R1034D,L-frontal,625.0,-0.014314760769532246,43
R1034D,L-frontal,675.0,-0.020409246100848454,43
R1034D,L-frontal,725.0,-0.034350758772650786,43
R1034D,L-frontal,775.0,-0.028143940219402714,43
R1034D,L-frontal,825.0,-0.00471902168877433,43
R1034D,L-frontal,875.0,-0.013310424151266053,43
R1034D,L-frontal,925.0,-0.02710140722422685,43
R1034D,L-frontal,975.0,0.00028783163546148384,43
R1034D,L-frontal,1025.0,-0.00928310769183022,43
R1034D,L-frontal,1075.0,0.001114856192166859,43
R1034D,L-frontal,1125.0,-0.050439157454923174,43
R1034D,L-frontal,1175.0,-0.036447672988475,43
R1034D,L-frontal,1225.0,-0.03363464864023283,43
R1034D,L-frontal,1275.0,-0.01837217350719658,43
R1034D,L-frontal,1325.0,-0.03995308698993947,43
R1034D,L-frontal,1375.0,-0.016112237872396722,43
R1034D,L-frontal,1425.0,-0.006975021739237036,43
R1034D,L-frontal,1475.0,-0.024322393901077984,43
R1034D,L-frontal,1525.0,-0.016430156472982762,43
R1034D,L-frontal,1575.0,-0.011896377648127577,43
R1034D,L-temporal,25.0,0.018458700288229955,10
R1034D,L-temporal,75.0,0.01791623797302766,10
R1034D,L-temporal,125.0,0.01240205549810767,10
R1034D,L-temporal,175.0,-0.05142598646724916,10
R1034D,L-temporal,225.0,0.0032188731212031826,10
R1034D,L-temporal,275.0,0.02715844801852414,10
R1034D,L-temporal,325.0,0.01664093678812594,10
R1034D,L-temporal,375.0,0.014182590769061365,10
R1034D,L-temporal,425.0,0.02966663258247975,10
R1034D,L-temporal,475.0,0.042779397436723376,10
R1034D,L-temporal,525.0,0.002392749458323881,10
R1034D,L-temporal,575.0,-0.01775461358176572,10
R1034D,L-temporal,625.0,0.041545483170284336,10
R1034D,L-temporal,675.0,-0.027821747823044217,10
R1034D,L-temporal,725.0,-0.035960840954643816,10
R1034D,L-temporal,775.0,-0.07967069453652739,10
R1034D,L-temporal,825.0,-0.05929847600863399,10
R1034D,L-temporal,875.0,-0.037180393466049635,10
R1034D,L-temporal,925.0,-0.019101292775049024,10
R1034D,L-temporal,975.0,-0.018651175447770632,10
R1034D,L-temporal,1025.0,0.01385099047375154,10
R1034D,L-temporal,1075.0,0.00675452552474321,10
R1034D,L-temporal,1125.0,-0.049390454745219206,10
R1034D,L-temporal,1175.0,0.015272155748265067,10
R1034D,L-temporal,1225.0,0.014878517289577887,10
R1034D,L-temporal,1275.0,0.026102820025711522,10
R1034D,L-temporal,1325.0,-0.0069729537081526195,10
R1034D,L-temporal,1375.0,-0.014538251397259358,10
R1034D,L-temporal,1425.0,0.010627467998239774,10
R1034D,L-temporal,1475.0,-0.00993443779374661,10
R1034D,L-temporal,1525.0,-0.018510289417383634,10
R1034D,L-temporal,1575.0,-0.03713659792885962,10
R1034D,R-frontal,25.0,0.004659603283730358,28
R1034D,R-frontal,75.0,-0.024014544550307354,28
R1034D,R-frontal,125.0,-0.02066491867852863,28
R1034D,R-frontal,175.0,-0.006213393582380087,28
R1034D,R-frontal,225.0,0.0050509415951392475,28
R1034D,R-frontal,275.0,-0.00875490967509926,28
R1034D,R-frontal,325.0,0.02777305606768385,28
R1034D,R-frontal,375.0,-0.015087795112044429,28
R1034D,R-frontal,425.0,-0.027411354897798716,28
R1034D,R-frontal,475.0,0.0010252996120368024,28
R1034D,R-frontal,525.0,-0.024947571666780542,28
R1034D,R-frontal,575.0,-0.04512524024225124,28
R1034D,R-frontal,625.0,-0.04192507283287734,28
R1034D,R-frontal,675.0,-0.04558991290859149,28
R1034D,R-frontal,725.0,-0.03504243691976019,28
R1034D,R-frontal,775.0,-0.005726210188540292,28
R1034D,R-frontal,825.0,-0.025604255311403097,28
R1034D,R-frontal,875.0,-0.03745911377545954,28
R1034D,R-frontal,925.0,-0.029179881256163772,28
R1034D,R-frontal,975.0,-0.04458432053511402,28
R1034D,R-frontal,1025.0,0.001082979327171897,28
R1034D,R-frontal,1075.0,-0.024404574754232522,28
R1034D,R-frontal,1125.0,-0.02272334837603694,28
R1034D,R-frontal,1175.0,-0.008898915475379408,28
R1034D,R-frontal,1225.0,0.012923333186106323,28
R1034D,R-frontal,1275.0,-0.04325314834642395,28
R1034D,R-frontal,1325.0,-0.043060303440327505,28
R1034D,R-frontal,1375.0,-0.008690073783550053,28
R1034D,R-frontal,1425.0,-0.010786267864633789,28
R1034D,R-frontal,1475.0,-0.012065934060791332,28
R1034D,R-frontal,1525.0,0.006517354797713647,28
R1034D,R-frontal,1575.0,-0.039682397767378266,28
R1036M,L-frontal,25.0,0.003273090856551051,19
R1036M,L-frontal,75.0,0.04773456993714885,19
R1036M,L-frontal,125.0,0.01771066889997839,19
R1036M,L-frontal,175.0,0.05705494536401229,19
R1036M,L-frontal,225.0,0.043101176476610284,19
R1036M,L-frontal,275.0,-0.03677516689499333,19
R1036M,L-frontal,325.0,0.01366596822082621,19
R1036M,L-frontal,375.0,-0.006974894507569799,19
R1036M,L-frontal,425.0,-0.0429486711172437,19
R1036M,L-frontal,475.0,-0.017407218047310852,19
R1036M,L-frontal,525.0,0.005388211873640019,19
R1036M,L-frontal,575.0,-0.04217797535193818,19
R1036M,L-frontal,625.0,-0.020373405023505802,19
R1036M,L-frontal,675.0,-0.0017352805189256091,19
R1036M,L-frontal,725.0,0.019413561246074934,19
R1036M,L-frontal,775.0,-0.013175079785686213,19
R1036M,L-frontal,825.0,-0.06402696251662458,19
R1036M,L-frontal,875.0,-0.09462845131224505,19
R1036M,L-frontal,925.0,-0.04656455938962908,19
R1036M,L-frontal,975.0,-0.08706197084576675,19
R1036M,L-frontal,1025.0,-0.09419011753941214,19
R1036M,L-frontal,1075.0,-0.11588103215657326,19
R1036M,L-frontal,1125.0,-0.0434396440003049,19
R1036M,L-frontal,1175.0,-0.04370479189589004,19
R1036M,L-frontal,1225.0,-0.0037906863834912133,19
R1036M,L-frontal,1275.0,0.008815448520401942,19
R1036M,L-frontal,1325.0,0.0077116292059875476,19
R1036M,L-frontal,1375.0,-0.011855631900103204,19
R1036M,L-frontal,1425.0,0.010399913044295704,19
R1036M,L-frontal,1475.0,-0.02243295946880387,19
R1036M,L-frontal,1525.0,-0.03168891749626181,19
R1036M,L-frontal,1575.0,-0.054016082012326515,19
R1036M,L-occipital,25.0,0.09785498524110914,5
R1036M,L-occipital,75.0,0.14562771989428608,5
R1036M,L-occipital,125.0,0.3820408536747189,5
R1036M,L-occipital,175.0,0.623925744893206,5
R1036M,L-occipital,225.0,0.6434752405077468,5
R1036M,L-occipital,275.0,0.5985029780365799,5
R1036M,L-occipital,325.0,0.5446208679475193,5
R1036M,L-occipital,375.0,0.5123730678494123,5
R1036M,L-occipital,425.0,0.5502351496466437,5
R1036M,L-occipital,475.0,0.5513270510554384,5
R1036M,L-occipital,525.0,0.49879416411089605,5
R1036M,L-occipital,575.0,0.4352228663912139,5
R1036M,L-occipital,625.0,0.3009916210798325,5
R1036M,L-occipital,675.0,0.27963512904847143,5
R1036M,L-occipital,725.0,0.21766703057925554,5
R1036M,L-occipital,775.0,0.18340392060177618,5
R1036M,L-occipital,825.0,0.1635824558034189,5
R1036M,L-occipital,875.0,0.03643669619127858,5
R1036M,L-occipital,925.0,0.11667567691587352,5
R1036M,L-occipital,975.0,-0.021417004497264712,5
R1036M,L-occipital,1025.0,-0.017899980738963615,5
R1036M,L-occipital,1075.0,-0.04679118129694857,5
R1036M,L-occipital,1125.0,-0.029555554590776745,5
R1036M,L-occipital,1175.0,-0.045420562162918274,5
R1036M,L-occipital,1225.0,0.0512839078747484,5
R1036M,L-occipital,1275.0,0.03949307928914107,5
R1036M,L-occipital,1325.0,0.06719856080413243,5
R1036M,L-occipital,1375.0,0.061500466126001206,5
R1036M,L-occipital,1425.0,0.20714146918843204,5
R1036M,L-occipital,1475.0,0.15777896646392084,5
R1036M,L-occipital,1525.0,0.1240439964373667,5
R1036M,L-occipital,1575.0,0.1708479128344545,5
R1036M,L-parietal,25.0,-0.026603686893687136,22
R1036M,L-parietal,75.0,0.004031029229234152,22
R1036M,L-parietal,125.0,0.02671460005439498,22
R1036M,L-parietal,175.0,0.07837406750544368,22
R1036M,L-parietal,225.0,0.07656164860803574,22
R1036M,L-parietal,275.0,0.006385428999163904,22
R1036M,L-parietal,325.0,0.06149189373749948,22
R1036M,L-parietal,375.0,0.09521402872656681,22
R1036M,L-parietal,425.0,0.06454230913903264,22
R1036M,L-parietal,475.0,0.12964603042631292,22
R1036M,L-parietal,525.0,0.16443795308871273,22
R1036M,L-parietal,575.0,0.06272056322881964,22
R1036M,L-parietal,625.0,0.06314535352669569,22
R1036M,L-parietal,675.0,0.06357339839988296,22
R1036M,L-parietal,725.0,0.030513630982871635,22
R1036M,L-parietal,775.0,-0.0024289499421758943,22
R1036M,L-parietal,825.0,-0.03304596272404939,22
R1036M,L-parietal,875.0,-0.0727483759390609,22
R1036M,L-parietal,925.0,-0.08019926462755839,22
R1036M,L-parietal,975.0,-0.09459194157435279,22
R1036M,L-parietal,1025.0,-0.1186343921687159,22
R1036M,L-parietal,1075.0,-0.12262360336161407,22
R1036M,L-parietal,1125.0,-0.11825092509945505,22
R1036M,L-parietal,1175.0,-0.10548516101764291,22
R1036M,L-parietal,1225.0,-0.05853182713138514,22
R1036M,L-parietal,1275.0,-0.04168215179842735,22
R1036M,L-parietal,1325.0,-0.04016762576789676,22
R1036M,L-parietal,1375.0,-0.02225361373858036,22
R1036M,L-parietal,1425.0,0.03341817220951725,22
R1036M,L-parietal,1475.0,0.008704198569582345,22
R1036M,L-parietal,1525.0,0.04275359579367182,22
R1036M,L-parietal,1575.0,0.0030392128661512296,22
R1036M,L-temporal,25.0,-0.007964020666226767,31
R1036M,L-temporal,75.0,0.024940264644768655,31
R1036M,L-temporal,125.0,0.001396382803222987,31
R1036M,L-temporal,175.0,0.01566128949987535,31
R1036M,L-temporal,225.0,-0.028045390784181733,31
R1036M,L-temporal,275.0,-0.05356705026013988,31
R1036M,L-temporal,325.0,-0.03339266053840809,31
R1036M,L-temporal,375.0,0.007914734553568937,31
R1036M,L-temporal,425.0,-0.004811880792799716,31
R1036M,L-temporal,475.0,0.031249236520189374,31
R1036M,L-temporal,525.0,0.027005995886464233,31
R1036M,L-temporal,575.0,-0.006467676910774549,31
R1036M,L-temporal,625.0,-0.04437146357336348,31
R1036M,L-temporal,675.0,-0.025562437437944983,31
R1036M,L-temporal,725.0,-0.02669429522485836,31
R1036M,L-temporal,775.0,-0.04548848949718444,31
R1036M,L-temporal,825.0,-0.05386924069449559,31
R1036M,L-temporal,875.0,-0.05275788985428004,31
R1036M,L-temporal,925.0,-0.03341333345844064,31
R1036M,L-temporal,975.0,-0.0838043188352455,31
R1036M,L-temporal,1025.0,-0.1109342486578155,31
R1036M,L-temporal,1075.0,-0.154029411482091,31
R1036M,L-temporal,1125.0,-0.1341936042692244,31
R1036M,L-temporal,1175.0,-0.11831863646062761,31
R1036M,L-temporal,1225.0,-0.05408775685680512,31
R1036M,L-temporal,1275.0,-0.044147770605921066,31
R1036M,L-temporal,1325.0,-0.04143218729610927,31
R1036M,L-temporal,1375.0,-0.041132739635715974,31
R1036M,L-temporal,1425.0,0.02039081883495412,31
R1036M,L-temporal,1475.0,0.04429096078854176,31
R1036M,L-temporal,1525.0,-0.006191771870278319,31
R1036M,L-temporal,1575.0,-0.025616609329509536,31
R1042M,R-frontal,25.0,0.04612807009874151,21
R1042M,R-frontal,75.0,0.011931010244167407,21
R1042M,R-frontal,125.0,0.0762550045647725,21
R1042M,R-frontal,175.0,0.06338169618772568,21
R1042M,R-frontal,225.0,0.07679318201503113,21
R1042M,R-frontal,275.0,0.06565807343779077,21
R1042M,R-frontal,325.0,0.05304650590995228,21
R1042M,R-frontal,375.0,0.005165257988419138,21
R1042M,R-frontal,425.0,-0.012704504508243378,21
R1042M,R-frontal,475.0,-0.051218488264204935,21
R1042M,R-frontal,525.0,-0.035889560228542394,21
R1042M,R-frontal,575.0,-0.015170089362070876,21
R1042M,R-frontal,625.0,-0.0004918575201105145,21
R1042M,R-frontal,675.0,0.005892195213566276,21
R1042M,R-frontal,725.0,0.010266521475427785,21
R1042M,R-frontal,775.0,0.004754721551222163,21
R1042M,R-frontal,825.0,0.036230683499097645,21
R1042M,R-frontal,875.0,0.00165571586558462,21
R1042M,R-frontal,925.0,0.03387435504951565,21
R1042M,R-frontal,975.0,0.03142352315374516,21
R1042M,R-frontal,1025.0,0.021139160749386727,21
R1042M,R-frontal,1075.0,0.02722207555155211,21
R1042M,R-frontal,1125.0,-0.0034102627662679946,21
R1042M,R-frontal,1175.0,0.005989846600121127,21
R1042M,R-frontal,1225.0,0.0004242631156846713,21
R1042M,R-frontal,1275.0,0.01203583028029234,21
R1042M,R-frontal,1325.0,-0.027464346588402282,21
R1042M,R-frontal,1375.0,-0.022290206633077944,21
R1042M,R-frontal,1425.0,-0.029423266151307404,21
R1042M,R-frontal,1475.0,-0.044490835338372434,21
R1042M,R-frontal,1525.0,-0.0019525399911811971,21
R1042M,R-frontal,1575.0,-0.001313448798784613,21
R1042M,R-parietal,25.0,0.03490865819082435,24
R1042M,R-parietal,75.0,0.017125859690620287,24
R1042M,R-parietal,125.0,0.06820180486138246,24
R1042M,R-parietal,175.0,0.08933803461022803,24
R1042M,R-parietal,225.0,0.13497948721092953,24
R1042M,R-parietal,275.0,0.11337201412450015,24
R1042M,R-parietal,325.0,0.0825194256102207,24
R1042M,R-parietal,375.0,0.030410994918332587,24
R1042M,R-parietal,425.0,-0.006335015707349079,24
R1042M,R-parietal,475.0,0.00493901688085444,24
R1042M,R-parietal,525.0,-0.061725967111943524,24
R1042M,R-parietal,575.0,-0.0303121813438048,24
R1042M,R-parietal,625.0,-0.012743245328310587,24
R1042M,R-parietal,675.0,-0.01725343139278693,24
R1042M,R-parietal,725.0,0.02670599879991536,24
R1042M,R-parietal,775.0,0.020999105323549375,24
R1042M,R-parietal,825.0,0.027345026209422585,24
R1042M,R-parietal,875.0,0.01007201800522572,24
R1042M,R-parietal,925.0,0.03556881325896206,24
R1042M,R-parietal,975.0,0.014840194492748612,24
R1042M,R-parietal,1025.0,0.03672098232042124,24
R1042M,R-parietal,1075.0,0.04271904126844936,24
R1042M,R-parietal,1125.0,0.0266690079035331,24
R1042M,R-parietal,1175.0,0.03038162045608056,24
R1042M,R-parietal,1225.0,0.021862761437465485,24
R1042M,R-parietal,1275.0,0.025506081409008643,24
R1042M,R-parietal,1325.0,0.019252596501362795,24
R1042M,R-parietal,1375.0,0.0033051472511638914,24
R1042M,R-parietal,1425.0,-0.006611701486071992,24
R1042M,R-parietal,1475.0,0.012974820928134977,24
R1042M,R-parietal,1525.0,0.04232988320878583,24
R1042M,R-parietal,1575.0,0.05068688733137681,24
R1042M,R-temporal,25.0,0.050533728258552145,27
R1042M,R-temporal,75.0,0.03348567908667633,27
R1042M,R-temporal,125.0,0.04620086802588767,27
R1042M,R-temporal,175.0,0.047520877704619255,27
R1042M,R-temporal,225.0,0.04524381240908776,27
R1042M,R-temporal,275.0,0.023313648834041096,27
R1042M,R-temporal,325.0,0.010091631783251252,27
R1042M,R-temporal,375.0,-0.03026615423710439,27
R1042M,R-temporal,425.0,-0.02541568764326664,27
R1042M,R-temporal,475.0,-0.03740270617905551,27
R1042M,R-temporal,525.0,-0.06190726045065506,27
R1042M,R-temporal,575.0,-0.10044855733589377,27
R1042M,R-temporal,625.0,-0.041227288051941584,27
R1042M,R-temporal,675.0,-0.041561947840213796,27
R1042M,R-temporal,725.0,-0.048911075328599944,27
R1042M,R-temporal,775.0,-0.03225007208321006,27
R1042M,R-temporal,825.0,-0.01837527912236314,27
R1042M,R-temporal,875.0,-0.05506273516807231,27
R1042M,R-temporal,925.0,-0.00014580520471754835,27
R1042M,R-temporal,975.0,-0.02460432899167786,27
R1042M,R-temporal,1025.0,-0.01591767041636337,27
R1042M,R-temporal,1075.0,-0.0007527644129699552,27
R1042M,R-temporal,1125.0,-0.021944430037355803,27
R1042M,R-temporal,1175.0,0.013989025052883118,27
R1042M,R-temporal,1225.0,-0.02090473308975178,27
R1042M,R-temporal,1275.0,0.00879776071105315,27
R1042M,R-temporal,1325.0,-0.005606287144986251,27
R1042M,R-temporal,1375.0,-0.03812460776038075,27
R1042M,R-temporal,1425.0,-0.02208611716976784,27
R1042M,R-temporal,1475.0,-0.014315627821787469,27
R1042M,R-temporal,1525.0,0.010916265575764294,27
R1042M,R-temporal,1575.0,-0.015745408343368607,27
R1045E,L-frontal,25.0,0.005963354236270919,21
R1045E,L-frontal,75.0,-0.012234630310342517,21
R1045E,L-frontal,125.0,-0.005268291532744776,21
R1045E,L-frontal,175.0,-0.016863885757907884,21
R1045E,L-frontal,225.0,-0.020049352342624786,21
R1045E,L-frontal,275.0,-0.0018864006844527845,21
R1045E,L-frontal,325.0,0.0020043777858341403,21
R1045E,L-frontal,375.0,-0.0033765857722125392,21
R1045E,L-frontal,425.0,0.010669167819094312,21
R1045E,L-frontal,475.0,0.014687686861667446,21
R1045E,L-frontal,525.0,0.027866101692419605,21
R1045E,L-frontal,575.0,0.009853781790325502,21
R1045E,L-frontal,625.0,-0.01066342770828389,21
R1045E,L-frontal,675.0,-0.035259488039741084,21
R1045E,L-frontal,725.0,-0.0638882533937761,21
R1045E,L-frontal,775.0,-0.06599505891704406,21
R1045E,L-frontal,825.0,-0.08591386308209834,21
R1045E,L-frontal,875.0,-0.06041485005254977,21
R1045E,L-frontal,925.0,-0.04908402965943056,21
R1045E,L-frontal,975.0,-0.015365169164433232,21
R1045E,L-frontal,1025.0,-0.004563253936118409,21
R1045E,L-frontal,1075.0,-0.008055193095294469,21
R1045E,L-frontal,1125.0,0.0009615194599190158,21
R1045E,L-frontal,1175.0,0.005845431475269769,21
R1045E,L-frontal,1225.0,-0.009421660932084084,21
R1045E,L-frontal,1275.0,-0.026483285339626333,21
R1045E,L-frontal,1325.0,-0.022870151264373043,21
R1045E,L-frontal,1375.0,-0.03179020154895501,21
R1045E,L-frontal,1425.0,-0.02573448717253354,21
R1045E,L-frontal,1475.0,-0.02767540023088923,21
R1045E,L-frontal,1525.0,-0.03594173465276508,21
R1045E,L-frontal,1575.0,-0.041518183802175944,21
R1045E,L-parietal,25.0,0.038976635824300165,3
R1045E,L-parietal,75.0,0.036272241119596975,3
R1045E,L-parietal,125.0,0.02007702550661016,3
R1045E,L-parietal,175.0,0.00783816008588809,3
R1045E,L-parietal,225.0,-0.024924147477203756,3
R1045E,L-parietal,275.0,-0.019008601029488887,3
R1045E,L-parietal,325.0,-0.011833539805446124,3
R1045E,L-parietal,375.0,-0.024433611091046064,3
R1045E,L-parietal,425.0,0.022422060468403632,3
R1045E,L-parietal,475.0,0.03234583702808127,3
R1045E,L-parietal,525.0,0.0280889602939611,3
R1045E,L-parietal,575.0,0.01143827639444972,3
R1045E,L-parietal,625.0,0.0038495123796464374,3
R1045E,L-parietal,675.0,-0.048239370290463546,3
R1045E,L-parietal,725.0,-0.09612128289753107,3
R1045E,L-parietal,775.0,-0.09032023222454516,3
R1045E,L-parietal,825.0,-0.09883090603027052,3
R1045E,L-parietal,875.0,-0.0877851036536364,3
R1045E,L-parietal,925.0,-0.07959881353212024,3
R1045E,L-parietal,975.0,-0.060725857840150416,3
R1045E,L-parietal,1025.0,-0.02472449056237509,3
R1045E,L-parietal,1075.0,0.019360837614836427,3
R1045E,L-parietal,1125.0,0.008835534762448144,3
R1045E,L-parietal,1175.0,0.05064601458873972,3
R1045E,L-parietal,1225.0,0.057705006950330394,3
R1045E,L-parietal,1275.0,0.03278172861093364,3
R1045E,L-parietal,1325.0,0.01267772730662421,3
R1045E,L-parietal,1375.0,-0.02293218883363268,3
R1045E,L-parietal,1425.0,-0.0388738417484156,3
R1045E,L-parietal,1475.0,-0.026644823199990838,3
R1045E,L-parietal,1525.0,-0.026596132824764158,3
R1045E,L-parietal,1575.0,-0.011431049987984368,3
R1045E,L-temporal,25.0,0.012444113990242336,21
R1045E,L-temporal,75.0,0.005011661130117509,21
R1045E,L-temporal,125.0,-0.008324475935009623,21
R1045E,L-temporal,175.0,-0.01055003950805787,21
R1045E,L-temporal,225.0,-0.026828345190414306,21
R1045E,L-temporal,275.0,-0.013042744829890736,21
R1045E,L-temporal,325.0,-0.00918001603538974,21
R1045E,L-temporal,375.0,-0.018890851857955804,21
R1045E,L-temporal,425.0,0.006529262694608594,21
R1045E,L-temporal,475.0,0.006674437977668084,21
R1045E,L-temporal,525.0,0.013516905041655999,21
R1045E,L-temporal,575.0,-0.005748567447847122,21
R1045E,L-temporal,625.0,-0.015702920479614118,21
R1045E,L-temporal,675.0,-0.04444446501646125,21
R1045E,L-temporal,725.0,-0.0712431166539085,21
R1045E,L-temporal,775.0,-0.08021681186820136,21
R1045E,L-temporal,825.0,-0.08997898260435415,21
R1045E,L-temporal,875.0,-0.08672593998704144,21
R1045E,L-temporal,925.0,-0.07752006872601966,21
R1045E,L-temporal,975.0,-0.04531374575522366,21
R1045E,L-temporal,1025.0,-0.022966375652482527,21
R1045E,L-temporal,1075.0,-0.0063283608655390665,21
R1045E,L-temporal,1125.0,0.0034209351392318304,21
R1045E,L-temporal,1175.0,0.0127855981773329,21
R1045E,L-temporal,1225.0,0.008694164656585434,21
R1045E,L-temporal,1275.0,0.0006046893933004724,21
R1045E,L-temporal,1325.0,-0.013558556100800371,21
R1045E,L-temporal,1375.0,-0.02217312476401211,21
R1045E,L-temporal,1425.0,-0.020307449515366473,21
R1045E,L-temporal,1475.0,-0.03702816699549797,21
R1045E,L-temporal,1525.0,-0.053085365954319466,21
R1045E,L-temporal,1575.0,-0.04342471415125505,21
R1045E,R-frontal,25.0,0.01965949656338684,5
R1045E,R-frontal,75.0,0.014355641017200637,5
R1045E,R-frontal,125.0,0.01323784490542225,5
R1045E,R-frontal,175.0,0.020608596929604622,5
R1045E,R-frontal,225.0,-0.023960783173886176,5
R1045E,R-frontal,275.0,-0.012527346879160234,5
R1045E,R-frontal,325.0,-0.022308844636154113,5
R1045E,R-frontal,375.0,-0.04825015995521746,5
R1045E,R-frontal,425.0,-0.029407147874563368,5
R1045E,R-frontal,475.0,-0.03562970561075756,5
R1045E,R-frontal,525.0,-0.03697143245633012,5
R1045E,R-frontal,575.0,-0.03806428082242356,5
R1045E,R-frontal,625.0,-0.044551120969597555,5
R1045E,R-frontal,675.0,-0.036516525446614004,5
R1045E,R-frontal,725.0,-0.05854591541109917,5
R1045E,R-frontal,775.0,-0.03079033104097258,5
R1045E,R-frontal,825.0,-0.038878608006246554,5
R1045E,R-frontal,875.0,-0.04356942245238232,5
R1045E,R-frontal,925.0,-0.01046449077596759,5
R1045E,R-frontal,975.0,-0.01527014508185058,5
R1045E,R-frontal,1025.0,-0.035635543762980164,5
R1045E,R-frontal,1075.0,-0.026892133102084603,5
R1045E,R-frontal,1125.0,-0.03111652808585106,5
R1045E,R-frontal,1175.0,-0.060035472652238554,5
R1045E,R-frontal,1225.0,-0.03628417459574225,5
R1045E,R-frontal,1275.0,-0.015032349327231086,5
R1045E,R-frontal,1325.0,-0.010241839597014968,5
R1045E,R-frontal,1375.0,-0.0177901642785677,5
R1045E,R-frontal,1425.0,-0.002322430996038586,5
R1045E,R-frontal,1475.0,-0.011240630565950937,5
R1045E,R-frontal,1525.0,-0.04175399925334973,5
R1045E,R-frontal,1575.0,-0.03681206866025199,5
R1045E,R-temporal,25.0,0.005583787155992225,6
R1045E,R-temporal,75.0,-0.0059697200286392485,6
R1045E,R-temporal,125.0,-0.00341291371508629,6
R1045E,R-temporal,175.0,-0.007095599891689054,6
R1045E,R-temporal,225.0,-0.0243396544641689,6
R1045E,R-temporal,275.0,-0.008017650216508755,6
R1045E,R-temporal,325.0,-0.020524046619433446,6
R1045E,R-temporal,375.0,-0.0447032646551443,6
R1045E,R-temporal,425.0,-0.060133703981670276,6
R1045E,R-temporal,475.0,-0.05965030345594141,6
R1045E,R-temporal,525.0,-0.03940491826300988,6
R1045E,R-temporal,575.0,-0.05892884958190061,6
R1045E,R-temporal,625.0,-0.05375939943704175,6
R1045E,R-temporal,675.0,-0.02233388749436668,6
R1045E,R-temporal,725.0,-0.015561556685122166,6
R1045E,R-temporal,775.0,-0.011024721109953521,6
R1045E,R-temporal,825.0,-0.014309844056463511,6
R1045E,R-temporal,875.0,-0.02023794608639107,6
R1045E,R-temporal,925.0,-0.012462200163459192,6
R1045E,R-temporal,975.0,-0.012913736594134308,6
R1045E,R-temporal,1025.0,-0.016356834721242098,6
R1045E,R-temporal,1075.0,-0.030842435090350912,6
R1045E,R-temporal,1125.0,-0.03508334324675278,6
R1045E,R-temporal,1175.0,-0.06121476065550141,6
R1045E,R-temporal,1225.0,-0.07680531919735221,6
R1045E,R-temporal,1275.0,-0.0490721972315633,6
R1045E,R-temporal,1325.0,-0.02709767146334165,6
R1045E,R-temporal,1375.0,-0.04309270932647246,6
R1045E,R-temporal,1425.0,-0.01671210688450149,6
R1045E,R-temporal,1475.0,-0.03546024067584303,6
R1045E,R-temporal,1525.0,-0.051673319636788596,6
R1045E,R-temporal,1575.0,-0.030748703089231232,6
R1048E,R-frontal,25.0,0.0030442549454753063,8
R1048E,R-frontal,75.0,-0.01063330079682636,8
R1048E,R-frontal,125.0,0.01619498011121437,8
R1048E,R-frontal,175.0,0.10237138613280806,8
R1048E,R-frontal,225.0,0.17877805381838152,8
R1048E,R-frontal,275.0,0.13943100205969824,8
R1048E,R-frontal,325.0,-0.037512084587417394,8
R1048E,R-frontal,375.0,-0.06485482581903587,8
R1048E,R-frontal,425.0,-0.03588659925636495,8
R1048E,R-frontal,475.0,-0.04064604174204278,8
R1048E,R-frontal,525.0,-0.017129762818938635,8
R1048E,R-frontal,575.0,-0.03075477693120738,8
R1048E,R-frontal,625.0,-0.06548483047266046,8
R1048E,R-frontal,675.0,-0.040154983559904864,8
R1048E,R-frontal,725.0,-0.026840685450981745,8
R1048E,R-frontal,775.0,-0.028081867214967263,8
R1048E,R-frontal,825.0,-0.02041236145093595,8
R1048E,R-frontal,875.0,0.005954841379580938,8
R1048E,R-frontal,925.0,-0.03174075217945285,8
R1048E,R-frontal,975.0,-0.022445551129223675,8
R1048E,R-frontal,1025.0,-0.040023640437242256,8
R1048E,R-frontal,1075.0,-0.002849639723405493,8
R1048E,R-frontal,1125.0,-0.03620170201205068,8
R1048E,R-frontal,1175.0,-0.03496566973826814,8
R1048E,R-frontal,1225.0,-0.0048036470908139756,8
R1048E,R-frontal,1275.0,-0.05148100585615427,8
R1048E,R-frontal,1325.0,-0.05651085551039532,8
R1048E,R-frontal,1375.0,-0.09079756395495217,8
R1048E,R-frontal,1425.0,-0.014977800146811075,8
R1048E,R-frontal,1475.0,-0.010910633669763912,8
R1048E,R-frontal,1525.0,-0.03167371855344644,8
R1048E,R-frontal,1575.0,-0.04333119939043982,8
R1048E,R-temporal,25.0,-0.001702170432293838,12
R1048E,R-temporal,75.0,-0.03796054363869255,12
R1048E,R-temporal,125.0,-0.014594938032305306,12
R1048E,R-temporal,175.0,0.07791220300227354,12
R1048E,R-temporal,225.0,0.205877959109669,12
R1048E,R-temporal,275.0,0.11495343079302545,12
R1048E,R-temporal,325.0,-0.0019911724132679032,12
R1048E,R-temporal,375.0,-0.04106427949837555,12
R1048E,R-temporal,425.0,0.022305840826220825,12
R1048E,R-temporal,475.0,0.09715254153749332,12
R1048E,R-temporal,525.0,0.03117887885143411,12
R1048E,R-temporal,575.0,0.08586355283343255,12
R1048E,R-temporal,625.0,0.0027538973145817985,12
R1048E,R-temporal,675.0,0.018775115979678774,12
R1048E,R-temporal,725.0,0.06420357909041337,12
R1048E,R-temporal,775.0,0.020520774963289076,12
R1048E,R-temporal,825.0,0.02238157703415339,12
R1048E,R-temporal,875.0,-0.06120843241579751,12
R1048E,R-temporal,925.0,-0.05207572235388836,12
R1048E,R-temporal,975.0,0.00483145543304221,12
R1048E,R-temporal,1025.0,0.011088307537744917,12
R1048E,R-temporal,1075.0,0.016478503259636283,12
R1048E,R-temporal,1125.0,-0.03608074310343059,12
R1048E,R-temporal,1175.0,-0.02688601693957914,12
R1048E,R-temporal,1225.0,-0.05505656673009054,12
R1048E,R-temporal,1275.0,-0.03404967233383838,12
R1048E,R-temporal,1325.0,-0.011144670173670245,12
R1048E,R-temporal,1375.0,0.0017012031827476556,12
R1048E,R-temporal,1425.0,-0.0026498717941079697,12
R1048E,R-temporal,1475.0,0.01676794985574776,12
R1048E,R-temporal,1525.0,-0.06008049634714802,12
R1048E,R-temporal,1575.0,-0.06213391107472699,12
R1049J,L-frontal,25.0,-0.0740412314767196,7
R1049J,L-frontal,75.0,-0.08174204089210561,7
R1049J,L-frontal,125.0,-0.0847929603459937,7
R1049J,L-frontal,175.0,-0.01864627171586383,7
R1049J,L-frontal,225.0,-0.045057457826780827,7
R1049J,L-frontal,275.0,-0.03756456722601344,7
R1049J,L-frontal,325.0,-0.016431156034846347,7
R1049J,L-frontal,375.0,-0.13063906488984386,7
R1049J,L-frontal,425.0,-0.038728585945534175,7
R1049J,L-frontal,475.0,-0.03475045815432027,7
R1049J,L-frontal,525.0,-0.09054240470045101,7
R1049J,L-frontal,575.0,-0.08033240157293639,7
R1049J,L-frontal,625.0,-0.007621032042622137,7
R1049J,L-frontal,675.0,-0.0319391434968107,7
R1049J,L-frontal,725.0,-0.06444859208311132,7
R1049J,L-frontal,775.0,-0.034617814094622876,7
R1049J,L-frontal,825.0,-0.055007801010075484,7
R1049J,L-frontal,875.0,-0.10043767760537796,7
R1049J,L-frontal,925.0,-0.03789659145101969,7
R1049J,L-frontal,975.0,-0.05070484374757378,7
R1049J,L-frontal,1025.0,0.0029106350676734757,7
R1049J,L-frontal,1075.0,-0.07339115773306719,7
R1049J,L-frontal,1125.0,-0.0015087337695199163,7
R1049J,L-frontal,1175.0,0.025005722392148707,7
R1049J,L-frontal,1225.0,-0.02365196349486536,7
R1049J,L-frontal,1275.0,-0.06284639984286822,7
R1049J,L-frontal,1325.0,-0.05179621698914159,7
R1049J,L-frontal,1375.0,-0.06875020875664746,7
R1049J,L-frontal,1425.0,-0.01438113491352985,7
R1049J,L-frontal,1475.0,-0.0011806445513863858,7
R1049J,L-frontal,1525.0,-0.10846349868205765,7
R1049J,L-frontal,1575.0,-0.040778529986467076,7
R1049J,L-parietal,25.0,0.07732133478271377,6
R1049J,L-parietal,75.0,0.01091732079256874,6
R1049J,L-parietal,125.0,0.06622922791423295,6
R1049J,L-parietal,175.0,-0.02484360049012266,6
R1049J,L-parietal,225.0,-0.05054982235628961,6
R1049J,L-parietal,275.0,-0.011196962801237179,6
R1049J,L-parietal,325.0,0.04481381113440852,6
R1049J,L-parietal,375.0,0.04612892295039616,6
R1049J,L-parietal,425.0,-0.009492063848480232,6
R1049J,L-parietal,475.0,0.03526804920584133,6
R1049J,L-parietal,525.0,0.04194146778497809,6
R1049J,L-parietal,575.0,-0.027100572738799733,6
R1049J,L-parietal,625.0,-0.02058005458620485,6
R1049J,L-parietal,675.0,-0.0001298311180940494,6
R1049J,L-parietal,725.0,-0.01687722742430846,6
R1049J,L-parietal,775.0,-0.04197840731294097,6
R1049J,L-parietal,825.0,-0.043689343980109346,6
R1049J,L-parietal,875.0,-0.11259430069255887,6
R1049J,L-parietal,925.0,-0.07417371095831556,6
R1049J,L-parietal,975.0,-0.09504866744577146,6
R1049J,L-parietal,1025.0,0.005681742376563113,6
R1049J,L-parietal,1075.0,-0.024920659022297408,6
R1049J,L-parietal,1125.0,-0.049740269328728264,6
R1049J,L-parietal,1175.0,0.03394995416441441,6
R1049J,L-parietal,1225.0,0.11270715015710471,6
R1049J,L-parietal,1275.0,0.08328265189055066,6
R1049J,L-parietal,1325.0,0.011782208948163569,6
R1049J,L-parietal,1375.0,-0.06975599632374647,6
R1049J,L-parietal,1425.0,-0.04885726947464001,6
R1049J,L-parietal,1475.0,-0.019827294992548303,6
R1049J,L-parietal,1525.0,-0.012296109419685142,6
R1049J,L-parietal,1575.0,-0.060591736818503,6
R1049J,L-temporal,25.0,-0.024346499646516005,13
R1049J,L-temporal,75.0,-0.0246714100472315,13
R1049J,L-temporal,125.0,-0.01267596177842569,13
R1049J,L-temporal,175.0,0.04216576308344196,13
R1049J,L-temporal,225.0,-0.03425886341492632,13
R1049J,L-temporal,275.0,0.02250787871259247,13
R1049J,L-temporal,325.0,0.034318882101601444,13
R1049J,L-temporal,375.0,-0.04598980883112112,13
R1049J,L-temporal,425.0,-0.028097731619450252,13
R1049J,L-temporal,475.0,-0.02016783500895253,13
R1049J,L-temporal,525.0,-0.018059132805736074,13
R1049J,L-temporal,575.0,-0.03154805591225544,13
R1049J,L-temporal,625.0,-0.01365612297861949,13
R1049J,L-temporal,675.0,0.023303580645839487,13
R1049J,L-temporal,725.0,0.0096049072494286,13
R1049J,L-temporal,775.0,-0.017271809910370327,13
R1049J,L-temporal,825.0,-0.043566330522255045,13
R1049J,L-temporal,875.0,-0.08617704278579441,13
R1049J,L-temporal,925.0,-0.015793029250209353,13
R1049J,L-temporal,975.0,-0.03592528327577097,13
R1049J,L-temporal,1025.0,-0.05592024388350367,13
R1049J,L-temporal,1075.0,-0.030080736768433862,13
R1049J,L-temporal,1125.0,-0.003315834511235567,13
R1049J,L-temporal,1175.0,0.007680266027234651,13
R1049J,L-temporal,1225.0,-0.022008023716106807,13
R1049J,L-temporal,1275.0,-0.048102879778519785,13
R1049J,L-temporal,1325.0,-0.03737500138678728,13
R1049J,L-temporal,1375.0,-0.04485591869967417,13
R1049J,L-temporal,1425.0,-0.03543704245511312,13
R1049J,L-temporal,1475.0,-0.081272027773019,13
R1049J,L-temporal,1525.0,-0.0892694485553936,13
R1049J,L-temporal,1575.0,-0.0831161856137202,13
R1050M,L-frontal,25.0,0.07262164522601323,6
R1050M,L-frontal,75.0,0.1089104358942055,6
R1050M,L-frontal,125.0,0.2350551062915046,6
R1050M,L-frontal,175.0,0.2822284892973807,6
R1050M,L-frontal,225.0,0.184852186251133,6
R1050M,L-frontal,275.0,0.12226225627559201,6
R1050M,L-frontal,325.0,0.12488590244937332,6
R1050M,L-frontal,375.0,0.05734654942819739,6
R1050M,L-frontal,425.0,0.04186042877912922,6
R1050M,L-frontal,475.0,-0.030276722749915785,6
R1050M,L-frontal,525.0,0.011289563942866435,6
R1050M,L-frontal,575.0,-0.11637339196558943,6
R1050M,L-frontal,625.0,-0.08520065558590668,6
R1050M,L-frontal,675.0,-0.1421130102954266,6
R1050M,L-frontal,725.0,-0.11463915985146604,6
R1050M,L-frontal,775.0,-0.11206753468539243,6
R1050M,L-frontal,825.0,-0.11513391686455011,6
R1050M,L-frontal,875.0,-0.10470777978010588,6
R1050M,L-frontal,925.0,-0.08496910749617792,6
R1050M,L-frontal,975.0,-0.09982935433238921,6
R1050M,L-frontal,1025.0,-0.07605092703716504,6
R1050M,L-frontal,1075.0,-0.050505455362391906,6
R1050M,L-frontal,1125.0,-0.09062350325773118,6
R1050M,L-frontal,1175.0,-0.035378217968692734,6
R1050M,L-frontal,1225.0,-0.06447906622357008,6
R1050M,L-frontal,1275.0,0.0019536829494111937,6
R1050M,L-frontal,1325.0,0.0014019224905123019,6
R1050M,L-frontal,1375.0,0.009835980136289354,6
R1050M,L-frontal,1425.0,-0.04052895567817107,6
R1050M,L-frontal,1475.0,-0.08157377623717299,6
R1050M,L-frontal,1525.0,-0.01890485619430868,6
R1050M,L-frontal,1575.0,-0.051298951501165174,6
R1050M,L-parietal,25.0,0.014455266826177558,35
R1050M,L-parietal,75.0,0.007731243445109556,35
R1050M,L-parietal,125.0,-0.03549654531323479,35
R1050M,L-parietal,175.0,-0.04004054632869047,35
R1050M,L-parietal,225.0,-0.031246842494700663,35
R1050M,L-parietal,275.0,-0.04691967315679673,35
R1050M,L-parietal,325.0,-0.04058619706819727,35
R1050M,L-parietal,375.0,0.0019204253293906258,35
R1050M,L-parietal,425.0,0.04055287950698684,35
R1050M,L-parietal,475.0,-0.020912799805018766,35
R1050M,L-parietal,525.0,-0.017549941651764506,35
R1050M,L-parietal,575.0,-0.04169354137969441,35
R1050M,L-parietal,625.0,-0.06410887893687599,35
R1050M,L-parietal,675.0,-0.0664482767942646,35
R1050M,L-parietal,725.0,-0.06161604756686343,35
R1050M,L-parietal,775.0,-0.03366642994547018,35
R1050M,L-parietal,825.0,-0.04763176379463065,35
R1050M,L-parietal,875.0,-0.07099155112358045,35
R1050M,L-parietal,925.0,-0.0605650048517726,35
R1050M,L-parietal,975.0,-0.0531462718075584,35
R1050M,L-parietal,1025.0,-0.09176322876426052,35
R1050M,L-parietal,1075.0,-0.011793412565663953,35
R1050M,L-parietal,1125.0,-0.03991864754383377,35
R1050M,L-parietal,1175.0,-0.03369488729586092,35
R1050M,L-parietal,1225.0,-0.02327100913210474,35
R1050M,L-parietal,1275.0,-0.02757822946498876,35
R1050M,L-parietal,1325.0,-0.029753389212644126,35
R1050M,L-parietal,1375.0,-0.028328983027479097,35
R1050M,L-parietal,1425.0,0.01580260713451364,35
R1050M,L-parietal,1475.0,-0.0034560385696243115,35
R1050M,L-parietal,1525.0,0.009811672588570904,35
R1050M,L-parietal,1575.0,-0.03574495382894517,35
R1050M,L-temporal,25.0,0.02939622484778692,23
R1050M,L-temporal,75.0,0.017173103054260355,23
R1050M,L-temporal,125.0,0.000992979245669964,23
R1050M,L-temporal,175.0,-0.01574930798504787,23
R1050M,L-temporal,225.0,0.013716391281833861,23
R1050M,L-temporal,275.0,0.0452673138965129,23
R1050M,L-temporal,325.0,0.05527188323181042,23
R1050M,L-temporal,375.0,0.052173326342477996,23
R1050M,L-temporal,425.0,0.08840243888211675,23
R1050M,L-temporal,475.0,0.0676054316652739,23
R1050M,L-temporal,525.0,0.009155370494303644,23
R1050M,L-temporal,575.0,-0.009839190114305011,23
R1050M,L-temporal,625.0,-0.05918942631059582,23
R1050M,L-temporal,675.0,-0.022209823938891652,23
R1050M,L-temporal,725.0,0.04169814222208153,23
R1050M,L-temporal,775.0,0.029677684492237143,23
R1050M,L-temporal,825.0,-0.03529757460999967,23
R1050M,L-temporal,875.0,-0.05658558816398616,23
R1050M,L-temporal,925.0,-0.029128014288901632,23
R1050M,L-temporal,975.0,-0.0562105818961194,23
R1050M,L-temporal,1025.0,-0.07107169726619937,23
R1050M,L-temporal,1075.0,0.039650084676714374,23
R1050M,L-temporal,1125.0,-0.037285662966104,23
R1050M,L-temporal,1175.0,-0.05519105319073765,23
R1050M,L-temporal,1225.0,-0.0467117009986431,23
R1050M,L-temporal,1275.0,-0.012444576031853184,23
R1050M,L-temporal,1325.0,-0.016739081067432236,23
R1050M,L-temporal,1375.0,-0.025460661821167713,23
R1050M,L-temporal,1425.0,0.018896164118038652,23
R1050M,L-temporal,1475.0,-0.014558509083133608,23
R1050M,L-temporal,1525.0,0.03624542852140092,23
R1050M,L-temporal,1575.0,0.013371882424076121,23
R1051J,L-frontal,25.0,-0.0010428028828564893,18
R1051J,L-frontal,75.0,-0.010753699360232455,18
R1051J,L-frontal,125.0,-0.023316415986633157,18
R1051J,L-frontal,175.0,-0.004897195291083501,18
R1051J,L-frontal,225.0,0.0054635428488410305,18
R1051J,L-frontal,275.0,0.009749178211112422,18
R1051J,L-frontal,325.0,-0.06005406136100252,18
R1051J,L-frontal,375.0,-0.0672558241708583,18
R1051J,L-frontal,425.0,-0.08146785876233167,18
R1051J,L-frontal,475.0,-0.10062012897565924,18
R1051J,L-frontal,525.0,-0.07454250520723418,18
R1051J,L-frontal,575.0,-0.041387188119618584,18
R1051J,L-frontal,625.0,-0.022580083347152294,18
R1051J,L-frontal,675.0,-0.03221019677989464,18
R1051J,L-frontal,725.0,-0.002480091565681421,18
R1051J,L-frontal,775.0,-0.026490263178862467,18
R1051J,L-frontal,825.0,-0.01025408121725361,18
R1051J,L-frontal,875.0,-0.01125811311595497,18
R1051J,L-frontal,925.0,-0.03425564394069617,18
R1051J,L-frontal,975.0,-0.0200570684451728,18
R1051J,L-frontal,1025.0,-0.008239998489677219,18
R1051J,L-frontal,1075.0,-0.005180304952073729,18
R1051J,L-frontal,1125.0,-0.021306106603247995,18
R1051J,L-frontal,1175.0,-0.01670456605148434,18
R1051J,L-frontal,1225.0,-0.017653842305002096,18
R1051J,L-frontal,1275.0,0.003595630312650507,18
R1051J,L-frontal,1325.0,-0.001477421329162347,18
R1051J,L-frontal,1375.0,-0.0034044195385942748,18
R1051J,L-frontal,1425.0,0.00276327479721436,18
R1051J,L-frontal,1475.0,0.019710007328462134,18
R1051J,L-frontal,1525.0,0.024925153651971885,18
R1051J,L-frontal,1575.0,0.024783535535715297,18
R1051J,L-parietal,25.0,-0.01629181921011252,8
R1051J,L-parietal,75.0,-0.012680195182855328,8
R1051J,L-parietal,125.0,-0.0015873882975748366,8
R1051J,L-parietal,175.0,0.024318980156947608,8
R1051J,L-parietal,225.0,0.01693308147551676,8
R1051J,L-parietal,275.0,0.013487625696246012,8
R1051J,L-parietal,325.0,0.002974543946479823,8
R1051J,L-parietal,375.0,-0.040046269944939726,8
R1051J,L-parietal,425.0,-0.07167106811724577,8
R1051J,L-parietal,475.0,-0.007392077829933123,8
R1051J,L-parietal,525.0,-0.013821963536063131,8
R1051J,L-parietal,575.0,-0.009313121008004317,8
R1051J,L-parietal,625.0,-0.007631570107914171,8
R1051J,L-parietal,675.0,0.01981524979824311,8
R1051J,L-parietal,725.0,0.02772160720564191,8
R1051J,L-parietal,775.0,0.006739234475165935,8
R1051J,L-parietal,825.0,-0.006741658536636698,8
R1051J,L-parietal,875.0,-0.0025265036817419782,8
R1051J,L-parietal,925.0,-0.022014856755125815,8
R1051J,L-parietal,975.0,0.006739469769254287,8
R1051J,L-parietal,1025.0,-0.01956800560217406,8
R1051J,L-parietal,1075.0,-0.022075833608969704,8
R1051J,L-parietal,1125.0,-0.04818812970419142,8
R1051J,L-parietal,1175.0,-0.03351755506369394,8
R1051J,L-parietal,1225.0,-0.0643401097001636,8
R1051J,L-parietal,1275.0,-0.043234185623067994,8
R1051J,L-parietal,1325.0,-0.02213050184806013,8
R1051J,L-parietal,1375.0,-0.005959862096876361,8
R1051J,L-parietal,1425.0,0.004221297427534963,8
R1051J,L-parietal,1475.0,-0.004773488860423987,8
R1051J,L-parietal,1525.0,-0.013355294652068672,8
R1051J,L-parietal,1575.0,-0.005862980680625676,8
R1051J,R-frontal,25.0,-0.005072188153784117,6
R1051J,R-frontal,75.0,-0.009911325487539814,6
R1051J,R-frontal,125.0,-0.029042471676666463,6
R1051J,R-frontal,175.0,-0.02758388690715304,6
R1051J,R-frontal,225.0,0.01862214069140818,6
R1051J,R-frontal,275.0,0.03192359081009686,6
R1051J,R-frontal,325.0,-0.02404600374675039,6
R1051J,R-frontal,375.0,-0.08013811409294877,6
R1051J,R-frontal,425.0,-0.09684588724132892,6
R1051J,R-frontal,475.0,-0.13971851462930418,6
R1051J,R-frontal,525.0,-0.11956713692257982,6
R1051J,R-frontal,575.0,-0.07106828649741541,6
R1051J,R-frontal,625.0,-0.055199935962929915,6
R1051J,R-frontal,675.0,-0.05554209625844986,6
R1051J,R-frontal,725.0,-0.020862581296921354,6
R1051J,R-frontal,775.0,-0.05038578413413889,6
R1051J,R-frontal,825.0,-0.03868843041656397,6
R1051J,R-frontal,875.0,-0.03142439681586272,6
R1051J,R-frontal,925.0,-0.055241335834475436,6
R1051J,R-frontal,975.0,-0.04687075001672492,6
R1051J,R-frontal,1025.0,-0.04830673326725867,6
R1051J,R-frontal,1075.0,-0.006132270654560185,6
R1051J,R-frontal,1125.0,-0.017048348403388175,6
R1051J,R-frontal,1175.0,0.015448925004828007,6
R1051J,R-frontal,1225.0,-0.04399350362699694,6
R1051J,R-frontal,1275.0,0.008812323068767215,6
R1051J,R-frontal,1325.0,-0.01529081055743343,6
R1051J,R-frontal,1375.0,-0.002276820735243356,6
R1051J,R-frontal,1425.0,-0.007401679386527888,6
R1051J,R-frontal,1475.0,0.013800122734600816,6
R1051J,R-frontal,1525.0,-0.0002838623536806616,6
R1051J,R-frontal,1575.0,0.05230373734847978,6
R1052E,L-frontal,25.0,0.014379091368617838,20
R1052E,L-frontal,75.0,-0.018428440153309144,20
R1052E,L-frontal,125.0,-0.04101950549210398,20
R1052E,L-frontal,175.0,-0.020544689182255018,20
R1052E,L-frontal,225.0,-0.017492446829128316,20
R1052E,L-frontal,275.0,-0.010723497460112903,20
R1052E,L-frontal,325.0,-0.05702941056735191,20
R1052E,L-frontal,375.0,-0.048279828108049205,20
R1052E,L-frontal,425.0,-0.04265652557111875,20
R1052E,L-frontal,475.0,-0.019575779332066695,20
R1052E,L-frontal,525.0,-0.0029833679320885207,20
R1052E,L-frontal,575.0,-0.01732024633156736,20
R1052E,L-frontal,625.0,-0.014810025803345336,20
R1052E,L-frontal,675.0,0.011252218985110907,20
R1052E,L-frontal,725.0,0.016057745185296388,20
R1052E,L-frontal,775.0,0.03291179584714023,20
R1052E,L-frontal,825.0,0.009487180434062123,20
R1052E,L-frontal,875.0,0.0157003074347988,20
R1052E,L-frontal,925.0,0.011896757442326975,20
R1052E,L-frontal,975.0,0.012055158201620824,20
R1052E,L-frontal,1025.0,0.01667161005447588,20
R1052E,L-frontal,1075.0,-0.00010849094838928861,20
R1052E,L-frontal,1125.0,0.006047747713546277,20
R1052E,L-frontal,1175.0,0.012129523107943862,20
R1052E,L-frontal,1225.0,0.008129484131323288,20
R1052E,L-frontal,1275.0,0.010693797107749967,20
R1052E,L-frontal,1325.0,0.008409671471673895,20
R1052E,L-frontal,1375.0,0.027266223710217603,20
R1052E,L-frontal,1425.0,0.00514005201159606,20
R1052E,L-frontal,1475.0,0.0187036980479077,20
R1052E,L-frontal,1525.0,0.025157020975810584,20
R1052E,L-frontal,1575.0,0.00560643304444893,20
R1052E,L-temporal,25.0,0.026357947850191573,6
R1052E,L-temporal,75.0,-0.00942152903680807,6
R1052E,L-temporal,125.0,-0.0007040096184838368,6
R1052E,L-temporal,175.0,-0.04113885659631356,6
R1052E,L-temporal,225.0,0.003687242348870456,6
R1052E,L-temporal,275.0,0.022079030386128972,6
R1052E,L-temporal,325.0,-0.017425427875269392,6
R1052E,L-temporal,375.0,-0.0020357255230729287,6
R1052E,L-temporal,425.0,0.03316962379471327,6
R1052E,L-temporal,475.0,0.015358117781410253,6
R1052E,L-temporal,525.0,-0.00884618043955546,6
R1052E,L-temporal,575.0,-0.01230599776409332,6
R1052E,L-temporal,625.0,0.008167614456183187,6
R1052E,L-temporal,675.0,-0.025611752805048137,6
R1052E,L-temporal,725.0,-0.016887891438212746,6
R1052E,L-temporal,775.0,-0.023871908041183793,6
R1052E,L-temporal,825.0,0.02882064661116661,6
R1052E,L-temporal,875.0,0.04676780817049105,6
R1052E,L-temporal,925.0,0.07666208618797808,6
R1052E,L-temporal,975.0,0.011302354234589721,6
R1052E,L-temporal,1025.0,0.046530916900824885,6
R1052E,L-temporal,1075.0,0.04171536633505857,6
R1052E,L-temporal,1125.0,0.008765411912034317,6
R1052E,L-temporal,1175.0,0.031969277993652644,6
R1052E,L-temporal,1225.0,0.007855137269374332,6
R1052E,L-temporal,1275.0,0.03534839651075678,6
R1052E,L-temporal,1325.0,0.01105509438752478,6
R1052E,L-temporal,1375.0,0.0044015734447513085,6
R1052E,L-temporal,1425.0,-0.0009367522139631807,6
R1052E,L-temporal,1475.0,-0.02314071254416759,6
R1052E,L-temporal,1525.0,-0.02132914730985998,6
R1052E,L-temporal,1575.0,-0.00648230821709186,6
R1052E,R-frontal,25.0,-0.006748447435778946,27
R1052E,R-frontal,75.0,-0.013213030978848532,27
R1052E,R-frontal,125.0,-0.011988752482215752,27
R1052E,R-frontal,175.0,0.0066363510974398136,27
R1052E,R-frontal,225.0,-0.019687955345689772,27
R1052E,R-frontal,275.0,-0.018293922910293924,27
R1052E,R-frontal,325.0,-0.03539620415751886,27
R1052E,R-frontal,375.0,-0.045821541235308544,27
R1052E,R-frontal,425.0,-0.03670448437255506,27
R1052E,R-frontal,475.0,-0.01930118693213865,27
R1052E,R-frontal,525.0,-0.034047618006338654,27
R1052E,R-frontal,575.0,-0.020836415689539627,27
R1052E,R-frontal,625.0,-0.040524726623258914,27
R1052E,R-frontal,675.0,-0.030977455857395513,27
R1052E,R-frontal,725.0,-0.043546822950467134,27
R1052E,R-frontal,775.0,-0.008708705026778632,27
R1052E,R-frontal,825.0,-0.01262118425588241,27
R1052E,R-frontal,875.0,-0.003018469206449531,27
R1052E,R-frontal,925.0,-0.0009939398700140214,27
R1052E,R-frontal,975.0,-0.005142894290023181,27
R1052E,R-frontal,1025.0,-0.0040684207928514075,27
R1052E,R-frontal,1075.0,-0.006936349142269415,27
R1052E,R-frontal,1125.0,-0.010248003499617998,27
R1052E,R-frontal,1175.0,0.0004979904299491967,27
R1052E,R-frontal,1225.0,-0.004865502205547618,27
R1052E,R-frontal,1275.0,0.0024725792170807244,27
R1052E,R-frontal,1325.0,0.006458778417445905,27
R1052E,R-frontal,1375.0,0.003152243989850651,27
R1052E,R-frontal,1425.0,-0.016407705641496947,27
R1052E,R-frontal,1475.0,-0.004729410355968316,27
R1052E,R-frontal,1525.0,-0.010872810205121644,27
R1052E,R-frontal,1575.0,-0.006786444806032371,27
R1054J,L-frontal,25.0,0.06113631431541996,7
R1054J,L-frontal,75.0,0.04379211448882471,7
R1054J,L-frontal,125.0,-0.004226872217051298,7
R1054J,L-frontal,175.0,0.02477748183881994,7
R1054J,L-frontal,225.0,0.11773819213618178,7
R1054J,L-frontal,275.0,0.16194780560241998,7
R1054J,L-frontal,325.0,0.13217137746429616,7
R1054J,L-frontal,375.0,0.17655218219794344,7
R1054J,L-frontal,425.0,0.15570433456597957,7
R1054J,L-frontal,475.0,0.20776318633494598,7
R1054J,L-frontal,525.0,0.16891821773574983,7
R1054J,L-frontal,575.0,0.11989548174507371,7
R1054J,L-frontal,625.0,0.19464896451775796,7
R1054J,L-frontal,675.0,0.18418950063830894,7
R1054J,L-frontal,725.0,0.14735642204976512,7
R1054J,L-frontal,775.0,0.1105976711187497,7
R1054J,L-frontal,825.0,0.15573918348092283,7
R1054J,L-frontal,875.0,0.1260378776488212,7
R1054J,L-frontal,925.0,0.0663423700687116,7
R1054J,L-frontal,975.0,0.05476432773324284,7
R1054J,L-frontal,1025.0,0.09874557973545538,7
R1054J,L-frontal,1075.0,0.054166324897314856,7
R1054J,L-frontal,1125.0,0.015076743932176428,7
R1054J,L-frontal,1175.0,-0.005947448723024383,7
R1054J,L-frontal,1225.0,0.024354269484090828,7
R1054J,L-frontal,1275.0,0.007132183243625666,7
R1054J,L-frontal,1325.0,-0.08073614344082204,7
R1054J,L-frontal,1375.0,-0.025578636690959205,7
R1054J,L-frontal,1425.0,-0.04224865916749458,7
R1054J,L-frontal,1475.0,-0.0013924264294172966,7
R1054J,L-frontal,1525.0,-0.037785360585122205,7
R1054J,L-frontal,1575.0,0.0051573722089386775,7
R1054J,L-temporal,25.0,0.016147619814298284,8
R1054J,L-temporal,75.0,0.0007483034809946843,8
R1054J,L-temporal,125.0,0.010314836224158465,8
R1054J,L-temporal,175.0,0.001763716891861263,8
R1054J,L-temporal,225.0,0.14142755036778507,8
R1054J,L-temporal,275.0,0.13713115538714604,8
R1054J,L-temporal,325.0,0.17714211459320156,8
R1054J,L-temporal,375.0,0.12065594076980563,8
R1054J,L-temporal,425.0,0.07975096688513061,8
R1054J,L-temporal,475.0,0.09383058669828104,8
R1054J,L-temporal,525.0,0.11729185704440637,8
R1054J,L-temporal,575.0,0.101606438251998,8
R1054J,L-temporal,625.0,0.028601351384031894,8
R1054J,L-temporal,675.0,-0.0003262172365698186,8
R1054J,L-temporal,725.0,0.058521422264923795,8
R1054J,L-temporal,775.0,0.02715362303877521,8
R1054J,L-temporal,825.0,0.0755954948393941,8
R1054J,L-temporal,875.0,0.005539131016578755,8
R1054J,L-temporal,925.0,0.06440004279985309,8
R1054J,L-temporal,975.0,0.04734531965792748,8
R1054J,L-temporal,1025.0,-0.005948863224768548,8
R1054J,L-temporal,1075.0,0.026463988320112482,8
R1054J,L-temporal,1125.0,0.04541175066826064,8
R1054J,L-temporal,1175.0,0.01175012267377225,8
R1054J,L-temporal,1225.0,0.04325647581755303,8
R1054J,L-temporal,1275.0,-0.02606282695116585,8
R1054J,L-temporal,1325.0,-0.05930542357528587,8
R1054J,L-temporal,1375.0,-0.010937482284296123,8
R1054J,L-temporal,1425.0,-0.06920046081510056,8
R1054J,L-temporal,1475.0,-0.028351710282201938,8
R1054J,L-temporal,1525.0,0.08266596974945903,8
R1054J,L-temporal,1575.0,-0.07085798294284298,8
R1054J,R-frontal,25.0,0.002882776018181269,4
R1054J,R-frontal,75.0,0.03503315125374624,4
R1054J,R-frontal,125.0,-0.030351404086134983,4
R1054J,R-frontal,175.0,-0.05543263790938488,4
R1054J,R-frontal,225.0,0.013956652452461854,4
R1054J,R-frontal,275.0,0.0930775906783258,4
R1054J,R-frontal,325.0,0.08356000118513596,4
R1054J,R-frontal,375.0,0.12180948287751701,4
R1054J,R-frontal,425.0,0.11457704751324649,4
R1054J,R-frontal,475.0,0.13354316231633986,4
R1054J,R-frontal,525.0,0.1223204736411845,4
R1054J,R-frontal,575.0,0.19954743564228553,4
R1054J,R-frontal,625.0,0.1677640859514651,4
R1054J,R-frontal,675.0,0.1374671447344747,4
R1054J,R-frontal,725.0,0.17878040724307434,4
R1054J,R-frontal,775.0,0.13506280328271525,4
R1054J,R-frontal,825.0,0.08176823670362719,4
R1054J,R-frontal,875.0,0.022196381586746,4
R1054J,R-frontal,925.0,0.10220062613278244,4
R1054J,R-frontal,975.0,0.07402332556083323,4
R1054J,R-frontal,1025.0,0.017402882300699862,4
R1054J,R-frontal,1075.0,0.09401435541861308,4
R1054J,R-frontal,1125.0,0.09226019429198822,4
R1054J,R-frontal,1175.0,0.07984518731012707,4
R1054J,R-frontal,1225.0,0.022223847469007976,4
R1054J,R-frontal,1275.0,0.029699889258565072,4
R1054J,R-frontal,1325.0,-0.009269796128041892,4
R1054J,R-frontal,1375.0,0.0026226303764813504,4
R1054J,R-frontal,1425.0,-0.07651007053136848,4
R1054J,R-frontal,1475.0,-0.04045708991351478,4
R1054J,R-frontal,1525.0,0.018336900688049003,4
R1054J,R-frontal,1575.0,-0.015977487479057747,4
R1054J,R-temporal,25.0,-0.07994393696778697,5
R1054J,R-temporal,75.0,-0.05350766352402385,5
R1054J,R-temporal,125.0,-0.022094877813306574,5
R1054J,R-temporal,175.0,0.02226175450489225,5
R1054J,R-temporal,225.0,0.07736632771979439,5
R1054J,R-temporal,275.0,0.08709720147056163,5
R1054J,R-temporal,325.0,0.09509124888990461,5
R1054J,R-temporal,375.0,0.08363338394801063,5
R1054J,R-temporal,425.0,0.017225056542649345,5
R1054J,R-temporal,475.0,0.0016868610289541275,5
R1054J,R-temporal,525.0,0.08250358303241859,5
R1054J,R-temporal,575.0,0.11519576020936124,5
R1054J,R-temporal,625.0,0.0955390916480339,5
R1054J,R-temporal,675.0,0.016633157099473807,5
R1054J,R-temporal,725.0,0.007736499240110299,5
R1054J,R-temporal,775.0,-0.005658289260676801,5
R1054J,R-temporal,825.0,0.038395565052465816,5
R1054J,R-temporal,875.0,0.01953259020237031,5
R1054J,R-temporal,925.0,0.029262055654968498,5
R1054J,R-temporal,975.0,-0.026143089435460988,5
R1054J,R-temporal,1025.0,-0.031181989441387187,5
R1054J,R-temporal,1075.0,-0.008485174334995432,5
R1054J,R-temporal,1125.0,0.023800398263300614,5
R1054J,R-temporal,1175.0,-0.04936959496614627,5
R1054J,R-temporal,1225.0,-0.05080342581042495,5
R1054J,R-temporal,1275.0,0.017116991733262813,5
R1054J,R-temporal,1325.0,-0.017735366881148667,5
R1054J,R-temporal,1375.0,-0.0007176906115420115,5
R1054J,R-temporal,1425.0,-0.030685148513279036,5
R1054J,R-temporal,1475.0,-0.0202299714554119,5
R1054J,R-temporal,1525.0,0.010831197236060297,5
R1054J,R-temporal,1575.0,-0.02210477501013298,5
R1057E,R-frontal,25.0,-0.012961578679470658,22
R1057E,R-frontal,75.0,0.0018744469370506368,22
R1057E,R-frontal,125.0,-0.004222167497370837,22
R1057E,R-frontal,175.0,-0.006690177837247827,22
R1057E,R-frontal,225.0,-0.024501882745511152,22
R1057E,R-frontal,275.0,-0.05118028243311401,22
R1057E,R-frontal,325.0,-0.00977456688032214,22
R1057E,R-frontal,375.0,-0.0063190386342631836,22
R1057E,R-frontal,425.0,0.06575957455919756,22
R1057E,R-frontal,475.0,0.04669734316480803,22
R1057E,R-frontal,525.0,0.04359399315277759,22
R1057E,R-frontal,575.0,0.011240140654699,22
R1057E,R-frontal,625.0,-0.008943942468207382,22
R1057E,R-frontal,675.0,-0.039745125076577285,22
R1057E,R-frontal,725.0,-0.039951212978620546,22
R1057E,R-frontal,775.0,-0.026162246117027,22
R1057E,R-frontal,825.0,-0.04107663788719819,22
R1057E,R-frontal,875.0,-0.0644386985832381,22
R1057E,R-frontal,925.0,-0.0072990009236615,22
R1057E,R-frontal,975.0,-0.011764237853807346,22
R1057E,R-frontal,1025.0,-0.019108101251629553,22
R1057E,R-frontal,1075.0,-0.03131562338503603,22
R1057E,R-frontal,1125.0,0.008091056500661333,22
R1057E,R-frontal,1175.0,0.02304234012371489,22
R1057E,R-frontal,1225.0,-0.008186406333575104,22
R1057E,R-frontal,1275.0,0.06973142693484877,22
R1057E,R-frontal,1325.0,0.098045101220465,22
R1057E,R-frontal,1375.0,0.046927492237860594,22
R1057E,R-frontal,1425.0,0.006652313186540884,22
R1057E,R-frontal,1475.0,0.01917733747537975,22
R1057E,R-frontal,1525.0,-0.0252457234347905,22
R1057E,R-frontal,1575.0,0.013046116934650426,22
R1057E,R-parietal,25.0,0.037085488166986334,3
R1057E,R-parietal,75.0,-0.05429530300337054,3
R1057E,R-parietal,125.0,-0.022730790182847172,3
R1057E,R-parietal,175.0,-0.02514188014866432,3
R1057E,R-parietal,225.0,0.030682678871622515,3
R1057E,R-parietal,275.0,-0.03875705349682269,3
R1057E,R-parietal,325.0,-0.029391554622487288,3
R1057E,R-parietal,375.0,-0.05678271660676487,3
R1057E,R-parietal,425.0,0.03489641004450227,3
R1057E,R-parietal,475.0,0.027173602460317026,3
R1057E,R-parietal,525.0,0.04134403445832658,3
R1057E,R-parietal,575.0,-0.09743714921225861,3
R1057E,R-parietal,625.0,-0.09389593281649256,3
R1057E,R-parietal,675.0,-0.12820897713556892,3
R1057E,R-parietal,725.0,-0.1544184827079306,3
R1057E,R-parietal,775.0,-0.08463634425197668,3
R1057E,R-parietal,825.0,-0.05974656888325917,3
R1057E,R-parietal,875.0,-0.08979334141553336,3
R1057E,R-parietal,925.0,0.00015426665111473634,3
R1057E,R-parietal,975.0,0.01711721337909147,3
R1057E,R-parietal,1025.0,-0.03496702019376157,3
R1057E,R-parietal,1075.0,-0.039048246190546275,3
R1057E,R-parietal,1125.0,0.06396805355130471,3
R1057E,R-parietal,1175.0,0.0567686696992367,3
R1057E,R-parietal,1225.0,0.018611530505542942,3
R1057E,R-parietal,1275.0,0.08321519835811543,3
R1057E,R-parietal,1325.0,0.11075835870224844,3
R1057E,R-parietal,1375.0,0.09120004144918241,3
R1057E,R-parietal,1425.0,-0.030667446158336286,3
R1057E,R-parietal,1475.0,-0.045433482846999024,3
R1057E,R-parietal,1525.0,-0.028411438378410692,3
R1057E,R-parietal,1575.0,0.06820349394952734,3
R1059J,L-frontal,25.0,0.030788807253289786,30
R1059J,L-frontal,75.0,0.039199327838897784,30
R1059J,L-frontal,125.0,0.01364965862734126,30
R1059J,L-frontal,175.0,0.06965156548749075,30
R1059J,L-frontal,225.0,0.09608690470297193,30
R1059J,L-frontal,275.0,0.06573460522072024,30
R1059J,L-frontal,325.0,-0.0002174526219293792,30
R1059J,L-frontal,375.0,0.020601010039590553,30
R1059J,L-frontal,425.0,-0.016754095130877826,30
R1059J,L-frontal,475.0,-0.05394075636330509,30
R1059J,L-frontal,525.0,-0.032047380271686673,30
R1059J,L-frontal,575.0,-0.0241442259812449,30
R1059J,L-frontal,625.0,0.0160121619825781,30
R1059J,L-frontal,675.0,-0.0159739466918043,30
R1059J,L-frontal,725.0,-0.012167636897089518,30
R1059J,L-frontal,775.0,0.009364614881521146,30
R1059J,L-frontal,825.0,0.02175012133115513,30
R1059J,L-frontal,875.0,0.027475288099605356,30
R1059J,L-frontal,925.0,0.028208022948227277,30
R1059J,L-frontal,975.0,0.005823665087340823,30
R1059J,L-frontal,1025.0,0.04259421272438324,30
R1059J,L-frontal,1075.0,0.08409576675947308,30
R1059J,L-frontal,1125.0,0.05064047157683875,30
R1059J,L-frontal,1175.0,0.04616168109679964,30
R1059J,L-frontal,1225.0,0.06721226506723146,30
R1059J,L-frontal,1275.0,0.057422235680213415,30
R1059J,L-frontal,1325.0,0.047263744330629194,30
R1059J,L-frontal,1375.0,0.015565604610246279,30
R1059J,L-frontal,1425.0,0.02250846447077533,30
R1059J,L-frontal,1475.0,0.0417993008566022,30
R1059J,L-frontal,1525.0,-0.009283141664510164,30
R1059J,L-frontal,1575.0,0.012837919350950001,30
R1059J,L-occipital,25.0,0.053304751230794985,11
R1059J,L-occipital,75.0,0.0459485530658501,11
R1059J,L-occipital,125.0,0.10766438738353355,11
R1059J,L-occipital,175.0,0.07481937040783317,11
R1059J,L-occipital,225.0,0.13016796051827428,11
R1059J,L-occipital,275.0,0.16577862171959293,11
R1059J,L-occipital,325.0,0.1733378168187685,11
R1059J,L-occipital,375.0,0.20070582893265845,11
R1059J,L-occipital,425.0,0.13706349812186538,11
R1059J,L-occipital,475.0,0.14222134690912633,11
R1059J,L-occipital,525.0,0.14730171431830952,11
R1059J,L-occipital,575.0,0.09256226076666581,11
R1059J,L-occipital,625.0,0.06388689776802753,11
R1059J,L-occipital,675.0,0.05776504692285875,11
R1059J,L-occipital,725.0,0.06987617653018174,11
R1059J,L-occipital,775.0,0.06690641457193466,11
R1059J,L-occipital,825.0,0.08577630996569956,11
R1059J,L-occipital,875.0,0.04234305157334746,11
R1059J,L-occipital,925.0,0.017742641640745963,11
R1059J,L-occipital,975.0,0.06407075014438508,11
R1059J,L-occipital,1025.0,0.041902239878433924,11
R1059J,L-occipital,1075.0,0.043624505844993916,11
R1059J,L-occipital,1125.0,0.052886572997908554,11
R1059J,L-occipital,1175.0,0.06747987719138701,11
R1059J,L-occipital,1225.0,0.08522802229567111,11
R1059J,L-occipital,1275.0,0.07166246231905815,11
R1059J,L-occipital,1325.0,0.044769795243138025,11
R1059J,L-occipital,1375.0,0.060278371726385664,11
R1059J,L-occipital,1425.0,0.03955015542726475,11
R1059J,L-occipital,1475.0,0.030999345171742562,11
R1059J,L-occipital,1525.0,0.019200158678117148,11
R1059J,L-occipital,1575.0,0.02310896400076552,11
R1059J,L-parietal,25.0,-0.017078811191951534,6
R1059J,L-parietal,75.0,0.06292027534140679,6
R1059J,L-parietal,125.0,0.04541455337186176,6
R1059J,L-parietal,175.0,0.04205543653567884,6
R1059J,L-parietal,225.0,-0.00020349522273048278,6
R1059J,L-parietal,275.0,0.05313513609959785,6
R1059J,L-parietal,325.0,-0.025317408230113744,6
R1059J,L-parietal,375.0,0.011108327342904003,6
R1059J,L-parietal,425.0,-0.026754349648970124,6
R1059J,L-parietal,475.0,-0.048878399237267424,6
R1059J,L-parietal,525.0,-0.0367878484334977,6
R1059J,L-parietal,575.0,-0.05976119338814303,6
R1059J,L-parietal,625.0,-0.04302246927911232,6
R1059J,L-parietal,675.0,0.0074068050134405245,6
R1059J,L-parietal,725.0,-0.010360125945141239,6
R1059J,L-parietal,775.0,0.033465412027668236,6
R1059J,L-parietal,825.0,0.01936422736085837,6
R1059J,L-parietal,875.0,0.04060275565716754,6
R1059J,L-parietal,925.0,0.017730436129505776,6
R1059J,L-parietal,975.0,-0.011624408673091155,6
R1059J,L-parietal,1025.0,0.005095555358625852,6
R1059J,L-parietal,1075.0,0.012775399059909454,6
R1059J,L-parietal,1125.0,-0.023941717095469547,6
R1059J,L-parietal,1175.0,0.03813763988701852,6
R1059J,L-parietal,1225.0,-0.012064950732612248,6
R1059J,L-parietal,1275.0,-0.007902382939139904,6
R1059J,L-parietal,1325.0,-0.020344787890899566,6
R1059J,L-parietal,1375.0,-0.025869890199143857,6
R1059J,L-parietal,1425.0,0.015415584636539319,6
R1059J,L-parietal,1475.0,0.015353418847014667,6
R1059J,L-parietal,1525.0,-0.002332624456609266,6
R1059J,L-parietal,1575.0,0.01522610649975163,6
R1059J,L-temporal,25.0,-0.005217763414491148,28
R1059J,L-temporal,75.0,7.390995226820425e-05,28
R1059J,L-temporal,125.0,-0.012220137437314703,28
R1059J,L-temporal,175.0,0.029606764254061172,28
R1059J,L-temporal,225.0,0.06607628510269059,28
R1059J,L-temporal,275.0,0.055421624943056226,28
R1059J,L-temporal,325.0,0.039277505459836146,28
R1059J,L-temporal,375.0,0.017060696700478696,28
R1059J,L-temporal,425.0,0.004880604541600212,28
R1059J,L-temporal,475.0,-0.0008842407747052096,28
R1059J,L-temporal,525.0,0.04379487118502873,28
R1059J,L-temporal,575.0,0.025237103891440175,28
R1059J,L-temporal,625.0,0.051093711988359956,28
R1059J,L-temporal,675.0,0.008262343273712428,28
R1059J,L-temporal,725.0,-0.006480834295255505,28
R1059J,L-temporal,775.0,0.021572512053067344,28
R1059J,L-temporal,825.0,0.018625792959656277,28
R1059J,L-temporal,875.0,0.03368315057028708,28
R1059J,L-temporal,925.0,0.02623497698292579,28
R1059J,L-temporal,975.0,0.012252082417194136,28
R1059J,L-temporal,1025.0,0.040580339516516066,28
R1059J,L-temporal,1075.0,0.046592801761895994,28
R1059J,L-temporal,1125.0,0.03413560003263276,28
R1059J,L-temporal,1175.0,0.06018004142288972,28
R1059J,L-temporal,1225.0,0.06676770497583,28
R1059J,L-temporal,1275.0,0.021205738029589673,28
R1059J,L-temporal,1325.0,0.03854448364481173,28
R1059J,L-temporal,1375.0,-0.05164058887798117,28
R1059J,L-temporal,1425.0,0.0042975950305825916,28
R1059J,L-temporal,1475.0,0.008850669607609232,28
R1059J,L-temporal,1525.0,0.00855587207450702,28
R1059J,L-temporal,1575.0,0.0238168866446395,28
R1059J,R-frontal,25.0,0.0022258193959954578,31
R1059J,R-frontal,75.0,-0.0006000252989072046,31
R1059J,R-frontal,125.0,-0.056136723221920724,31
R1059J,R-frontal,175.0,0.0595296916343465,31
R1059J,R-frontal,225.0,0.11773735334668474,31
R1059J,R-frontal,275.0,0.07719743104506412,31
R1059J,R-frontal,325.0,0.024232137738043145,31
R1059J,R-frontal,375.0,0.01270548272603914,31
R1059J,R-frontal,425.0,-0.029108852969907298,31
R1059J,R-frontal,475.0,-0.010042177592948712,31
R1059J,R-frontal,525.0,0.007539709066602542,31
R1059J,R-frontal,575.0,0.017510953287270856,31
R1059J,R-frontal,625.0,-0.013966363048017872,31
R1059J,R-frontal,675.0,-0.011893464311134562,31
R1059J,R-frontal,725.0,-0.029184117594356015,31
R1059J,R-frontal,775.0,-0.011854200104438693,31
R1059J,R-frontal,825.0,-0.0416092869728253,31
R1059J,R-frontal,875.0,-0.028103018502554918,31
R1059J,R-frontal,925.0,-0.008249942217802184,31
R1059J,R-frontal,975.0,-0.005664325972387168,31
R1059J,R-frontal,1025.0,0.01809618876402948,31
R1059J,R-frontal,1075.0,0.034773504869213635,31
R1059J,R-frontal,1125.0,0.003926053897029952,31
R1059J,R-frontal,1175.0,0.0168445095858148,31
R1059J,R-frontal,1225.0,0.05369449046267371,31
R1059J,R-frontal,1275.0,0.060767550515809364,31
R1059J,R-frontal,1325.0,0.010788839798454488,31
R1059J,R-frontal,1375.0,-0.0024529132246432486,31
R1059J,R-frontal,1425.0,0.01674949938243917,31
R1059J,R-frontal,1475.0,0.015096233582800241,31
R1059J,R-frontal,1525.0,0.01709792863105194,31
R1059J,R-frontal,1575.0,0.021771114377493763,31
R1059J,R-occipital,25.0,0.004172673121665475,6
R1059J,R-occipital,75.0,-0.0012621060217048463,6
R1059J,R-occipital,125.0,0.32952820333254,6
R1059J,R-occipital,175.0,0.5112282569676082,6
R1059J,R-occipital,225.0,0.49174170160161496,6
R1059J,R-occipital,275.0,0.42843542887678376,6
R1059J,R-occipital,325.0,0.3827629139186792,6
R1059J,R-occipital,375.0,0.3728688404116602,6
R1059J,R-occipital,425.0,0.28871883295477646,6
R1059J,R-occipital,475.0,0.11569667257302373,6
R1059J,R-occipital,525.0,0.1258078667455681,6
R1059J,R-occipital,575.0,0.07979140926258906,6
R1059J,R-occipital,625.0,0.06262582235321369,6
R1059J,R-occipital,675.0,0.06085771750694191,6
R1059J,R-occipital,725.0,0.10569252103753497,6
R1059J,R-occipital,775.0,0.10093048159404,6
R1059J,R-occipital,825.0,0.0878447870527211,6
R1059J,R-occipital,875.0,0.11345618911447986,6
R1059J,R-occipital,925.0,0.09818310395297682,6
R1059J,R-occipital,975.0,0.052596082607155946,6
R1059J,R-occipital,1025.0,0.0592288570588012,6
R1059J,R-occipital,1075.0,0.029590359996451477,6
R1059J,R-occipital,1125.0,0.07502561922893886,6
R1059J,R-occipital,1175.0,0.06151565687015426,6
R1059J,R-occipital,1225.0,0.02380274334654831,6
R1059J,R-occipital,1275.0,0.010278149065609114,6
R1059J,R-occipital,1325.0,0.08986412574657654,6
R1059J,R-occipital,1375.0,0.06440656173893157,6
R1059J,R-occipital,1425.0,0.10274425927732056,6
R1059J,R-occipital,1475.0,0.033530342094872094,6
R1059J,R-occipital,1525.0,0.05558379747148445,6
R1059J,R-occipital,1575.0,0.05817505826732913,6
R1059J,R-parietal,25.0,-0.031623096245448575,4
R1059J,R-parietal,75.0,0.02329517224998817,4
R1059J,R-parietal,125.0,-0.011328563788438363,4
R1059J,R-parietal,175.0,0.05020344494311466,4
R1059J,R-parietal,225.0,0.008065771574265263,4
R1059J,R-parietal,275.0,0.009879675526029318,4
R1059J,R-parietal,325.0,-0.030966829906460398,4
R1059J,R-parietal,375.0,0.04895661899607866,4
R1059J,R-parietal,425.0,0.0024002098136657844,4
R1059J,R-parietal,475.0,-0.02942962334504637,4
R1059J,R-parietal,525.0,0.013219057739474793,4
R1059J,R-parietal,575.0,-0.007377065945921538,4
R1059J,R-parietal,625.0,-0.08409965518939354,4
R1059J,R-parietal,675.0,-0.04969762761743032,4
R1059J,R-parietal,725.0,-0.09885601437904268,4
R1059J,R-parietal,775.0,-0.08962035667886953,4
R1059J,R-parietal,825.0,-0.09602505234755387,4
R1059J,R-parietal,875.0,-0.08491224672770219,4
R1059J,R-parietal,925.0,-0.08506529439538277,4
R1059J,R-parietal,975.0,-0.03450947077620165,4
R1059J,R-parietal,1025.0,-0.037859871374042044,4
R1059J,R-parietal,1075.0,-0.05626790696719246,4
R1059J,R-parietal,1125.0,-0.05542064348260852,4
R1059J,R-parietal,1175.0,-0.04544525901891763,4
R1059J,R-parietal,1225.0,-0.0688462814666823,4
R1059J,R-parietal,1275.0,-0.13289496591519065,4
R1059J,R-parietal,1325.0,-0.0531035029992764,4
R1059J,R-parietal,1375.0,0.04140614526259018,4
R1059J,R-parietal,1425.0,-0.00963168531245593,4
R1059J,R-parietal,1475.0,-0.0035713124096135316,4
R1059J,R-parietal,1525.0,-0.05111893685568375,4
R1059J,R-parietal,1575.0,-0.052758788909083726,4
R1059J,R-temporal,25.0,0.03315721462196665,21
R1059J,R-temporal,75.0,0.009694028690452125,21
R1059J,R-temporal,125.0,-0.01685811728745653,21
R1059J,R-temporal,175.0,0.024024147989949007,21
R1059J,R-temporal,225.0,0.06270968389416728,21
R1059J,R-temporal,275.0,0.0712268973719696,21
R1059J,R-temporal,325.0,0.03967064390792287,21
R1059J,R-temporal,375.0,0.007595606993958243,21
R1059J,R-temporal,425.0,0.0316889584419359,21
R1059J,R-temporal,475.0,-0.013989884625198935,21
R1059J,R-temporal,525.0,0.009685140359429103,21
R1059J,R-temporal,575.0,0.001543854436250754,21
R1059J,R-temporal,625.0,-0.013464960009149226,21
R1059J,R-temporal,675.0,-0.03508541244548728,21
R1059J,R-temporal,725.0,-0.007701549854210025,21
R1059J,R-temporal,775.0,-0.0033659884541280085,21
R1059J,R-temporal,825.0,-0.026574032269923276,21
R1059J,R-temporal,875.0,-0.036226425796909614,21
R1059J,R-temporal,925.0,-0.010439898461345595,21
R1059J,R-temporal,975.0,0.018334520110961067,21
R1059J,R-temporal,1025.0,0.0020586234403745895,21
R1059J,R-temporal,1075.0,0.004594576235640014,21
R1059J,R-temporal,1125.0,-0.0060940996465277805,21
R1059J,R-temporal,1175.0,0.0023133868829296974,21
R1059J,R-temporal,1225.0,0.06966877021859494,21
R1059J,R-temporal,1275.0,0.06038401901957883,21
R1059J,R-temporal,1325.0,0.023508111287930792,21
R1059J,R-temporal,1375.0,-0.02963808866175486,21
R1059J,R-temporal,1425.0,0.03876774171373974,21
R1059J,R-temporal,1475.0,0.018053995570081423,21
R1059J,R-temporal,1525.0,0.07494281713077132,21
R1059J,R-temporal,1575.0,0.05887949122117159,21
R1060M,R-frontal,25.0,-0.014337621315859698,35
R1060M,R-frontal,75.0,-0.008508995438009362,35
R1060M,R-frontal,125.0,0.009723260120450782,35
R1060M,R-frontal,175.0,-0.011507031916801688,35
R1060M,R-frontal,225.0,0.00422196855029649,35
R1060M,R-frontal,275.0,-0.010841886635267908,35
R1060M,R-frontal,325.0,-0.007265646660658071,35
R1060M,R-frontal,375.0,-0.027447625983832002,35
R1060M,R-frontal,425.0,-0.005499963155598232,35
R1060M,R-frontal,475.0,-0.06124454329668059,35
R1060M,R-frontal,525.0,-0.04137653013366977,35
R1060M,R-frontal,575.0,-0.061103140450557196,35
R1060M,R-frontal,625.0,-0.07667450997420894,35
R1060M,R-frontal,675.0,-0.04234302305179106,35
R1060M,R-frontal,725.0,-0.033756210333598956,35
R1060M,R-frontal,775.0,-0.02253737438023298,35
R1060M,R-frontal,825.0,-0.019220780389855887,35
R1060M,R-frontal,875.0,-0.026469721071198694,35
R1060M,R-frontal,925.0,-0.011453721274831869,35
R1060M,R-frontal,975.0,-0.0013318345699026926,35
R1060M,R-frontal,1025.0,-0.034162260640125675,35
R1060M,R-frontal,1075.0,-0.026519823256696353,35
R1060M,R-frontal,1125.0,-0.025027397285370453,35
R1060M,R-frontal,1175.0,-0.011146902718250204,35
R1060M,R-frontal,1225.0,-0.006014407652356611,35
R1060M,R-frontal,1275.0,-0.01938009651126436,35
R1060M,R-frontal,1325.0,-0.02332699180037241,35
R1060M,R-frontal,1375.0,0.005307702551491076,35
R1060M,R-frontal,1425.0,-0.014387237085360355,35
R1060M,R-frontal,1475.0,-0.011255188812867014,35
R1060M,R-frontal,1525.0,-0.004750355359964975,35
R1060M,R-frontal,1575.0,0.003793251314549024,35
R1060M,R-parietal,25.0,-0.04026332575295854,5
R1060M,R-parietal,75.0,-0.01594927423866741,5
R1060M,R-parietal,125.0,-0.027107198184698034,5
R1060M,R-parietal,175.0,-0.028891845821863125,5
R1060M,R-parietal,225.0,-0.012099929306883589,5
R1060M,R-parietal,275.0,0.009792988569424635,5
R1060M,R-parietal,325.0,0.02614687760505733,5
R1060M,R-parietal,375.0,0.0972292292344393,5
R1060M,R-parietal,425.0,0.08946055919266993,5
R1060M,R-parietal,475.0,0.10007987060155306,5
R1060M,R-parietal,525.0,0.10707884602402731,5
R1060M,R-parietal,575.0,0.10827717282102127,5
R1060M,R-parietal,625.0,0.09440806776755646,5
R1060M,R-parietal,675.0,0.10805116659788086,5
R1060M,R-parietal,725.0,0.12273600152927966,5
R1060M,R-parietal,775.0,0.17364575604347351,5
R1060M,R-parietal,825.0,0.16960487255027296,5
R1060M,R-parietal,875.0,0.13405500626629835,5
R1060M,R-parietal,925.0,0.12444793740656764,5
R1060M,R-parietal,975.0,0.1307688135720762,5
R1060M,R-parietal,1025.0,0.08595958760110264,5
R1060M,R-parietal,1075.0,0.06132398703989585,5
R1060M,R-parietal,1125.0,0.10496821743871196,5
R1060M,R-parietal,1175.0,0.10925660241664541,5
R1060M,R-parietal,1225.0,0.12465243614926003,5
R1060M,R-parietal,1275.0,0.055960071972615134,5
R1060M,R-parietal,1325.0,0.08244173896756135,5
R1060M,R-parietal,1375.0,0.10991980533038034,5
R1060M,R-parietal,1425.0,0.043028103394839555,5
R1060M,R-parietal,1475.0,0.046040990889595,5
R1060M,R-parietal,1525.0,0.05167759935090106,5
R1060M,R-parietal,1575.0,0.07976276040844887,5
R1060M,R-temporal,25.0,-0.013117512392057338,21
R1060M,R-temporal,75.0,-0.052381873686402444,21
R1060M,R-temporal,125.0,0.023674627138130556,21
R1060M,R-temporal,175.0,-0.00016818224120937342,21
R1060M,R-temporal,225.0,0.005749798311424716,21
R1060M,R-temporal,275.0,-0.006312350843506691,21
R1060M,R-temporal,325.0,-0.024306538707352672,21
R1060M,R-temporal,375.0,-0.007006845099735292,21
R1060M,R-temporal,425.0,-0.023072972334409962,21
R1060M,R-temporal,475.0,-0.06471244369125678,21
R1060M,R-temporal,525.0,-0.04427884664995309,21
R1060M,R-temporal,575.0,-0.053503961241969634,21
R1060M,R-temporal,625.0,-0.07662282747662905,21
R1060M,R-temporal,675.0,-0.018530253887128773,21
R1060M,R-temporal,725.0,-0.022188745234096315,21
R1060M,R-temporal,775.0,-0.03876634764469443,21
R1060M,R-temporal,825.0,-0.04491177860256659,21
R1060M,R-temporal,875.0,-0.04236586336561866,21
R1060M,R-temporal,925.0,-0.05644602271776903,21
R1060M,R-temporal,975.0,-0.02523844911713812,21
R1060M,R-temporal,1025.0,-0.052020980340700795,21
R1060M,R-temporal,1075.0,-0.08469498307241811,21
R1060M,R-temporal,1125.0,-0.0610279518630615,21
R1060M,R-temporal,1175.0,-0.03660134677100101,21
R1060M,R-temporal,1225.0,-0.05355396823835582,21
R1060M,R-temporal,1275.0,-0.02293644219636065,21
R1060M,R-temporal,1325.0,-0.03488566285866919,21
R1060M,R-temporal,1375.0,-0.0026014698842390925,21
R1060M,R-temporal,1425.0,-0.001513026115309102,21
R1060M,R-temporal,1475.0,-0.010167843474576192,21
R1060M,R-temporal,1525.0,0.029844334120060125,21
R1060M,R-temporal,1575.0,0.050285381205530284,21
R1061T,L-temporal,25.0,-0.0014806792874482871,3
R1061T,L-temporal,75.0,0.001279660673315853,3
R1061T,L-temporal,125.0,0.02928563588800831,3
R1061T,L-temporal,175.0,0.01731578605077737,3
R1061T,L-temporal,225.0,-0.03214450037797495,3
R1061T,L-temporal,275.0,0.04608769282219377,3
R1061T,L-temporal,325.0,0.0174039651727577,3
R1061T,L-temporal,375.0,0.08309567535226269,3
R1061T,L-temporal,425.0,0.03635144637232314,3
R1061T,L-temporal,475.0,0.0429967261979801,3
R1061T,L-temporal,525.0,0.003782332848006383,3
R1061T,L-temporal,575.0,-0.033916767617777586,3
R1061T,L-temporal,625.0,0.00954011860609648,3
R1061T,L-temporal,675.0,0.009067029038486886,3
R1061T,L-temporal,725.0,-0.037913319574540374,3
R1061T,L-temporal,775.0,-0.04822523599456432,3
R1061T,L-temporal,825.0,-0.025463789027377004,3
R1061T,L-temporal,875.0,0.02819559102007088,3
R1061T,L-temporal,925.0,0.07145390642367111,3
R1061T,L-temporal,975.0,-0.03346082493591447,3
R1061T,L-temporal,1025.0,-0.03573217771308082,3
R1061T,L-temporal,1075.0,-0.05479350062248034,3
R1061T,L-temporal,1125.0,-0.003985831084874286,3
R1061T,L-temporal,1175.0,0.05089026917008042,3
R1061T,L-temporal,1225.0,-0.016787197180664667,3
R1061T,L-temporal,1275.0,0.0015500344342941456,3
R1061T,L-temporal,1325.0,-0.019971858175128126,3
R1061T,L-temporal,1375.0,-0.022062341545005654,3
R1061T,L-temporal,1425.0,0.008765982158590728,3
R1061T,L-temporal,1475.0,-0.009926082344396387,3
R1061T,L-temporal,1525.0,0.023427450346488337,3
R1061T,L-temporal,1575.0,-0.029725120419596174,3
R1061T,R-frontal,25.0,0.005064533623588505,18
R1061T,R-frontal,75.0,0.007556952983392643,18
R1061T,R-frontal,125.0,0.004018738178261991,18
R1061T,R-frontal,175.0,0.02508962499488494,18
R1061T,R-frontal,225.0,0.0176198861359481,18
R1061T,R-frontal,275.0,0.020991243088423,18
R1061T,R-frontal,325.0,0.009275832437077138,18
R1061T,R-frontal,375.0,0.025981154979354583,18
R1061T,R-frontal,425.0,0.011155213699329591,18
R1061T,R-frontal,475.0,-0.016350534665365717,18
R1061T,R-frontal,525.0,0.023376159634141316,18
R1061T,R-frontal,575.0,-0.0032932446549599225,18
R1061T,R-frontal,625.0,-0.005094243734593929,18
R1061T,R-frontal,675.0,-0.010012587002883438,18
R1061T,R-frontal,725.0,-0.01911615625697506,18
R1061T,R-frontal,775.0,-0.011242559526474254,18
R1061T,R-frontal,825.0,-0.013500072141732924,18
R1061T,R-frontal,875.0,-0.01516655150958144,18
R1061T,R-frontal,925.0,0.009289005200940769,18
R1061T,R-frontal,975.0,-0.006592737337662583,18
R1061T,R-frontal,1025.0,-0.034677219089015575,18
R1061T,R-frontal,1075.0,6.214213328752876e-05,18
R1061T,R-frontal,1125.0,0.020653139273436646,18
R1061T,R-frontal,1175.0,0.009727632051621025,18
R1061T,R-frontal,1225.0,0.030702441690276677,18
R1061T,R-frontal,1275.0,0.01066750367914465,18
R1061T,R-frontal,1325.0,-0.003963735536577681,18
R1061T,R-frontal,1375.0,0.016848558300620136,18
R1061T,R-frontal,1425.0,0.007514766678979382,18
R1061T,R-frontal,1475.0,0.004943672718181819,18
R1061T,R-frontal,1525.0,0.015505420059596743,18
R1061T,R-frontal,1575.0,-0.013133649469095765,18
R1061T,R-parietal,25.0,-0.0801109764635814,3
R1061T,R-parietal,75.0,-0.053770497935367395,3
R1061T,R-parietal,125.0,-0.052533023560025205,3
R1061T,R-parietal,175.0,-0.015607733426885697,3
R1061T,R-parietal,225.0,-0.04271000932995055,3
R1061T,R-parietal,275.0,0.0088677913745393,3
R1061T,R-parietal,325.0,-0.04275615555551604,3
R1061T,R-parietal,375.0,-0.0842294226463407,3
R1061T,R-parietal,425.0,-0.04211536458042862,3
R1061T,R-parietal,475.0,0.054035648813253144,3
R1061T,R-parietal,525.0,0.06874853933050029,3
R1061T,R-parietal,575.0,0.03621447298212452,3
R1061T,R-parietal,625.0,0.0264779307100992,3
R1061T,R-parietal,675.0,0.0032571272474350836,3
R1061T,R-parietal,725.0,-0.038932925010656906,3
R1061T,R-parietal,775.0,0.0445406902962382,3
R1061T,R-parietal,825.0,0.040284814005302656,3
R1061T,R-parietal,875.0,0.028950404317528225,3
R1061T,R-parietal,925.0,0.05066665419752134,3
R1061T,R-parietal,975.0,-0.023700249818613517,3
R1061T,R-parietal,1025.0,-0.0062400272713835055,3
R1061T,R-parietal,1075.0,0.04940390133811138,3
R1061T,R-parietal,1125.0,0.058435652041202484,3
R1061T,R-parietal,1175.0,0.02100660079308099,3
R1061T,R-parietal,1225.0,0.009856493330793296,3
R1061T,R-parietal,1275.0,0.0005652485150115932,3
R1061T,R-parietal,1325.0,0.02967069258739044,3
R1061T,R-parietal,1375.0,0.025220323060551244,3
R1061T,R-parietal,1425.0,-0.009081188725514477,3
R1061T,R-parietal,1475.0,-0.10536967473293213,3
R1061T,R-parietal,1525.0,-0.027435459380431893,3
R1061T,R-parietal,1575.0,-0.03673071662798694,3
R1061T,R-temporal,25.0,0.008138718905695303,13
R1061T,R-temporal,75.0,0.0059039673327815805,13
R1061T,R-temporal,125.0,-0.015040236641016612,13
R1061T,R-temporal,175.0,0.00515600520148165,13
R1061T,R-temporal,225.0,0.01985823924041196,13
R1061T,R-temporal,275.0,0.002064595786990167,13
R1061T,R-temporal,325.0,-0.023802068818435433,13
R1061T,R-temporal,375.0,0.0054548102868379475,13
R1061T,R-temporal,425.0,-0.04898202738042075,13
R1061T,R-temporal,475.0,-0.02844341981886607,13
R1061T,R-temporal,525.0,0.009943442128829166,13
R1061T,R-temporal,575.0,-0.025506838704375864,13
R1061T,R-temporal,625.0,0.0008403300262559781,13
R1061T,R-temporal,675.0,-0.023067753633110536,13
R1061T,R-temporal,725.0,-0.0592494578477863,13
R1061T,R-temporal,775.0,-0.026507054751188537,13
R1061T,R-temporal,825.0,-0.01611951249737929,13
R1061T,R-temporal,875.0,-0.027674234423059076,13
R1061T,R-temporal,925.0,-0.015514603225126824,13
R1061T,R-temporal,975.0,-0.0006285728354322013,13
R1061T,R-temporal,1025.0,-0.020181652435871167,13
R1061T,R-temporal,1075.0,-0.003872723192345574,13
R1061T,R-temporal,1125.0,0.021296276138294302,13
R1061T,R-temporal,1175.0,-0.007561032101504021,13
R1061T,R-temporal,1225.0,0.006439863421840059,13
R1061T,R-temporal,1275.0,-0.04325471387543619,13
R1061T,R-temporal,1325.0,-0.012857126777717708,13
R1061T,R-temporal,1375.0,0.007707305251688069,13
R1061T,R-temporal,1425.0,-0.01310464202168009,13
R1061T,R-temporal,1475.0,-0.039290124982593086,13
R1061T,R-temporal,1525.0,0.010035845044033476,13
R1061T,R-temporal,1575.0,-0.016106205705069137,13
R1062J,R-frontal,25.0,-0.07970577775646023,8
R1062J,R-frontal,75.0,-0.05734339498467047,8
R1062J,R-frontal,125.0,-0.008965773679536559,8
R1062J,R-frontal,175.0,0.03502462778774411,8
R1062J,R-frontal,225.0,-0.017914137129448976,8
R1062J,R-frontal,275.0,0.06793155482767028,8
R1062J,R-frontal,325.0,0.2635034519015828,8
R1062J,R-frontal,375.0,0.1985467782223268,8
R1062J,R-frontal,425.0,0.18875605077293994,8
R1062J,R-frontal,475.0,0.09125898403337636,8
R1062J,R-frontal,525.0,0.03825205667560396,8
R1062J,R-frontal,575.0,0.03845308016629547,8
R1062J,R-frontal,625.0,0.14131991447308181,8
R1062J,R-frontal,675.0,0.04405628770781225,8
R1062J,R-frontal,725.0,0.10819450008149539,8
R1062J,R-frontal,775.0,0.050643995110360183,8
R1062J,R-frontal,825.0,0.06530549261547547,8
R1062J,R-frontal,875.0,0.04703027531816285,8
R1062J,R-frontal,925.0,0.0949411827790171,8
R1062J,R-frontal,975.0,0.07841103474325371,8
R1062J,R-frontal,1025.0,0.04045635627651616,8
R1062J,R-frontal,1075.0,0.09841695302388301,8
R1062J,R-frontal,1125.0,0.05208832118172896,8
R1062J,R-frontal,1175.0,0.040773584426962946,8
R1062J,R-frontal,1225.0,0.023687171707113534,8
R1062J,R-frontal,1275.0,0.008643058890941522,8
R1062J,R-frontal,1325.0,-0.028829584366140783,8
R1062J,R-frontal,1375.0,0.01921368596618077,8
R1062J,R-frontal,1425.0,0.010532651108011638,8
R1062J,R-frontal,1475.0,-0.04923899332570204,8
R1062J,R-frontal,1525.0,-0.011054291559751711,8
R1062J,R-frontal,1575.0,-0.043603241985704644,8
R1062J,R-parietal,25.0,-0.06566120421872178,15
R1062J,R-parietal,75.0,-0.07384898778431502,15
R1062J,R-parietal,125.0,0.09853693494414453,15
R1062J,R-parietal,175.0,0.07847674357663209,15
R1062J,R-parietal,225.0,0.01771763297802117,15
R1062J,R-parietal,275.0,0.043172378282793744,15
R1062J,R-parietal,325.0,-0.00902327481615362,15
R1062J,R-parietal,375.0,0.009865603734577205,15
R1062J,R-parietal,425.0,-0.012911131158337568,15
R1062J,R-parietal,475.0,0.03755148221866807,15
R1062J,R-parietal,525.0,-0.005500312191955366,15
R1062J,R-parietal,575.0,-0.06630452238787912,15
R1062J,R-parietal,625.0,0.00017989305555528006,15
R1062J,R-parietal,675.0,0.07640485529628759,15
R1062J,R-parietal,725.0,0.07807498765102111,15
R1062J,R-parietal,775.0,0.05174169899898465,15
R1062J,R-parietal,825.0,-0.008268450100820487,15
R1062J,R-parietal,875.0,0.07565545341867816,15
R1062J,R-parietal,925.0,0.05320995242047017,15
R1062J,R-parietal,975.0,0.056264408449906725,15
R1062J,R-parietal,1025.0,0.02331427177362889,15
R1062J,R-parietal,1075.0,0.07230159748871631,15
R1062J,R-parietal,1125.0,-0.037360322293917045,15
R1062J,R-parietal,1175.0,0.03806346998954066,15
R1062J,R-parietal,1225.0,-0.044288477940518975,15
R1062J,R-parietal,1275.0,-0.000956344746475234,15
R1062J,R-parietal,1325.0,0.024646032469275807,15
R1062J,R-parietal,1375.0,0.07828423824277606,15
R1062J,R-parietal,1425.0,0.03222063191532694,15
R1062J,R-parietal,1475.0,0.03903527238286662,15
R1062J,R-parietal,1525.0,0.0036596724475415417,15
R1062J,R-parietal,1575.0,-0.03339055528771119,15
R1062J,R-temporal,25.0,-0.12371775324966516,4
R1062J,R-temporal,75.0,0.03333530251812535,4
R1062J,R-temporal,125.0,0.8466001421560667,4
R1062J,R-temporal,175.0,0.7153202113781278,4
R1062J,R-temporal,225.0,0.2088587142434907,4
R1062J,R-temporal,275.0,0.34310156627642535,4
R1062J,R-temporal,325.0,0.2775618643148241,4
R1062J,R-temporal,375.0,0.05258343035975237,4
R1062J,R-temporal,425.0,0.09873837988399053,4
R1062J,R-temporal,475.0,0.18043811856049696,4
R1062J,R-temporal,525.0,0.10112902038381895,4
R1062J,R-temporal,575.0,0.1670206617765535,4
R1062J,R-temporal,625.0,0.1539182731525816,4
R1062J,R-temporal,675.0,0.18760593371938633,4
R1062J,R-temporal,725.0,0.2801649770165705,4
R1062J,R-temporal,775.0,0.062108133306638606,4
R1062J,R-temporal,825.0,0.15051366410295922,4
R1062J,R-temporal,875.0,0.14308349921842317,4
R1062J,R-temporal,925.0,0.168781658285014,4
R1062J,R-temporal,975.0,0.34344209089588495,4
R1062J,R-temporal,1025.0,0.16016670510023795,4
R1062J,R-temporal,1075.0,0.17985225130750596,4
R1062J,R-temporal,1125.0,0.09269106329305102,4
R1062J,R-temporal,1175.0,0.19435635912824567,4
R1062J,R-temporal,1225.0,0.06755690701192132,4
R1062J,R-temporal,1275.0,0.15654810361621535,4
R1062J,R-temporal,1325.0,0.1552646464595404,4
R1062J,R-temporal,1375.0,0.09650287089564966,4
R1062J,R-temporal,1425.0,0.11666272021504787,4
R1062J,R-temporal,1475.0,0.07420699651735083,4
R1062J,R-temporal,1525.0,0.1342395246852667,4
R1062J,R-temporal,1575.0,0.15321993973670966,4
R1063C,L-frontal,25.0,-0.0172119826996202,7
R1063C,L-frontal,75.0,-0.0032096184032561837,7
R1063C,L-frontal,125.0,0.044646567014944336,7
R1063C,L-frontal,175.0,0.03717433298726315,7
R1063C,L-frontal,225.0,0.002735142698513398,7
R1063C,L-frontal,275.0,-0.02028054449219735,7
R1063C,L-frontal,325.0,0.017208337943171847,7
R1063C,L-frontal,375.0,-0.13335230387696084,7
R1063C,L-frontal,425.0,-0.058356027259386,7
R1063C,L-frontal,475.0,-0.09809425897516251,7
R1063C,L-frontal,525.0,-0.10679365629224057,7
R1063C,L-frontal,575.0,-0.15732083252760728,7
R1063C,L-frontal,625.0,-0.1923941341780951,7
R1063C,L-frontal,675.0,-0.10263352428198007,7
R1063C,L-frontal,725.0,-0.055273218633506725,7
R1063C,L-frontal,775.0,0.010783606567225346,7
R1063C,L-frontal,825.0,-0.07898516406462651,7
R1063C,L-frontal,875.0,-0.08998534518945574,7
R1063C,L-frontal,925.0,-0.021590316555197858,7
R1063C,L-frontal,975.0,-0.053091821099702015,7
R1063C,L-frontal,1025.0,-0.04783589397843901,7
R1063C,L-frontal,1075.0,-0.07624701453948526,7
R1063C,L-frontal,1125.0,-0.054332946725428564,7
R1063C,L-frontal,1175.0,-0.08958356489071828,7
R1063C,L-frontal,1225.0,-0.06159296085010846,7
R1063C,L-frontal,1275.0,0.04530227874657825,7
R1063C,L-frontal,1325.0,-0.0495748307529846,7
R1063C,L-frontal,1375.0,0.04643109465007191,7
R1063C,L-frontal,1425.0,0.014696809751984502,7
R1063C,L-frontal,1475.0,-0.049418116753808805,7
R1063C,L-frontal,1525.0,-0.02556339617526876,7
R1063C,L-frontal,1575.0,-0.07478829630195669,7
R1063C,L-temporal,25.0,-0.04268265083400252,9
R1063C,L-temporal,75.0,0.015154999354202333,9
R1063C,L-temporal,125.0,0.03856918692807764,9
R1063C,L-temporal,175.0,0.009420366610708266,9
R1063C,L-temporal,225.0,0.00580930496110341,9
R1063C,L-temporal,275.0,0.02590106966726693,9
R1063C,L-temporal,325.0,0.0738892842491084,9
R1063C,L-temporal,375.0,-0.032582016265324754,9
R1063C,L-temporal,425.0,-0.026677908562045025,9
R1063C,L-temporal,475.0,-0.07875683593916101,9
R1063C,L-temporal,525.0,-0.010401404997927959,9
R1063C,L-temporal,575.0,-0.04212359296408154,9
R1063C,L-temporal,625.0,-0.11108694469348808,9
R1063C,L-temporal,675.0,-0.0365900449070768,9
R1063C,L-temporal,725.0,0.01042158661957022,9
R1063C,L-temporal,775.0,0.07570268623809955,9
R1063C,L-temporal,825.0,0.0028224293187040315,9
R1063C,L-temporal,875.0,0.00417209423170917,9
R1063C,L-temporal,925.0,0.02407625697076217,9
R1063C,L-temporal,975.0,-0.016730841406510447,9
R1063C,L-temporal,1025.0,-0.02158959943101358,9
R1063C,L-temporal,1075.0,-0.030458928158179337,9
R1063C,L-temporal,1125.0,-0.03447595328197491,9
R1063C,L-temporal,1175.0,-0.054208316356662324,9
R1063C,L-temporal,1225.0,-0.03729933054409469,9
R1063C,L-temporal,1275.0,0.07502557601128756,9
R1063C,L-temporal,1325.0,-0.04327534071032639,9
R1063C,L-temporal,1375.0,0.09395583429070915,9
R1063C,L-temporal,1425.0,0.058935576661588586,9
R1063C,L-temporal,1475.0,0.02890350361256692,9
R1063C,L-temporal,1525.0,-0.05961879710902981,9
R1063C,L-temporal,1575.0,-0.03392910456426873,9
R1063C,R-frontal,25.0,0.005891375172023291,10
R1063C,R-frontal,75.0,0.06019174005188177,10
R1063C,R-frontal,125.0,0.09268868998721329,10
R1063C,R-frontal,175.0,0.016262583975027348,10
R1063C,R-frontal,225.0,0.01545669361651783,10
R1063C,R-frontal,275.0,0.03895537656730248,10
R1063C,R-frontal,325.0,0.08477623872696868,10
R1063C,R-frontal,375.0,-0.0014814444546641659,10
R1063C,R-frontal,425.0,0.005542004351008987,10
R1063C,R-frontal,475.0,-0.05157372017049726,10
R1063C,R-frontal,525.0,-0.020355560908990107,10
R1063C,R-frontal,575.0,-0.037091984830672296,10
R1063C,R-frontal,625.0,-0.04645761793883157,10
R1063C,R-frontal,675.0,-0.014127091173657893,10
R1063C,R-frontal,725.0,-0.005316954090629938,10
R1063C,R-frontal,775.0,0.0743181659992503,10
R1063C,R-frontal,825.0,-0.005476363550397628,10
R1063C,R-frontal,875.0,-0.012982997423141846,10
R1063C,R-frontal,925.0,0.03464654416974311,10
R1063C,R-frontal,975.0,0.01628706019835289,10
R1063C,R-frontal,1025.0,-0.02832720104600331,10
R1063C,R-frontal,1075.0,0.002530057130095964,10
R1063C,R-frontal,1125.0,-0.035701309202937355,10
R1063C,R-frontal,1175.0,-0.02703331330664669,10
R1063C,R-frontal,1225.0,-0.047179922944250455,10
R1063C,R-frontal,1275.0,0.08253493176092638,10
R1063C,R-frontal,1325.0,0.042857644893811705,10
R1063C,R-frontal,1375.0,0.06543323368384824,10
R1063C,R-frontal,1425.0,0.08561636329953143,10
R1063C,R-frontal,1475.0,-0.017252482986441213,10
R1063C,R-frontal,1525.0,-0.02220703841077796,10
R1063C,R-frontal,1575.0,-0.032167812880673226,10
R1063C,R-temporal,25.0,-0.04403377809902736,6
R1063C,R-temporal,75.0,0.026116602099362726,6
R1063C,R-temporal,125.0,0.06566368270116234,6
R1063C,R-temporal,175.0,-0.01438720504389969,6
R1063C,R-temporal,225.0,0.01626498487219197,6
R1063C,R-temporal,275.0,0.06538940397050098,6
R1063C,R-temporal,325.0,0.05374333498383402,6
R1063C,R-temporal,375.0,-0.002312085000759697,6
R1063C,R-temporal,425.0,-0.06592436265590511,6
R1063C,R-temporal,475.0,-0.1350867462367377,6
R1063C,R-temporal,525.0,-0.07516395413655547,6
R1063C,R-temporal,575.0,-0.10738683488561701,6
R1063C,R-temporal,625.0,-0.07537150914464671,6
R1063C,R-temporal,675.0,-0.08438934146281742,6
R1063C,R-temporal,725.0,-0.024742744506382724,6
R1063C,R-temporal,775.0,0.05579048516575983,6
R1063C,R-temporal,825.0,-0.04518272849481215,6
R1063C,R-temporal,875.0,0.039951683887808204,6
R1063C,R-temporal,925.0,0.014452054163966195,6
R1063C,R-temporal,975.0,-0.04681702399416277,6
R1063C,R-temporal,1025.0,-0.0421458560030436,6
R1063C,R-temporal,1075.0,0.04251808037524391,6
R1063C,R-temporal,1125.0,-0.05117966987234892,6
R1063C,R-temporal,1175.0,-0.05341138738949005,6
R1063C,R-temporal,1225.0,-0.009915826073252516,6
R1063C,R-temporal,1275.0,0.0449278010847959,6
R1063C,R-temporal,1325.0,-0.02178702604475499,6
R1063C,R-temporal,1375.0,0.04227253229505951,6
R1063C,R-temporal,1425.0,-0.028579162762938714,6
R1063C,R-temporal,1475.0,-0.05685750639534918,6
R1063C,R-temporal,1525.0,-0.1220858569060953,6
R1063C,R-temporal,1575.0,-0.09293861948253969,6
R1065J,L-frontal,25.0,-0.0632775695175892,10
R1065J,L-frontal,75.0,-0.10792566477478831,10
R1065J,L-frontal,125.0,-0.10992271091991257,10
R1065J,L-frontal,175.0,-0.1203111732957999,10
R1065J,L-frontal,225.0,-0.06683445116358727,10
R1065J,L-frontal,275.0,-0.030044702797077133,10
R1065J,L-frontal,325.0,-0.08173842029607595,10
R1065J,L-frontal,375.0,-0.14499183026575765,10
R1065J,L-frontal,425.0,-0.16682532987879534,10
R1065J,L-frontal,475.0,-0.17163740457943574,10
R1065J,L-frontal,525.0,-0.14388059890324406,10
R1065J,L-frontal,575.0,-0.13608605290158732,10
R1065J,L-frontal,625.0,-0.12079452640667909,10
R1065J,L-frontal,675.0,-0.10664451343046426,10
R1065J,L-frontal,725.0,-0.09521387433046731,10
R1065J,L-frontal,775.0,-0.09613660746431,10
R1065J,L-frontal,825.0,-0.08601149853156148,10
R1065J,L-frontal,875.0,-0.08206512137428161,10
R1065J,L-frontal,925.0,-0.08238968549613204,10
R1065J,L-frontal,975.0,-0.07709744685536142,10
R1065J,L-frontal,1025.0,-0.08583979255599458,10
R1065J,L-frontal,1075.0,-0.08776509925934388,10
R1065J,L-frontal,1125.0,-0.09264070322516588,10
R1065J,L-frontal,1175.0,-0.10503849582841704,10
R1065J,L-frontal,1225.0,-0.09394831659653075,10
R1065J,L-frontal,1275.0,-0.07976022737637588,10
R1065J,L-frontal,1325.0,-0.1042406590329038,10
R1065J,L-frontal,1375.0,-0.09765925545678429,10
R1065J,L-frontal,1425.0,-0.09221246110141396,10
R1065J,L-frontal,1475.0,-0.11642281784873383,10
R1065J,L-frontal,1525.0,-0.11813289421592901,10
R1065J,L-frontal,1575.0,-0.11071634686483427,10
R1065J,L-parietal,25.0,-0.03432718269547608,5
R1065J,L-parietal,75.0,-0.028707745336151103,5
R1065J,L-parietal,125.0,-0.013707512835407307,5
R1065J,L-parietal,175.0,0.015383964807320441,5
R1065J,L-parietal,225.0,0.015499991930212143,5
R1065J,L-parietal,275.0,-0.031237998331832252,5
R1065J,L-parietal,325.0,-0.05920215011052495,5
R1065J,L-parietal,375.0,-0.06612826323266209,5
R1065J,L-parietal,425.0,-0.04477867433271989,5
R1065J,L-parietal,475.0,-0.03443260361782992,5
R1065J,L-parietal,525.0,-0.0007540976623569756,5
R1065J,L-parietal,575.0,-0.03695587370159224,5
R1065J,L-parietal,625.0,-0.020541133125048367,5
R1065J,L-parietal,675.0,-0.02586825428560554,5
R1065J,L-parietal,725.0,-0.014335893058113275,5
R1065J,L-parietal,775.0,0.0066119856569839385,5
R1065J,L-parietal,825.0,-0.003406590997088281,5
R1065J,L-parietal,875.0,-0.010546376224919678,5
R1065J,L-parietal,925.0,0.01885880838819221,5
R1065J,L-parietal,975.0,-0.009143687395499912,5
R1065J,L-parietal,1025.0,-0.003402295341488247,5
R1065J,L-parietal,1075.0,-0.024300020018175484,5
R1065J,L-parietal,1125.0,0.015182313894218985,5
R1065J,L-parietal,1175.0,0.00773875907440464,5
R1065J,L-parietal,1225.0,-0.008453946967574618,5
R1065J,L-parietal,1275.0,0.008749983595358266,5
R1065J,L-parietal,1325.0,-0.030278199553671902,5
R1065J,L-parietal,1375.0,-0.01385066217321039,5
R1065J,L-parietal,1425.0,0.012019702351354092,5
R1065J,L-parietal,1475.0,-0.0368125126306162,5
R1065J,L-parietal,1525.0,-0.02668677942659802,5
R1065J,L-parietal,1575.0,-0.05192826211177295,5
R1065J,L-temporal,25.0,-0.02477093575429314,9
R1065J,L-temporal,75.0,-0.003329180407988884,9
R1065J,L-temporal,125.0,0.016083345819209102,9
R1065J,L-temporal,175.0,0.04116227939632763,9
R1065J,L-temporal,225.0,0.05391468494739071,9
R1065J,L-temporal,275.0,0.09139520032801932,9
R1065J,L-temporal,325.0,0.0782061246407547,9
R1065J,L-temporal,375.0,0.06358366397817074,9
R1065J,L-temporal,425.0,0.029494975981805924,9
R1065J,L-temporal,475.0,0.016417891829390144,9
R1065J,L-temporal,525.0,0.0488734098805977,9
R1065J,L-temporal,575.0,0.009721197431354118,9
R1065J,L-temporal,625.0,0.01130180300141834,9
R1065J,L-temporal,675.0,0.014024433931931249,9
R1065J,L-temporal,725.0,0.010454401252585002,9
R1065J,L-temporal,775.0,0.0228294817184136,9
R1065J,L-temporal,825.0,0.022096897632186793,9
R1065J,L-temporal,875.0,0.00951351020014747,9
R1065J,L-temporal,925.0,0.04099453195300412,9
R1065J,L-temporal,975.0,0.0055468134407608595,9
R1065J,L-temporal,1025.0,0.014444176438391347,9
R1065J,L-temporal,1075.0,-0.006697327363807144,9
R1065J,L-temporal,1125.0,-0.014820200041064664,9
R1065J,L-temporal,1175.0,-0.004381434454021959,9
R1065J,L-temporal,1225.0,0.03144705572617718,9
R1065J,L-temporal,1275.0,0.022315219801199288,9
R1065J,L-temporal,1325.0,-0.027566113106996474,9
R1065J,L-temporal,1375.0,-0.012519875342471908,9
R1065J,L-temporal,1425.0,-0.015008312223619088,9
R1065J,L-temporal,1475.0,-0.05898241894748789,9
R1065J,L-temporal,1525.0,-0.03579517787882822,9
R1065J,L-temporal,1575.0,-0.045310020634520304,9
R1065J,R-frontal,25.0,-0.048561393807354726,4
R1065J,R-frontal,75.0,-0.10135830002545876,4
R1065J,R-frontal,125.0,-0.12864120573631982,4
R1065J,R-frontal,175.0,-0.11410972457817226,4
R1065J,R-frontal,225.0,-0.013413927629426644,4
R1065J,R-frontal,275.0,0.04562252739946415,4
R1065J,R-frontal,325.0,-0.038166559440628356,4
R1065J,R-frontal,375.0,-0.17889798112687488,4
R1065J,R-frontal,425.0,-0.23458507367586665,4
R1065J,R-frontal,475.0,-0.2587023627816391,4
R1065J,R-frontal,525.0,-0.2563662953984328,4
R1065J,R-frontal,575.0,-0.27686093975555304,4
R1065J,R-frontal,625.0,-0.25083091343033137,4
R1065J,R-frontal,675.0,-0.2360745137023618,4
R1065J,R-frontal,725.0,-0.22525007176535092,4
R1065J,R-frontal,775.0,-0.2594074523780978,4
R1065J,R-frontal,825.0,-0.23619744169642057,4
R1065J,R-frontal,875.0,-0.19984552889745164,4
R1065J,R-frontal,925.0,-0.19759773719683707,4
R1065J,R-frontal,975.0,-0.17147990227611903,4
R1065J,R-frontal,1025.0,-0.17575064836190252,4
R1065J,R-frontal,1075.0,-0.18681858108114513,4
R1065J,R-frontal,1125.0,-0.18457573870050803,4
R1065J,R-frontal,1175.0,-0.1648829469112083,4
R1065J,R-frontal,1225.0,-0.16254393961225316,4
R1065J,R-frontal,1275.0,-0.13667404483926862,4
R1065J,R-frontal,1325.0,-0.17869621578742012,4
R1065J,R-frontal,1375.0,-0.1424633657972736,4
R1065J,R-frontal,1425.0,-0.17142154225691628,4
R1065J,R-frontal,1475.0,-0.13940474224392846,4
R1065J,R-frontal,1525.0,-0.1640601881501602,4
R1065J,R-frontal,1575.0,-0.19153866494947805,4
R1065J,R-parietal,25.0,-0.007350024559976878,3
R1065J,R-parietal,75.0,-0.0038281159015685095,3
R1065J,R-parietal,125.0,0.02331673382687575,3
R1065J,R-parietal,175.0,-0.006089960698963548,3
R1065J,R-parietal,225.0,-0.011965397736466389,3
R1065J,R-parietal,275.0,-0.008108511871201514,3
R1065J,R-parietal,325.0,-0.05742505898785838,3
R1065J,R-parietal,375.0,-0.09924194305791754,3
R1065J,R-parietal,425.0,-0.1471794902361651,3
R1065J,R-parietal,475.0,-0.13296470412313202,3
R1065J,R-parietal,525.0,-0.13027095978973452,3
R1065J,R-parietal,575.0,-0.12874907323494647,3
R1065J,R-parietal,625.0,-0.1945805114729573,3
R1065J,R-parietal,675.0,-0.12917029958018278,3
R1065J,R-parietal,725.0,-0.10390121629255285,3
R1065J,R-parietal,775.0,-0.1247352270088488,3
R1065J,R-parietal,825.0,-0.07452621734385907,3
R1065J,R-parietal,875.0,-0.0749642223980768,3
R1065J,R-parietal,925.0,-0.06425917095036233,3
R1065J,R-parietal,975.0,-0.032311171210409405,3
R1065J,R-parietal,1025.0,-0.008867576104608156,3
R1065J,R-parietal,1075.0,-0.07144999056946479,3
R1065J,R-parietal,1125.0,-0.05561278846923773,3
R1065J,R-parietal,1175.0,-0.018670765537451606,3
R1065J,R-parietal,1225.0,-0.07635255141849064,3
R1065J,R-parietal,1275.0,-0.053588740540500175,3
R1065J,R-parietal,1325.0,-0.07366151782869752,3
R1065J,R-parietal,1375.0,-0.10844670446598415,3
R1065J,R-parietal,1425.0,-0.05206702552739709,3
R1065J,R-parietal,1475.0,-0.03397059904326946,3
R1065J,R-parietal,1525.0,-0.0179831632807797,3
R1065J,R-parietal,1575.0,-0.062081035594055874,3
R1065J,R-temporal,25.0,-0.026901039016134193,6
R1065J,R-temporal,75.0,-0.031479552686595975,6
R1065J,R-temporal,125.0,-0.0015375664441345334,6
R1065J,R-temporal,175.0,-0.05568089600219716,6
R1065J,R-temporal,225.0,-0.02203801921665006,6
R1065J,R-temporal,275.0,-0.011058090487216362,6
R1065J,R-temporal,325.0,-0.035836879996141276,6
R1065J,R-temporal,375.0,-0.020512903751403567,6
R1065J,R-temporal,425.0,-0.02095780162971965,6
R1065J,R-temporal,475.0,-0.04825460306275822,6
R1065J,R-temporal,525.0,-0.020758346625541168,6
R1065J,R-temporal,575.0,-0.055166584582383486,6
R1065J,R-temporal,625.0,-0.05644411840525762,6
R1065J,R-temporal,675.0,-0.05820595578825621,6
R1065J,R-temporal,725.0,-0.049048410740991956,6
R1065J,R-temporal,775.0,-0.02546474545742679,6
R1065J,R-temporal,825.0,-0.02885460375758073,6
R1065J,R-temporal,875.0,-0.03516792549452901,6
R1065J,R-temporal,925.0,-0.023425042712317257,6
R1065J,R-temporal,975.0,0.012008837246246691,6
R1065J,R-temporal,1025.0,-0.03889772500401175,6
R1065J,R-temporal,1075.0,-0.012208759774479756,6
R1065J,R-temporal,1125.0,-0.03233624413993684,6
R1065J,R-temporal,1175.0,-0.031123907704070277,6
R1065J,R-temporal,1225.0,-0.04578123721100899,6
R1065J,R-temporal,1275.0,-0.04507155765049917,6
R1065J,R-temporal,1325.0,-0.057476279740782975,6
R1065J,R-temporal,1375.0,-0.03408524867901085,6
R1065J,R-temporal,1425.0,-0.0442189101094149,6
R1065J,R-temporal,1475.0,-0.030145639747157574,6
R1065J,R-temporal,1525.0,-0.048144870469611,6
R1065J,R-temporal,1575.0,-0.026786316230985305,6
R1066P,L-occipital,25.0,0.011388994372526225,6
R1066P,L-occipital,75.0,0.08849625561794079,6
R1066P,L-occipital,125.0,0.5467497626039656,6
R1066P,L-occipital,175.0,0.8080016929694311,6
R1066P,L-occipital,225.0,0.8024308229823776,6
R1066P,L-occipital,275.0,0.554718632042404,6
R1066P,L-occipital,325.0,0.4639810766068409,6
R1066P,L-occipital,375.0,0.42217404608937076,6
R1066P,L-occipital,425.0,0.2934665176137896,6
R1066P,L-occipital,475.0,0.275450734956237,6
R1066P,L-occipital,525.0,0.20795871166153124,6
R1066P,L-occipital,575.0,0.21071481791182858,6
R1066P,L-occipital,625.0,0.13657894561944098,6
R1066P,L-occipital,675.0,0.07686619202034671,6
R1066P,L-occipital,725.0,0.05837172718640504,6
R1066P,L-occipital,775.0,0.06863088077214162,6
R1066P,L-occipital,825.0,0.032679467605894394,6
R1066P,L-occipital,875.0,0.026254391054338685,6
R1066P,L-occipital,925.0,0.022638182559686568,6
R1066P,L-occipital,975.0,0.03781851002705843,6
R1066P,L-occipital,1025.0,0.03669321918048831,6
R1066P,L-occipital,1075.0,0.044845355828504956,6
R1066P,L-occipital,1125.0,0.033075495253787175,6
R1066P,L-occipital,1175.0,0.02508833408337158,6
R1066P,L-occipital,1225.0,0.03802820659790538,6
R1066P,L-occipital,1275.0,0.06624724920728058,6
R1066P,L-occipital,1325.0,0.049625176251592386,6
R1066P,L-occipital,1375.0,0.041872727266786904,6
R1066P,L-occipital,1425.0,0.02143513063505911,6
R1066P,L-occipital,1475.0,0.07329788574388933,6
R1066P,L-occipital,1525.0,0.032627681359010306,6
R1066P,L-occipital,1575.0,0.06044644816858922,6
R1066P,L-parietal,25.0,-0.009300384757257005,8
R1066P,L-parietal,75.0,-0.02938611451703213,8
R1066P,L-parietal,125.0,-0.052865721668423155,8
R1066P,L-parietal,175.0,0.030368475662796365,8
R1066P,L-parietal,225.0,0.0018362525972996937,8
R1066P,L-parietal,275.0,-0.03224641799107036,8
R1066P,L-parietal,325.0,-0.08175067071630276,8
R1066P,L-parietal,375.0,-0.040883775904169174,8
R1066P,L-parietal,425.0,-0.056269027636858815,8
R1066P,L-parietal,475.0,-0.0749954181324356,8
R1066P,L-parietal,525.0,-0.06507294029625926,8
R1066P,L-parietal,575.0,-0.05169291217225928,8
R1066P,L-parietal,625.0,-0.023817655341247867,8
R1066P,L-parietal,675.0,-0.017502549972993095,8
R1066P,L-parietal,725.0,-0.02705539238860084,8
R1066P,L-parietal,775.0,-0.011022050222079055,8
R1066P,L-parietal,825.0,-8.992354134024216e-05,8
R1066P,L-parietal,875.0,-0.018982931675845957,8
R1066P,L-parietal,925.0,-0.016909940167176334,8
R1066P,L-parietal,975.0,0.013884049641593324,8
R1066P,L-parietal,1025.0,-0.02168222733579836,8
R1066P,L-parietal,1075.0,-0.031010326191515537,8
R1066P,L-parietal,1125.0,-0.01254469409590666,8
R1066P,L-parietal,1175.0,-0.012201391848060126,8
R1066P,L-parietal,1225.0,0.03253439776475801,8
R1066P,L-parietal,1275.0,-0.005172137816074033,8
R1066P,L-parietal,1325.0,0.01780484267950113,8
R1066P,L-parietal,1375.0,-0.019029504037845948,8
R1066P,L-parietal,1425.0,-0.03612392756034567,8
R1066P,L-parietal,1475.0,-0.02901019944947754,8
R1066P,L-parietal,1525.0,-0.01949962197566423,8
R1066P,L-parietal,1575.0,0.021120249647726665,8
R1066P,L-temporal,25.0,-0.025420924504726754,6
R1066P,L-temporal,75.0,0.016871188905120574,6
R1066P,L-temporal,125.0,-0.0041667207143281934,6
R1066P,L-temporal,175.0,0.028916049957492748,6
R1066P,L-temporal,225.0,0.0826127131400634,6
R1066P,L-temporal,275.0,0.06917172908932699,6
R1066P,L-temporal,325.0,-0.022288822658371298,6
R1066P,L-temporal,375.0,0.00873822162117766,6
R1066P,L-temporal,425.0,0.02846852199203721,6
R1066P,L-temporal,475.0,-0.006205000496092852,6
R1066P,L-temporal,525.0,0.009372253349022345,6
R1066P,L-temporal,575.0,-0.005773080151897983,6
R1066P,L-temporal,625.0,0.02507862865919164,6
R1066P,L-temporal,675.0,0.009179981369244507,6
R1066P,L-temporal,725.0,-0.011097537651936143,6
R1066P,L-temporal,775.0,-0.04935484526003936,6
R1066P,L-temporal,825.0,-0.00018945623801095517,6
R1066P,L-temporal,875.0,-0.04962984743573982,6
R1066P,L-temporal,925.0,-0.0037336475158689457,6
R1066P,L-temporal,975.0,0.006803953167495907,6
R1066P,L-temporal,1025.0,-0.038075175467436405,6
R1066P,L-temporal,1075.0,-0.023557922563660485,6
R1066P,L-temporal,1125.0,-0.04019178331661622,6
R1066P,L-temporal,1175.0,-0.03254835197143058,6
R1066P,L-temporal,1225.0,-0.01869184231125479,6
R1066P,L-temporal,1275.0,-0.03042958858601529,6
R1066P,L-temporal,1325.0,-0.020477367937038443,6
R1066P,L-temporal,1375.0,-0.05447026888510914,6
R1066P,L-temporal,1425.0,-0.04933630456219117,6
R1066P,L-temporal,1475.0,-0.031423638206349504,6
R1066P,L-temporal,1525.0,-0.029233802684947907,6
R1066P,L-temporal,1575.0,-0.023522864230228435,6
R1066P,R-frontal,25.0,0.006620961007135581,5
R1066P,R-frontal,75.0,-0.05717438680694096,5
R1066P,R-frontal,125.0,-0.030730136325233647,5
R1066P,R-frontal,175.0,0.03199073603382285,5
R1066P,R-frontal,225.0,0.05127760313763345,5
R1066P,R-frontal,275.0,0.03554943525592159,5
R1066P,R-frontal,325.0,0.017675994134450403,5
R1066P,R-frontal,375.0,-0.02896820385324648,5
R1066P,R-frontal,425.0,-0.010091264854000822,5
R1066P,R-frontal,475.0,-0.008164973890290228,5
R1066P,R-frontal,525.0,-0.016774896391626333,5
R1066P,R-frontal,575.0,-0.05428179895147832,5
R1066P,R-frontal,625.0,-0.02158525073745478,5
R1066P,R-frontal,675.0,-0.11071022171326139,5
R1066P,R-frontal,725.0,-0.04187593815665625,5
R1066P,R-frontal,775.0,-0.015204022384647176,5
R1066P,R-frontal,825.0,-0.05848281828675768,5
R1066P,R-frontal,875.0,-0.04206586957150192,5
R1066P,R-frontal,925.0,-0.036899539530471724,5
R1066P,R-frontal,975.0,-0.016135384778237227,5
R1066P,R-frontal,1025.0,-0.019656946995783003,5
R1066P,R-frontal,1075.0,-0.03249587428610727,5
R1066P,R-frontal,1125.0,-0.04408511619231488,5
R1066P,R-frontal,1175.0,0.001814908164480014,5
R1066P,R-frontal,1225.0,-0.009579707082908126,5
R1066P,R-frontal,1275.0,0.027210161640667658,5
R1066P,R-frontal,1325.0,-0.02396837836686779,5
R1066P,R-frontal,1375.0,-0.03711316215434501,5
R1066P,R-frontal,1425.0,-0.015259923435636735,5
R1066P,R-frontal,1475.0,-0.033271256468292223,5
R1066P,R-frontal,1525.0,-0.0354403515111516,5
R1066P,R-frontal,1575.0,-0.018359722582565845,5
R1066P,R-occipital,25.0,-0.025602030300412665,4
R1066P,R-occipital,75.0,-0.053338921194203394,4
R1066P,R-occipital,125.0,0.00019404985004546627,4
R1066P,R-occipital,175.0,-0.09248209835665941,4
R1066P,R-occipital,225.0,-0.035672402550524715,4
R1066P,R-occipital,275.0,0.037582214684274556,4
R1066P,R-occipital,325.0,0.043804287491986144,4
R1066P,R-occipital,375.0,0.04002927315945335,4
R1066P,R-occipital,425.0,0.0978260036601825,4
R1066P,R-occipital,475.0,0.050794429897979054,4
R1066P,R-occipital,525.0,0.06992143489863076,4
R1066P,R-occipital,575.0,-0.02799648919170683,4
R1066P,R-occipital,625.0,0.00891938186165362,4
R1066P,R-occipital,675.0,-0.02488693654045461,4
R1066P,R-occipital,725.0,-0.03972694482141318,4
R1066P,R-occipital,775.0,-0.05784552609374324,4
R1066P,R-occipital,825.0,-0.015736206881776595,4
R1066P,R-occipital,875.0,-0.03965279174923661,4
R1066P,R-occipital,925.0,-0.027952141893590216,4
R1066P,R-occipital,975.0,-0.031109093371856487,4
R1066P,R-occipital,1025.0,-0.021858813107247015,4
R1066P,R-occipital,1075.0,-0.020052147139874826,4
R1066P,R-occipital,1125.0,0.01153295965996146,4
R1066P,R-occipital,1175.0,-0.026651101403626108,4
R1066P,R-occipital,1225.0,-0.0035573194965547433,4
R1066P,R-occipital,1275.0,-0.018075640511276504,4
R1066P,R-occipital,1325.0,-0.015978928360606697,4
R1066P,R-occipital,1375.0,0.00010454613259736761,4
R1066P,R-occipital,1425.0,-0.025442823832106033,4
R1066P,R-occipital,1475.0,0.0030474500847493284,4
R1066P,R-occipital,1525.0,0.01896531950981453,4
R1066P,R-occipital,1575.0,0.031381387889039894,4
R1066P,R-temporal,25.0,-0.03477460817276911,10
R1066P,R-temporal,75.0,-0.04419451654908643,10
R1066P,R-temporal,125.0,-0.010474206638128734,10
R1066P,R-temporal,175.0,0.0533964469247052,10
R1066P,R-temporal,225.0,0.008094925329973485,10
R1066P,R-temporal,275.0,0.025807964476565238,10
R1066P,R-temporal,325.0,0.040255426133539204,10
R1066P,R-temporal,375.0,0.025413607080887496,10
R1066P,R-temporal,425.0,0.015002801158984802,10
R1066P,R-temporal,475.0,0.00712272144368042,10
R1066P,R-temporal,525.0,-0.001162990755876573,10
R1066P,R-temporal,575.0,0.02151557525062292,10
R1066P,R-temporal,625.0,-0.00536912553462751,10
R1066P,R-temporal,675.0,-0.02865504813292417,10
R1066P,R-temporal,725.0,-0.017635548424999693,10
R1066P,R-temporal,775.0,-0.005632762148684153,10
R1066P,R-temporal,825.0,-0.0026691463467114996,10
R1066P,R-temporal,875.0,-0.010159418393260474,10
R1066P,R-temporal,925.0,0.007174765534479844,10
R1066P,R-temporal,975.0,-0.025263842217699513,10
R1066P,R-temporal,1025.0,-0.0013114255596432672,10
R1066P,R-temporal,1075.0,-0.00306283237345837,10
R1066P,R-temporal,1125.0,-0.004498983652847765,10
R1066P,R-temporal,1175.0,-0.007386962998719254,10
R1066P,R-temporal,1225.0,-0.01871168937000154,10
R1066P,R-temporal,1275.0,0.012945073850870542,10
R1066P,R-temporal,1325.0,0.024092955309041583,10
R1066P,R-temporal,1375.0,-0.015399473322628036,10
R1066P,R-temporal,1425.0,-0.0016880874244210766,10
R1066P,R-temporal,1475.0,0.0014215029623011245,10
R1066P,R-temporal,1525.0,-0.013050688945636154,10
R1066P,R-temporal,1575.0,-0.010917223029160539,10
R1067P,L-frontal,25.0,-0.023809598019958175,43
R1067P,L-frontal,75.0,-0.01888773522688495,43
R1067P,L-frontal,125.0,-0.018320907645503624,43
R1067P,L-frontal,175.0,-0.0056900923787992965,43
R1067P,L-frontal,225.0,0.0032795596954638974,43
R1067P,L-frontal,275.0,0.023885601820878465,43
R1067P,L-frontal,325.0,0.017130048756048073,43
R1067P,L-frontal,375.0,0.0013030628172259495,43
R1067P,L-frontal,425.0,0.004832296959726736,43
R1067P,L-frontal,475.0,0.03238591447780899,43
R1067P,L-frontal,525.0,0.017014236554111682,43
R1067P,L-frontal,575.0,0.03258146448636536,43
R1067P,L-frontal,625.0,0.01950221433241752,43
R1067P,L-frontal,675.0,0.012924066465803737,43
R1067P,L-frontal,725.0,0.007238779650345282,43
R1067P,L-frontal,775.0,0.015416212730664921,43
R1067P,L-frontal,825.0,0.010229172255511093,43
R1067P,L-frontal,875.0,0.018363908236832423,43
R1067P,L-frontal,925.0,0.02562666043585887,43
R1067P,L-frontal,975.0,0.06071423246182701,43
R1067P,L-frontal,1025.0,0.045959478979474264,43
R1067P,L-frontal,1075.0,0.04177109455045759,43
R1067P,L-frontal,1125.0,0.045993984771281485,43
R1067P,L-frontal,1175.0,0.051009790027953916,43
R1067P,L-frontal,1225.0,0.048047895479539596,43
R1067P,L-frontal,1275.0,0.02746147374687691,43
R1067P,L-frontal,1325.0,0.019585774484635603,43
R1067P,L-frontal,1375.0,0.02928690407202879,43
R1067P,L-frontal,1425.0,0.016807658097033683,43
R1067P,L-frontal,1475.0,-0.0006336654957065517,43
R1067P,L-frontal,1525.0,-0.00017589489304406836,43
R1067P,L-frontal,1575.0,-0.01718288839299859,43
R1067P,L-parietal,25.0,-0.00883809854030373,16
R1067P,L-parietal,75.0,0.021258010092705306,16
R1067P,L-parietal,125.0,-0.016401679996832244,16
R1067P,L-parietal,175.0,-0.054708274661582984,16
R1067P,L-parietal,225.0,-0.013434868817789384,16
R1067P,L-parietal,275.0,-0.03284173373800378,16
R1067P,L-parietal,325.0,0.0029051729468427615,16
R1067P,L-parietal,375.0,0.018455142705409436,16
R1067P,L-parietal,425.0,-0.026437801126890176,16
R1067P,L-parietal,475.0,0.01428607675336681,16
R1067P,L-parietal,525.0,-0.012098024048538002,16
R1067P,L-parietal,575.0,0.017299141027738878,16
R1067P,L-parietal,625.0,-0.003083984484062439,16
R1067P,L-parietal,675.0,-0.03930901614166309,16
R1067P,L-parietal,725.0,-0.022090385049765147,16
R1067P,L-parietal,775.0,0.008816747367263445,16
R1067P,L-parietal,825.0,-0.00012960076756994045,16
R1067P,L-parietal,875.0,-0.004009401814423873,16
R1067P,L-parietal,925.0,-0.02187558385044972,16
R1067P,L-parietal,975.0,0.028958562975511363,16
R1067P,L-parietal,1025.0,0.022864641235323082,16
R1067P,L-parietal,1075.0,0.0330966056162039,16
R1067P,L-parietal,1125.0,0.026964447703917836,16
R1067P,L-parietal,1175.0,0.032622915619234916,16
R1067P,L-parietal,1225.0,0.04988341944574256,16
R1067P,L-parietal,1275.0,0.01908284911579679,16
R1067P,L-parietal,1325.0,0.016349428201059852,16
R1067P,L-parietal,1375.0,-0.00582543691883106,16
R1067P,L-parietal,1425.0,-0.0025051696822233436,16
R1067P,L-parietal,1475.0,0.013583863616889003,16
R1067P,L-parietal,1525.0,-0.006447433307840678,16
R1067P,L-parietal,1575.0,-0.004099061658417265,16
R1067P,L-temporal,25.0,-0.011529644529145322,30
R1067P,L-temporal,75.0,-0.026303058665015422,30
R1067P,L-temporal,125.0,-0.025015613932082473,30
R1067P,L-temporal,175.0,-0.014506881960914687,30
R1067P,L-temporal,225.0,0.015049768180426963,30
R1067P,L-temporal,275.0,0.01761018552887894,30
R1067P,L-temporal,325.0,0.025811118652573954,30
R1067P,L-temporal,375.0,0.04402198687102398,30
R1067P,L-temporal,425.0,0.04981678446867442,30
R1067P,L-temporal,475.0,0.05922077422501267,30
R1067P,L-temporal,525.0,0.015716598192148643,30
R1067P,L-temporal,575.0,0.06406419558731778,30
R1067P,L-temporal,625.0,0.02945051784900938,30
R1067P,L-temporal,675.0,0.024038328555395283,30
R1067P,L-temporal,725.0,-0.006973792543554414,30
R1067P,L-temporal,775.0,0.040121385816254775,30
R1067P,L-temporal,825.0,0.013874439495891443,30
R1067P,L-temporal,875.0,0.009129244200274184,30
R1067P,L-temporal,925.0,-0.0036708428039010973,30
R1067P,L-temporal,975.0,0.04060899349680666,30
R1067P,L-temporal,1025.0,0.02860179258930904,30
R1067P,L-temporal,1075.0,0.022548645564217283,30
R1067P,L-temporal,1125.0,0.0396020848573555,30
R1067P,L-temporal,1175.0,0.03750605396549364,30
R1067P,L-temporal,1225.0,0.06370986101917472,30
R1067P,L-temporal,1275.0,0.02414669870639806,30
R1067P,L-temporal,1325.0,0.0038913018286676785,30
R1067P,L-temporal,1375.0,0.02305175702772092,30
R1067P,L-temporal,1425.0,-0.022190936628610824,30
R1067P,L-temporal,1475.0,-0.032726209449594215,30
R1067P,L-temporal,1525.0,-0.04842358344136594,30
R1067P,L-temporal,1575.0,-0.03844136721275191,30
R1069M,L-frontal,25.0,-0.026154537024343227,46
R1069M,L-frontal,75.0,-0.03450822360128614,46
R1069M,L-frontal,125.0,-0.035488617323811276,46
R1069M,L-frontal,175.0,0.01818873189852076,46
R1069M,L-frontal,225.0,0.017380721452007364,46
R1069M,L-frontal,275.0,0.03577767380843845,46
R1069M,L-frontal,325.0,0.04886326853662945,46
R1069M,L-frontal,375.0,0.05005932005585824,46
R1069M,L-frontal,425.0,0.03246809853921784,46
R1069M,L-frontal,475.0,0.0071832201124946825,46
R1069M,L-frontal,525.0,-0.014684644908051549,46
R1069M,L-frontal,575.0,0.016747990723265594,46
R1069M,L-frontal,625.0,0.002369867924512554,46
R1069M,L-frontal,675.0,0.005232763837909434,46
R1069M,L-frontal,725.0,0.011868750937122596,46
R1069M,L-frontal,775.0,-0.007366897754997214,46
R1069M,L-frontal,825.0,0.0023458162239088564,46
R1069M,L-frontal,875.0,0.00830003645539059,46
R1069M,L-frontal,925.0,0.012977761927798665,46
R1069M,L-frontal,975.0,-0.02117828945817699,46
R1069M,L-frontal,1025.0,0.015493466955583934,46
R1069M,L-frontal,1075.0,0.0018294484480400005,46
R1069M,L-frontal,1125.0,0.015146566943526894,46
R1069M,L-frontal,1175.0,0.035194993621299735,46
R1069M,L-frontal,1225.0,0.03567351169487234,46
R1069M,L-frontal,1275.0,0.043490277143669695,46
R1069M,L-frontal,1325.0,0.04437509306738508,46
R1069M,L-frontal,1375.0,0.035776811681941856,46
R1069M,L-frontal,1425.0,0.040666513381483665,46
R1069M,L-frontal,1475.0,0.021541522689583485,46
R1069M,L-frontal,1525.0,0.059658654388508314,46
R1069M,L-frontal,1575.0,0.02897359828062834,46
R1069M,L-parietal,25.0,0.011690999223912995,34
R1069M,L-parietal,75.0,0.029212384123259882,34
R1069M,L-parietal,125.0,0.022990219663073436,34
R1069M,L-parietal,175.0,0.003971914087019057,34
R1069M,L-parietal,225.0,0.058353100945878374,34
R1069M,L-parietal,275.0,0.07172691494270239,34
R1069M,L-parietal,325.0,0.04479532598735902,34
R1069M,L-parietal,375.0,0.02155662619709698,34
R1069M,L-parietal,425.0,0.004811348367956233,34
R1069M,L-parietal,475.0,0.002504030676021317,34
R1069M,L-parietal,525.0,-0.02214948187017354,34
R1069M,L-parietal,575.0,-0.05568619713848849,34
R1069M,L-parietal,625.0,-0.04183443705115635,34
R1069M,L-parietal,675.0,-0.06544820733431991,34
R1069M,L-parietal,725.0,-0.053973322786767614,34
R1069M,L-parietal,775.0,-0.03216078564488195,34
R1069M,L-parietal,825.0,-0.033797309618273805,34
R1069M,L-parietal,875.0,-0.03827251998735647,34
R1069M,L-parietal,925.0,-0.02385163129773017,34
R1069M,L-parietal,975.0,-0.05102132486854799,34
R1069M,L-parietal,1025.0,-0.024200836863911845,34
R1069M,L-parietal,1075.0,0.0037165076210741656,34
R1069M,L-parietal,1125.0,0.008308908382692222,34
R1069M,L-parietal,1175.0,0.004612191613840525,34
R1069M,L-parietal,1225.0,0.02898215506610194,34
R1069M,L-parietal,1275.0,0.010433307596507265,34
R1069M,L-parietal,1325.0,0.02987180008733577,34
R1069M,L-parietal,1375.0,0.017615825321266917,34
R1069M,L-parietal,1425.0,0.003410920646032206,34
R1069M,L-parietal,1475.0,-0.004772635588691199,34
R1069M,L-parietal,1525.0,0.031369925095082164,34
R1069M,L-parietal,1575.0,-0.005441328111907014,34
R1069M,L-temporal,25.0,0.02599652693264096,7
R1069M,L-temporal,75.0,0.0389816494370091,7
R1069M,L-temporal,125.0,-0.011189133389783909,7
R1069M,L-temporal,175.0,-0.03279065287712484,7
R1069M,L-temporal,225.0,-0.04099657165969217,7
R1069M,L-temporal,275.0,0.032457048541697266,7
R1069M,L-temporal,325.0,0.06734542166061823,7
R1069M,L-temporal,375.0,0.0735744278882521,7
R1069M,L-temporal,425.0,0.0756418600030161,7
R1069M,L-temporal,475.0,0.11692385984913119,7
R1069M,L-temporal,525.0,0.10763497642522404,7
R1069M,L-temporal,575.0,0.1014255968211448,7
R1069M,L-temporal,625.0,0.014985008599908835,7
R1069M,L-temporal,675.0,-0.018085072445911204,7
R1069M,L-temporal,725.0,-0.03757990997729136,7
R1069M,L-temporal,775.0,-0.05262058795422494,7
R1069M,L-temporal,825.0,-0.04804301308264521,7
R1069M,L-temporal,875.0,-0.029625123661190297,7
R1069M,L-temporal,925.0,-0.008728543798963909,7
R1069M,L-temporal,975.0,-0.04468902596003389,7
R1069M,L-temporal,1025.0,-0.07302145917988004,7
R1069M,L-temporal,1075.0,-0.0026069370983690427,7
R1069M,L-temporal,1125.0,0.00504859778900979,7
R1069M,L-temporal,1175.0,-0.008236648599075006,7
R1069M,L-temporal,1225.0,0.05317826614466502,7
R1069M,L-temporal,1275.0,0.014614327102593703,7
R1069M,L-temporal,1325.0,0.02990247757134668,7
R1069M,L-temporal,1375.0,0.046857052768511695,7
R1069M,L-temporal,1425.0,-0.015039677729345086,7
R1069M,L-temporal,1475.0,0.049720777641723383,7
R1069M,L-temporal,1525.0,0.016395293020929964,7
R1069M,L-temporal,1575.0,-0.012750049116259135,7
R1074M,L-frontal,25.0,0.08297193924030365,33
R1074M,L-frontal,75.0,0.07009351979237999,33
R1074M,L-frontal,125.0,0.026394667418869786,33
R1074M,L-frontal,175.0,0.005388369627392111,33
R1074M,L-frontal,225.0,-0.011218398834818483,33
R1074M,L-frontal,275.0,0.0030218803851115032,33
R1074M,L-frontal,325.0,0.00891107700347023,33
R1074M,L-frontal,375.0,0.08571952838760785,33
R1074M,L-frontal,425.0,0.06650713645479568,33
R1074M,L-frontal,475.0,0.0014243925779692734,33
R1074M,L-frontal,525.0,0.055894951067861874,33
R1074M,L-frontal,575.0,-0.00245258862987051,33
R1074M,L-frontal,625.0,-0.03601939313134343,33
R1074M,L-frontal,675.0,-0.039042847295081194,33
R1074M,L-frontal,725.0,-0.03758774879379985,33
R1074M,L-frontal,775.0,-0.04095204852877106,33
R1074M,L-frontal,825.0,-0.07881088116538706,33
R1074M,L-frontal,875.0,-0.07316601365124209,33
R1074M,L-frontal,925.0,-0.03387363728170287,33
R1074M,L-frontal,975.0,-0.045426749003412766,33
R1074M,L-frontal,1025.0,-0.06366538405030525,33
R1074M,L-frontal,1075.0,-0.032720361975079534,33
R1074M,L-frontal,1125.0,-0.03921793504485326,33
R1074M,L-frontal,1175.0,-0.01923855408715524,33
R1074M,L-frontal,1225.0,0.0037528788879609295,33
R1074M,L-frontal,1275.0,-0.03679610844125676,33
R1074M,L-frontal,1325.0,-0.051321120514636276,33
R1074M,L-frontal,1375.0,-0.049819717129041326,33
R1074M,L-frontal,1425.0,-0.006183145334004337,33
R1074M,L-frontal,1475.0,-0.028912165274710418,33
R1074M,L-frontal,1525.0,-0.05033511485514899,33
R1074M,L-frontal,1575.0,-0.07400883325440627,33
R1074M,L-parietal,25.0,0.040650189138046446,13
R1074M,L-parietal,75.0,-0.00858297724271492,13
R1074M,L-parietal,125.0,-0.002476381361087003,13
R1074M,L-parietal,175.0,-0.03797199292731948,13
R1074M,L-parietal,225.0,-0.05832571350207774,13
R1074M,L-parietal,275.0,-0.01874575285181914,13
R1074M,L-parietal,325.0,-0.02867812820521323,13
R1074M,L-parietal,375.0,0.06602896884513267,13
R1074M,L-parietal,425.0,0.009018766066207428,13
R1074M,L-parietal,475.0,-0.0412867885052493,13
R1074M,L-parietal,525.0,0.034798403828517434,13
R1074M,L-parietal,575.0,-0.0350837133474729,13
R1074M,L-parietal,625.0,-0.020045394513142252,13
R1074M,L-parietal,675.0,-0.007469404512049693,13
R1074M,L-parietal,725.0,-0.016353111443006753,13
R1074M,L-parietal,775.0,-0.021910417210465754,13
R1074M,L-parietal,825.0,-0.043108914929510446,13
R1074M,L-parietal,875.0,-0.046611876250538545,13
R1074M,L-parietal,925.0,-0.004877342014074323,13
R1074M,L-parietal,975.0,-0.010334378626874575,13
R1074M,L-parietal,1025.0,-0.009915155966867125,13
R1074M,L-parietal,1075.0,-0.019839457009670818,13
R1074M,L-parietal,1125.0,-0.043508422157370615,13
R1074M,L-parietal,1175.0,-0.024785934536244905,13
R1074M,L-parietal,1225.0,0.0026759103892432436,13
R1074M,L-parietal,1275.0,-0.00436038453918228,13
R1074M,L-parietal,1325.0,-0.008235640968004044,13
R1074M,L-parietal,1375.0,0.0069137929113020314,13
R1074M,L-parietal,1425.0,-0.02051572828276358,13
R1074M,L-parietal,1475.0,-0.012255703631394815,13
R1074M,L-parietal,1525.0,-0.026132374369604448,13
R1074M,L-parietal,1575.0,-0.09516275185227338,13
R1075J,L-frontal,25.0,-0.008201207316493448,49
R1075J,L-frontal,75.0,-0.0013292651059124076,49
R1075J,L-frontal,125.0,-0.0027992400011406814,49
R1075J,L-frontal,175.0,-0.0026138203285440303,49
R1075J,L-frontal,225.0,-0.02623046608633821,49
R1075J,L-frontal,275.0,-0.038774264919474846,49
R1075J,L-frontal,325.0,-0.06115907786192869,49
R1075J,L-frontal,375.0,-0.1076367998706616,49
R1075J,L-frontal,425.0,-0.13386248053794791,49
R1075J,L-frontal,475.0,-0.12542649365156186,49
R1075J,L-frontal,525.0,-0.11268909711120989,49
R1075J,L-frontal,575.0,-0.09969966008825784,49
R1075J,L-frontal,625.0,-0.09823350858152384,49
R1075J,L-frontal,675.0,-0.07710137501497986,49
R1075J,L-frontal,725.0,-0.04960636576544283,49
R1075J,L-frontal,775.0,-0.04142721621029246,49
R1075J,L-frontal,825.0,-0.0304003118140304,49
R1075J,L-frontal,875.0,-0.015036621311635795,49
R1075J,L-frontal,925.0,-9.450637406364445e-05,49
R1075J,L-frontal,975.0,-0.0067520245741243086,49
R1075J,L-frontal,1025.0,0.008688779866827536,49
R1075J,L-frontal,1075.0,0.0217031856441715,49
R1075J,L-frontal,1125.0,0.01639736677336614,49
R1075J,L-frontal,1175.0,0.00262288987233366,49
R1075J,L-frontal,1225.0,0.012333101252084309,49
R1075J,L-frontal,1275.0,0.009402337973731977,49
R1075J,L-frontal,1325.0,-0.010553367898155766,49
R1075J,L-frontal,1375.0,0.025246972842249544,49
R1075J,L-frontal,1425.0,0.010570326826843291,49
R1075J,L-frontal,1475.0,0.026354728160931002,49
R1075J,L-frontal,1525.0,0.0157483148214423,49
R1075J,L-frontal,1575.0,-0.007200914123164862,49
R1075J,L-parietal,25.0,-0.00865650476045715,6
R1075J,L-parietal,75.0,-0.01729281935451495,6
R1075J,L-parietal,125.0,-0.016324482365572286,6
R1075J,L-parietal,175.0,0.004399292473480432,6
R1075J,L-parietal,225.0,0.0005069464225936349,6
R1075J,L-parietal,275.0,0.014721929649429838,6
R1075J,L-parietal,325.0,0.03930242329701572,6
R1075J,L-parietal,375.0,0.04441472727545918,6
R1075J,L-parietal,425.0,0.0654409471010362,6
R1075J,L-parietal,475.0,0.02670402850101974,6
R1075J,L-parietal,525.0,0.07690865647672109,6
R1075J,L-parietal,575.0,0.021062107184357165,6
R1075J,L-parietal,625.0,-0.000728511588670463,6
R1075J,L-parietal,675.0,-0.009112640812826379,6
R1075J,L-parietal,725.0,-0.0026313651773904327,6
R1075J,L-parietal,775.0,-0.03985127728230057,6
R1075J,L-parietal,825.0,-0.021545920829568802,6
R1075J,L-parietal,875.0,-0.023186022823314497,6
R1075J,L-parietal,925.0,0.008067266462986526,6
R1075J,L-parietal,975.0,-0.01099708066108171,6
R1075J,L-parietal,1025.0,-0.05107017932196026,6
R1075J,L-parietal,1075.0,0.01313505315846108,6
R1075J,L-parietal,1125.0,-0.010316169575139958,6
R1075J,L-parietal,1175.0,-0.0030525849989021347,6
R1075J,L-parietal,1225.0,-0.0170621325652094,6
R1075J,L-parietal,1275.0,-0.0010732252455921095,6
R1075J,L-parietal,1325.0,-0.01941944945416489,6
R1075J,L-parietal,1375.0,0.02148286479662642,6
R1075J,L-parietal,1425.0,0.039130944439247334,6
R1075J,L-parietal,1475.0,0.0128031121155996,6
R1075J,L-parietal,1525.0,0.0013820592199908315,6
R1075J,L-parietal,1575.0,-0.024014091960536832,6
R1075J,R-frontal,25.0,-0.037538100617774475,39
R1075J,R-frontal,75.0,-0.01002450324387002,39
R1075J,R-frontal,125.0,-0.007812444009283463,39
R1075J,R-frontal,175.0,0.004274375503073171,39
R1075J,R-frontal,225.0,-0.019409671871711772,39
R1075J,R-frontal,275.0,-0.042244942389674384,39
R1075J,R-frontal,325.0,-0.019418420176114656,39
R1075J,R-frontal,375.0,-0.07260655580642145,39
R1075J,R-frontal,425.0,-0.10444992390519929,39
R1075J,R-frontal,475.0,-0.12832239894760833,39
R1075J,R-frontal,525.0,-0.14022029793167232,39
R1075J,R-frontal,575.0,-0.13335754623855095,39
R1075J,R-frontal,625.0,-0.12024224220674216,39
R1075J,R-frontal,675.0,-0.09940724201364715,39
R1075J,R-frontal,725.0,-0.09753983755666483,39
R1075J,R-frontal,775.0,-0.09278715021040329,39
R1075J,R-frontal,825.0,-0.09180585540657295,39
R1075J,R-frontal,875.0,-0.07279495223071243,39
R1075J,R-frontal,925.0,-0.027248111486664374,39
R1075J,R-frontal,975.0,-0.035446855744250313,39
R1075J,R-frontal,1025.0,-0.03517263249510058,39
R1075J,R-frontal,1075.0,-0.05377177728076525,39
R1075J,R-frontal,1125.0,-0.004223479305098878,39
R1075J,R-frontal,1175.0,-0.030096807631149237,39
R1075J,R-frontal,1225.0,0.003692651317133742,39
R1075J,R-frontal,1275.0,-0.022459853650160073,39
R1075J,R-frontal,1325.0,-0.00828484994697455,39
R1075J,R-frontal,1375.0,0.011798404101629615,39
R1075J,R-frontal,1425.0,0.0021024816195137517,39
R1075J,R-frontal,1475.0,0.008178778977298854,39
R1075J,R-frontal,1525.0,0.029438789293542766,39
R1075J,R-frontal,1575.0,-0.02772551643832086,39
R1075J,R-parietal,25.0,-0.022938244876944233,12
R1075J,R-parietal,75.0,0.0021368627604020315,12
R1075J,R-parietal,125.0,-0.002643096530329476,12
R1075J,R-parietal,175.0,0.007630032372340651,12
R1075J,R-parietal,225.0,-0.12606913608519182,12
R1075J,R-parietal,275.0,-0.16203025986255984,12
R1075J,R-parietal,325.0,-0.10724336890628781,12
R1075J,R-parietal,375.0,-0.07044933745305017,12
R1075J,R-parietal,425.0,-0.08483758344248564,12
R1075J,R-parietal,475.0,-0.053450449302934085,12
R1075J,R-parietal,525.0,-0.057007422295971055,12
R1075J,R-parietal,575.0,-0.05614619756705627,12
R1075J,R-parietal,625.0,-0.0808425467613144,12
R1075J,R-parietal,675.0,-0.040073071357728154,12
R1075J,R-parietal,725.0,-0.035885400612236516,12
R1075J,R-parietal,775.0,-0.057232335188259646,12
R1075J,R-parietal,825.0,-0.018288076334885748,12
R1075J,R-parietal,875.0,-0.05261653059417243,12
R1075J,R-parietal,925.0,-0.0130695128470291,12
R1075J,R-parietal,975.0,-0.052886683169820155,12
R1075J,R-parietal,1025.0,-0.060974325548004825,12
R1075J,R-parietal,1075.0,-0.03713778414317918,12
R1075J,R-parietal,1125.0,-0.0036770993491520207,12
R1075J,R-parietal,1175.0,-0.05565438314008996,12
R1075J,R-parietal,1225.0,-0.04951032410249426,12
R1075J,R-parietal,1275.0,-0.028892046321667756,12
R1075J,R-parietal,1325.0,-0.051511035944573735,12
R1075J,R-parietal,1375.0,-0.011875189137064807,12
R1075J,R-parietal,1425.0,-0.004374995502658551,12
R1075J,R-parietal,1475.0,-0.01688698897347258,12
R1075J,R-parietal,1525.0,-0.02955522884128507,12
R1075J,R-parietal,1575.0,-0.009384635839031454,12
R1075J,R-temporal,25.0,-0.02622286744178498,5
R1075J,R-temporal,75.0,0.006380412816940927,5
R1075J,R-temporal,125.0,-0.0534220745516981,5
R1075J,R-temporal,175.0,0.01231375180516403,5
R1075J,R-temporal,225.0,-0.004350004376392791,5
R1075J,R-temporal,275.0,0.0018258524243908504,5
R1075J,R-temporal,325.0,-0.021828457820760382,5
R1075J,R-temporal,375.0,0.007190542723034146,5
R1075J,R-temporal,425.0,-0.055713318916316104,5
R1075J,R-temporal,475.0,-0.07777816310141936,5
R1075J,R-temporal,525.0,-0.0496324091051821,5
R1075J,R-temporal,575.0,-0.07158859756294467,5
R1075J,R-temporal,625.0,-0.0164558896351271,5
R1075J,R-temporal,675.0,-0.03488218103699543,5
R1075J,R-temporal,725.0,-0.05808914316635657,5
R1075J,R-temporal,775.0,-0.05082759505129767,5
R1075J,R-temporal,825.0,-0.013290645875868201,5
R1075J,R-temporal,875.0,0.03646247251676628,5
R1075J,R-temporal,925.0,0.05175488537252966,5
R1075J,R-temporal,975.0,0.006319121291400984,5
R1075J,R-temporal,1025.0,0.040349004455419196,5
R1075J,R-temporal,1075.0,0.059225484797292706,5
R1075J,R-temporal,1125.0,0.03324992558795598,5
R1075J,R-temporal,1175.0,0.05474989723387158,5
R1075J,R-temporal,1225.0,-0.02095095469588306,5
R1075J,R-temporal,1275.0,0.029582143460482525,5
R1075J,R-temporal,1325.0,0.007943381325521989,5
R1075J,R-temporal,1375.0,0.004889696713211314,5
R1075J,R-temporal,1425.0,0.04958681937387972,5
R1075J,R-temporal,1475.0,0.0313031980403162,5
R1075J,R-temporal,1525.0,0.012496398672578074,5
R1075J,R-temporal,1575.0,0.006801519591904254,5
R1076D,L-frontal,25.0,-0.009058098636253308,32
R1076D,L-frontal,75.0,0.008856085150497586,32
R1076D,L-frontal,125.0,-0.031649421106908965,32
R1076D,L-frontal,175.0,-0.012496332139233781,32
R1076D,L-frontal,225.0,-0.023971898385216836,32
R1076D,L-frontal,275.0,0.008978158877108351,32
R1076D,L-frontal,325.0,-0.007292501791723354,32
R1076D,L-frontal,375.0,-0.025928899394996947,32
R1076D,L-frontal,425.0,-0.031204938201786266,32
R1076D,L-frontal,475.0,-0.007371236342319645,32
R1076D,L-frontal,525.0,-0.02528558912503129,32
R1076D,L-frontal,575.0,-0.019609009697504752,32
R1076D,L-frontal,625.0,0.023489285341405767,32
R1076D,L-frontal,675.0,-0.04856641877767502,32
R1076D,L-frontal,725.0,0.004018559614326667,32
R1076D,L-frontal,775.0,-0.0029975686514846812,32
R1076D,L-frontal,825.0,0.021553321060903876,32
R1076D,L-frontal,875.0,0.001335395999146245,32
R1076D,L-frontal,925.0,-0.023743298272939577,32
R1076D,L-frontal,975.0,0.0029361058684461627,32
R1076D,L-frontal,1025.0,-0.019292203869567662,32
R1076D,L-frontal,1075.0,-0.009739889266754549,32
R1076D,L-frontal,1125.0,0.020451072392468267,32
R1076D,L-frontal,1175.0,-0.003951026224543239,32
R1076D,L-frontal,1225.0,-0.008980053894663532,32
R1076D,L-frontal,1275.0,0.015953041510390904,32
R1076D,L-frontal,1325.0,0.014105758936245024,32
R1076D,L-frontal,1375.0,0.03200799043011834,32
R1076D,L-frontal,1425.0,-0.009594155995670164,32
R1076D,L-frontal,1475.0,0.044175078205845306,32
R1076D,L-frontal,1525.0,0.00168561275556367,32
R1076D,L-frontal,1575.0,0.07681502235505892,32
R1076D,R-frontal,25.0,-0.024365431317491942,4
R1076D,R-frontal,75.0,0.02007052404885981,4
R1076D,R-frontal,125.0,-0.0657034402464515,4
R1076D,R-frontal,175.0,-0.06408750876066151,4
R1076D,R-frontal,225.0,-0.0004029227850746546,4
R1076D,R-frontal,275.0,0.030687604338956145,4
R1076D,R-frontal,325.0,0.024504836585957424,4
R1076D,R-frontal,375.0,0.05039678513375372,4
R1076D,R-frontal,425.0,0.04402988043590422,4
R1076D,R-frontal,475.0,0.02543781970970941,4
R1076D,R-frontal,525.0,-0.007503092951995943,4
R1076D,R-frontal,575.0,-0.008342103528513639,4
R1076D,R-frontal,625.0,0.08963539175675748,4
R1076D,R-frontal,675.0,-0.007630017301374951,4
R1076D,R-frontal,725.0,0.014717858776142408,4
R1076D,R-frontal,775.0,-0.004508305535387612,4
R1076D,R-frontal,825.0,0.05544002320739568,4
R1076D,R-frontal,875.0,-0.04185919107485367,4
R1076D,R-frontal,925.0,-0.0045240922326070365,4
R1076D,R-frontal,975.0,0.015199302834143084,4
R1076D,R-frontal,1025.0,0.0030153794251725867,4
R1076D,R-frontal,1075.0,0.02831497674870297,4
R1076D,R-frontal,1125.0,0.07502964718211684,4
R1076D,R-frontal,1175.0,-0.00186532769017947,4
R1076D,R-frontal,1225.0,-0.059470109940441496,4
R1076D,R-frontal,1275.0,0.033803033841931576,4
R1076D,R-frontal,1325.0,0.012132217336377683,4
R1076D,R-frontal,1375.0,0.07623416425571357,4
R1076D,R-frontal,1425.0,-0.021499940168058437,4
R1076D,R-frontal,1475.0,0.08930916838604878,4
R1076D,R-frontal,1525.0,0.0028993088362514272,4
R1076D,R-frontal,1575.0,0.10999238946324802,4
R1076D,R-parietal,25.0,-0.053265934720905454,3
R1076D,R-parietal,75.0,-0.02002003312102432,3
R1076D,R-parietal,125.0,-0.06904158851430121,3
R1076D,R-parietal,175.0,-0.07979033608286937,3
R1076D,R-parietal,225.0,-0.06099533609690073,3
R1076D,R-parietal,275.0,0.006631653813216894,3
R1076D,R-parietal,325.0,0.009211532447721984,3
R1076D,R-parietal,375.0,0.032744498968682804,3
R1076D,R-parietal,425.0,0.02470377252034964,3
R1076D,R-parietal,475.0,-0.011997190813175448,3
R1076D,R-parietal,525.0,-0.020951139165886628,3
R1076D,R-parietal,575.0,-0.025214021974504303,3
R1076D,R-parietal,625.0,0.0774595521887867,3
R1076D,R-parietal,675.0,-0.04901677307782387,3
R1076D,R-parietal,725.0,0.01168477061386162,3
R1076D,R-parietal,775.0,0.05500945872791634,3
R1076D,R-parietal,825.0,0.05726313759501377,3
R1076D,R-parietal,875.0,-0.00648679248665125,3
R1076D,R-parietal,925.0,-0.005304317549729064,3
R1076D,R-parietal,975.0,0.0035313662222072003,3
R1076D,R-parietal,1025.0,-0.05089244177871077,3
R1076D,R-parietal,1075.0,-0.014567067692213243,3
R1076D,R-parietal,1125.0,0.03765916720466891,3
R1076D,R-parietal,1175.0,-0.032295916389240294,3
R1076D,R-parietal,1225.0,-0.08431479842308803,3
R1076D,R-parietal,1275.0,0.03488069698001386,3
R1076D,R-parietal,1325.0,-0.02676860953318284,3
R1076D,R-parietal,1375.0,0.033380319747577346,3
R1076D,R-parietal,1425.0,0.008541178319925147,3
R1076D,R-parietal,1475.0,0.09906440141583635,3
R1076D,R-parietal,1525.0,-0.036574368745856366,3
R1076D,R-parietal,1575.0,0.1215759627775085,3
R1077T,L-frontal,25.0,-0.02715869861296823,3
R1077T,L-frontal,75.0,-0.03568835251967135,3
R1077T,L-frontal,125.0,-0.02977253648423354,3
R1077T,L-frontal,175.0,0.011525299782877169,3
R1077T,L-frontal,225.0,0.08190131405337642,3
R1077T,L-frontal,275.0,-0.01441564783388208,3
R1077T,L-frontal,325.0,-0.08168902064427942,3
R1077T,L-frontal,375.0,-0.06960664002153887,3
R1077T,L-frontal,425.0,-0.06130223024363876,3
R1077T,L-frontal,475.0,0.013783965589880052,3
R1077T,L-frontal,525.0,0.08632467686471594,3
R1077T,L-frontal,575.0,0.027562604448231706,3
R1077T,L-frontal,625.0,-0.011211834386807508,3
R1077T,L-frontal,675.0,-0.003862844937370704,3
R1077T,L-frontal,725.0,0.059783747974015276,3
R1077T,L-frontal,775.0,0.034078263784036424,3
R1077T,L-frontal,825.0,0.03851448196836311,3
R1077T,L-frontal,875.0,0.050698480236942435,3
R1077T,L-frontal,925.0,0.1181303217951692,3
R1077T,L-frontal,975.0,0.09945407879651408,3
R1077T,L-frontal,1025.0,0.03777836201290802,3
R1077T,L-frontal,1075.0,0.0103575333958477,3
R1077T,L-frontal,1125.0,0.018536491947989012,3
R1077T,L-frontal,1175.0,-0.010520034190129202,3
R1077T,L-frontal,1225.0,0.039000766997428875,3
R1077T,L-frontal,1275.0,0.02734838647121615,3
R1077T,L-frontal,1325.0,-0.007442862971550272,3
R1077T,L-frontal,1375.0,-0.019530629967499314,3
R1077T,L-frontal,1425.0,-0.004162573817274486,3
R1077T,L-frontal,1475.0,-0.032149625692775324,3
R1077T,L-frontal,1525.0,-0.008242025062720705,3
R1077T,L-frontal,1575.0,0.041911422155094524,3
R1077T,L-temporal,25.0,-0.02043248240679674,5
R1077T,L-temporal,75.0,-0.03027922260627931,5
R1077T,L-temporal,125.0,0.02225920229876892,5
R1077T,L-temporal,175.0,-0.024692924523581388,5
R1077T,L-temporal,225.0,0.0691280668288894,5
R1077T,L-temporal,275.0,0.020986756294854577,5
R1077T,L-temporal,325.0,0.014246274658860103,5
R1077T,L-temporal,375.0,0.01788864934954619,5
R1077T,L-temporal,425.0,0.03632287024672258,5
R1077T,L-temporal,475.0,0.06453801175452935,5
R1077T,L-temporal,525.0,0.052995203697020585,5
R1077T,L-temporal,575.0,0.02773975676565408,5
R1077T,L-temporal,625.0,-0.016402367791171563,5
R1077T,L-temporal,675.0,0.03348535021999564,5
R1077T,L-temporal,725.0,0.004480680312298343,5
R1077T,L-temporal,775.0,0.0771866245282295,5
R1077T,L-temporal,825.0,0.015183176623390743,5
R1077T,L-temporal,875.0,-0.00045351269980800044,5
R1077T,L-temporal,925.0,0.07465512595079556,5
R1077T,L-temporal,975.0,0.04919705855006939,5
R1077T,L-temporal,1025.0,0.047118949629721574,5
R1077T,L-temporal,1075.0,0.050763958183045334,5
R1077T,L-temporal,1125.0,0.07412458141885125,5
R1077T,L-temporal,1175.0,0.0409770110661314,5
R1077T,L-temporal,1225.0,-0.0033344330872459096,5
R1077T,L-temporal,1275.0,0.03810710368974952,5
R1077T,L-temporal,1325.0,0.047641599433350966,5
R1077T,L-temporal,1375.0,0.024510461274861083,5
R1077T,L-temporal,1425.0,0.02387504297357599,5
R1077T,L-temporal,1475.0,-0.001960247856151537,5
R1077T,L-temporal,1525.0,0.03156639479740512,5
R1077T,L-temporal,1575.0,-0.0037667556123388026,5
R1077T,R-frontal,25.0,-0.003324348621956254,6
R1077T,R-frontal,75.0,-0.017304548085042285,6
R1077T,R-frontal,125.0,-0.03331622102263363,6
R1077T,R-frontal,175.0,0.028591286407740283,6
R1077T,R-frontal,225.0,0.02143767112823892,6
R1077T,R-frontal,275.0,0.020578717922045135,6
R1077T,R-frontal,325.0,0.0014681980130000077,6
R1077T,R-frontal,375.0,-0.005897491113565123,6
R1077T,R-frontal,425.0,-0.07045571760741476,6
R1077T,R-frontal,475.0,-0.0400291195681468,6
R1077T,R-frontal,525.0,-0.022403649356398724,6
R1077T,R-frontal,575.0,-0.05390729362416397,6
R1077T,R-frontal,625.0,-0.032245192598692525,6
R1077T,R-frontal,675.0,-0.04800489829719055,6
R1077T,R-frontal,725.0,0.008204818986899351,6
R1077T,R-frontal,775.0,-0.04014956387976889,6
R1077T,R-frontal,825.0,-0.003591311886527171,6
R1077T,R-frontal,875.0,-0.02252333927633551,6
R1077T,R-frontal,925.0,0.0203775099996645,6
R1077T,R-frontal,975.0,-0.0058352701144418345,6
R1077T,R-frontal,1025.0,-0.02490364451562896,6
R1077T,R-frontal,1075.0,0.01451713696692434,6
R1077T,R-frontal,1125.0,0.0077871518279644,6
R1077T,R-frontal,1175.0,-0.016674833283249826,6
R1077T,R-frontal,1225.0,0.02959661754084286,6
R1077T,R-frontal,1275.0,0.026545127351999143,6
R1077T,R-frontal,1325.0,0.02577012090560467,6
R1077T,R-frontal,1375.0,-0.01910855443441954,6
R1077T,R-frontal,1425.0,0.025674055773617532,6
R1077T,R-frontal,1475.0,0.010366611309263992,6
R1077T,R-frontal,1525.0,0.021420077789042365,6
R1077T,R-frontal,1575.0,0.0019695692670562218,6
R1077T,R-occipital,25.0,-0.02560793292897479,3
R1077T,R-occipital,75.0,0.02573714423694952,3
R1077T,R-occipital,125.0,0.5618331119062953,3
R1077T,R-occipital,175.0,0.37146441068691854,3
R1077T,R-occipital,225.0,0.42839413393339276,3
R1077T,R-occipital,275.0,0.3365055194431487,3
R1077T,R-occipital,325.0,0.2616380937012631,3
R1077T,R-occipital,375.0,0.3121457950636914,3
R1077T,R-occipital,425.0,0.14486916894820467,3
R1077T,R-occipital,475.0,0.1094550392341455,3
R1077T,R-occipital,525.0,0.02024263617022318,3
R1077T,R-occipital,575.0,-0.0744709059076017,3
R1077T,R-occipital,625.0,-0.08719872271786949,3
R1077T,R-occipital,675.0,0.040299916703157024,3
R1077T,R-occipital,725.0,0.11656929082433724,3
R1077T,R-occipital,775.0,0.1862737373052393,3
R1077T,R-occipital,825.0,0.12527666862866915,3
R1077T,R-occipital,875.0,0.22782520521037744,3
R1077T,R-occipital,925.0,0.2341650436866881,3
R1077T,R-occipital,975.0,0.1572550573756692,3
R1077T,R-occipital,1025.0,0.20592700867442418,3
R1077T,R-occipital,1075.0,0.21376455312368417,3
R1077T,R-occipital,1125.0,0.16959423578374433,3
R1077T,R-occipital,1175.0,0.15371924335816867,3
R1077T,R-occipital,1225.0,0.12460561048725777,3
R1077T,R-occipital,1275.0,0.15398233498908123,3
R1077T,R-occipital,1325.0,0.18986617577672382,3
R1077T,R-occipital,1375.0,0.10287899506271518,3
R1077T,R-occipital,1425.0,0.08463836233265036,3
R1077T,R-occipital,1475.0,0.07380269029345715,3
R1077T,R-occipital,1525.0,0.04196700143152938,3
R1077T,R-occipital,1575.0,0.06205013165992405,3
R1077T,R-parietal,25.0,-0.0449286902411852,5
R1077T,R-parietal,75.0,-0.007754820379253772,5
R1077T,R-parietal,125.0,-0.002149284993977782,5
R1077T,R-parietal,175.0,-0.008197759283692905,5
R1077T,R-parietal,225.0,0.021439203505970273,5
R1077T,R-parietal,275.0,-0.062246750983264175,5
R1077T,R-parietal,325.0,-0.040658412539464735,5
R1077T,R-parietal,375.0,-0.037608861896383086,5
R1077T,R-parietal,425.0,-0.01654207399128808,5
R1077T,R-parietal,475.0,-0.08300126818652029,5
R1077T,R-parietal,525.0,-0.11856930715060003,5
R1077T,R-parietal,575.0,-0.14719030808176353,5
R1077T,R-parietal,625.0,-0.12891733577069076,5
R1077T,R-parietal,675.0,-0.04868990407112317,5
R1077T,R-parietal,725.0,-0.07086227073174092,5
R1077T,R-parietal,775.0,-0.031136731010657732,5
R1077T,R-parietal,825.0,-0.055558069237828356,5
R1077T,R-parietal,875.0,0.02191177368844309,5
R1077T,R-parietal,925.0,-0.02422556258316415,5
R1077T,R-parietal,975.0,-0.051938673277645085,5
R1077T,R-parietal,1025.0,-0.012303103247833002,5
R1077T,R-parietal,1075.0,-0.020884381490851218,5
R1077T,R-parietal,1125.0,-0.004361872452775986,5
R1077T,R-parietal,1175.0,-0.005389886898568223,5
R1077T,R-parietal,1225.0,0.023238702486008046,5
R1077T,R-parietal,1275.0,0.0004754061637336895,5
R1077T,R-parietal,1325.0,0.03020896747213165,5
R1077T,R-parietal,1375.0,-0.0006104500315552347,5
R1077T,R-parietal,1425.0,0.03268825392346085,5
R1077T,R-parietal,1475.0,0.01660694925754686,5
R1077T,R-parietal,1525.0,-0.009415766291206358,5
R1077T,R-parietal,1575.0,0.02695709960288436,5
R1077T,R-temporal,25.0,-0.042350749543383324,24
R1077T,R-temporal,75.0,-0.013359684883530452,24
R1077T,R-temporal,125.0,-0.012239657749944793,24
R1077T,R-temporal,175.0,0.06478040393406516,24
R1077T,R-temporal,225.0,0.08080448357171323,24
R1077T,R-temporal,275.0,0.08972809380517538,24
R1077T,R-temporal,325.0,0.049694260594408686,24
R1077T,R-temporal,375.0,0.06434008243393405,24
R1077T,R-temporal,425.0,0.08170853339778146,24
R1077T,R-temporal,475.0,0.09751321046671774,24
R1077T,R-temporal,525.0,0.07144249142363118,24
R1077T,R-temporal,575.0,0.055199229706743826,24
R1077T,R-temporal,625.0,0.00893107667934964,24
R1077T,R-temporal,675.0,0.049859479930330707,24
R1077T,R-temporal,725.0,0.08337762732461922,24
R1077T,R-temporal,775.0,0.06148728218382666,24
R1077T,R-temporal,825.0,0.02218399775088602,24
R1077T,R-temporal,875.0,0.050248193566855115,24
R1077T,R-temporal,925.0,0.03394467975892875,24
R1077T,R-temporal,975.0,0.031843398177520896,24
R1077T,R-temporal,1025.0,0.018434018897547116,24
R1077T,R-temporal,1075.0,0.028029090292077924,24
R1077T,R-temporal,1125.0,0.04829919509475897,24
R1077T,R-temporal,1175.0,0.019551451936110305,24
R1077T,R-temporal,1225.0,0.023515476890740312,24
R1077T,R-temporal,1275.0,-0.0025030214890669404,24
R1077T,R-temporal,1325.0,-0.009590632541435466,24
R1077T,R-temporal,1375.0,0.017247517668653657,24
R1077T,R-temporal,1425.0,0.0030162380994903635,24
R1077T,R-temporal,1475.0,0.01427391689095303,24
R1077T,R-temporal,1525.0,0.011953331390151712,24
R1077T,R-temporal,1575.0,0.01806541058435417,24
R1084T,L-frontal,25.0,-0.009716332082890035,46
R1084T,L-frontal,75.0,0.01507655020043213,46
R1084T,L-frontal,125.0,0.0075053071867775874,46
R1084T,L-frontal,175.0,-0.01653601943808645,46
R1084T,L-frontal,225.0,-0.01845533647561169,46
R1084T,L-frontal,275.0,-0.008926574648456715,46
R1084T,L-frontal,325.0,-0.03691109012760324,46
R1084T,L-frontal,375.0,-0.04620574331546965,46
R1084T,L-frontal,425.0,-0.05820623279936448,46
R1084T,L-frontal,475.0,-0.06794186367504321,46
R1084T,L-frontal,525.0,-0.06623466116226476,46
R1084T,L-frontal,575.0,-0.052904255949742546,46
R1084T,L-frontal,625.0,-0.058410483378771916,46
R1084T,L-frontal,675.0,-0.03488676781061288,46
R1084T,L-frontal,725.0,-0.04056009097401836,46
R1084T,L-frontal,775.0,-0.04238107390127389,46
R1084T,L-frontal,825.0,-0.02051273774702573,46
R1084T,L-frontal,875.0,-0.0540522741578867,46
R1084T,L-frontal,925.0,-0.05247408681507814,46
R1084T,L-frontal,975.0,-0.025926573688091304,46
R1084T,L-frontal,1025.0,-0.005568065590125024,46
R1084T,L-frontal,1075.0,-0.017448070826781143,46
R1084T,L-frontal,1125.0,-0.0115033132699311,46
R1084T,L-frontal,1175.0,0.0038833354963271898,46
R1084T,L-frontal,1225.0,0.0038284190311953714,46
R1084T,L-frontal,1275.0,-0.0015747426875351393,46
R1084T,L-frontal,1325.0,0.017643667022063634,46
R1084T,L-frontal,1375.0,0.005034721568320854,46
R1084T,L-frontal,1425.0,-0.0014904850558735048,46
R1084T,L-frontal,1475.0,0.013667022529830953,46
R1084T,L-frontal,1525.0,0.0056393644536870775,46
R1084T,L-frontal,1575.0,0.003953501343011791,46
R1084T,L-parietal,25.0,-0.026254433954307602,46
R1084T,L-parietal,75.0,-0.008929351763370137,46
R1084T,L-parietal,125.0,-0.023435445835013245,46
R1084T,L-parietal,175.0,-0.04222290094324831,46
R1084T,L-parietal,225.0,-0.03639493771036196,46
R1084T,L-parietal,275.0,-0.017478514224979532,46
R1084T,L-parietal,325.0,-0.03170172170091719,46
R1084T,L-parietal,375.0,-0.08266226218090612,46
R1084T,L-parietal,425.0,-0.07586449447473172,46
R1084T,L-parietal,475.0,-0.026697288175579675,46
R1084T,L-parietal,525.0,-0.049792569125965226,46
R1084T,L-parietal,575.0,-0.06537642198341591,46
R1084T,L-parietal,625.0,-0.05413194128932109,46
R1084T,L-parietal,675.0,-0.05877575323622036,46
R1084T,L-parietal,725.0,-0.03649934405456817,46
R1084T,L-parietal,775.0,-0.06150107988607352,46
R1084T,L-parietal,825.0,-0.05671843291885858,46
R1084T,L-parietal,875.0,-0.041646383052755136,46
R1084T,L-parietal,925.0,-0.04791244078588379,46
R1084T,L-parietal,975.0,-0.05501662044331899,46
R1084T,L-parietal,1025.0,-0.03971168713358709,46
R1084T,L-parietal,1075.0,-0.05326048267495897,46
R1084T,L-parietal,1125.0,-0.045044214428279876,46
R1084T,L-parietal,1175.0,-0.019525836195751257,46
R1084T,L-parietal,1225.0,-0.05002690325099635,46
R1084T,L-parietal,1275.0,-0.03006965703441616,46
R1084T,L-parietal,1325.0,0.005112976747066682,46
R1084T,L-parietal,1375.0,0.0021982078210547305,46
R1084T,L-parietal,1425.0,0.004388106921827846,46
R1084T,L-parietal,1475.0,-0.02481628416242092,46
R1084T,L-parietal,1525.0,-0.02148576880357234,46
R1084T,L-parietal,1575.0,-0.02691944697874161,46
R1089P,L-occipital,25.0,-0.059274676419080054,3
R1089P,L-occipital,75.0,-0.032084198927951835,3
R1089P,L-occipital,125.0,0.32643329742401445,3
R1089P,L-occipital,175.0,0.922473815707288,3
R1089P,L-occipital,225.0,0.9090056297941422,3
R1089P,L-occipital,275.0,0.8307532330692903,3
R1089P,L-occipital,325.0,0.723197349496511,3
R1089P,L-occipital,375.0,0.6566200553542824,3
R1089P,L-occipital,425.0,0.5313768010469858,3
R1089P,L-occipital,475.0,0.4783069693119603,3
R1089P,L-occipital,525.0,0.4482444055655952,3
R1089P,L-occipital,575.0,0.2818347044046618,3
R1089P,L-occipital,625.0,0.24423687361674554,3
R1089P,L-occipital,675.0,0.1972097650863768,3
R1089P,L-occipital,725.0,0.1514308167269753,3
R1089P,L-occipital,775.0,0.17132565461185897,3
R1089P,L-occipital,825.0,0.12021753040687853,3
R1089P,L-occipital,875.0,0.13494679299917398,3
R1089P,L-occipital,925.0,0.1044570054602423,3
R1089P,L-occipital,975.0,0.3050613785792005,3
R1089P,L-occipital,1025.0,0.2900973781841869,3
R1089P,L-occipital,1075.0,0.22631381723344854,3
R1089P,L-occipital,1125.0,0.2574498735982928,3
R1089P,L-occipital,1175.0,0.2617545651909025,3
R1089P,L-occipital,1225.0,0.24742329015264175,3
R1089P,L-occipital,1275.0,0.2371766253322253,3
R1089P,L-occipital,1325.0,0.17073159723037454,3
R1089P,L-occipital,1375.0,0.16643464637125485,3
R1089P,L-occipital,1425.0,0.1295079431021826,3
R1089P,L-occipital,1475.0,0.1252681951181693,3
R1089P,L-occipital,1525.0,0.1154664498802981,3
R1089P,L-occipital,1575.0,0.14464773686688967,3
R1089P,L-temporal,25.0,-0.024346253274776217,3
R1089P,L-temporal,75.0,-0.00970542386978309,3
R1089P,L-temporal,125.0,-0.1227845528527544,3
R1089P,L-temporal,175.0,0.016245145130547967,3
R1089P,L-temporal,225.0,0.1134112917349196,3
R1089P,L-temporal,275.0,0.21910925074885848,3
R1089P,L-temporal,325.0,0.2545444039865116,3
R1089P,L-temporal,375.0,0.14925096625731551,3
R1089P,L-temporal,425.0,0.10246956074814333,3
R1089P,L-temporal,475.0,0.1587157816551139,3
R1089P,L-temporal,525.0,0.14624640190407623,3
R1089P,L-temporal,575.0,0.052463357491010144,3
R1089P,L-temporal,625.0,0.0787389778452392,3
R1089P,L-temporal,675.0,0.024418615251358872,3
R1089P,L-temporal,725.0,-0.05038044018433654,3
R1089P,L-temporal,775.0,0.02895038525132898,3
R1089P,L-temporal,825.0,0.04131411665853169,3
R1089P,L-temporal,875.0,-0.02831376977684148,3
R1089P,L-temporal,925.0,-0.044384136398727625,3
R1089P,L-temporal,975.0,-0.008827659838069565,3
R1089P,L-temporal,1025.0,0.08391456781568951,3
R1089P,L-temporal,1075.0,-0.004046518020044888,3
R1089P,L-temporal,1125.0,-0.008801919732317228,3
R1089P,L-temporal,1175.0,0.04172399421319562,3
R1089P,L-temporal,1225.0,0.049362131645558784,3
R1089P,L-temporal,1275.0,0.03743347810259392,3
R1089P,L-temporal,1325.0,-0.008143180032238573,3
R1089P,L-temporal,1375.0,-0.009012001579441391,3
R1089P,L-temporal,1425.0,-0.001283500441897308,3
R1089P,L-temporal,1475.0,-0.027245589576917795,3
R1089P,L-temporal,1525.0,0.02199579381915477,3
R1089P,L-temporal,1575.0,-0.049670268787265076,3
R1089P,R-frontal,25.0,0.012497394434486817,25
R1089P,R-frontal,75.0,0.020184882860948147,25
R1089P,R-frontal,125.0,-0.025474205262391494,25
R1089P,R-frontal,175.0,-0.030734460734656233,25
R1089P,R-frontal,225.0,-0.05175236085499596,25
R1089P,R-frontal,275.0,-0.09724699393205796,25
R1089P,R-frontal,325.0,-0.09706692242282923,25
R1089P,R-frontal,375.0,-0.12155775557350212,25
R1089P,R-frontal,425.0,-0.12047923019802552,25
R1089P,R-frontal,475.0,-0.08729641268383466,25
R1089P,R-frontal,525.0,-0.08571341088795935,25
R1089P,R-frontal,575.0,-0.09209255199936422,25
R1089P,R-frontal,625.0,-0.05570330072575433,25
R1089P,R-frontal,675.0,-0.04196162981904254,25
R1089P,R-frontal,725.0,-0.027250887142168324,25
R1089P,R-frontal,775.0,0.015894593654652508,25
R1089P,R-frontal,825.0,0.04251549984750049,25
R1089P,R-frontal,875.0,0.05457000727859782,25
R1089P,R-frontal,925.0,0.05473395448570801,25
R1089P,R-frontal,975.0,0.0491554386612438,25
R1089P,R-frontal,1025.0,0.02542208386226275,25
R1089P,R-frontal,1075.0,0.03318046647759889,25
R1089P,R-frontal,1125.0,0.028867647046172586,25
R1089P,R-frontal,1175.0,0.04416398024722375,25
R1089P,R-frontal,1225.0,0.020246513003772622,25
R1089P,R-frontal,1275.0,0.05858083424608369,25
R1089P,R-frontal,1325.0,0.03330243633772333,25
R1089P,R-frontal,1375.0,-0.02440788868361514,25
R1089P,R-frontal,1425.0,0.01317241270058084,25
R1089P,R-frontal,1475.0,0.002429567655546725,25
R1089P,R-frontal,1525.0,0.004067261726349275,25
R1089P,R-frontal,1575.0,0.014981048998316553,25
R1089P,R-occipital,25.0,0.03707432288853584,5
R1089P,R-occipital,75.0,0.06101774970770785,5
R1089P,R-occipital,125.0,0.5808211579395357,5
R1089P,R-occipital,175.0,0.6739553005099241,5
R1089P,R-occipital,225.0,0.49869846668972284,5
R1089P,R-occipital,275.0,0.41513782384533754,5
R1089P,R-occipital,325.0,0.35064341386385534,5
R1089P,R-occipital,375.0,0.32364602680282495,5
R1089P,R-occipital,425.0,0.2797158273129262,5
R1089P,R-occipital,475.0,0.17089502959800035,5
R1089P,R-occipital,525.0,0.19055134322482756,5
R1089P,R-occipital,575.0,0.20893274370288384,5
R1089P,R-occipital,625.0,0.15905566333833895,5
R1089P,R-occipital,675.0,0.13680591312900114,5
R1089P,R-occipital,725.0,0.07437011245080324,5
R1089P,R-occipital,775.0,0.044668510328789074,5
R1089P,R-occipital,825.0,0.06805295475410444,5
R1089P,R-occipital,875.0,0.020079300223416897,5
R1089P,R-occipital,925.0,-0.020340803542946415,5
R1089P,R-occipital,975.0,0.02057603165593436,5
R1089P,R-occipital,1025.0,0.01332444206905043,5
R1089P,R-occipital,1075.0,0.0009750634287720384,5
R1089P,R-occipital,1125.0,-0.036528326203188355,5
R1089P,R-occipital,1175.0,-0.021513387831831998,5
R1089P,R-occipital,1225.0,0.060348606067701024,5
R1089P,R-occipital,1275.0,0.056144743912791825,5
R1089P,R-occipital,1325.0,0.04598725043192674,5
R1089P,R-occipital,1375.0,0.017859078992989434,5
R1089P,R-occipital,1425.0,0.06904632726413783,5
R1089P,R-occipital,1475.0,0.04455896290010236,5
R1089P,R-occipital,1525.0,0.003350308274455818,5
R1089P,R-occipital,1575.0,0.04666300839799559,5
R1089P,R-parietal,25.0,-0.009493831785707492,26
R1089P,R-parietal,75.0,0.011197907751211473,26
R1089P,R-parietal,125.0,-0.038610745665680686,26
R1089P,R-parietal,175.0,-0.05020129075318734,26
R1089P,R-parietal,225.0,-0.08331197813419894,26
R1089P,R-parietal,275.0,-0.10514493063928464,26
R1089P,R-parietal,325.0,-0.09271298949377962,26
R1089P,R-parietal,375.0,-0.07196835622827348,26
R1089P,R-parietal,425.0,-0.048891228788997806,26
R1089P,R-parietal,475.0,-0.036159908186771325,26
R1089P,R-parietal,525.0,-0.039687780891568096,26
R1089P,R-parietal,575.0,-0.012420349644706796,26
R1089P,R-parietal,625.0,0.014390183209770407,26
R1089P,R-parietal,675.0,-0.012177045233165977,26
R1089P,R-parietal,725.0,0.008688640131531266,26
R1089P,R-parietal,775.0,-0.01448034235336772,26
R1089P,R-parietal,825.0,0.01483335034944475,26
R1089P,R-parietal,875.0,-0.009149727211305926,26
R1089P,R-parietal,925.0,-0.0035693549634788747,26
R1089P,R-parietal,975.0,-0.01403235512635579,26
R1089P,R-parietal,1025.0,0.03253229139546985,26
R1089P,R-parietal,1075.0,0.024761662428314592,26
R1089P,R-parietal,1125.0,0.01667309825508281,26
R1089P,R-parietal,1175.0,0.0438273911651776,26
R1089P,R-parietal,1225.0,0.02772615293061029,26
R1089P,R-parietal,1275.0,0.027970483402402154,26
R1089P,R-parietal,1325.0,0.030561942784415593,26
R1089P,R-parietal,1375.0,0.020072084587519197,26
R1089P,R-parietal,1425.0,0.005579500769534616,26
R1089P,R-parietal,1475.0,0.025498189857585746,26
R1089P,R-parietal,1525.0,0.010867409127598994,26
R1089P,R-parietal,1575.0,0.032752344813316694,26
R1089P,R-temporal,25.0,0.0030283808630123294,32
R1089P,R-temporal,75.0,-0.026796037313579987,32
R1089P,R-temporal,125.0,-0.06016653353061117,32
R1089P,R-temporal,175.0,-0.06105969181479926,32
R1089P,R-temporal,225.0,-0.05662506881885032,32
R1089P,R-temporal,275.0,-0.054320474572290285,32
R1089P,R-temporal,325.0,-0.0017782560060565292,32
R1089P,R-temporal,375.0,-0.009980931042932455,32
R1089P,R-temporal,425.0,-0.05232851190435679,32
R1089P,R-temporal,475.0,-0.032740794500685275,32
R1089P,R-temporal,525.0,-0.020655396567996497,32
R1089P,R-temporal,575.0,-0.02599809084576566,32
R1089P,R-temporal,625.0,-0.0114710272843963,32
R1089P,R-temporal,675.0,-0.025075947857135794,32
R1089P,R-temporal,725.0,0.003125677722834121,32
R1089P,R-temporal,775.0,0.0009422564047714519,32
R1089P,R-temporal,825.0,-0.010441368660732302,32
R1089P,R-temporal,875.0,0.008004028125441839,32
R1089P,R-temporal,925.0,-0.0344076025325215,32
R1089P,R-temporal,975.0,-0.016226730781233517,32
R1089P,R-temporal,1025.0,-0.001776062217902272,32
R1089P,R-temporal,1075.0,-0.019719489299071673,32
R1089P,R-temporal,1125.0,0.004201003079477309,32
R1089P,R-temporal,1175.0,0.029192654088820554,32
R1089P,R-temporal,1225.0,0.019392308341579272,32
R1089P,R-temporal,1275.0,-0.01976801847027296,32
R1089P,R-temporal,1325.0,-0.04705574138333719,32
R1089P,R-temporal,1375.0,-0.04630062658845018,32
R1089P,R-temporal,1425.0,0.002128404062521794,32
R1089P,R-temporal,1475.0,-0.01738134227314975,32
R1089P,R-temporal,1525.0,0.00026770993888771246,32
R1089P,R-temporal,1575.0,-0.015921760288294885,32
R1092J,L-frontal,25.0,-0.07574372280647296,3
R1092J,L-frontal,75.0,-0.0539984345474252,3
R1092J,L-frontal,125.0,-0.05496086903191804,3
R1092J,L-frontal,175.0,0.05990822602900628,3
R1092J,L-frontal,225.0,0.029962663442012497,3
R1092J,L-frontal,275.0,-0.0260173098767964,3
R1092J,L-frontal,325.0,0.028195384327913558,3
R1092J,L-frontal,375.0,0.04623027670309727,3
R1092J,L-frontal,425.0,0.0431828381176629,3
R1092J,L-frontal,475.0,0.03797439937778346,3
R1092J,L-frontal,525.0,0.005619741490921461,3
R1092J,L-frontal,575.0,0.024522379528134904,3
R1092J,L-frontal,625.0,0.01238167815985255,3
R1092J,L-frontal,675.0,0.04735697343025893,3
R1092J,L-frontal,725.0,0.047269514935386246,3
R1092J,L-frontal,775.0,0.04912778693506679,3
R1092J,L-frontal,825.0,-0.016317486361935894,3
R1092J,L-frontal,875.0,-0.013004388629264197,3
R1092J,L-frontal,925.0,-0.03173560669606392,3
R1092J,L-frontal,975.0,-0.002489504401284775,3
R1092J,L-frontal,1025.0,0.006714164891507865,3
R1092J,L-frontal,1075.0,-0.04011385684594734,3
R1092J,L-frontal,1125.0,0.013809399486422243,3
R1092J,L-frontal,1175.0,0.021112399427356418,3
R1092J,L-frontal,1225.0,0.019873637773998493,3
R1092J,L-frontal,1275.0,-0.003484664353232926,3
R1092J,L-frontal,1325.0,-0.016948209669281806,3
R1092J,L-frontal,1375.0,-0.00976892190332776,3
R1092J,L-frontal,1425.0,-0.026027368782310392,3
R1092J,L-frontal,1475.0,-0.008156903068145222,3
R1092J,L-frontal,1525.0,-0.025926035445988354,3
R1092J,L-frontal,1575.0,-0.09148814659080522,3
R1092J,L-temporal,25.0,-0.020434748776583387,4
R1092J,L-temporal,75.0,-0.028860215598483764,4
R1092J,L-temporal,125.0,-0.02385112961203537,4
R1092J,L-temporal,175.0,0.04398019798809813,4
R1092J,L-temporal,225.0,0.04773662224658614,4
R1092J,L-temporal,275.0,0.01778133567540252,4
R1092J,L-temporal,325.0,0.0321782322883407,4
R1092J,L-temporal,375.0,0.021375547496715767,4
R1092J,L-temporal,425.0,-0.028532245212118078,4
R1092J,L-temporal,475.0,0.018675942352197144,4
R1092J,L-temporal,525.0,0.037310936796360675,4
R1092J,L-temporal,575.0,0.08957467628064947,4
R1092J,L-temporal,625.0,0.0744069054828817,4
R1092J,L-temporal,675.0,0.00012696517555221744,4
R1092J,L-temporal,725.0,0.01624385088145584,4
R1092J,L-temporal,775.0,0.0435888184417777,4
R1092J,L-temporal,825.0,0.04555281484160721,4
R1092J,L-temporal,875.0,0.04140893094965818,4
R1092J,L-temporal,925.0,-0.0028368405028081287,4
R1092J,L-temporal,975.0,-0.007505474124349728,4
R1092J,L-temporal,1025.0,0.04540010200233972,4
R1092J,L-temporal,1075.0,0.028294964451844297,4
R1092J,L-temporal,1125.0,0.057785265924695524,4
R1092J,L-temporal,1175.0,-0.004508282309842784,4
R1092J,L-temporal,1225.0,-0.008681859248990731,4
R1092J,L-temporal,1275.0,0.039214420148196205,4
R1092J,L-temporal,1325.0,-0.02170459417546809,4
R1092J,L-temporal,1375.0,0.00843620990081979,4
R1092J,L-temporal,1425.0,-0.013203539449934812,4
R1092J,L-temporal,1475.0,-0.04893240835651744,4
R1092J,L-temporal,1525.0,-0.004763830675712908,4
R1092J,L-temporal,1575.0,-0.034010248641871556,4
R1092J,R-frontal,25.0,-0.06234285258628058,3
R1092J,R-frontal,75.0,-0.09302073717870364,3
R1092J,R-frontal,125.0,-0.05772144839365075,3
R1092J,R-frontal,175.0,0.09560443439676534,3
R1092J,R-frontal,225.0,0.04114282464960747,3
R1092J,R-frontal,275.0,-0.02308206617840582,3
R1092J,R-frontal,325.0,0.017538729730635024,3
R1092J,R-frontal,375.0,0.011658537519725294,3
R1092J,R-frontal,425.0,0.029740354924772644,3
R1092J,R-frontal,475.0,-0.025090191478984215,3
R1092J,R-frontal,525.0,0.050157007421821304,3
R1092J,R-frontal,575.0,0.042838692857395555,3
R1092J,R-frontal,625.0,-0.037023152434574665,3
R1092J,R-frontal,675.0,-0.061141561075047444,3
R1092J,R-frontal,725.0,-0.026081060301361415,3
R1092J,R-frontal,775.0,-0.02875767414988577,3
R1092J,R-frontal,825.0,-0.013759870380560224,3
R1092J,R-frontal,875.0,-0.04163724954300787,3
R1092J,R-frontal,925.0,-0.06066783442887213,3
R1092J,R-frontal,975.0,-0.04471180403224498,3
R1092J,R-frontal,1025.0,-0.0423016867641501,3
R1092J,R-frontal,1075.0,-0.04126155360035814,3
R1092J,R-frontal,1125.0,-0.00016746083230990047,3
R1092J,R-frontal,1175.0,0.016806937792383122,3
R1092J,R-frontal,1225.0,-0.06308998323851556,3
R1092J,R-frontal,1275.0,-0.0006328879114980828,3
R1092J,R-frontal,1325.0,-0.04271167835428862,3
R1092J,R-frontal,1375.0,-0.014679823637213811,3
R1092J,R-frontal,1425.0,-0.02365132563316182,3
R1092J,R-frontal,1475.0,-0.0688344408734438,3
R1092J,R-frontal,1525.0,0.0009071874741436748,3
R1092J,R-frontal,1575.0,-0.07149623374127806,3
R1092J,R-temporal,25.0,-0.05159762594419051,8
R1092J,R-temporal,75.0,-0.05692456336679683,8
R1092J,R-temporal,125.0,-0.03726755974684464,8
R1092J,R-temporal,175.0,0.027705204779584457,8
R1092J,R-temporal,225.0,-0.013176281934842245,8
R1092J,R-temporal,275.0,-0.011030865606308097,8
R1092J,R-temporal,325.0,-0.016741367608430327,8
R1092J,R-temporal,375.0,-0.03088332828741676,8
R1092J,R-temporal,425.0,-0.03225513405222401,8
R1092J,R-temporal,475.0,-0.01059865594738545,8
R1092J,R-temporal,525.0,-0.020766586608256567,8
R1092J,R-temporal,575.0,-0.010905033192053947,8
R1092J,R-temporal,625.0,-0.0049487594520323435,8
R1092J,R-temporal,675.0,-0.0034416512085452726,8
R1092J,R-temporal,725.0,-0.00231446966681465,8
R1092J,R-temporal,775.0,0.018472929336184548,8
R1092J,R-temporal,825.0,-0.022141764242396087,8
R1092J,R-temporal,875.0,-0.05505209573479995,8
R1092J,R-temporal,925.0,-0.058815151719937966,8
R1092J,R-temporal,975.0,-0.04962055103849206,8
R1092J,R-temporal,1025.0,-0.012480417910734985,8
R1092J,R-temporal,1075.0,-0.03511735392461838,8
R1092J,R-temporal,1125.0,0.018219507544606148,8
R1092J,R-temporal,1175.0,0.0035972375863838196,8
R1092J,R-temporal,1225.0,-0.025848159514196126,8
R1092J,R-temporal,1275.0,-0.01336096882242083,8
R1092J,R-temporal,1325.0,-0.009520999510437032,8
R1092J,R-temporal,1375.0,-0.008744282218456864,8
R1092J,R-temporal,1425.0,-0.014608169424155113,8
R1092J,R-temporal,1475.0,-0.018494367656052044,8
R1092J,R-temporal,1525.0,-0.01624158242162459,8
R1092J,R-temporal,1575.0,-0.04329309375058989,8
R1094T,L-frontal,25.0,-0.06808762104907941,4
R1094T,L-frontal,75.0,-0.07387254907350993,4
R1094T,L-frontal,125.0,-0.04741694955822285,4
R1094T,L-frontal,175.0,-0.015411554172241333,4
R1094T,L-frontal,225.0,-0.10421848287247758,4
R1094T,L-frontal,275.0,-0.19558821850998542,4
R1094T,L-frontal,325.0,-0.19388450505338756,4
R1094T,L-frontal,375.0,-0.06480646335234941,4
R1094T,L-frontal,425.0,-0.05364870824430447,4
R1094T,L-frontal,475.0,-0.003121737765592032,4
R1094T,L-frontal,525.0,0.020554031548952918,4
R1094T,L-frontal,575.0,0.08778813997899772,4
R1094T,L-frontal,625.0,0.08944183743283886,4
R1094T,L-frontal,675.0,0.08076551904734104,4
R1094T,L-frontal,725.0,0.10724101423313022,4
R1094T,L-frontal,775.0,0.11252254278522153,4
R1094T,L-frontal,825.0,0.10903094402325351,4
R1094T,L-frontal,875.0,0.08840648434149723,4
R1094T,L-frontal,925.0,0.11156032116293038,4
R1094T,L-frontal,975.0,0.1286527488083669,4
R1094T,L-frontal,1025.0,0.08043542851079621,4
R1094T,L-frontal,1075.0,0.05364879106521617,4
R1094T,L-frontal,1125.0,0.06312816255064949,4
R1094T,L-frontal,1175.0,0.09640862273437059,4
R1094T,L-frontal,1225.0,0.026974275722818873,4
R1094T,L-frontal,1275.0,0.04387870119521085,4
R1094T,L-frontal,1325.0,0.0350710009848198,4
R1094T,L-frontal,1375.0,0.0483881727790023,4
R1094T,L-frontal,1425.0,0.09148734204650298,4
R1094T,L-frontal,1475.0,0.0919908957233299,4
R1094T,L-frontal,1525.0,0.09822102003793663,4
R1094T,L-frontal,1575.0,0.060441291037377755,4
R1094T,L-occipital,25.0,0.2725755833863473,6
R1094T,L-occipital,75.0,0.6009957491630078,6
R1094T,L-occipital,125.0,1.5977422474062655,6
R1094T,L-occipital,175.0,1.2869679896447264,6
R1094T,L-occipital,225.0,1.2231819952644505,6
R1094T,L-occipital,275.0,1.2216431615172827,6
R1094T,L-occipital,325.0,1.2689524402183279,6
R1094T,L-occipital,375.0,1.2458467765850285,6
R1094T,L-occipital,425.0,1.148238325291687,6
R1094T,L-occipital,475.0,1.0685315818051064,6
R1094T,L-occipital,525.0,0.9471271181339503,6
R1094T,L-occipital,575.0,0.801817613289574,6
R1094T,L-occipital,625.0,0.7094334902493521,6
R1094T,L-occipital,675.0,0.6108177677492252,6
R1094T,L-occipital,725.0,0.556973741744385,6
R1094T,L-occipital,775.0,0.5146639626702284,6
R1094T,L-occipital,825.0,0.4594644323111936,6
R1094T,L-occipital,875.0,0.478959671055086,6
R1094T,L-occipital,925.0,0.4730552275165241,6
R1094T,L-occipital,975.0,0.4506673000198724,6
R1094T,L-occipital,1025.0,0.4245495179474909,6
R1094T,L-occipital,1075.0,0.43928520806837584,6
R1094T,L-occipital,1125.0,0.4236819774430333,6
R1094T,L-occipital,1175.0,0.45172328579400994,6
R1094T,L-occipital,1225.0,0.48503180017575825,6
R1094T,L-occipital,1275.0,0.45385497247285017,6
R1094T,L-occipital,1325.0,0.4824113701298283,6
R1094T,L-occipital,1375.0,0.440969686455232,6
R1094T,L-occipital,1425.0,0.4783002020308788,6
R1094T,L-occipital,1475.0,0.48577141239321797,6
R1094T,L-occipital,1525.0,0.48293361464795576,6
R1094T,L-occipital,1575.0,0.45684736007806404,6
R1094T,L-parietal,25.0,-0.007378388709907947,13
R1094T,L-parietal,75.0,0.00951184460927107,13
R1094T,L-parietal,125.0,0.04363138321998397,13
R1094T,L-parietal,175.0,0.04011393464878822,13
R1094T,L-parietal,225.0,-0.035574362970540604,13
R1094T,L-parietal,275.0,-0.012333177446131176,13
R1094T,L-parietal,325.0,-0.017838973902020664,13
R1094T,L-parietal,375.0,-0.01317382685303074,13
R1094T,L-parietal,425.0,-0.023770958140201023,13
R1094T,L-parietal,475.0,0.0052790016666860225,13
R1094T,L-parietal,525.0,-0.030404507954441527,13
R1094T,L-parietal,575.0,-0.0352107640066016,13
R1094T,L-parietal,625.0,-0.018491927596583788,13
R1094T,L-parietal,675.0,-0.03587272958305898,13
R1094T,L-parietal,725.0,0.010925399606240813,13
R1094T,L-parietal,775.0,0.016812665625140243,13
R1094T,L-parietal,825.0,0.0289187323914405,13
R1094T,L-parietal,875.0,0.018625284976643678,13
R1094T,L-parietal,925.0,0.03427308667090152,13
R1094T,L-parietal,975.0,0.04934202045974788,13
R1094T,L-parietal,1025.0,0.02289835291284109,13
R1094T,L-parietal,1075.0,0.005003605125207749,13
R1094T,L-parietal,1125.0,0.03199810850218847,13
R1094T,L-parietal,1175.0,0.016672252038405763,13
R1094T,L-parietal,1225.0,0.02440382699979547,13
R1094T,L-parietal,1275.0,0.022178785435440215,13
R1094T,L-parietal,1325.0,0.004719317235633353,13
R1094T,L-parietal,1375.0,0.021960245760927696,13
R1094T,L-parietal,1425.0,0.03322935971588795,13
R1094T,L-parietal,1475.0,0.04025704995846851,13
R1094T,L-parietal,1525.0,0.03820971458852443,13
R1094T,L-parietal,1575.0,0.03600888519138852,13
R1094T,L-temporal,25.0,0.02501184713399223,20
R1094T,L-temporal,75.0,0.03537512442618188,20
R1094T,L-temporal,125.0,0.049112712359159275,20
R1094T,L-temporal,175.0,0.07152940119432473,20
R1094T,L-temporal,225.0,0.07272103734014765,20
R1094T,L-temporal,275.0,0.10234740540559983,20
R1094T,L-temporal,325.0,0.0883021793109745,20
R1094T,L-temporal,375.0,0.11103250049035399,20
R1094T,L-temporal,425.0,0.09533020766106057,20
R1094T,L-temporal,475.0,0.0599829308099946,20
R1094T,L-temporal,525.0,0.02655678850844929,20
R1094T,L-temporal,575.0,-0.022375552383105,20
R1094T,L-temporal,625.0,-0.0179356888988896,20
R1094T,L-temporal,675.0,-0.03304250334689511,20
R1094T,L-temporal,725.0,-0.05012889759409619,20
R1094T,L-temporal,775.0,-0.030598630035700382,20
R1094T,L-temporal,825.0,-0.044130495743723644,20
R1094T,L-temporal,875.0,-0.040465874004838955,20
R1094T,L-temporal,925.0,-0.013158371983846983,20
R1094T,L-temporal,975.0,-0.011513941961824417,20
R1094T,L-temporal,1025.0,-0.011314874798628197,20
R1094T,L-temporal,1075.0,-0.0020607882481490382,20
R1094T,L-temporal,1125.0,0.004733865212154615,20
R1094T,L-temporal,1175.0,-0.007289474021906969,20
R1094T,L-temporal,1225.0,-0.020271733839488403,20
R1094T,L-temporal,1275.0,0.008535049645774371,20
R1094T,L-temporal,1325.0,-0.00826446132686038,20
R1094T,L-temporal,1375.0,0.007221897370214142,20
R1094T,L-temporal,1425.0,0.019126693387616262,20
R1094T,L-temporal,1475.0,0.03794808806427581,20
R1094T,L-temporal,1525.0,0.020599437068802566,20
R1094T,L-temporal,1575.0,-0.001853863788801312,20
R1094T,R-temporal,25.0,-0.005277671990870054,3
R1094T,R-temporal,75.0,0.036938422286038795,3
R1094T,R-temporal,125.0,0.059986534803396475,3
R1094T,R-temporal,175.0,-0.012628574095837813,3
R1094T,R-temporal,225.0,-0.0016250599099320783,3
R1094T,R-temporal,275.0,-0.011116777618046728,3
R1094T,R-temporal,325.0,-0.02005078027669339,3
R1094T,R-temporal,375.0,0.02346523563441297,3
R1094T,R-temporal,425.0,-0.09088224866707185,3
R1094T,R-temporal,475.0,-0.1472785847209945,3
R1094T,R-temporal,525.0,-0.10564756098874341,3
R1094T,R-temporal,575.0,-0.1475979653886497,3
R1094T,R-temporal,625.0,-0.19574165420350664,3
R1094T,R-temporal,675.0,-0.19164157917059732,3
R1094T,R-temporal,725.0,-0.18498595516347857,3
R1094T,R-temporal,775.0,-0.07248798087386733,3
R1094T,R-temporal,825.0,-0.10696701828751048,3
R1094T,R-temporal,875.0,-0.1034126310508073,3
R1094T,R-temporal,925.0,-0.04041413946781655,3
R1094T,R-temporal,975.0,-0.08059154328506256,3
R1094T,R-temporal,1025.0,-0.06756664075358489,3
R1094T,R-temporal,1075.0,-0.06200807917848002,3
R1094T,R-temporal,1125.0,-0.0166188640862792,3
R1094T,R-temporal,1175.0,-0.03539977131886906,3
R1094T,R-temporal,1225.0,0.006122960584414096,3
R1094T,R-temporal,1275.0,-0.004827856985606131,3
R1094T,R-temporal,1325.0,0.040967353622379306,3
R1094T,R-temporal,1375.0,0.026087342789801512,3
R1094T,R-temporal,1425.0,0.0390158384241669,3
R1094T,R-temporal,1475.0,0.03012139227831076,3
R1094T,R-temporal,1525.0,0.049816149798635516,3
R1094T,R-temporal,1575.0,0.030204704109705983,3
R1096E,L-temporal,25.0,0.03822889200862621,4
R1096E,L-temporal,75.0,-0.000496053706964622,4
R1096E,L-temporal,125.0,0.06909142486538328,4
R1096E,L-temporal,175.0,0.054612578076818186,4
R1096E,L-temporal,225.0,0.02611470951609813,4
R1096E,L-temporal,275.0,-0.0019497545906574263,4
R1096E,L-temporal,325.0,0.04004634951766553,4
R1096E,L-temporal,375.0,-0.05431043490929271,4
R1096E,L-temporal,425.0,0.007878447651825864,4
R1096E,L-temporal,475.0,0.002081677769548695,4
R1096E,L-temporal,525.0,-0.13488006141807343,4
R1096E,L-temporal,575.0,0.019550159805574757,4
R1096E,L-temporal,625.0,-0.069087386422078,4
R1096E,L-temporal,675.0,-0.15364135094970185,4
R1096E,L-temporal,725.0,-0.07183997146503496,4
R1096E,L-temporal,775.0,-0.12735654275362307,4
R1096E,L-temporal,825.0,-0.07964496187256652,4
R1096E,L-temporal,875.0,-0.11469695093623183,4
R1096E,L-temporal,925.0,-0.011843202638263488,4
R1096E,L-temporal,975.0,-0.08552846212973175,4
R1096E,L-temporal,1025.0,-0.057980036704871535,4
R1096E,L-temporal,1075.0,0.025128115736757675,4
R1096E,L-temporal,1125.0,-0.0387275098940149,4
R1096E,L-temporal,1175.0,-0.07839358716155442,4
R1096E,L-temporal,1225.0,-0.0904391581074972,4
R1096E,L-temporal,1275.0,-0.022465597487122662,4
R1096E,L-temporal,1325.0,-0.007182154597052957,4
R1096E,L-temporal,1375.0,-0.03444929963311189,4
R1096E,L-temporal,1425.0,0.00015270673295939875,4
R1096E,L-temporal,1475.0,-0.014572441179462211,4
R1096E,L-temporal,1525.0,-0.08405517419962112,4
R1096E,L-temporal,1575.0,-0.00713267383409151,4
R1096E,R-frontal,25.0,0.056326224645411906,6
R1096E,R-frontal,75.0,-0.019152921905120728,6
R1096E,R-frontal,125.0,0.015938945969298395,6
R1096E,R-frontal,175.0,0.060383705395814474,6
R1096E,R-frontal,225.0,0.06955630542826866,6
R1096E,R-frontal,275.0,-0.015460131243914883,6
R1096E,R-frontal,325.0,-0.11509536615428324,6
R1096E,R-frontal,375.0,-0.12545678174757183,6
R1096E,R-frontal,425.0,-0.23231097555401017,6
R1096E,R-frontal,475.0,-0.1666392120301543,6
R1096E,R-frontal,525.0,-0.20935559284724672,6
R1096E,R-frontal,575.0,-0.17645154060361576,6
R1096E,R-frontal,625.0,-0.12492863722074787,6
R1096E,R-frontal,675.0,-0.17242197129254988,6
R1096E,R-frontal,725.0,-0.16668703677223085,6
R1096E,R-frontal,775.0,-0.09367924769011686,6
R1096E,R-frontal,825.0,-0.10238396199589539,6
R1096E,R-frontal,875.0,-0.08168378597810454,6
R1096E,R-frontal,925.0,-0.07825864011403898,6
R1096E,R-frontal,975.0,-0.078928758581615,6
R1096E,R-frontal,1025.0,-0.06599499489782168,6
R1096E,R-frontal,1075.0,-0.01399465455352243,6
R1096E,R-frontal,1125.0,-0.03494959467217702,6
R1096E,R-frontal,1175.0,-0.07954958442813721,6
R1096E,R-frontal,1225.0,-0.0819025606115732,6
R1096E,R-frontal,1275.0,0.022978305292701756,6
R1096E,R-frontal,1325.0,0.01187662980706757,6
R1096E,R-frontal,1375.0,-0.02041084931486366,6
R1096E,R-frontal,1425.0,-0.021434190073773163,6
R1096E,R-frontal,1475.0,-0.06423775211732265,6
R1096E,R-frontal,1525.0,-0.02211028875078641,6
R1096E,R-frontal,1575.0,0.009104222429928699,6
R1096E,R-temporal,25.0,-0.010478682437432715,13
R1096E,R-temporal,75.0,-0.005396506829614823,13
R1096E,R-temporal,125.0,-0.02427896729851481,13
R1096E,R-temporal,175.0,-0.005848995291290898,13
R1096E,R-temporal,225.0,0.04722941912431627,13
R1096E,R-temporal,275.0,0.01160880355710915,13
R1096E,R-temporal,325.0,-0.00912011862246621,13
R1096E,R-temporal,375.0,0.0023534640258744623,13
R1096E,R-temporal,425.0,-0.02318769966132457,13
R1096E,R-temporal,475.0,0.000819220409411551,13
R1096E,R-temporal,525.0,-0.042274992396674135,13
R1096E,R-temporal,575.0,-0.02807758805977005,13
R1096E,R-temporal,625.0,-0.021830908373945516,13
R1096E,R-temporal,675.0,-0.06488343638641876,13
R1096E,R-temporal,725.0,-0.07981273205859864,13
R1096E,R-temporal,775.0,-0.06799853896016979,13
R1096E,R-temporal,825.0,-0.05525034432387769,13
R1096E,R-temporal,875.0,-0.06539363688347707,13
R1096E,R-temporal,925.0,-0.04478827910514929,13
R1096E,R-temporal,975.0,-0.051431316193459115,13
R1096E,R-temporal,1025.0,-0.026256462968092958,13
R1096E,R-temporal,1075.0,-0.0210965064123167,13
R1096E,R-temporal,1125.0,0.01368312590812457,13
R1096E,R-temporal,1175.0,0.0009835378989169507,13
R1096E,R-temporal,1225.0,0.008983125905020737,13
R1096E,R-temporal,1275.0,-0.004314482095862101,13
R1096E,R-temporal,1325.0,0.055636489352292366,13
R1096E,R-temporal,1375.0,0.019364507713132514,13
R1096E,R-temporal,1425.0,-0.007042138482659748,13
R1096E,R-temporal,1475.0,0.014773310219836992,13
R1096E,R-temporal,1525.0,-0.026288204085467306,13
R1096E,R-temporal,1575.0,-0.012890837664705975,13
R1098D,L-frontal,25.0,-0.03549213175908571,9
R1098D,L-frontal,75.0,-0.01996643814232514,9
R1098D,L-frontal,125.0,0.014221309713041787,9
R1098D,L-frontal,175.0,0.034875251318991475,9
R1098D,L-frontal,225.0,0.062255301909015216,9
R1098D,L-frontal,275.0,0.05778938257881225,9
R1098D,L-frontal,325.0,0.046392178579117496,9
R1098D,L-frontal,375.0,0.0038435100909240236,9
R1098D,L-frontal,425.0,-0.012649336169194355,9
R1098D,L-frontal,475.0,0.044348532061960995,9
R1098D,L-frontal,525.0,0.03797523636940366,9
R1098D,L-frontal,575.0,0.03392942835987013,9
R1098D,L-frontal,625.0,0.020629788824249096,9
R1098D,L-frontal,675.0,0.029696603723446624,9
R1098D,L-frontal,725.0,0.032991745410921786,9
R1098D,L-frontal,775.0,0.03621805231705441,9
R1098D,L-frontal,825.0,0.04288017120746268,9
R1098D,L-frontal,875.0,0.010786176768894616,9
R1098D,L-frontal,925.0,-0.00969398255532863,9
R1098D,L-frontal,975.0,0.018614180195382794,9
R1098D,L-frontal,1025.0,0.031044764792714032,9
R1098D,L-frontal,1075.0,0.029046254053043428,9
R1098D,L-frontal,1125.0,-0.026649350156519702,9
R1098D,L-frontal,1175.0,0.013692332427357179,9
R1098D,L-frontal,1225.0,0.028057405293915635,9
R1098D,L-frontal,1275.0,0.0382050296717332,9
R1098D,L-frontal,1325.0,-0.007350616157764389,9
R1098D,L-frontal,1375.0,0.004936543065783627,9
R1098D,L-frontal,1425.0,-0.004531948865136388,9
R1098D,L-frontal,1475.0,-0.036476125897482815,9
R1098D,L-frontal,1525.0,-0.022222591809105068,9
R1098D,L-frontal,1575.0,-0.0401256784858708,9
R1098D,R-frontal,25.0,0.0053358970254764595,49
R1098D,R-frontal,75.0,0.023674018439926343,49
R1098D,R-frontal,125.0,0.03562301997614766,49
R1098D,R-frontal,175.0,0.10270725203089336,49
R1098D,R-frontal,225.0,0.09399386709660144,49
R1098D,R-frontal,275.0,0.06839931290664043,49
R1098D,R-frontal,325.0,0.034136687727360004,49
R1098D,R-frontal,375.0,-0.009653081426207657,49
R1098D,R-frontal,425.0,-0.013530440523873886,49
R1098D,R-frontal,475.0,-0.0181229743297769,49
R1098D,R-frontal,525.0,-0.032152703244530935,49
R1098D,R-frontal,575.0,-0.02822229581140354,49
R1098D,R-frontal,625.0,-0.028245076091838767,49
R1098D,R-frontal,675.0,-0.01869799477801303,49
R1098D,R-frontal,725.0,-0.024251503674043533,49
R1098D,R-frontal,775.0,-0.026402853029459755,49
R1098D,R-frontal,825.0,-0.025101160162294463,49
R1098D,R-frontal,875.0,-0.02359455618561896,49
R1098D,R-frontal,925.0,-0.02660070611872434,49
R1098D,R-frontal,975.0,-0.03033470455778703,49
R1098D,R-frontal,1025.0,-0.019987368158833535,49
R1098D,R-frontal,1075.0,-0.005500200498441167,49
R1098D,R-frontal,1125.0,-0.016532593646964116,49
R1098D,R-frontal,1175.0,-0.017561768297068972,49
R1098D,R-frontal,1225.0,-0.017274942706652252,49
R1098D,R-frontal,1275.0,-0.02171495408040833,49
R1098D,R-frontal,1325.0,-0.015741050603658224,49
R1098D,R-frontal,1375.0,-0.02189124353872301,49
R1098D,R-frontal,1425.0,-0.014876989436526806,49
R1098D,R-frontal,1475.0,-0.024143046431916445,49
R1098D,R-frontal,1525.0,-0.022384433460159354,49
R1098D,R-frontal,1575.0,-0.03684464100765726,49
R1101T,L-frontal,25.0,-0.03287332751064786,8
R1101T,L-frontal,75.0,0.04500075893597766,8
R1101T,L-frontal,125.0,0.00812166539171015,8
R1101T,L-frontal,175.0,-0.04174411948924202,8
R1101T,L-frontal,225.0,-0.0280567496430367,8
R1101T,L-frontal,275.0,0.012525470942321485,8
R1101T,L-frontal,325.0,-0.08648004717201095,8
R1101T,L-frontal,375.0,-0.08003426654664945,8
R1101T,L-frontal,425.0,-0.10169327396947336,8
R1101T,L-frontal,475.0,-0.05319627133823993,8
R1101T,L-frontal,525.0,-0.09107691002153695,8
R1101T,L-frontal,575.0,-0.03593942189328772,8
R1101T,L-frontal,625.0,-0.04125672529894499,8
R1101T,L-frontal,675.0,-0.012283665134018906,8
R1101T,L-frontal,725.0,0.018157174271272714,8
R1101T,L-frontal,775.0,0.06736655803213626,8
R1101T,L-frontal,825.0,-0.0024466273879495994,8
R1101T,L-frontal,875.0,0.01752664086060172,8
R1101T,L-frontal,925.0,0.025569499653072352,8
R1101T,L-frontal,975.0,0.012821405986601465,8
R1101T,L-frontal,1025.0,-0.009172420993304141,8
R1101T,L-frontal,1075.0,0.04175071284763593,8
R1101T,L-frontal,1125.0,0.051918911078102245,8
R1101T,L-frontal,1175.0,0.0498684065661978,8
R1101T,L-frontal,1225.0,0.04904774416609831,8
R1101T,L-frontal,1275.0,0.0859943239384256,8
R1101T,L-frontal,1325.0,0.05987275558713431,8
R1101T,L-frontal,1375.0,-0.000732989237976333,8
R1101T,L-frontal,1425.0,0.011016590188706455,8
R1101T,L-frontal,1475.0,0.0069980574022947585,8
R1101T,L-frontal,1525.0,0.023119883967144247,8
R1101T,L-frontal,1575.0,0.007217146538193581,8
R1101T,L-occipital,25.0,-0.1018000525353878,7
R1101T,L-occipital,75.0,-0.005487326088798221,7
R1101T,L-occipital,125.0,0.14581549983394884,7
R1101T,L-occipital,175.0,0.020729811718627495,7
R1101T,L-occipital,225.0,0.1340768593878696,7
R1101T,L-occipital,275.0,0.10746114172813594,7
R1101T,L-occipital,325.0,0.16267446580426026,7
R1101T,L-occipital,375.0,0.28034517302934614,7
R1101T,L-occipital,425.0,0.14827649013436653,7
R1101T,L-occipital,475.0,0.16124945288844167,7
R1101T,L-occipital,525.0,0.12616397843701385,7
R1101T,L-occipital,575.0,0.12210445405903302,7
R1101T,L-occipital,625.0,0.08080877813300824,7
R1101T,L-occipital,675.0,0.09902699784966432,7
R1101T,L-occipital,725.0,0.14843453584904737,7
R1101T,L-occipital,775.0,0.1472378654085927,7
R1101T,L-occipital,825.0,0.14231960464977203,7
R1101T,L-occipital,875.0,0.1652367721071077,7
R1101T,L-occipital,925.0,0.16271078438126477,7
R1101T,L-occipital,975.0,0.1754469717809625,7
R1101T,L-occipital,1025.0,0.21873744445707244,7
R1101T,L-occipital,1075.0,0.1738872382945073,7
R1101T,L-occipital,1125.0,0.2157417729043742,7
R1101T,L-occipital,1175.0,0.23758841479419385,7
R1101T,L-occipital,1225.0,0.23353927113224593,7
R1101T,L-occipital,1275.0,0.20197878948590645,7
R1101T,L-occipital,1325.0,0.2148771670161557,7
R1101T,L-occipital,1375.0,0.17712038708285519,7
R1101T,L-occipital,1425.0,0.17055780484113375,7
R1101T,L-occipital,1475.0,0.19922888929540944,7
R1101T,L-occipital,1525.0,0.2607281091741996,7
R1101T,L-occipital,1575.0,0.1652647949137999,7
R1101T,L-parietal,25.0,-0.03951277787386238,18
R1101T,L-parietal,75.0,0.02729897353415905,18
R1101T,L-parietal,125.0,0.013375187877775495,18
R1101T,L-parietal,175.0,-0.09750235236146193,18
R1101T,L-parietal,225.0,0.01129297127742259,18
R1101T,L-parietal,275.0,-0.011899994630192643,18
R1101T,L-parietal,325.0,-0.018014480488551064,18
R1101T,L-parietal,375.0,-0.0397792993565588,18
R1101T,L-parietal,425.0,-0.007317669754442684,18
R1101T,L-parietal,475.0,0.010760375411915959,18
R1101T,L-parietal,525.0,-0.025641374751183266,18
R1101T,L-parietal,575.0,-0.0057089521012866585,18
R1101T,L-parietal,625.0,-0.006560922958136893,18
R1101T,L-parietal,675.0,0.022350808641274006,18
R1101T,L-parietal,725.0,0.026097108192720084,18
R1101T,L-parietal,775.0,0.03032829399066524,18
R1101T,L-parietal,825.0,-0.014129558205726613,18
R1101T,L-parietal,875.0,0.054163809468193276,18
R1101T,L-parietal,925.0,0.061596317177919455,18
R1101T,L-parietal,975.0,0.08490962417778306,18
R1101T,L-parietal,1025.0,0.07277598349872622,18
R1101T,L-parietal,1075.0,0.05358502332418272,18
R1101T,L-parietal,1125.0,0.11814677190728534,18
R1101T,L-parietal,1175.0,0.10483579409742798,18
R1101T,L-parietal,1225.0,0.09101297295884768,18
R1101T,L-parietal,1275.0,0.07638645208923275,18
R1101T,L-parietal,1325.0,0.07569774789050038,18
R1101T,L-parietal,1375.0,0.051884510114373505,18
R1101T,L-parietal,1425.0,0.03782598760091281,18
R1101T,L-parietal,1475.0,0.10184107807468888,18
R1101T,L-parietal,1525.0,0.04123550062412211,18
R1101T,L-parietal,1575.0,0.004181121923614555,18
R1101T,L-temporal,25.0,-0.03721269832231964,17
R1101T,L-temporal,75.0,-0.05840956408932407,17
R1101T,L-temporal,125.0,-0.054158960156646695,17
R1101T,L-temporal,175.0,-0.10538783331476019,17
R1101T,L-temporal,225.0,-0.04035506097491586,17
R1101T,L-temporal,275.0,0.033385337653547835,17
R1101T,L-temporal,325.0,-0.008172082196790801,17
R1101T,L-temporal,375.0,-0.0510018263068414,17
R1101T,L-temporal,425.0,-0.0423824866844345,17
R1101T,L-temporal,475.0,-0.020400690073643923,17
R1101T,L-temporal,525.0,-0.051778526191357074,17
R1101T,L-temporal,575.0,-0.038304402399930056,17
R1101T,L-temporal,625.0,0.021493640926983484,17
R1101T,L-temporal,675.0,0.05058609261336135,17
R1101T,L-temporal,725.0,0.047842350422777194,17
R1101T,L-temporal,775.0,0.03188055576911875,17
R1101T,L-temporal,825.0,0.04482049380161991,17
R1101T,L-temporal,875.0,0.061965636762612644,17
R1101T,L-temporal,925.0,0.04831545706352997,17
R1101T,L-temporal,975.0,0.05911152858669991,17
R1101T,L-temporal,1025.0,0.06368258383080354,17
R1101T,L-temporal,1075.0,0.03291739698968456,17
R1101T,L-temporal,1125.0,0.0290835037526901,17
R1101T,L-temporal,1175.0,0.08602963771171385,17
R1101T,L-temporal,1225.0,0.005601146154814987,17
R1101T,L-temporal,1275.0,-0.04100871834143763,17
R1101T,L-temporal,1325.0,0.02573482117742914,17
R1101T,L-temporal,1375.0,-0.024301366626198802,17
R1101T,L-temporal,1425.0,-0.016826632777525302,17
R1101T,L-temporal,1475.0,-0.0005024570544593873,17
R1101T,L-temporal,1525.0,-0.022768811526988997,17
R1101T,L-temporal,1575.0,-0.03593483325599177,17
R1102P,L-frontal,25.0,0.04141131181671396,12
R1102P,L-frontal,75.0,-0.01781599668421628,12
R1102P,L-frontal,125.0,-0.00934568488395534,12
R1102P,L-frontal,175.0,0.011038452019778267,12
R1102P,L-frontal,225.0,-0.011231013208679677,12
R1102P,L-frontal,275.0,-0.008863684436859587,12
R1102P,L-frontal,325.0,0.010632769197629862,12
R1102P,L-frontal,375.0,-0.015429313608712811,12
R1102P,L-frontal,425.0,-0.03787528349706986,12
R1102P,L-frontal,475.0,-0.0005835619348920351,12
R1102P,L-frontal,525.0,0.016668458977201955,12
R1102P,L-frontal,575.0,-0.006969754600021157,12
R1102P,L-frontal,625.0,0.027913629394780343,12
R1102P,L-frontal,675.0,0.06992767872005441,12
R1102P,L-frontal,725.0,0.08259048464408038,12
R1102P,L-frontal,775.0,0.055891385081981576,12
R1102P,L-frontal,825.0,0.07477279606475797,12
R1102P,L-frontal,875.0,0.10173486514534615,12
R1102P,L-frontal,925.0,0.11971432823519568,12
R1102P,L-frontal,975.0,0.09653659421373628,12
R1102P,L-frontal,1025.0,0.05591522766864273,12
R1102P,L-frontal,1075.0,0.062486799619022,12
R1102P,L-frontal,1125.0,0.06572191434311375,12
R1102P,L-frontal,1175.0,0.07517314785050959,12
R1102P,L-frontal,1225.0,0.10420808015893908,12
R1102P,L-frontal,1275.0,0.06031638433552718,12
R1102P,L-frontal,1325.0,0.02823439600481603,12
R1102P,L-frontal,1375.0,0.02548557716615832,12
R1102P,L-frontal,1425.0,0.044242115823918016,12
R1102P,L-frontal,1475.0,0.01783599020979696,12
R1102P,L-frontal,1525.0,0.04945821545228695,12
R1102P,L-frontal,1575.0,0.0304132558429703,12
R1102P,L-occipital,25.0,-0.013773241381366243,3
R1102P,L-occipital,75.0,0.015786618740052445,3
R1102P,L-occipital,125.0,0.08750836782314719,3
R1102P,L-occipital,175.0,0.3747930690665939,3
R1102P,L-occipital,225.0,0.20794678592083182,3
R1102P,L-occipital,275.0,0.05309367842919186,3
R1102P,L-occipital,325.0,-0.029602754154129583,3
R1102P,L-occipital,375.0,0.18203521243736354,3
R1102P,L-occipital,425.0,0.07809594101778274,3
R1102P,L-occipital,475.0,0.02045168475317868,3
R1102P,L-occipital,525.0,0.1515221490672978,3
R1102P,L-occipital,575.0,0.1482400944857107,3
R1102P,L-occipital,625.0,0.15492893623110918,3
R1102P,L-occipital,675.0,0.06646342082598201,3
R1102P,L-occipital,725.0,0.08330375615287709,3
R1102P,L-occipital,775.0,0.1204648920315688,3
R1102P,L-occipital,825.0,0.16994407669126765,3
R1102P,L-occipital,875.0,0.15263386357621397,3
R1102P,L-occipital,925.0,0.11147455030841831,3
R1102P,L-occipital,975.0,0.039829252225126587,3
R1102P,L-occipital,1025.0,0.010993411385150217,3
R1102P,L-occipital,1075.0,0.03189551707277558,3
R1102P,L-occipital,1125.0,0.12472410690464038,3
R1102P,L-occipital,1175.0,0.1021110845215028,3
R1102P,L-occipital,1225.0,0.11430845508438281,3
R1102P,L-occipital,1275.0,0.10054125956995642,3
R1102P,L-occipital,1325.0,0.15841756009127983,3
R1102P,L-occipital,1375.0,0.0543505352913868,3
R1102P,L-occipital,1425.0,0.1297695127323235,3
R1102P,L-occipital,1475.0,0.008886663418367443,3
R1102P,L-occipital,1525.0,0.06339963214167539,3
R1102P,L-occipital,1575.0,-0.020010592666152276,3
R1102P,L-parietal,25.0,-0.019560750968777765,6
R1102P,L-parietal,75.0,0.007532939141098173,6
R1102P,L-parietal,125.0,-0.042131233524432654,6
R1102P,L-parietal,175.0,0.0056358097907663815,6
R1102P,L-parietal,225.0,0.008100752260803415,6
R1102P,L-parietal,275.0,-0.003565152680413222,6
R1102P,L-parietal,325.0,-0.04085275149249178,6
R1102P,L-parietal,375.0,0.03455427667563973,6
R1102P,L-parietal,425.0,-0.010070793693788334,6
R1102P,L-parietal,475.0,-0.03266704076376937,6
R1102P,L-parietal,525.0,-0.01775639822045533,6
R1102P,L-parietal,575.0,-0.055457684497109645,6
R1102P,L-parietal,625.0,-0.034107940712826725,6
R1102P,L-parietal,675.0,-0.003564644581629771,6
R1102P,L-parietal,725.0,0.0013225941452642634,6
R1102P,L-parietal,775.0,0.020572172697248464,6
R1102P,L-parietal,825.0,0.04070343243135655,6
R1102P,L-parietal,875.0,0.042062653725081715,6
R1102P,L-parietal,925.0,0.0429860764024641,6
R1102P,L-parietal,975.0,0.02912504848695611,6
R1102P,L-parietal,1025.0,0.03180803499087811,6
R1102P,L-parietal,1075.0,0.09608871556264487,6
R1102P,L-parietal,1125.0,0.06260237011605373,6
R1102P,L-parietal,1175.0,0.037224508878963926,6
R1102P,L-parietal,1225.0,0.053694691272458205,6
R1102P,L-parietal,1275.0,0.07310854080554398,6
R1102P,L-parietal,1325.0,0.06886690469672012,6
R1102P,L-parietal,1375.0,0.07468169674964625,6
R1102P,L-parietal,1425.0,0.05173810335626517,6
R1102P,L-parietal,1475.0,0.07309473371462087,6
R1102P,L-parietal,1525.0,0.006244233801125931,6
R1102P,L-parietal,1575.0,0.024416120415947592,6
R1102P,L-temporal,25.0,-0.07086050571835635,9
R1102P,L-temporal,75.0,0.03581692102403203,9
R1102P,L-temporal,125.0,0.005724657314087949,9
R1102P,L-temporal,175.0,0.008042955969067733,9
R1102P,L-temporal,225.0,0.05717152850077661,9
R1102P,L-temporal,275.0,0.0157233415120865,9
R1102P,L-temporal,325.0,0.08111489567747153,9
R1102P,L-temporal,375.0,0.06419903630856569,9
R1102P,L-temporal,425.0,-0.011959151326517262,9
R1102P,L-temporal,475.0,0.06854404018698282,9
R1102P,L-temporal,525.0,-0.021298338183570645,9
R1102P,L-temporal,575.0,0.04399611188580204,9
R1102P,L-temporal,625.0,0.027943923351245896,9
R1102P,L-temporal,675.0,0.051457037972231966,9
R1102P,L-temporal,725.0,0.030075372070418604,9
R1102P,L-temporal,775.0,0.029508436847179964,9
R1102P,L-temporal,825.0,0.07013153548416368,9
R1102P,L-temporal,875.0,0.0801093018377807,9
R1102P,L-temporal,925.0,0.06484821355758578,9
R1102P,L-temporal,975.0,0.01825042781744339,9
R1102P,L-temporal,1025.0,0.0033590257533693715,9
R1102P,L-temporal,1075.0,0.025288665850298264,9
R1102P,L-temporal,1125.0,0.046358759930628914,9
R1102P,L-temporal,1175.0,0.019139671720773226,9
R1102P,L-temporal,1225.0,0.02684181409095969,9
R1102P,L-temporal,1275.0,0.05003251205444704,9
R1102P,L-temporal,1325.0,0.003522170730746279,9
R1102P,L-temporal,1375.0,0.027068494560146098,9
R1102P,L-temporal,1425.0,0.0060443464769315836,9
R1102P,L-temporal,1475.0,0.016854129931620172,9
R1102P,L-temporal,1525.0,-0.0017255509091915725,9
R1102P,L-temporal,1575.0,-0.030823913970844528,9
R1102P,R-frontal,25.0,-0.0030878592078682717,10
R1102P,R-frontal,75.0,-0.008445996743092349,10
R1102P,R-frontal,125.0,0.0403990282867853,10
R1102P,R-frontal,175.0,-0.04864156325710224,10
R1102P,R-frontal,225.0,-0.02597323372172025,10
R1102P,R-frontal,275.0,-0.07710605342116623,10
R1102P,R-frontal,325.0,-0.05727841499064297,10
R1102P,R-frontal,375.0,-0.09310901280234862,10
R1102P,R-frontal,425.0,-0.0802105701096419,10
R1102P,R-frontal,475.0,-0.10243049981744448,10
R1102P,R-frontal,525.0,-0.1347547006964503,10
R1102P,R-frontal,575.0,-0.13902219370015084,10
R1102P,R-frontal,625.0,-0.12059571640143414,10
R1102P,R-frontal,675.0,-0.10084933389853812,10
R1102P,R-frontal,725.0,-0.08574310695237121,10
R1102P,R-frontal,775.0,-0.07205595131388243,10
R1102P,R-frontal,825.0,-0.11864938009507586,10
R1102P,R-frontal,875.0,-0.10115906609121902,10
R1102P,R-frontal,925.0,-0.05631919077967261,10
R1102P,R-frontal,975.0,-0.058016403656728346,10
R1102P,R-frontal,1025.0,-0.05274942657155659,10
R1102P,R-frontal,1075.0,0.007736703428205425,10
R1102P,R-frontal,1125.0,-0.033986808296474685,10
R1102P,R-frontal,1175.0,-0.0032055853321616644,10
R1102P,R-frontal,1225.0,-0.030819403679032676,10
R1102P,R-frontal,1275.0,0.0036430135578747356,10
R1102P,R-frontal,1325.0,0.048286230386824815,10
R1102P,R-frontal,1375.0,0.044755650265644945,10
R1102P,R-frontal,1425.0,0.044744808274889344,10
R1102P,R-frontal,1475.0,0.036816571939111885,10
R1102P,R-frontal,1525.0,-0.013019355610531825,10
R1102P,R-frontal,1575.0,-0.0030016859897515095,10
R1102P,R-occipital,25.0,-0.15999585582289555,4
R1102P,R-occipital,75.0,-0.04997445833043117,4
R1102P,R-occipital,125.0,0.10797470429428324,4
R1102P,R-occipital,175.0,0.5745084806380267,4
R1102P,R-occipital,225.0,0.30934018226531834,4
R1102P,R-occipital,275.0,0.20289058704729956,4
R1102P,R-occipital,325.0,0.4371950508594725,4
R1102P,R-occipital,375.0,0.6047854659513281,4
R1102P,R-occipital,425.0,0.3347150264230264,4
R1102P,R-occipital,475.0,0.2431211202963962,4
R1102P,R-occipital,525.0,0.3302203913581131,4
R1102P,R-occipital,575.0,0.4550420918237971,4
R1102P,R-occipital,625.0,0.4185173830360819,4
R1102P,R-occipital,675.0,0.2625696855371754,4
R1102P,R-occipital,725.0,0.23070804318216975,4
R1102P,R-occipital,775.0,0.319747492444194,4
R1102P,R-occipital,825.0,0.3326646081082872,4
R1102P,R-occipital,875.0,0.30507253918913013,4
R1102P,R-occipital,925.0,0.2510796162084119,4
R1102P,R-occipital,975.0,0.24366935794018807,4
R1102P,R-occipital,1025.0,0.25410841977695875,4
R1102P,R-occipital,1075.0,0.31910905092186365,4
R1102P,R-occipital,1125.0,0.24522760546201083,4
R1102P,R-occipital,1175.0,0.24807073833566096,4
R1102P,R-occipital,1225.0,0.27837524567760114,4
R1102P,R-occipital,1275.0,0.20033954686938374,4
R1102P,R-occipital,1325.0,0.186702120813098,4
R1102P,R-occipital,1375.0,0.19868645849056765,4
R1102P,R-occipital,1425.0,0.21256186510564437,4
R1102P,R-occipital,1475.0,0.29928062508594433,4
R1102P,R-occipital,1525.0,0.20527166012573025,4
R1102P,R-occipital,1575.0,0.22429164648846076,4
R1102P,R-temporal,25.0,-1.4712416987536572e-05,7
R1102P,R-temporal,75.0,-0.01073790864945699,7
R1102P,R-temporal,125.0,0.005223208005595769,7
R1102P,R-temporal,175.0,0.025089120002000705,7
R1102P,R-temporal,225.0,-0.09395818306841293,7
R1102P,R-temporal,275.0,-0.008689770457610501,7
R1102P,R-temporal,325.0,0.042173942887486514,7
R1102P,R-temporal,375.0,0.10703150796392058,7
R1102P,R-temporal,425.0,0.10345885595911074,7
R1102P,R-temporal,475.0,0.034751098672751855,7
R1102P,R-temporal,525.0,0.06365720207781604,7
R1102P,R-temporal,575.0,0.011837207464021837,7
R1102P,R-temporal,625.0,0.021118417056727228,7
R1102P,R-temporal,675.0,0.0016049541486973175,7
R1102P,R-temporal,725.0,-0.028771869146879087,7
R1102P,R-temporal,775.0,-0.06482975216867437,7
R1102P,R-temporal,825.0,-0.06968405550789582,7
R1102P,R-temporal,875.0,0.03151342083877288,7
R1102P,R-temporal,925.0,-0.02336243185665401,7
R1102P,R-temporal,975.0,-0.02449112801979188,7
R1102P,R-temporal,1025.0,0.015217469647324278,7
R1102P,R-temporal,1075.0,-0.04762855074791172,7
R1102P,R-temporal,1125.0,-0.026596395973087196,7
R1102P,R-temporal,1175.0,0.01755456029086535,7
R1102P,R-temporal,1225.0,0.07100841716966562,7
R1102P,R-temporal,1275.0,-0.01908625723338104,7
R1102P,R-temporal,1325.0,-0.06107408222714779,7
R1102P,R-temporal,1375.0,-0.052612324778177996,7
R1102P,R-temporal,1425.0,0.052557809934782,7
R1102P,R-temporal,1475.0,0.03584361377879141,7
R1102P,R-temporal,1525.0,0.07797051684506584,7
R1102P,R-temporal,1575.0,0.024637366792018243,7
R1104D,R-frontal,25.0,0.008551403068186685,43
R1104D,R-frontal,75.0,-0.0028872014691259584,43
R1104D,R-frontal,125.0,-0.04746982738856105,43
R1104D,R-frontal,175.0,-0.029097777690729278,43
R1104D,R-frontal,225.0,-0.01728090697576519,43
R1104D,R-frontal,275.0,-0.004320765579132116,43
R1104D,R-frontal,325.0,-0.03788709162748524,43
R1104D,R-frontal,375.0,0.022613627317534992,43
R1104D,R-frontal,425.0,-0.02720411200968933,43
R1104D,R-frontal,475.0,-0.06975719929653791,43
R1104D,R-frontal,525.0,-0.09107411290918759,43
R1104D,R-frontal,575.0,-0.03706022752570068,43
R1104D,R-frontal,625.0,-0.10973487985632031,43
R1104D,R-frontal,675.0,-0.1251990436149097,43
R1104D,R-frontal,725.0,-0.13079747165122277,43
R1104D,R-frontal,775.0,-0.05721211136150013,43
R1104D,R-frontal,825.0,-0.10355240527807032,43
R1104D,R-frontal,875.0,-0.05197935287932191,43
R1104D,R-frontal,925.0,-0.07573963903461692,43
R1104D,R-frontal,975.0,-0.07338607039409539,43
R1104D,R-frontal,1025.0,-0.10462921637958476,43
R1104D,R-frontal,1075.0,-0.10851156640572528,43
R1104D,R-frontal,1125.0,-0.08387986849374789,43
R1104D,R-frontal,1175.0,-0.0693892115407709,43
R1104D,R-frontal,1225.0,-0.02562645834376544,43
R1104D,R-frontal,1275.0,-0.049791066742253844,43
R1104D,R-frontal,1325.0,-0.0559690740885615,43
R1104D,R-frontal,1375.0,-0.022809457515529902,43
R1104D,R-frontal,1425.0,-0.06866806440480897,43
R1104D,R-frontal,1475.0,-0.061556810899769505,43
R1104D,R-frontal,1525.0,-0.0471099687070488,43
R1104D,R-frontal,1575.0,-0.03539078536768463,43
R1104D,R-parietal,25.0,0.02935623143290973,17
R1104D,R-parietal,75.0,0.02758321883643161,17
R1104D,R-parietal,125.0,-0.008589767440854507,17
R1104D,R-parietal,175.0,-0.08437360382600861,17
R1104D,R-parietal,225.0,-0.015992363818830267,17
R1104D,R-parietal,275.0,0.03886268055881043,17
R1104D,R-parietal,325.0,-0.04150288622166577,17
R1104D,R-parietal,375.0,0.03326328585382571,17
R1104D,R-parietal,425.0,0.0010499204457060896,17
R1104D,R-parietal,475.0,-0.0146988491570283,17
R1104D,R-parietal,525.0,-0.001458687431950873,17
R1104D,R-parietal,575.0,0.025029678506642252,17
R1104D,R-parietal,625.0,-0.04756212656999109,17
R1104D,R-parietal,675.0,-0.07281809827270527,17
R1104D,R-parietal,725.0,-0.03993622315064352,17
R1104D,R-parietal,775.0,0.013247322450518403,17
R1104D,R-parietal,825.0,-0.07944573213431053,17
R1104D,R-parietal,875.0,-0.02424548953510028,17
R1104D,R-parietal,925.0,0.010574023851063112,17
R1104D,R-parietal,975.0,-0.023700724892000303,17
R1104D,R-parietal,1025.0,-0.0827569938046252,17
R1104D,R-parietal,1075.0,-0.07931087715452592,17
R1104D,R-parietal,1125.0,-0.049206835767031866,17
R1104D,R-parietal,1175.0,-0.06534897655411456,17
R1104D,R-parietal,1225.0,-0.02698394085823561,17
R1104D,R-parietal,1275.0,-0.06700436266729859,17
R1104D,R-parietal,1325.0,-0.05908722488925712,17
R1104D,R-parietal,1375.0,-0.04122123574302606,17
R1104D,R-parietal,1425.0,-0.05759328963160237,17
R1104D,R-parietal,1475.0,-0.07278738180413548,17
R1104D,R-parietal,1525.0,-0.036632510864786576,17
R1104D,R-parietal,1575.0,-0.030660685539103904,17
R1104D,R-temporal,25.0,-0.0009777873478546216,19
R1104D,R-temporal,75.0,-0.010434377707927088,19
R1104D,R-temporal,125.0,-0.027090031728839368,19
R1104D,R-temporal,175.0,-0.07801504165778173,19
R1104D,R-temporal,225.0,-0.026541360471872867,19
R1104D,R-temporal,275.0,-0.043251111089624365,19
R1104D,R-temporal,325.0,-0.08489171573431978,19
R1104D,R-temporal,375.0,0.02447919136742531,19
R1104D,R-temporal,425.0,-0.02668076508219544,19
R1104D,R-temporal,475.0,-0.06674323073522605,19
R1104D,R-temporal,525.0,-0.06930865001666522,19
R1104D,R-temporal,575.0,0.015122902860195502,19
R1104D,R-temporal,625.0,-0.0888626634554125,19
R1104D,R-temporal,675.0,-0.09505715642232544,19
R1104D,R-temporal,725.0,-0.0796446151326762,19
R1104D,R-temporal,775.0,-0.001282519960883049,19
R1104D,R-temporal,825.0,-0.03834555467220315,19
R1104D,R-temporal,875.0,-0.006228358283264623,19
R1104D,R-temporal,925.0,-0.00965651600108038,19
R1104D,R-temporal,975.0,-0.03557847005730391,19
R1104D,R-temporal,1025.0,-0.07968034325795693,19
R1104D,R-temporal,1075.0,-0.06063016518319303,19
R1104D,R-temporal,1125.0,-0.056738809019173844,19
R1104D,R-temporal,1175.0,-0.039621771204121595,19
R1104D,R-temporal,1225.0,-0.036286689999715606,19
R1104D,R-temporal,1275.0,-0.06314201553829842,19
R1104D,R-temporal,1325.0,-0.0706222806846107,19
R1104D,R-temporal,1375.0,0.009693790302329405,19
R1104D,R-temporal,1425.0,0.020822101737042246,19
R1104D,R-temporal,1475.0,-0.016411632503711096,19
R1104D,R-temporal,1525.0,-0.021915202929278815,19
R1104D,R-temporal,1575.0,-0.0017611138536820327,19
R1105E,R-frontal,25.0,-0.05430341235906613,9
R1105E,R-frontal,75.0,-0.08399821210837483,9
R1105E,R-frontal,125.0,-0.11743036030388544,9
R1105E,R-frontal,175.0,-0.07939298450002562,9
R1105E,R-frontal,225.0,-0.03861382756296187,9
R1105E,R-frontal,275.0,-0.13673706645673217,9
R1105E,R-frontal,325.0,-0.04882164235232416,9
R1105E,R-frontal,375.0,-0.04699742295295231,9
R1105E,R-frontal,425.0,0.02342611037563201,9
R1105E,R-frontal,475.0,0.04857233532262972,9
R1105E,R-frontal,525.0,0.06581962079665331,9
R1105E,R-frontal,575.0,0.10182828895894634,9
R1105E,R-frontal,625.0,0.11681587313280468,9
R1105E,R-frontal,675.0,0.101722504229006,9
R1105E,R-frontal,725.0,0.08386738474874983,9
R1105E,R-frontal,775.0,0.04275342787522898,9
R1105E,R-frontal,825.0,0.02827219154443815,9
R1105E,R-frontal,875.0,0.013915941751243999,9
R1105E,R-frontal,925.0,0.020823475809823508,9
R1105E,R-frontal,975.0,0.06388833075722328,9
R1105E,R-frontal,1025.0,0.06063955354336007,9
R1105E,R-frontal,1075.0,0.023601327826739838,9
R1105E,R-frontal,1125.0,0.02606017439680631,9
R1105E,R-frontal,1175.0,0.002725787408958982,9
R1105E,R-frontal,1225.0,0.059539461761842584,9
R1105E,R-frontal,1275.0,0.06411877336792604,9
R1105E,R-frontal,1325.0,0.031174734578666454,9
R1105E,R-frontal,1375.0,0.04827282940810673,9
R1105E,R-frontal,1425.0,0.018002205908526657,9
R1105E,R-frontal,1475.0,-0.03980610176377433,9
R1105E,R-frontal,1525.0,-0.009768598740173419,9
R1105E,R-frontal,1575.0,-0.0018941404901457227,9
R1105E,R-occipital,25.0,-0.018042428908155397,4
R1105E,R-occipital,75.0,-0.11507691377622607,4
R1105E,R-occipital,125.0,-0.08675116799457327,4
R1105E,R-occipital,175.0,-0.27613034599112574,4
R1105E,R-occipital,225.0,0.07093443877040562,4
R1105E,R-occipital,275.0,-0.024065949745494752,4
R1105E,R-occipital,325.0,-0.043561167216139896,4
R1105E,R-occipital,375.0,0.04070360983055171,4
R1105E,R-occipital,425.0,0.09357345172204959,4
R1105E,R-occipital,475.0,0.04868113576587696,4
R1105E,R-occipital,525.0,0.07184715856503163,4
R1105E,R-occipital,575.0,0.01474123899945265,4
R1105E,R-occipital,625.0,0.053210718739561666,4
R1105E,R-occipital,675.0,-0.061615500906757034,4
R1105E,R-occipital,725.0,-0.041930539648880404,4
R1105E,R-occipital,775.0,-0.03236788296681363,4
R1105E,R-occipital,825.0,-0.10560251487328176,4
R1105E,R-occipital,875.0,-0.04594786752321063,4
R1105E,R-occipital,925.0,-0.052230368334879346,4
R1105E,R-occipital,975.0,-0.06226068301627798,4
R1105E,R-occipital,1025.0,0.014625557830554414,4
R1105E,R-occipital,1075.0,-0.0055243905193237824,4
R1105E,R-occipital,1125.0,-0.046421361119860574,4
R1105E,R-occipital,1175.0,-0.026505646912555803,4
R1105E,R-occipital,1225.0,-0.06908497108320011,4
R1105E,R-occipital,1275.0,-0.12934875844710753,4
R1105E,R-occipital,1325.0,-0.17217276563275072,4
R1105E,R-occipital,1375.0,-0.06374846524047019,4
R1105E,R-occipital,1425.0,-0.13397024262760668,4
R1105E,R-occipital,1475.0,-0.1798586544855282,4
R1105E,R-occipital,1525.0,-0.1423828577381079,4
R1105E,R-occipital,1575.0,-0.10019570977740141,4
R1105E,R-parietal,25.0,-0.06296812334931905,16
R1105E,R-parietal,75.0,0.030980616622920155,16
R1105E,R-parietal,125.0,-0.05224091007721843,16
R1105E,R-parietal,175.0,-0.01778120673021034,16
R1105E,R-parietal,225.0,0.028222528301356645,16
R1105E,R-parietal,275.0,0.028899078247873043,16
R1105E,R-parietal,325.0,-0.0028421349345935814,16
R1105E,R-parietal,375.0,-0.0043470778912991425,16
R1105E,R-parietal,425.0,0.006314546564605361,16
R1105E,R-parietal,475.0,0.015166405689763891,16
R1105E,R-parietal,525.0,0.041031983652808725,16
R1105E,R-parietal,575.0,0.019985867450048423,16
R1105E,R-parietal,625.0,0.002017200414496656,16
R1105E,R-parietal,675.0,0.022658459616629028,16
R1105E,R-parietal,725.0,0.0003566657513034959,16
R1105E,R-parietal,775.0,-0.008274844260857108,16
R1105E,R-parietal,825.0,0.0003224508622513087,16
R1105E,R-parietal,875.0,-0.037390157062310206,16
R1105E,R-parietal,925.0,-0.012339198193079956,16
R1105E,R-parietal,975.0,-0.032534182263436635,16
R1105E,R-parietal,1025.0,0.020684636860572172,16
R1105E,R-parietal,1075.0,-0.017102406494779215,16
R1105E,R-parietal,1125.0,-0.00365864493273928,16
R1105E,R-parietal,1175.0,-0.03263179317146501,16
R1105E,R-parietal,1225.0,0.013394393432798518,16
R1105E,R-parietal,1275.0,-0.005795564428601301,16
R1105E,R-parietal,1325.0,-0.05182600812034782,16
R1105E,R-parietal,1375.0,-0.010189923008171542,16
R1105E,R-parietal,1425.0,0.014364276329275083,16
R1105E,R-parietal,1475.0,-0.04833271529514796,16
R1105E,R-parietal,1525.0,-0.05297245062894457,16
R1105E,R-parietal,1575.0,-0.024873772029238253,16
R1105E,R-temporal,25.0,-0.009132055533390493,11
R1105E,R-temporal,75.0,-0.013953960711236972,11
R1105E,R-temporal,125.0,0.010520017439016895,11
R1105E,R-temporal,175.0,0.0480983757043693,11
R1105E,R-temporal,225.0,0.11185675707626207,11
R1105E,R-temporal,275.0,0.11815034435767133,11
R1105E,R-temporal,325.0,0.11867809273394031,11
R1105E,R-temporal,375.0,0.15287999743689426,11
R1105E,R-temporal,425.0,0.06102622874583419,11
R1105E,R-temporal,475.0,0.03347627855126301,11
R1105E,R-temporal,525.0,0.06301194838964577,11
R1105E,R-temporal,575.0,-0.05400296639446989,11
R1105E,R-temporal,625.0,-0.06666318883418926,11
R1105E,R-temporal,675.0,-0.041210940077419066,11
R1105E,R-temporal,725.0,-0.08585612781078926,11
R1105E,R-temporal,775.0,-0.15546817457070936,11
R1105E,R-temporal,825.0,-0.14537800827232394,11
R1105E,R-temporal,875.0,-0.09131750321498898,11
R1105E,R-temporal,925.0,-0.11955672003058662,11
R1105E,R-temporal,975.0,-0.13676427571860128,11
R1105E,R-temporal,1025.0,0.057261053787153654,11
R1105E,R-temporal,1075.0,-0.04133203197744774,11
R1105E,R-temporal,1125.0,-0.001048062211279014,11
R1105E,R-temporal,1175.0,-0.017702236428250376,11
R1105E,R-temporal,1225.0,-0.015620102259786394,11
R1105E,R-temporal,1275.0,-0.060684556153163836,11
R1105E,R-temporal,1325.0,-0.06773188736749475,11
R1105E,R-temporal,1375.0,-0.0036195597266145242,11
R1105E,R-temporal,1425.0,0.026803109214840696,11
R1105E,R-temporal,1475.0,-0.051141299868687345,11
R1105E,R-temporal,1525.0,-0.013148547417599328,11
R1105E,R-temporal,1575.0,0.0002445088710741049,11
R1108J,L-frontal,25.0,-0.03258273744648853,7
R1108J,L-frontal,75.0,-0.012293327546448548,7
R1108J,L-frontal,125.0,0.011860623229784746,7
R1108J,L-frontal,175.0,0.14562597421799017,7
R1108J,L-frontal,225.0,0.08143206873751872,7
R1108J,L-frontal,275.0,0.027197136148129967,7
R1108J,L-frontal,325.0,0.014496395947935808,7
R1108J,L-frontal,375.0,0.02085478171576722,7
R1108J,L-frontal,425.0,0.05714610568184815,7
R1108J,L-frontal,475.0,0.023569995503059906,7
R1108J,L-frontal,525.0,-0.011220730934717513,7
R1108J,L-frontal,575.0,-0.08478488315066342,7
R1108J,L-frontal,625.0,0.002817849939269118,7
R1108J,L-frontal,675.0,-0.06475482797869932,7
R1108J,L-frontal,725.0,-0.01196110646805166,7
R1108J,L-frontal,775.0,-0.006454234628908214,7
R1108J,L-frontal,825.0,-0.051362882803563485,7
R1108J,L-frontal,875.0,-0.030481563281165334,7
R1108J,L-frontal,925.0,-0.016955526516720592,7
R1108J,L-frontal,975.0,-0.0029865520850258244,7
R1108J,L-frontal,1025.0,0.03192927957651009,7
R1108J,L-frontal,1075.0,0.028829013009317898,7
R1108J,L-frontal,1125.0,-0.016527081044370236,7
R1108J,L-frontal,1175.0,0.009207566100698953,7
R1108J,L-frontal,1225.0,-0.011936002877905572,7
R1108J,L-frontal,1275.0,-0.04255404954471013,7
R1108J,L-frontal,1325.0,5.704289407378718e-05,7
R1108J,L-frontal,1375.0,0.03812810843532986,7
R1108J,L-frontal,1425.0,0.04809046832499973,7
R1108J,L-frontal,1475.0,0.02792203940309044,7
R1108J,L-frontal,1525.0,0.009239333174559843,7
R1108J,L-frontal,1575.0,-0.004041552777076794,7
R1108J,L-temporal,25.0,-0.036139627313000744,8
R1108J,L-temporal,75.0,-0.0077843354381916235,8
R1108J,L-temporal,125.0,-0.007575579951526874,8
R1108J,L-temporal,175.0,0.015313884025561473,8
R1108J,L-temporal,225.0,0.014265425478325154,8
R1108J,L-temporal,275.0,-0.01470154989920708,8
R1108J,L-temporal,325.0,-0.04802115036685171,8
R1108J,L-temporal,375.0,-0.0009512736246701822,8
R1108J,L-temporal,425.0,0.014698680909509555,8
R1108J,L-temporal,475.0,0.0027665444985240295,8
R1108J,L-temporal,525.0,-0.0404447074739574,8
R1108J,L-temporal,575.0,-0.034455868523246204,8
R1108J,L-temporal,625.0,-0.03678608098930184,8
R1108J,L-temporal,675.0,-0.0614930487027957,8
R1108J,L-temporal,725.0,-0.015443802448261355,8
R1108J,L-temporal,775.0,-0.005494615318974622,8
R1108J,L-temporal,825.0,-0.03247184985857394,8
R1108J,L-temporal,875.0,-0.05143992729586887,8
R1108J,L-temporal,925.0,-0.06531582810631495,8
R1108J,L-temporal,975.0,-0.056200212139348324,8
R1108J,L-temporal,1025.0,0.022895958870918748,8
R1108J,L-temporal,1075.0,0.029888423023001313,8
R1108J,L-temporal,1125.0,-0.019160175532179136,8
R1108J,L-temporal,1175.0,0.008076823381199486,8
R1108J,L-temporal,1225.0,-0.014539182125270899,8
R1108J,L-temporal,1275.0,-0.04349811052685619,8
R1108J,L-temporal,1325.0,-0.03117363535070472,8
R1108J,L-temporal,1375.0,-0.007497174053846971,8
R1108J,L-temporal,1425.0,0.015384321555392502,8
R1108J,L-temporal,1475.0,-0.023711061993505173,8
R1108J,L-temporal,1525.0,-0.030863075442903412,8
R1108J,L-temporal,1575.0,-0.005586417517504037,8
R1108J,R-parietal,25.0,-0.028585337871468455,3
R1108J,R-parietal,75.0,-0.0261094975876682,3
R1108J,R-parietal,125.0,-0.032726922745208234,3
R1108J,R-parietal,175.0,0.0641664463292122,3
R1108J,R-parietal,225.0,0.043536941570592735,3
R1108J,R-parietal,275.0,-0.012240849403294759,3
R1108J,R-parietal,325.0,-0.05923895340046222,3
R1108J,R-parietal,375.0,0.005720118143930253,3
R1108J,R-parietal,425.0,-0.010670247788765826,3
R1108J,R-parietal,475.0,-0.01887020928668191,3
R1108J,R-parietal,525.0,-0.028835020738818162,3
R1108J,R-parietal,575.0,-0.06710215964612394,3
R1108J,R-parietal,625.0,-0.03895282889015219,3
R1108J,R-parietal,675.0,-0.05047210266049501,3
R1108J,R-parietal,725.0,-7.600475716030887e-05,3
R1108J,R-parietal,775.0,-0.02988712437308985,3
R1108J,R-parietal,825.0,-0.026309815921346163,3
R1108J,R-parietal,875.0,-0.0008567878051087783,3
R1108J,R-parietal,925.0,-0.04092732640700944,3
R1108J,R-parietal,975.0,-0.06872273764488206,3
R1108J,R-parietal,1025.0,0.020403514743566192,3
R1108J,R-parietal,1075.0,0.031012163859187095,3
R1108J,R-parietal,1125.0,-0.047712305447577284,3
R1108J,R-parietal,1175.0,-0.022385451434389792,3
R1108J,R-parietal,1225.0,-0.03282184702749508,3
R1108J,R-parietal,1275.0,-0.04066616928053419,3
R1108J,R-parietal,1325.0,-0.02086533340991163,3
R1108J,R-parietal,1375.0,0.03095464812520325,3
R1108J,R-parietal,1425.0,0.01349917622063711,3
R1108J,R-parietal,1475.0,-0.021080708819983696,3
R1108J,R-parietal,1525.0,-0.042187991883937064,3
R1108J,R-parietal,1575.0,-0.036802623779217496,3
R1108J,R-temporal,25.0,-0.02922573509781134,8
R1108J,R-temporal,75.0,-0.032206070395185936,8
R1108J,R-temporal,125.0,-0.01826910490067111,8
R1108J,R-temporal,175.0,0.012696117636542575,8
R1108J,R-temporal,225.0,0.025502955475643616,8
R1108J,R-temporal,275.0,-0.013512905673698516,8
R1108J,R-temporal,325.0,-0.05075091369282882,8
R1108J,R-temporal,375.0,0.008206440421906823,8
R1108J,R-temporal,425.0,0.01555547866290779,8
R1108J,R-temporal,475.0,-0.016217225522910904,8
R1108J,R-temporal,525.0,-0.031711563558326696,8
R1108J,R-temporal,575.0,-0.04839116645332128,8
R1108J,R-temporal,625.0,-0.02615065483363176,8
R1108J,R-temporal,675.0,-0.051606024761439835,8
R1108J,R-temporal,725.0,0.00039879660347653077,8
R1108J,R-temporal,775.0,0.009036469315590925,8
R1108J,R-temporal,825.0,-0.018620755962176033,8
R1108J,R-temporal,875.0,-0.037467001457396815,8
R1108J,R-temporal,925.0,-0.08090274121742763,8
R1108J,R-temporal,975.0,-0.019864310303570686,8
R1108J,R-temporal,1025.0,0.025188278042092085,8
R1108J,R-temporal,1075.0,0.016202389128256587,8
R1108J,R-temporal,1125.0,-0.025260573079469627,8
R1108J,R-temporal,1175.0,-0.014005913391179289,8
R1108J,R-temporal,1225.0,-0.028892189294159654,8
R1108J,R-temporal,1275.0,-0.0785277139696629,8
R1108J,R-temporal,1325.0,-0.06807921876696843,8
R1108J,R-temporal,1375.0,-0.024750739682536216,8
R1108J,R-temporal,1425.0,-0.0032878680236153052,8
R1108J,R-temporal,1475.0,-0.038378771999572604,8
R1108J,R-temporal,1525.0,-0.023784745311648717,8
R1108J,R-temporal,1575.0,-0.02614512188405033,8
R1111M,L-occipital,25.0,0.0979896666341646,18
R1111M,L-occipital,75.0,0.18399772068652862,18
R1111M,L-occipital,125.0,0.30693535209684053,18
R1111M,L-occipital,175.0,0.5672428214740374,18
R1111M,L-occipital,225.0,0.7787180526343682,18
R1111M,L-occipital,275.0,0.8310940534830704,18
R1111M,L-occipital,325.0,0.7947633255720541,18
R1111M,L-occipital,375.0,0.864995342088612,18
R1111M,L-occipital,425.0,0.8401472491705931,18
R1111M,L-occipital,475.0,0.7352941134888692,18
R1111M,L-occipital,525.0,0.713830984857074,18
R1111M,L-occipital,575.0,0.6795330520554445,18
R1111M,L-occipital,625.0,0.6648579005226017,18
R1111M,L-occipital,675.0,0.628639843663316,18
R1111M,L-occipital,725.0,0.5876913499103136,18
R1111M,L-occipital,775.0,0.5694772120690571,18
R1111M,L-occipital,825.0,0.5307106521247331,18
R1111M,L-occipital,875.0,0.4991264507542766,18
R1111M,L-occipital,925.0,0.46962799476561135,18
R1111M,L-occipital,975.0,0.48246254676200695,18
R1111M,L-occipital,1025.0,0.4739662465583217,18
R1111M,L-occipital,1075.0,0.4425347227797972,18
R1111M,L-occipital,1125.0,0.43366448680396436,18
R1111M,L-occipital,1175.0,0.4075250772362988,18
R1111M,L-occipital,1225.0,0.41193301169721247,18
R1111M,L-occipital,1275.0,0.37998786947253727,18
R1111M,L-occipital,1325.0,0.38920931263346925,18
R1111M,L-occipital,1375.0,0.38491062587841535,18
R1111M,L-occipital,1425.0,0.35307455736081883,18
R1111M,L-occipital,1475.0,0.34407724984937993,18
R1111M,L-occipital,1525.0,0.34353204660526726,18
R1111M,L-occipital,1575.0,0.3210655779218323,18
R1111M,L-parietal,25.0,-0.005729597736661817,38
R1111M,L-parietal,75.0,0.010315674979085065,38
R1111M,L-parietal,125.0,0.019287886439533254,38
R1111M,L-parietal,175.0,0.01854941277589599,38
R1111M,L-parietal,225.0,0.015347029425658158,38
R1111M,L-parietal,275.0,0.028995715096224714,38
R1111M,L-parietal,325.0,0.03854161448312183,38
R1111M,L-parietal,375.0,0.03745806203763317,38
R1111M,L-parietal,425.0,0.05238249267349218,38
R1111M,L-parietal,475.0,0.005530928390867728,38
R1111M,L-parietal,525.0,0.03893443673063853,38
R1111M,L-parietal,575.0,0.024610284258859513,38
R1111M,L-parietal,625.0,0.028779718255498382,38
R1111M,L-parietal,675.0,0.021772309551047617,38
R1111M,L-parietal,725.0,0.02227549631505859,38
R1111M,L-parietal,775.0,0.02994722644866379,38
R1111M,L-parietal,825.0,0.051454724367659986,38
R1111M,L-parietal,875.0,0.019023193851914057,38
R1111M,L-parietal,925.0,0.014094843061054057,38
R1111M,L-parietal,975.0,0.05212858223581321,38
R1111M,L-parietal,1025.0,0.03560113058069979,38
R1111M,L-parietal,1075.0,0.057637280893045595,38
R1111M,L-parietal,1125.0,0.04486974527067031,38
R1111M,L-parietal,1175.0,0.02676169991735686,38
R1111M,L-parietal,1225.0,0.037537225609354276,38
R1111M,L-parietal,1275.0,0.08273713220119332,38
R1111M,L-parietal,1325.0,0.041889268664513576,38
R1111M,L-parietal,1375.0,0.014782511422787855,38
R1111M,L-parietal,1425.0,0.017528297242298208,38
R1111M,L-parietal,1475.0,0.007295336121431075,38
R1111M,L-parietal,1525.0,0.028273482519859883,38
R1111M,L-parietal,1575.0,0.0252097304963622,38
R1111M,L-temporal,25.0,-0.007012351126465274,35
R1111M,L-temporal,75.0,0.0035411416393992283,35
R1111M,L-temporal,125.0,0.01893297765203142,35
R1111M,L-temporal,175.0,0.06228017921689095,35
R1111M,L-temporal,225.0,0.05853849102956453,35
R1111M,L-temporal,275.0,0.07658966660870159,35
R1111M,L-temporal,325.0,0.10583542332811383,35
R1111M,L-temporal,375.0,0.08542531817382215,35
R1111M,L-temporal,425.0,0.08734902183626707,35
R1111M,L-temporal,475.0,0.04246271888702205,35
R1111M,L-temporal,525.0,0.05268777797710767,35
R1111M,L-temporal,575.0,0.036859625507351924,35
R1111M,L-temporal,625.0,0.030829375384426788,35
R1111M,L-temporal,675.0,0.004948522946134938,35
R1111M,L-temporal,725.0,0.027992698099423025,35
R1111M,L-temporal,775.0,-0.001414935170757821,35
R1111M,L-temporal,825.0,0.02094053979222948,35
R1111M,L-temporal,875.0,0.014449227014538853,35
R1111M,L-temporal,925.0,0.010381134554944386,35
R1111M,L-temporal,975.0,0.06040631996064666,35
R1111M,L-temporal,1025.0,0.04226102180265391,35
R1111M,L-temporal,1075.0,0.031798712455054286,35
R1111M,L-temporal,1125.0,0.042912707776297236,35
R1111M,L-temporal,1175.0,0.04357753550558411,35
R1111M,L-temporal,1225.0,0.05327865106258328,35
R1111M,L-temporal,1275.0,0.10082493001460027,35
R1111M,L-temporal,1325.0,0.038381796052122066,35
R1111M,L-temporal,1375.0,0.029746885639726686,35
R1111M,L-temporal,1425.0,0.006905203735173515,35
R1111M,L-temporal,1475.0,0.031070164987025046,35
R1111M,L-temporal,1525.0,0.025955178839372824,35
R1111M,L-temporal,1575.0,0.018314433976692523,35
R1113T,L-occipital,25.0,-0.00024333922776212843,3
R1113T,L-occipital,75.0,0.06241118814161537,3
R1113T,L-occipital,125.0,0.49888764992844187,3
R1113T,L-occipital,175.0,0.7427321884196366,3
R1113T,L-occipital,225.0,0.5258489819112598,3
R1113T,L-occipital,275.0,0.5696211260302426,3
R1113T,L-occipital,325.0,0.45619497093540023,3
R1113T,L-occipital,375.0,0.3597905725995321,3
R1113T,L-occipital,425.0,0.2840290251462374,3
R1113T,L-occipital,475.0,0.2520926471641088,3
R1113T,L-occipital,525.0,0.23321523312995507,3
R1113T,L-occipital,575.0,0.12446261939831253,3
R1113T,L-occipital,625.0,0.22035848089028168,3
R1113T,L-occipital,675.0,0.16708108423426185,3
R1113T,L-occipital,725.0,0.17969470569860727,3
R1113T,L-occipital,775.0,0.17375626619065618,3
R1113T,L-occipital,825.0,0.08539272172359452,3
R1113T,L-occipital,875.0,0.0914234829176775,3
R1113T,L-occipital,925.0,0.11843036242035894,3
R1113T,L-occipital,975.0,0.01965354437562342,3
R1113T,L-occipital,1025.0,0.0981843331618637,3
R1113T,L-occipital,1075.0,0.10617993931519332,3
R1113T,L-occipital,1125.0,-0.004983457151134148,3
R1113T,L-occipital,1175.0,0.03102558112193787,3
R1113T,L-occipital,1225.0,0.016113597204114812,3
R1113T,L-occipital,1275.0,0.10434972218040577,3
R1113T,L-occipital,1325.0,-0.015413173644576185,3
R1113T,L-occipital,1375.0,0.09753793056828929,3
R1113T,L-occipital,1425.0,0.002332320369771246,3
R1113T,L-occipital,1475.0,-0.06007019351778562,3
R1113T,L-occipital,1525.0,-0.01937798894532706,3
R1113T,L-occipital,1575.0,0.016426708810495738,3
R1113T,L-parietal,25.0,-0.01792230773762288,3
R1113T,L-parietal,75.0,0.15755063307264927,3
R1113T,L-parietal,125.0,0.16002756842772303,3
R1113T,L-parietal,175.0,0.16909578111443893,3
R1113T,L-parietal,225.0,-0.018825836179743944,3
R1113T,L-parietal,275.0,0.017165181545511093,3
R1113T,L-parietal,325.0,0.03084409180693307,3
R1113T,L-parietal,375.0,0.011595935608642314,3
R1113T,L-parietal,425.0,0.024988227713200018,3
R1113T,L-parietal,475.0,0.16565177445703308,3
R1113T,L-parietal,525.0,0.06675711304306728,3
R1113T,L-parietal,575.0,0.0490976929870155,3
R1113T,L-parietal,625.0,0.044860302283903475,3
R1113T,L-parietal,675.0,0.20757261199150157,3
R1113T,L-parietal,725.0,0.015960928255551333,3
R1113T,L-parietal,775.0,-0.033602902213644405,3
R1113T,L-parietal,825.0,0.14463107098829206,3
R1113T,L-parietal,875.0,0.003836564262998198,3
R1113T,L-parietal,925.0,-0.0051686802987653616,3
R1113T,L-parietal,975.0,-0.037944663588569655,3
R1113T,L-parietal,1025.0,-0.006644045013961483,3
R1113T,L-parietal,1075.0,0.12985214295596667,3
R1113T,L-parietal,1125.0,0.15590394865055104,3
R1113T,L-parietal,1175.0,-0.029409795104557112,3
R1113T,L-parietal,1225.0,0.04011780390801863,3
R1113T,L-parietal,1275.0,0.09729183327472192,3
R1113T,L-parietal,1325.0,0.046868938723772936,3
R1113T,L-parietal,1375.0,0.09424652404984486,3
R1113T,L-parietal,1425.0,0.15013173278391764,3
R1113T,L-parietal,1475.0,0.039266379059280265,3
R1113T,L-parietal,1525.0,-0.022479674464166915,3
R1113T,L-parietal,1575.0,-0.008766555536553245,3
R1113T,L-temporal,25.0,0.05665630099935445,12
R1113T,L-temporal,75.0,0.02260336819909239,12
R1113T,L-temporal,125.0,-0.008638203470539922,12
R1113T,L-temporal,175.0,0.11897747622441597,12
R1113T,L-temporal,225.0,0.05290514535944472,12
R1113T,L-temporal,275.0,0.043513264236890135,12
R1113T,L-temporal,325.0,0.046745264997766635,12
R1113T,L-temporal,375.0,0.15101465870673805,12
R1113T,L-temporal,425.0,0.14530920818291532,12
R1113T,L-temporal,475.0,0.05028712957876106,12
R1113T,L-temporal,525.0,0.08289416110692342,12
R1113T,L-temporal,575.0,0.10054431911492856,12
R1113T,L-temporal,625.0,0.08188674980595072,12
R1113T,L-temporal,675.0,0.08765773145679732,12
R1113T,L-temporal,725.0,0.08980018662138532,12
R1113T,L-temporal,775.0,0.10109707336883221,12
R1113T,L-temporal,825.0,0.056720791349012444,12
R1113T,L-temporal,875.0,0.10289307616906739,12
R1113T,L-temporal,925.0,0.027641230673631154,12
R1113T,L-temporal,975.0,0.05909073058302806,12
R1113T,L-temporal,1025.0,0.001582558775394629,12
R1113T,L-temporal,1075.0,-0.014078157708956457,12
R1113T,L-temporal,1125.0,-0.002354187976944414,12
R1113T,L-temporal,1175.0,-0.0033929992229659177,12
R1113T,L-temporal,1225.0,0.021869873936861364,12
R1113T,L-temporal,1275.0,0.05772236428999342,12
R1113T,L-temporal,1325.0,0.08939433979499849,12
R1113T,L-temporal,1375.0,0.08310238889174881,12
R1113T,L-temporal,1425.0,0.11582496019023025,12
R1113T,L-temporal,1475.0,0.028112906474790745,12
R1113T,L-temporal,1525.0,0.09694020463167335,12
R1113T,L-temporal,1575.0,0.062386114735457764,12
R1113T,R-frontal,25.0,-0.048872670526385734,7
R1113T,R-frontal,75.0,-0.055813086449729155,7
R1113T,R-frontal,125.0,-0.03026051847662491,7
R1113T,R-frontal,175.0,0.05230758923770786,7
R1113T,R-frontal,225.0,0.04170126016010225,7
R1113T,R-frontal,275.0,-0.00696045224224904,7
R1113T,R-frontal,325.0,0.11618708494005774,7
R1113T,R-frontal,375.0,0.19265885348422798,7
R1113T,R-frontal,425.0,0.28829696378756703,7
R1113T,R-frontal,475.0,0.3255009672584759,7
R1113T,R-frontal,525.0,0.3210921332175008,7
R1113T,R-frontal,575.0,0.326436316367319,7
R1113T,R-frontal,625.0,0.28643102886330796,7
R1113T,R-frontal,675.0,0.2698871335253092,7
R1113T,R-frontal,725.0,0.19411103421994164,7
R1113T,R-frontal,775.0,0.25343216110131206,7
R1113T,R-frontal,825.0,0.2155632140474242,7
R1113T,R-frontal,875.0,0.18658182370219395,7
R1113T,R-frontal,925.0,0.19423485612989003,7
R1113T,R-frontal,975.0,0.17198931420276367,7
R1113T,R-frontal,1025.0,0.12986354956868842,7
R1113T,R-frontal,1075.0,0.1422468093795509,7
R1113T,R-frontal,1125.0,0.11532211747492996,7
R1113T,R-frontal,1175.0,0.1717439796149705,7
R1113T,R-frontal,1225.0,0.1622818863432858,7
R1113T,R-frontal,1275.0,0.1776678513441912,7
R1113T,R-frontal,1325.0,0.10109591125782681,7
R1113T,R-frontal,1375.0,0.11501802134612346,7
R1113T,R-frontal,1425.0,0.12788019460274402,7
R1113T,R-frontal,1475.0,0.07201718147659619,7
R1113T,R-frontal,1525.0,0.07504440387459842,7
R1113T,R-frontal,1575.0,0.06858368092648484,7
R1113T,R-occipital,25.0,-0.020814203255102172,4
R1113T,R-occipital,75.0,0.02609342213419857,4
R1113T,R-occipital,125.0,0.22009685836239135,4
R1113T,R-occipital,175.0,0.15918546798013086,4
R1113T,R-occipital,225.0,0.23201192352193756,4
R1113T,R-occipital,275.0,0.30956507623876994,4
R1113T,R-occipital,325.0,0.169267905872536,4
R1113T,R-occipital,375.0,0.22379415634385902,4
R1113T,R-occipital,425.0,0.27911216629097885,4
R1113T,R-occipital,475.0,0.18181988560287776,4
R1113T,R-occipital,525.0,0.13349979431031112,4
R1113T,R-occipital,575.0,0.15472627465741307,4
R1113T,R-occipital,625.0,0.06857920514102776,4
R1113T,R-occipital,675.0,0.143590650295576,4
R1113T,R-occipital,725.0,0.13750566370102424,4
R1113T,R-occipital,775.0,0.05381245456925307,4
R1113T,R-occipital,825.0,-0.003832306963718106,4
R1113T,R-occipital,875.0,0.09883212423296561,4
R1113T,R-occipital,925.0,0.09326859827341821,4
R1113T,R-occipital,975.0,0.027898487477854474,4
R1113T,R-occipital,1025.0,0.0784621596246101,4
R1113T,R-occipital,1075.0,0.08084043835018212,4
R1113T,R-occipital,1125.0,-0.03088812912988562,4
R1113T,R-occipital,1175.0,0.019883082826644482,4
R1113T,R-occipital,1225.0,-0.030347704049354694,4
R1113T,R-occipital,1275.0,0.05072574901560207,4
R1113T,R-occipital,1325.0,0.10246546732608428,4
R1113T,R-occipital,1375.0,0.06778326094360174,4
R1113T,R-occipital,1425.0,0.1010441355590608,4
R1113T,R-occipital,1475.0,0.08637474566742635,4
R1113T,R-occipital,1525.0,0.06419121149245997,4
R1113T,R-occipital,1575.0,0.03215653068927378,4
R1113T,R-temporal,25.0,0.032267582617295044,20
R1113T,R-temporal,75.0,0.04384650652969933,20
R1113T,R-temporal,125.0,0.04289885856605832,20
R1113T,R-temporal,175.0,0.07458341973340851,20
R1113T,R-temporal,225.0,0.023906901093091116,20
R1113T,R-temporal,275.0,0.0523454210844637,20
R1113T,R-temporal,325.0,0.048693293773028765,20
R1113T,R-temporal,375.0,0.04954488330691183,20
R1113T,R-temporal,425.0,0.07992640505376643,20
R1113T,R-temporal,475.0,0.09020252304565263,20
R1113T,R-temporal,525.0,0.07549755985273499,20
R1113T,R-temporal,575.0,0.09539200334955429,20
R1113T,R-temporal,625.0,0.08204693555223734,20
R1113T,R-temporal,675.0,0.0782319561421391,20
R1113T,R-temporal,725.0,0.0507367166375934,20
R1113T,R-temporal,775.0,0.032742337968269246,20
R1113T,R-temporal,825.0,0.04425902758105512,20
R1113T,R-temporal,875.0,0.09269361215166358,20
R1113T,R-temporal,925.0,0.016349483869263843,20
R1113T,R-temporal,975.0,0.07494489007694968,20
R1113T,R-temporal,1025.0,0.04752817049217433,20
R1113T,R-temporal,1075.0,0.012313005468216292,20
R1113T,R-temporal,1125.0,-0.022039706959192,20
R1113T,R-temporal,1175.0,0.0589300942588975,20
R1113T,R-temporal,1225.0,0.0025161742782968356,20
R1113T,R-temporal,1275.0,0.05852441727531329,20
R1113T,R-temporal,1325.0,0.09725219251422056,20
R1113T,R-temporal,1375.0,0.05212312855207435,20
R1113T,R-temporal,1425.0,0.07739059728616288,20
R1113T,R-temporal,1475.0,0.06597955507168665,20
R1113T,R-temporal,1525.0,0.034356779529633695,20
R1113T,R-temporal,1575.0,0.00692539356172611,20
R1114C,L-frontal,25.0,0.025839907371364303,17
R1114C,L-frontal,75.0,0.04069709270526341,17
R1114C,L-frontal,125.0,0.020757185919582356,17
R1114C,L-frontal,175.0,0.06117503400559219,17
R1114C,L-frontal,225.0,0.07150992782445302,17
R1114C,L-frontal,275.0,0.033123169651563505,17
R1114C,L-frontal,325.0,-0.026085353082686644,17
R1114C,L-frontal,375.0,-0.019680071007268977,17
R1114C,L-frontal,425.0,-0.052235460691992516,17
R1114C,L-frontal,475.0,0.007390323241899691,17
R1114C,L-frontal,525.0,-0.0020535703161028316,17
R1114C,L-frontal,575.0,0.012035349691467375,17
R1114C,L-frontal,625.0,0.0031350648607446365,17
R1114C,L-frontal,675.0,0.025406119184536044,17
R1114C,L-frontal,725.0,-0.023171901450050523,17
R1114C,L-frontal,775.0,-0.05665858097334039,17
R1114C,L-frontal,825.0,-0.05147324384808615,17
R1114C,L-frontal,875.0,-0.02175231712926573,17
R1114C,L-frontal,925.0,0.00654385236633317,17
R1114C,L-frontal,975.0,0.030954471918269146,17
R1114C,L-frontal,1025.0,0.01205114423577028,17
R1114C,L-frontal,1075.0,0.00885743297813378,17
R1114C,L-frontal,1125.0,0.022212552696903264,17
R1114C,L-frontal,1175.0,0.01803228386473477,17
R1114C,L-frontal,1225.0,0.0019773827420455337,17
R1114C,L-frontal,1275.0,0.035719424855372474,17
R1114C,L-frontal,1325.0,0.009194854438244157,17
R1114C,L-frontal,1375.0,0.012885903266601342,17
R1114C,L-frontal,1425.0,0.0044390454071304665,17
R1114C,L-frontal,1475.0,0.027653221820570936,17
R1114C,L-frontal,1525.0,0.03178922170409766,17
R1114C,L-frontal,1575.0,0.07559869838054528,17
R1114C,L-occipital,25.0,0.07345563286633594,5
R1114C,L-occipital,75.0,0.43481814230460936,5
R1114C,L-occipital,125.0,0.6852821466448472,5
R1114C,L-occipital,175.0,0.5249913058199798,5
R1114C,L-occipital,225.0,0.39369165311031395,5
R1114C,L-occipital,275.0,0.4470047375618349,5
R1114C,L-occipital,325.0,0.7737889130121267,5
R1114C,L-occipital,375.0,0.7035382886270061,5
R1114C,L-occipital,425.0,0.6250187923588124,5
R1114C,L-occipital,475.0,0.48899577087851176,5
R1114C,L-occipital,525.0,0.47251414831720695,5
R1114C,L-occipital,575.0,0.5122237329960315,5
R1114C,L-occipital,625.0,0.4816929861747138,5
R1114C,L-occipital,675.0,0.4889518459994888,5
R1114C,L-occipital,725.0,0.42035081605919145,5
R1114C,L-occipital,775.0,0.46086595945893266,5
R1114C,L-occipital,825.0,0.47252197781515193,5
R1114C,L-occipital,875.0,0.4822687101918355,5
R1114C,L-occipital,925.0,0.4959105247693444,5
R1114C,L-occipital,975.0,0.4768186655470251,5
R1114C,L-occipital,1025.0,0.4631184749871327,5
R1114C,L-occipital,1075.0,0.4720116124833359,5
R1114C,L-occipital,1125.0,0.4178903880793222,5
R1114C,L-occipital,1175.0,0.46494024904485887,5
R1114C,L-occipital,1225.0,0.4738160154742152,5
R1114C,L-occipital,1275.0,0.44107447120843685,5
R1114C,L-occipital,1325.0,0.4047813550127751,5
R1114C,L-occipital,1375.0,0.46013561699449246,5
R1114C,L-occipital,1425.0,0.46636890160516503,5
R1114C,L-occipital,1475.0,0.38644228040532136,5
R1114C,L-occipital,1525.0,0.4539045531566548,5
R1114C,L-occipital,1575.0,0.4204778568953408,5
R1114C,L-parietal,25.0,-0.028109308463055326,3
R1114C,L-parietal,75.0,-0.005055728288170597,3
R1114C,L-parietal,125.0,-0.004763278182204363,3
R1114C,L-parietal,175.0,0.062049824196349586,3
R1114C,L-parietal,225.0,0.07833481953930664,3
R1114C,L-parietal,275.0,-0.024991058609310873,3
R1114C,L-parietal,325.0,0.005228867484156377,3
R1114C,L-parietal,375.0,0.057525907398709,3
R1114C,L-parietal,425.0,0.03452451011274521,3
R1114C,L-parietal,475.0,-0.012696421208650109,3
R1114C,L-parietal,525.0,-0.02712726488760334,3
R1114C,L-parietal,575.0,-0.045266144691219756,3
R1114C,L-parietal,625.0,-0.019711493528206742,3
R1114C,L-parietal,675.0,0.05956773909915056,3
R1114C,L-parietal,725.0,-0.007888180050310438,3
R1114C,L-parietal,775.0,0.04051142045767439,3
R1114C,L-parietal,825.0,0.009496752319340515,3
R1114C,L-parietal,875.0,0.05544349078251959,3
R1114C,L-parietal,925.0,0.07171540910422534,3
R1114C,L-parietal,975.0,0.10322303215026585,3
R1114C,L-parietal,1025.0,0.09639396923705967,3
R1114C,L-parietal,1075.0,0.09698385091678863,3
R1114C,L-parietal,1125.0,0.11900952751538911,3
R1114C,L-parietal,1175.0,0.13293410564403263,3
R1114C,L-parietal,1225.0,0.08915566758747362,3
R1114C,L-parietal,1275.0,0.022397513390323975,3
R1114C,L-parietal,1325.0,0.017015061467657827,3
R1114C,L-parietal,1375.0,0.062311229390242084,3
R1114C,L-parietal,1425.0,0.03658734212133384,3
R1114C,L-parietal,1475.0,-0.023998704999800863,3
R1114C,L-parietal,1525.0,-0.025018243391043138,3
R1114C,L-parietal,1575.0,0.014211289957203608,3
R1114C,L-temporal,25.0,0.051115669525081835,11
R1114C,L-temporal,75.0,0.348110285925649,11
R1114C,L-temporal,125.0,0.6429333412881054,11
R1114C,L-temporal,175.0,0.6282025643842126,11
R1114C,L-temporal,225.0,0.5706135297732744,11
R1114C,L-temporal,275.0,0.5078944350015799,11
R1114C,L-temporal,325.0,0.6202138606916942,11
R1114C,L-temporal,375.0,0.5963105995211687,11
R1114C,L-temporal,425.0,0.5013300106560289,11
R1114C,L-temporal,475.0,0.4936463972001093,11
R1114C,L-temporal,525.0,0.4683973617806432,11
R1114C,L-temporal,575.0,0.43280778110982027,11
R1114C,L-temporal,625.0,0.41218252500553393,11
R1114C,L-temporal,675.0,0.41945060354254243,11
R1114C,L-temporal,725.0,0.3611128907137789,11
R1114C,L-temporal,775.0,0.3524460312505493,11
R1114C,L-temporal,825.0,0.3954924893554317,11
R1114C,L-temporal,875.0,0.38827084280377266,11
R1114C,L-temporal,925.0,0.3733099016549975,11
R1114C,L-temporal,975.0,0.41490897206587113,11
R1114C,L-temporal,1025.0,0.392178274662065,11
R1114C,L-temporal,1075.0,0.4197551978028997,11
R1114C,L-temporal,1125.0,0.42279190452454896,11
R1114C,L-temporal,1175.0,0.43097139094181913,11
R1114C,L-temporal,1225.0,0.4155529201495831,11
R1114C,L-temporal,1275.0,0.3992756110741214,11
R1114C,L-temporal,1325.0,0.4308482973136952,11
R1114C,L-temporal,1375.0,0.4277049799731127,11
R1114C,L-temporal,1425.0,0.40258184880823306,11
R1114C,L-temporal,1475.0,0.3933521834651748,11
R1114C,L-temporal,1525.0,0.4119997216333309,11
R1114C,L-temporal,1575.0,0.44830118755660087,11
R1115T,L-temporal,25.0,-0.07703674055517908,3
R1115T,L-temporal,75.0,-0.00884992251795621,3
R1115T,L-temporal,125.0,0.09381844380038755,3
R1115T,L-temporal,175.0,0.05717758978748369,3
R1115T,L-temporal,225.0,0.07523855940511816,3
R1115T,L-temporal,275.0,0.13943694807582677,3
R1115T,L-temporal,325.0,0.12808042278214862,3
R1115T,L-temporal,375.0,0.19250970956336974,3
R1115T,L-temporal,425.0,0.1395109513360287,3
R1115T,L-temporal,475.0,0.10268127014381406,3
R1115T,L-temporal,525.0,0.18711243398320146,3
R1115T,L-temporal,575.0,0.12329041490038435,3
R1115T,L-temporal,625.0,0.092351883739848,3
R1115T,L-temporal,675.0,0.1625445204511038,3
R1115T,L-temporal,725.0,0.11216587108991422,3
R1115T,L-temporal,775.0,0.1672278122166804,3
R1115T,L-temporal,825.0,0.07718336409832877,3
R1115T,L-temporal,875.0,0.11447025440829976,3
R1115T,L-temporal,925.0,0.20268959095097946,3
R1115T,L-temporal,975.0,0.14310469477127066,3
R1115T,L-temporal,1025.0,0.1287670545234852,3
R1115T,L-temporal,1075.0,0.057339010833381276,3
R1115T,L-temporal,1125.0,0.03505512012565593,3
R1115T,L-temporal,1175.0,0.14070007979296395,3
R1115T,L-temporal,1225.0,0.11598022798743267,3
R1115T,L-temporal,1275.0,0.05642550675957409,3
R1115T,L-temporal,1325.0,0.07070357863261069,3
R1115T,L-temporal,1375.0,0.07492778193116398,3
R1115T,L-temporal,1425.0,0.05518039191382429,3
R1115T,L-temporal,1475.0,0.007906103273319837,3
R1115T,L-temporal,1525.0,-0.02304027803715065,3
R1115T,L-temporal,1575.0,0.032990795094665216,3
R1115T,R-frontal,25.0,-0.055049277740820135,12
R1115T,R-frontal,75.0,-0.0820868006133699,12
R1115T,R-frontal,125.0,-0.048229474220161384,12
R1115T,R-frontal,175.0,-0.05370830857742175,12
R1115T,R-frontal,225.0,-0.05581568416376594,12
R1115T,R-frontal,275.0,-0.05514873392317332,12
R1115T,R-frontal,325.0,-0.04942658300581321,12
R1115T,R-frontal,375.0,-0.07356619006643055,12
R1115T,R-frontal,425.0,-0.047241373991368636,12
R1115T,R-frontal,475.0,-0.09379839525249013,12
R1115T,R-frontal,525.0,-0.06395714867722442,12
R1115T,R-frontal,575.0,-0.056775600592668174,12
R1115T,R-frontal,625.0,-0.07559245719001671,12
R1115T,R-frontal,675.0,-0.03285327366178705,12
R1115T,R-frontal,725.0,-0.08023958501545243,12
R1115T,R-frontal,775.0,-0.019374449527325092,12
R1115T,R-frontal,825.0,-0.03310509767222384,12
R1115T,R-frontal,875.0,-0.028819023439473863,12
R1115T,R-frontal,925.0,-0.034989111036422695,12
R1115T,R-frontal,975.0,-0.002677973162061345,12
R1115T,R-frontal,1025.0,-0.03923853938309627,12
R1115T,R-frontal,1075.0,-0.03876339687948132,12
R1115T,R-frontal,1125.0,-0.004392016791161471,12
R1115T,R-frontal,1175.0,-0.011230814603686934,12
R1115T,R-frontal,1225.0,-0.017116401615922233,12
R1115T,R-frontal,1275.0,-0.038417449256738685,12
R1115T,R-frontal,1325.0,0.01479238175664823,12
R1115T,R-frontal,1375.0,0.013153678165308566,12
R1115T,R-frontal,1425.0,-0.010651419030468852,12
R1115T,R-frontal,1475.0,0.03890744980514216,12
R1115T,R-frontal,1525.0,0.005082122229572188,12
R1115T,R-frontal,1575.0,0.04872091163186288,12
R1115T,R-parietal,25.0,-0.1091517796960017,9
R1115T,R-parietal,75.0,-0.09148206674168935,9
R1115T,R-parietal,125.0,-0.13777812084996516,9
R1115T,R-parietal,175.0,-0.16199342194475777,9
R1115T,R-parietal,225.0,-0.1779966063789884,9
R1115T,R-parietal,275.0,-0.17278472231364916,9
R1115T,R-parietal,325.0,-0.2359352773881295,9
R1115T,R-parietal,375.0,-0.14011278846664268,9
R1115T,R-parietal,425.0,-0.18264291295851443,9
R1115T,R-parietal,475.0,-0.17913568030719826,9
R1115T,R-parietal,525.0,-0.16286912949295576,9
R1115T,R-parietal,575.0,-0.09367020974451062,9
R1115T,R-parietal,625.0,-0.15142607831846464,9
R1115T,R-parietal,675.0,-0.16664869224233222,9
R1115T,R-parietal,725.0,-0.11291809566846049,9
R1115T,R-parietal,775.0,-0.036692790318153146,9
R1115T,R-parietal,825.0,-0.14045243566873672,9
R1115T,R-parietal,875.0,-0.19734660640470425,9
R1115T,R-parietal,925.0,-0.14274175567077996,9
R1115T,R-parietal,975.0,-0.06938631397151138,9
R1115T,R-parietal,1025.0,-0.11669360512865389,9
R1115T,R-parietal,1075.0,-0.18081277366229026,9
R1115T,R-parietal,1125.0,-0.1271047821794115,9
R1115T,R-parietal,1175.0,-0.04349055634244645,9
R1115T,R-parietal,1225.0,-0.13214815745224365,9
R1115T,R-parietal,1275.0,-0.032471720347823474,9
R1115T,R-parietal,1325.0,-0.04524278736728419,9
R1115T,R-parietal,1375.0,0.06647974959835397,9
R1115T,R-parietal,1425.0,0.0842633066691708,9
R1115T,R-parietal,1475.0,0.08194137955511117,9
R1115T,R-parietal,1525.0,0.010247960342549482,9
R1115T,R-parietal,1575.0,0.058255255423686356,9
R1115T,R-temporal,25.0,-0.03191251851072892,13
R1115T,R-temporal,75.0,0.0008345628668529359,13
R1115T,R-temporal,125.0,-0.040004252064735506,13
R1115T,R-temporal,175.0,0.02966328815829187,13
R1115T,R-temporal,225.0,-0.025525479907688255,13
R1115T,R-temporal,275.0,-0.0019586967890179835,13
R1115T,R-temporal,325.0,-0.030887984859091368,13
R1115T,R-temporal,375.0,-0.03189843645621744,13
R1115T,R-temporal,425.0,0.014998104995578746,13
R1115T,R-temporal,475.0,0.001266058237801934,13
R1115T,R-temporal,525.0,-0.008900641558419313,13
R1115T,R-temporal,575.0,0.010300919999586619,13
R1115T,R-temporal,625.0,0.009979176966958688,13
R1115T,R-temporal,675.0,-0.03920022559623329,13
R1115T,R-temporal,725.0,-0.0221097481458174,13
R1115T,R-temporal,775.0,-0.006027281770030447,13
R1115T,R-temporal,825.0,-0.00865121900926723,13
R1115T,R-temporal,875.0,0.00773711770738262,13
R1115T,R-temporal,925.0,-0.016235032804452657,13
R1115T,R-temporal,975.0,-9.230244869247343e-05,13
R1115T,R-temporal,1025.0,-0.06290929181134547,13
R1115T,R-temporal,1075.0,-0.008558615330116854,13
R1115T,R-temporal,1125.0,-0.0005193473624494327,13
R1115T,R-temporal,1175.0,-0.05952297716524712,13
R1115T,R-temporal,1225.0,-0.02433912095442399,13
R1115T,R-temporal,1275.0,0.003613134042947578,13
R1115T,R-temporal,1325.0,0.043731987250638364,13
R1115T,R-temporal,1375.0,0.04004963703427045,13
R1115T,R-temporal,1425.0,-0.021990571067147822,13
R1115T,R-temporal,1475.0,0.005767982153456828,13
R1115T,R-temporal,1525.0,-0.027787524909430667,13
R1115T,R-temporal,1575.0,0.0019708737477259894,13
R1118N,L-frontal,25.0,0.0002246570763005271,19
R1118N,L-frontal,75.0,-0.01289645168343403,19
R1118N,L-frontal,125.0,-0.011074772237651208,19
R1118N,L-frontal,175.0,0.013256680568432974,19
R1118N,L-frontal,225.0,0.002271591601409024,19
R1118N,L-frontal,275.0,0.00655525630736175,19
R1118N,L-frontal,325.0,-0.024698416470475288,19
R1118N,L-frontal,375.0,-0.012091532217307336,19
R1118N,L-frontal,425.0,-0.01003562641025252,19
R1118N,L-frontal,475.0,-0.02139983582591834,19
R1118N,L-frontal,525.0,-0.023981009945732584,19
R1118N,L-frontal,575.0,-0.024949698440899223,19
R1118N,L-frontal,625.0,-0.036892511045890086,19
R1118N,L-frontal,675.0,-0.013253170086599033,19
R1118N,L-frontal,725.0,-0.054563299974086286,19
R1118N,L-frontal,775.0,-0.05133548767970694,19
R1118N,L-frontal,825.0,-0.04052193971078608,19
R1118N,L-frontal,875.0,0.010169484102507566,19
R1118N,L-frontal,925.0,0.012158089785609746,19
R1118N,L-frontal,975.0,-0.000984192874094535,19
R1118N,L-frontal,1025.0,0.004087779913467896,19
R1118N,L-frontal,1075.0,0.010078061656659415,19
R1118N,L-frontal,1125.0,0.010693991219691983,19
R1118N,L-frontal,1175.0,0.023008837606144705,19
R1118N,L-frontal,1225.0,0.018738579029807145,19
R1118N,L-frontal,1275.0,0.01147351971665841,19
R1118N,L-frontal,1325.0,-0.0034475089484559416,19
R1118N,L-frontal,1375.0,0.017271487245699074,19
R1118N,L-frontal,1425.0,-0.010633643195012617,19
R1118N,L-frontal,1475.0,-0.014150626738664967,19
R1118N,L-frontal,1525.0,0.00545426446150345,19
R1118N,L-frontal,1575.0,0.010543041810220241,19
R1118N,L-occipital,25.0,0.018588686341140456,22
R1118N,L-occipital,75.0,0.002029607484126754,22
R1118N,L-occipital,125.0,0.16441113818754866,22
R1118N,L-occipital,175.0,0.220362755668026,22
R1118N,L-occipital,225.0,0.22088523737298835,22
R1118N,L-occipital,275.0,0.23705903132813536,22
R1118N,L-occipital,325.0,0.3143858273285927,22
R1118N,L-occipital,375.0,0.30369740213571217,22
R1118N,L-occipital,425.0,0.2754908289248558,22
R1118N,L-occipital,475.0,0.25487639968196474,22
R1118N,L-occipital,525.0,0.18812762520537693,22
R1118N,L-occipital,575.0,0.16040164194111062,22
R1118N,L-occipital,625.0,0.1513680574189742,22
R1118N,L-occipital,675.0,0.13435323728616733,22
R1118N,L-occipital,725.0,0.10929984710637336,22
R1118N,L-occipital,775.0,0.06821872670306409,22
R1118N,L-occipital,825.0,0.054827215505442776,22
R1118N,L-occipital,875.0,0.0914236317687645,22
R1118N,L-occipital,925.0,0.08818126795105825,22
R1118N,L-occipital,975.0,0.08401495072127936,22
R1118N,L-occipital,1025.0,0.06512963637723351,22
R1118N,L-occipital,1075.0,0.062383589641798465,22
R1118N,L-occipital,1125.0,0.09030397348149428,22
R1118N,L-occipital,1175.0,0.04934987997642238,22
R1118N,L-occipital,1225.0,0.03966537165538422,22
R1118N,L-occipital,1275.0,0.06907410341718907,22
R1118N,L-occipital,1325.0,0.035496652110307184,22
R1118N,L-occipital,1375.0,0.050568871200484096,22
R1118N,L-occipital,1425.0,0.052188711408288714,22
R1118N,L-occipital,1475.0,0.0434955297634577,22
R1118N,L-occipital,1525.0,0.06584240152213651,22
R1118N,L-occipital,1575.0,0.06493526851085336,22
R1118N,L-parietal,25.0,-0.021624215398611275,13
R1118N,L-parietal,75.0,0.003547299881617234,13
R1118N,L-parietal,125.0,0.010483080155199843,13
R1118N,L-parietal,175.0,-0.006563154030380866,13
R1118N,L-parietal,225.0,-0.014431021599940901,13
R1118N,L-parietal,275.0,0.018023226669109448,13
R1118N,L-parietal,325.0,0.047115071665066226,13
R1118N,L-parietal,375.0,0.054237114822627414,13
R1118N,L-parietal,425.0,0.03152656695875484,13
R1118N,L-parietal,475.0,0.014438624463731455,13
R1118N,L-parietal,525.0,0.01600452049082002,13
R1118N,L-parietal,575.0,0.011484186081581828,13
R1118N,L-parietal,625.0,0.014165722271069593,13
R1118N,L-parietal,675.0,0.01737832440872127,13
R1118N,L-parietal,725.0,0.01105467248544804,13
R1118N,L-parietal,775.0,-0.029432391202799984,13
R1118N,L-parietal,825.0,-0.0009467186872784886,13
R1118N,L-parietal,875.0,0.015018966209519261,13
R1118N,L-parietal,925.0,-0.0025073485195955853,13
R1118N,L-parietal,975.0,-0.017193013101774148,13
R1118N,L-parietal,1025.0,0.031019121854119477,13
R1118N,L-parietal,1075.0,-0.009133017339894594,13
R1118N,L-parietal,1125.0,-0.006542958584832234,13
R1118N,L-parietal,1175.0,-0.02325586047862083,13
R1118N,L-parietal,1225.0,0.0390924249336656,13
R1118N,L-parietal,1275.0,-0.013479537668036952,13
R1118N,L-parietal,1325.0,9.156687761620212e-05,13
R1118N,L-parietal,1375.0,0.0036854340056140214,13
R1118N,L-parietal,1425.0,0.0021425720619811742,13
R1118N,L-parietal,1475.0,0.0018973465401918978,13
R1118N,L-parietal,1525.0,-0.00760566687064591,13
R1118N,L-parietal,1575.0,-0.010240312491653535,13
R1118N,L-temporal,25.0,-0.0037116813619797093,46
R1118N,L-temporal,75.0,-0.009407852297935986,46
R1118N,L-temporal,125.0,0.023599442864020447,46
R1118N,L-temporal,175.0,0.02695358006980296,46
R1118N,L-temporal,225.0,0.023315735965729632,46
R1118N,L-temporal,275.0,0.023177688641472963,46
R1118N,L-temporal,325.0,0.0014240181077878565,46
R1118N,L-temporal,375.0,-0.0017810231158605547,46
R1118N,L-temporal,425.0,0.030665815702824215,46
R1118N,L-temporal,475.0,0.03650044900793661,46
R1118N,L-temporal,525.0,0.003839985237216293,46
R1118N,L-temporal,575.0,0.003171969404724299,46
R1118N,L-temporal,625.0,0.01805258016553535,46
R1118N,L-temporal,675.0,0.00708376783578347,46
R1118N,L-temporal,725.0,0.006259605720357993,46
R1118N,L-temporal,775.0,-0.007095535141763464,46
R1118N,L-temporal,825.0,-0.00783772355017677,46
R1118N,L-temporal,875.0,0.012327333421056366,46
R1118N,L-temporal,925.0,-0.010122729951773223,46
R1118N,L-temporal,975.0,0.003866170200582362,46
R1118N,L-temporal,1025.0,0.001377804200340073,46
R1118N,L-temporal,1075.0,0.005381771654105511,46
R1118N,L-temporal,1125.0,0.014485606861651654,46
R1118N,L-temporal,1175.0,0.011840948674189276,46
R1118N,L-temporal,1225.0,0.011544724665720995,46
R1118N,L-temporal,1275.0,0.010290005059460703,46
R1118N,L-temporal,1325.0,-0.02366522927053501,46
R1118N,L-temporal,1375.0,-0.010277368904588321,46
R1118N,L-temporal,1425.0,0.006379083080481407,46
R1118N,L-temporal,1475.0,0.001834039138092254,46
R1118N,L-temporal,1525.0,0.01194606097569131,46
R1118N,L-temporal,1575.0,0.0015702850478943441,46
R1120E,L-parietal,25.0,0.015831619543652854,8
R1120E,L-parietal,75.0,0.013646583245221361,8
R1120E,L-parietal,125.0,0.022623813634090665,8
R1120E,L-parietal,175.0,-0.002291430005895231,8
R1120E,L-parietal,225.0,0.031165667760227347,8
R1120E,L-parietal,275.0,0.0020295991847675294,8
R1120E,L-parietal,325.0,-0.03602127139069831,8
R1120E,L-parietal,375.0,-0.0076557785970267685,8
R1120E,L-parietal,425.0,0.014815040027482998,8
R1120E,L-parietal,475.0,-0.014164960012744207,8
R1120E,L-parietal,525.0,0.03159093815433593,8
R1120E,L-parietal,575.0,0.047148861670894215,8
R1120E,L-parietal,625.0,0.08633702780460943,8
R1120E,L-parietal,675.0,0.10413470326262894,8
R1120E,L-parietal,725.0,0.10983264567897653,8
R1120E,L-parietal,775.0,0.1477446541985801,8
R1120E,L-parietal,825.0,0.12117805104039797,8
R1120E,L-parietal,875.0,0.14810534740624443,8
R1120E,L-parietal,925.0,0.11694863702522941,8
R1120E,L-parietal,975.0,0.12560072643523723,8
R1120E,L-parietal,1025.0,0.1435499456229283,8
R1120E,L-parietal,1075.0,0.13570539246015753,8
R1120E,L-parietal,1125.0,0.123884557747136,8
R1120E,L-parietal,1175.0,0.0981267054466754,8
R1120E,L-parietal,1225.0,0.12752186094187543,8
R1120E,L-parietal,1275.0,0.13395472221110433,8
R1120E,L-parietal,1325.0,0.09328857445461244,8
R1120E,L-parietal,1375.0,0.07691631888725989,8
R1120E,L-parietal,1425.0,0.07913744353269311,8
R1120E,L-parietal,1475.0,0.1032377327869911,8
R1120E,L-parietal,1525.0,0.026333282627060316,8
R1120E,L-parietal,1575.0,0.018733652712493932,8
R1120E,L-temporal,25.0,-0.05086300538698689,23
R1120E,L-temporal,75.0,0.02977782919147911,23
R1120E,L-temporal,125.0,0.22634528458708067,23
R1120E,L-temporal,175.0,0.20639521032743335,23
R1120E,L-temporal,225.0,0.2260142275686301,23
R1120E,L-temporal,275.0,0.20418907818181423,23
R1120E,L-temporal,325.0,0.15861469153692512,23
R1120E,L-temporal,375.0,0.14821221582706393,23
R1120E,L-temporal,425.0,0.1441998572011393,23
R1120E,L-temporal,475.0,0.14816076948422802,23
R1120E,L-temporal,525.0,0.1657932889950377,23
R1120E,L-temporal,575.0,0.11989573533122917,23
R1120E,L-temporal,625.0,0.09745026263358093,23
R1120E,L-temporal,675.0,0.08542047436482815,23
R1120E,L-temporal,725.0,0.09470749456459915,23
R1120E,L-temporal,775.0,0.11109462603227173,23
R1120E,L-temporal,825.0,0.11846758666655681,23
R1120E,L-temporal,875.0,0.10733122388509163,23
R1120E,L-temporal,925.0,0.0818876964846654,23
R1120E,L-temporal,975.0,0.07609215957610059,23
R1120E,L-temporal,1025.0,0.12137996333062966,23
R1120E,L-temporal,1075.0,0.11139053128917839,23
R1120E,L-temporal,1125.0,0.10250699518974729,23
R1120E,L-temporal,1175.0,0.12448876059979631,23
R1120E,L-temporal,1225.0,0.1469420908273941,23
R1120E,L-temporal,1275.0,0.1668578185557453,23
R1120E,L-temporal,1325.0,0.12087303066188483,23
R1120E,L-temporal,1375.0,0.12777426394267796,23
R1120E,L-temporal,1425.0,0.11026836712361651,23
R1120E,L-temporal,1475.0,0.10847202198377208,23
R1120E,L-temporal,1525.0,0.10864580485899086,23
R1120E,L-temporal,1575.0,0.11359579309150646,23
R1120E,R-frontal,25.0,0.04914575140903077,3
R1120E,R-frontal,75.0,0.0036444505167521706,3
R1120E,R-frontal,125.0,-0.011462113534516857,3
R1120E,R-frontal,175.0,-0.002079535699551882,3
R1120E,R-frontal,225.0,-0.045117525348533825,3
R1120E,R-frontal,275.0,0.00037616501341113627,3
R1120E,R-frontal,325.0,0.07011658995979617,3
R1120E,R-frontal,375.0,-0.06289642988993857,3
R1120E,R-frontal,425.0,0.040534976394943016,3
R1120E,R-frontal,475.0,0.056882471865862066,3
R1120E,R-frontal,525.0,0.06280369687068693,3
R1120E,R-frontal,575.0,0.08109802829901509,3
R1120E,R-frontal,625.0,0.07257452201245262,3
R1120E,R-frontal,675.0,0.09429766691331547,3
R1120E,R-frontal,725.0,0.11823460837985451,3
R1120E,R-frontal,775.0,0.09611661759476603,3
R1120E,R-frontal,825.0,0.14052590967267845,3
R1120E,R-frontal,875.0,0.09372600940923703,3
R1120E,R-frontal,925.0,0.04910860731238615,3
R1120E,R-frontal,975.0,0.08544639000388911,3
R1120E,R-frontal,1025.0,0.07687427009520395,3
R1120E,R-frontal,1075.0,0.06376309846793637,3
R1120E,R-frontal,1125.0,0.06386956813458722,3
R1120E,R-frontal,1175.0,0.06099701485776643,3
R1120E,R-frontal,1225.0,0.07755678820622412,3
R1120E,R-frontal,1275.0,0.0422743767613045,3
R1120E,R-frontal,1325.0,0.022783838492240204,3
R1120E,R-frontal,1375.0,0.040687361430977724,3
R1120E,R-frontal,1425.0,0.052672934720179254,3
R1120E,R-frontal,1475.0,0.0788688839112771,3
R1120E,R-frontal,1525.0,0.07879558617142314,3
R1120E,R-frontal,1575.0,-0.035096670096390746,3
R1120E,R-occipital,25.0,-0.015007984863406532,7
R1120E,R-occipital,75.0,-0.0560752380159215,7
R1120E,R-occipital,125.0,0.047547546749388145,7
R1120E,R-occipital,175.0,-0.024445131105044326,7
R1120E,R-occipital,225.0,0.0368839017028141,7
R1120E,R-occipital,275.0,0.03125011807011246,7
R1120E,R-occipital,325.0,0.028117696326285333,7
R1120E,R-occipital,375.0,-0.019133174963573456,7
R1120E,R-occipital,425.0,0.027082095377386484,7
R1120E,R-occipital,475.0,0.0011074751908070573,7
R1120E,R-occipital,525.0,0.017103012949207567,7
R1120E,R-occipital,575.0,0.06107857407701654,7
R1120E,R-occipital,625.0,0.02888405390082477,7
R1120E,R-occipital,675.0,0.06365087315650139,7
R1120E,R-occipital,725.0,0.051703886240815955,7
R1120E,R-occipital,775.0,0.07854290235262083,7
R1120E,R-occipital,825.0,0.08273897223881226,7
R1120E,R-occipital,875.0,0.07357414122788128,7
R1120E,R-occipital,925.0,0.032193745218068136,7
R1120E,R-occipital,975.0,0.03174725255755036,7
R1120E,R-occipital,1025.0,0.0374542175364865,7
R1120E,R-occipital,1075.0,0.06145467621417395,7
R1120E,R-occipital,1125.0,0.01263945308784588,7
R1120E,R-occipital,1175.0,0.02037142893719682,7
R1120E,R-occipital,1225.0,0.059846829712359835,7
R1120E,R-occipital,1275.0,0.08541861953310335,7
R1120E,R-occipital,1325.0,0.004194073031831193,7
R1120E,R-occipital,1375.0,0.0058321745621717725,7
R1120E,R-occipital,1425.0,-0.026687370878855525,7
R1120E,R-occipital,1475.0,0.03596911013969262,7
R1120E,R-occipital,1525.0,0.006237469526019999,7
R1120E,R-occipital,1575.0,-0.014508140020114402,7
R1120E,R-parietal,25.0,-3.552896319201637e-05,10
R1120E,R-parietal,75.0,0.0005869223883915274,10
R1120E,R-parietal,125.0,0.02784756851039133,10
R1120E,R-parietal,175.0,0.02711391978330687,10
R1120E,R-parietal,225.0,0.04118379484763912,10
R1120E,R-parietal,275.0,-0.02273634872664966,10
R1120E,R-parietal,325.0,-0.0317112207356408,10
R1120E,R-parietal,375.0,-0.023067082370207843,10
R1120E,R-parietal,425.0,-0.03517816780040067,10
R1120E,R-parietal,475.0,-0.009408126079225561,10
R1120E,R-parietal,525.0,-0.03375314659318622,10
R1120E,R-parietal,575.0,-0.017429555028866305,10
R1120E,R-parietal,625.0,0.01414674852763043,10
R1120E,R-parietal,675.0,0.012051934673679942,10
R1120E,R-parietal,725.0,0.027395576452731156,10
R1120E,R-parietal,775.0,0.06837322029468053,10
R1120E,R-parietal,825.0,0.07505836562890922,10
R1120E,R-parietal,875.0,0.08596027396415148,10
R1120E,R-parietal,925.0,0.05145077340134287,10
R1120E,R-parietal,975.0,0.042331895335664387,10
R1120E,R-parietal,1025.0,0.03347473490426202,10
R1120E,R-parietal,1075.0,0.01406489004127955,10
R1120E,R-parietal,1125.0,0.054392904485173275,10
R1120E,R-parietal,1175.0,0.04673873564136644,10
R1120E,R-parietal,1225.0,0.03946362223273116,10
R1120E,R-parietal,1275.0,0.07225085171906179,10
R1120E,R-parietal,1325.0,0.050277398216704114,10
R1120E,R-parietal,1375.0,0.04903025238883227,10
R1120E,R-parietal,1425.0,0.018663517131665183,10
R1120E,R-parietal,1475.0,0.07816982148968307,10
R1120E,R-parietal,1525.0,0.046540274225107266,10
R1120E,R-parietal,1575.0,0.04109934287658919,10
R1120E,R-temporal,25.0,0.01955807650145549,11
R1120E,R-temporal,75.0,-0.023554781730126206,11
R1120E,R-temporal,125.0,0.06937803101997696,11
R1120E,R-temporal,175.0,0.10029468692204034,11
R1120E,R-temporal,225.0,0.09422636836543113,11
R1120E,R-temporal,275.0,0.09964028735742345,11
R1120E,R-temporal,325.0,0.0492622127070536,11
R1120E,R-temporal,375.0,-0.01728681619814512,11
R1120E,R-temporal,425.0,0.05880177483640437,11
R1120E,R-temporal,475.0,0.04926712836562852,11
R1120E,R-temporal,525.0,0.041324225245876096,11
R1120E,R-temporal,575.0,0.03664889868851781,11
R1120E,R-temporal,625.0,0.06792600429713593,11
R1120E,R-temporal,675.0,0.0719763455347804,11
R1120E,R-temporal,725.0,0.04867292529711326,11
R1120E,R-temporal,775.0,0.09804848333373566,11
R1120E,R-temporal,825.0,0.09350765789854548,11
R1120E,R-temporal,875.0,0.09417149474371368,11
R1120E,R-temporal,925.0,0.06225312980918076,11
R1120E,R-temporal,975.0,0.07123411514191694,11
R1120E,R-temporal,1025.0,0.07835413229237244,11
R1120E,R-temporal,1075.0,0.12307705533285934,11
R1120E,R-temporal,1125.0,0.10169471438160146,11
R1120E,R-temporal,1175.0,0.054541153476107,11
R1120E,R-temporal,1225.0,0.09200995265371867,11
R1120E,R-temporal,1275.0,0.14380001449399454,11
R1120E,R-temporal,1325.0,0.06750522394300787,11
R1120E,R-temporal,1375.0,0.09821589677622265,11
R1120E,R-temporal,1425.0,-0.011148154786581528,11
R1120E,R-temporal,1475.0,0.07596333866177524,11
R1120E,R-temporal,1525.0,0.06113150837541963,11
R1120E,R-temporal,1575.0,-0.012529342796470565,11
R1122E,L-temporal,25.0,0.03205804407268073,11
R1122E,L-temporal,75.0,0.003451345381385322,11
R1122E,L-temporal,125.0,-0.03374941252527258,11
R1122E,L-temporal,175.0,-0.09055123042338714,11
R1122E,L-temporal,225.0,-0.053888189210147035,11
R1122E,L-temporal,275.0,-0.021166088411767835,11
R1122E,L-temporal,325.0,-0.004088522830529416,11
R1122E,L-temporal,375.0,-0.0399236586364186,11
R1122E,L-temporal,425.0,-0.061960317498950875,11
R1122E,L-temporal,475.0,-0.013244035821314965,11
R1122E,L-temporal,525.0,-0.037312543993458264,11
R1122E,L-temporal,575.0,-0.07548686728459565,11
R1122E,L-temporal,625.0,-0.07176824108346878,11
R1122E,L-temporal,675.0,-0.014644706821395431,11
R1122E,L-temporal,725.0,-0.04979023532788291,11
R1122E,L-temporal,775.0,-0.009466072002391808,11
R1122E,L-temporal,825.0,0.053358868079919186,11
R1122E,L-temporal,875.0,0.06339894814045254,11
R1122E,L-temporal,925.0,-0.04822217869004322,11
R1122E,L-temporal,975.0,0.0075986288423508935,11
R1122E,L-temporal,1025.0,0.03773796773549218,11
R1122E,L-temporal,1075.0,-0.007772073424547567,11
R1122E,L-temporal,1125.0,-0.004702843885127989,11
R1122E,L-temporal,1175.0,-0.03227501590285087,11
R1122E,L-temporal,1225.0,0.0164379076486911,11
R1122E,L-temporal,1275.0,0.0063169780004659615,11
R1122E,L-temporal,1325.0,0.03988330278722433,11
R1122E,L-temporal,1375.0,0.04860822122044536,11
R1122E,L-temporal,1425.0,0.040157698581207886,11
R1122E,L-temporal,1475.0,0.03910067518642913,11
R1122E,L-temporal,1525.0,0.0005220975875676256,11
R1122E,L-temporal,1575.0,0.04254751026245965,11
R1122E,R-temporal,25.0,0.02593231908646595,7
R1122E,R-temporal,75.0,-0.011533562095846031,7
R1122E,R-temporal,125.0,-0.016950092970082736,7
R1122E,R-temporal,175.0,0.0019907650967533825,7
R1122E,R-temporal,225.0,-0.03571983153355931,7
R1122E,R-temporal,275.0,-0.004558413985139216,7
R1122E,R-temporal,325.0,0.048952004835033334,7
R1122E,R-temporal,375.0,-0.01571260165278404,7
R1122E,R-temporal,425.0,-0.0677609100672743,7
R1122E,R-temporal,475.0,0.02104571882945103,7
R1122E,R-temporal,525.0,-0.020996067127975766,7
R1122E,R-temporal,575.0,-0.06632944678109627,7
R1122E,R-temporal,625.0,-0.05210382950618597,7
R1122E,R-temporal,675.0,-0.052093245591836104,7
R1122E,R-temporal,725.0,-0.05168545549863133,7
R1122E,R-temporal,775.0,-0.02814042299797143,7
R1122E,R-temporal,825.0,-0.0233318288847385,7
R1122E,R-temporal,875.0,-0.0007497894357281705,7
R1122E,R-temporal,925.0,-0.048968596546778986,7
R1122E,R-temporal,975.0,-0.031712749660726326,7
R1122E,R-temporal,1025.0,-0.022292733674968996,7
R1122E,R-temporal,1075.0,-0.037688385724945435,7
R1122E,R-temporal,1125.0,-0.048123025061134514,7
R1122E,R-temporal,1175.0,-0.057714468046490885,7
R1122E,R-temporal,1225.0,-0.057305446403297086,7
R1122E,R-temporal,1275.0,-0.0010029423680315722,7
R1122E,R-temporal,1325.0,0.003860549291081986,7
R1122E,R-temporal,1375.0,-0.016938280709540027,7
R1122E,R-temporal,1425.0,-0.01825175001819542,7
R1122E,R-temporal,1475.0,0.022051101020814163,7
R1122E,R-temporal,1525.0,-0.05002121025128768,7
R1122E,R-temporal,1575.0,-0.020178792652032155,7
R1123C,L-frontal,25.0,0.020117470782113147,7
R1123C,L-frontal,75.0,-0.03243258973051536,7
R1123C,L-frontal,125.0,-0.0035460940888360176,7
R1123C,L-frontal,175.0,0.002117568765196315,7
R1123C,L-frontal,225.0,0.005729114654616742,7
R1123C,L-frontal,275.0,0.010212613645354512,7
R1123C,L-frontal,325.0,0.03334509552128958,7
R1123C,L-frontal,375.0,0.06605870370167087,7
R1123C,L-frontal,425.0,0.05566300195511277,7
R1123C,L-frontal,475.0,0.08599290069664034,7
R1123C,L-frontal,525.0,0.07568245349380072,7
R1123C,L-frontal,575.0,0.11436839525182976,7
R1123C,L-frontal,625.0,0.07818062325553508,7
R1123C,L-frontal,675.0,0.0748389873191588,7
R1123C,L-frontal,725.0,0.04664551126254116,7
R1123C,L-frontal,775.0,0.09878000607057055,7
R1123C,L-frontal,825.0,0.05674497305358637,7
R1123C,L-frontal,875.0,0.05648906369805055,7
R1123C,L-frontal,925.0,0.0447328406183766,7
R1123C,L-frontal,975.0,0.07787685423774442,7
R1123C,L-frontal,1025.0,0.03184461961576819,7
R1123C,L-frontal,1075.0,0.05247094355848373,7
R1123C,L-frontal,1125.0,0.013026687484180413,7
R1123C,L-frontal,1175.0,0.04532551397892418,7
R1123C,L-frontal,1225.0,0.02627150689203162,7
R1123C,L-frontal,1275.0,0.02785405799925131,7
R1123C,L-frontal,1325.0,-0.00013783256038582745,7
R1123C,L-frontal,1375.0,0.033038416670792055,7
R1123C,L-frontal,1425.0,0.039354666910966514,7
R1123C,L-frontal,1475.0,-0.0015837902527449123,7
R1123C,L-frontal,1525.0,0.010836185576929452,7
R1123C,L-frontal,1575.0,0.0172142330610619,7
R1123C,L-occipital,25.0,0.01665450369784716,9
R1123C,L-occipital,75.0,0.0019247420331417419,9
R1123C,L-occipital,125.0,0.08153626392190359,9
R1123C,L-occipital,175.0,0.1567842666340831,9
R1123C,L-occipital,225.0,0.16691797543274506,9
R1123C,L-occipital,275.0,0.15203724850864708,9
R1123C,L-occipital,325.0,0.09370296839522348,9
R1123C,L-occipital,375.0,0.07093854553078242,9
R1123C,L-occipital,425.0,0.07925911816665937,9
R1123C,L-occipital,475.0,0.06936925725765387,9
R1123C,L-occipital,525.0,0.0513836270133091,9
R1123C,L-occipital,575.0,0.0305263719226969,9
R1123C,L-occipital,625.0,0.06472396326770968,9
R1123C,L-occipital,675.0,0.05483486690920744,9
R1123C,L-occipital,725.0,0.049982781799773744,9
R1123C,L-occipital,775.0,0.10676149466305315,9
R1123C,L-occipital,825.0,0.09559276700261411,9
R1123C,L-occipital,875.0,0.10609384654880234,9
R1123C,L-occipital,925.0,0.0963836106369534,9
R1123C,L-occipital,975.0,0.08455356336293397,9
R1123C,L-occipital,1025.0,0.07991454224249678,9
R1123C,L-occipital,1075.0,0.05898920780005515,9
R1123C,L-occipital,1125.0,0.06382222326488593,9
R1123C,L-occipital,1175.0,0.072054022429541,9
R1123C,L-occipital,1225.0,0.049868327233102444,9
R1123C,L-occipital,1275.0,0.06847083583747679,9
R1123C,L-occipital,1325.0,0.05532459527266336,9
R1123C,L-occipital,1375.0,0.0527180523933237,9
R1123C,L-occipital,1425.0,0.037386374892498145,9
R1123C,L-occipital,1475.0,0.040388317188155935,9
R1123C,L-occipital,1525.0,0.03547810486731032,9
R1123C,L-occipital,1575.0,0.04104467695840007,9
R1123C,L-temporal,25.0,0.009172350704427604,12
R1123C,L-temporal,75.0,0.002732412954519224,12
R1123C,L-temporal,125.0,0.04606834636367101,12
R1123C,L-temporal,175.0,0.09548804322991489,12
R1123C,L-temporal,225.0,0.10911006006450504,12
R1123C,L-temporal,275.0,0.14634949491990498,12
R1123C,L-temporal,325.0,0.10758590976196002,12
R1123C,L-temporal,375.0,0.07748790881477104,12
R1123C,L-temporal,425.0,0.0907607143264267,12
R1123C,L-temporal,475.0,0.05419816949393991,12
R1123C,L-temporal,525.0,0.034494422003861706,12
R1123C,L-temporal,575.0,0.051351836935273204,12
R1123C,L-temporal,625.0,0.03479977236385781,12
R1123C,L-temporal,675.0,0.025521957269898487,12
R1123C,L-temporal,725.0,0.034818477690050496,12
R1123C,L-temporal,775.0,0.03953212523989952,12
R1123C,L-temporal,825.0,-0.017260507351145458,12
R1123C,L-temporal,875.0,0.028660470370202223,12
R1123C,L-temporal,925.0,0.0011784566722307162,12
R1123C,L-temporal,975.0,0.0405641342132514,12
R1123C,L-temporal,1025.0,0.01596566574176952,12
R1123C,L-temporal,1075.0,-0.007181776445442323,12
R1123C,L-temporal,1125.0,-0.01144189726671502,12
R1123C,L-temporal,1175.0,0.013469342956716973,12
R1123C,L-temporal,1225.0,-0.009912442394840468,12
R1123C,L-temporal,1275.0,0.00629564966028226,12
R1123C,L-temporal,1325.0,-0.007910063856019247,12
R1123C,L-temporal,1375.0,0.014047790454285844,12
R1123C,L-temporal,1425.0,-0.011600372473083093,12
R1123C,L-temporal,1475.0,0.0036465854770796886,12
R1123C,L-temporal,1525.0,-0.016252215081110178,12
R1123C,L-temporal,1575.0,0.017193410508462095,12
R1124J,L-temporal,25.0,-0.00983076646294248,3
R1124J,L-temporal,75.0,-0.07596074443249325,3
R1124J,L-temporal,125.0,-0.06197886113807748,3
R1124J,L-temporal,175.0,-0.023459913202804605,3
R1124J,L-temporal,225.0,-0.05263778352399725,3
R1124J,L-temporal,275.0,0.07424219976718302,3
R1124J,L-temporal,325.0,0.025471272363141298,3
R1124J,L-temporal,375.0,-0.031341546226315554,3
R1124J,L-temporal,425.0,-0.11720961305942386,3
R1124J,L-temporal,475.0,-0.06895063974216116,3
R1124J,L-temporal,525.0,-0.10768941814797488,3
R1124J,L-temporal,575.0,-0.06844018916220707,3
R1124J,L-temporal,625.0,-0.02227762266319776,3
R1124J,L-temporal,675.0,0.049862959407323194,3
R1124J,L-temporal,725.0,0.0020281970554354065,3
R1124J,L-temporal,775.0,0.019519367744614973,3
R1124J,L-temporal,825.0,0.021850323972240765,3
R1124J,L-temporal,875.0,0.08007192822268457,3
R1124J,L-temporal,925.0,-0.012315788706139618,3
R1124J,L-temporal,975.0,-0.018999203334090425,3
R1124J,L-temporal,1025.0,-0.01014468487804753,3
R1124J,L-temporal,1075.0,0.007517602783703775,3
R1124J,L-temporal,1125.0,-0.09091115849099912,3
R1124J,L-temporal,1175.0,-0.03820746666648144,3
R1124J,L-temporal,1225.0,0.06916776831909767,3
R1124J,L-temporal,1275.0,-0.016349820909893117,3
R1124J,L-temporal,1325.0,0.007621713673682311,3
R1124J,L-temporal,1375.0,-0.015497201395027221,3
R1124J,L-temporal,1425.0,0.04715161974549075,3
R1124J,L-temporal,1475.0,-0.02909079226020589,3
R1124J,L-temporal,1525.0,0.009266684310306859,3
R1124J,L-temporal,1575.0,-0.05715535186965559,3
R1124J,R-frontal,25.0,-0.030052192326257193,5
R1124J,R-frontal,75.0,-0.04030904015050159,5
R1124J,R-frontal,125.0,0.00017430905823377085,5
R1124J,R-frontal,175.0,0.010404836231378561,5
R1124J,R-frontal,225.0,0.0563306914421806,5
R1124J,R-frontal,275.0,0.046215222201473574,5
R1124J,R-frontal,325.0,0.00895669908959436,5
R1124J,R-frontal,375.0,0.04265231058075853,5
R1124J,R-frontal,425.0,-0.048299651390711726,5
R1124J,R-frontal,475.0,0.024783634153476758,5
R1124J,R-frontal,525.0,-0.07490172179830337,5
R1124J,R-frontal,575.0,-0.023731633302719983,5
R1124J,R-frontal,625.0,0.024044122056246182,5
R1124J,R-frontal,675.0,0.10800645211585866,5
R1124J,R-frontal,725.0,0.06500421966035126,5
R1124J,R-frontal,775.0,0.0469242140012236,5
R1124J,R-frontal,825.0,0.022282949746980037,5
R1124J,R-frontal,875.0,0.016478249731298925,5
R1124J,R-frontal,925.0,0.03559226933844747,5
R1124J,R-frontal,975.0,0.003127228365896679,5
R1124J,R-frontal,1025.0,0.03392715104087994,5
R1124J,R-frontal,1075.0,0.057347229799113775,5
R1124J,R-frontal,1125.0,-0.02776511209558969,5
R1124J,R-frontal,1175.0,-0.028235340438409244,5
R1124J,R-frontal,1225.0,0.08563859766972756,5
R1124J,R-frontal,1275.0,0.0308479130591499,5
R1124J,R-frontal,1325.0,-0.027410948974136838,5
R1124J,R-frontal,1375.0,-0.03017959377062763,5
R1124J,R-frontal,1425.0,-0.0213254355400905,5
R1124J,R-frontal,1475.0,-0.012817104452063582,5
R1124J,R-frontal,1525.0,-0.08751987465123198,5
R1124J,R-frontal,1575.0,-0.03290201181178297,5
R1124J,R-temporal,25.0,0.02301789256528481,8
R1124J,R-temporal,75.0,-0.08560479125764202,8
R1124J,R-temporal,125.0,-0.09750434612166806,8
R1124J,R-temporal,175.0,-0.027456595196479385,8
R1124J,R-temporal,225.0,-0.061432259281574086,8
R1124J,R-temporal,275.0,0.08738720014268596,8
R1124J,R-temporal,325.0,0.024198527618904658,8
R1124J,R-temporal,375.0,-0.00034697926289607283,8
R1124J,R-temporal,425.0,-0.12944948305067014,8
R1124J,R-temporal,475.0,-0.01145489679444191,8
R1124J,R-temporal,525.0,-0.0583674186804063,8
R1124J,R-temporal,575.0,-0.019113549968051587,8
R1124J,R-temporal,625.0,0.005450359811334543,8
R1124J,R-temporal,675.0,0.09761503088621416,8
R1124J,R-temporal,725.0,0.06523173343495835,8
R1124J,R-temporal,775.0,0.06395328024579443,8
R1124J,R-temporal,825.0,-0.008335794974436754,8
R1124J,R-temporal,875.0,0.06155005884307539,8
R1124J,R-temporal,925.0,-0.0045817536874748445,8
R1124J,R-temporal,975.0,0.03869444978870471,8
R1124J,R-temporal,1025.0,0.03991243878240527,8
R1124J,R-temporal,1075.0,0.023355281753247997,8
R1124J,R-temporal,1125.0,-0.11393645028272821,8
R1124J,R-temporal,1175.0,-0.05466995857990447,8
R1124J,R-temporal,1225.0,0.10245268301321897,8
R1124J,R-temporal,1275.0,-0.04937075436188751,8
R1124J,R-temporal,1325.0,-0.010891746460349485,8
R1124J,R-temporal,1375.0,0.021152652008759466,8
R1124J,R-temporal,1425.0,0.062866385521687,8
R1124J,R-temporal,1475.0,-0.08484167836770248,8
R1124J,R-temporal,1525.0,-0.05099299083440998,8
R1124J,R-temporal,1575.0,-0.08195204453042446,8
R1127P,L-temporal,25.0,0.02332152475415759,3
R1127P,L-temporal,75.0,-0.023063844426231894,3
R1127P,L-temporal,125.0,0.07916771862050552,3
R1127P,L-temporal,175.0,0.024037478449750644,3
R1127P,L-temporal,225.0,-0.006364943503411945,3
R1127P,L-temporal,275.0,0.030070553639612276,3
R1127P,L-temporal,325.0,0.046296129104286245,3
R1127P,L-temporal,375.0,0.006778289132492714,3
R1127P,L-temporal,425.0,0.005995132429305456,3
R1127P,L-temporal,475.0,-0.12572248877390743,3
R1127P,L-temporal,525.0,-0.02851301792086335,3
R1127P,L-temporal,575.0,-0.12693365983321567,3
R1127P,L-temporal,625.0,-0.06767659798055646,3
R1127P,L-temporal,675.0,-0.09341727660722705,3
R1127P,L-temporal,725.0,-0.13275602385021304,3
R1127P,L-temporal,775.0,-0.03981433772826726,3
R1127P,L-temporal,825.0,0.07229897988644454,3
R1127P,L-temporal,875.0,-0.05701805222049319,3
R1127P,L-temporal,925.0,-0.004093439516314602,3
R1127P,L-temporal,975.0,-0.00705992604996158,3
R1127P,L-temporal,1025.0,-0.04962256021763815,3
R1127P,L-temporal,1075.0,-0.12909243572780266,3
R1127P,L-temporal,1125.0,-0.15202118761870456,3
R1127P,L-temporal,1175.0,-0.03473231374902693,3
R1127P,L-temporal,1225.0,-0.05021897400632266,3
R1127P,L-temporal,1275.0,-0.039333527060602336,3
R1127P,L-temporal,1325.0,-0.06357684640267885,3
R1127P,L-temporal,1375.0,-0.09244740698677223,3
R1127P,L-temporal,1425.0,-0.14022182749742818,3
R1127P,L-temporal,1475.0,-0.1203015083129504,3
R1127P,L-temporal,1525.0,-0.0602649573026151,3
R1127P,L-temporal,1575.0,-0.08589632171079538,3
R1127P,R-frontal,25.0,0.0146812353444513,17
R1127P,R-frontal,75.0,-0.025421584236232683,17
R1127P,R-frontal,125.0,0.0019415949349406362,17
R1127P,R-frontal,175.0,0.052674653744135325,17
R1127P,R-frontal,225.0,0.055459677093050545,17
R1127P,R-frontal,275.0,0.01225520267657976,17
R1127P,R-frontal,325.0,0.03947868200993218,17
R1127P,R-frontal,375.0,-0.010208597360772696,17
R1127P,R-frontal,425.0,-0.008379765024030934,17
R1127P,R-frontal,475.0,0.016814961716640615,17
R1127P,R-frontal,525.0,-0.023472346621610345,17
R1127P,R-frontal,575.0,-0.02113127705238972,17
R1127P,R-frontal,625.0,0.05094941464066437,17
R1127P,R-frontal,675.0,0.050131299856806304,17
R1127P,R-frontal,725.0,0.01429766283684161,17
R1127P,R-frontal,775.0,0.027201224414658384,17
R1127P,R-frontal,825.0,0.037038448809415724,17
R1127P,R-frontal,875.0,-0.005251868298488262,17
R1127P,R-frontal,925.0,0.043587893893046424,17
R1127P,R-frontal,975.0,0.05370840087025752,17
R1127P,R-frontal,1025.0,0.008271453329334419,17
R1127P,R-frontal,1075.0,0.021095257442210198,17
R1127P,R-frontal,1125.0,0.017310951130229388,17
R1127P,R-frontal,1175.0,0.061576831469535166,17
R1127P,R-frontal,1225.0,0.04939810250595238,17
R1127P,R-frontal,1275.0,0.001273042559923736,17
R1127P,R-frontal,1325.0,-0.0125823285106254,17
R1127P,R-frontal,1375.0,-0.001517672051032185,17
R1127P,R-frontal,1425.0,-0.030874912736263332,17
R1127P,R-frontal,1475.0,-0.0071722226201467775,17
R1127P,R-frontal,1525.0,-0.017545611755512735,17
R1127P,R-frontal,1575.0,-0.04245649052715289,17
R1127P,R-parietal,25.0,-0.026962246465526387,4
R1127P,R-parietal,75.0,-0.020289003317753625,4
R1127P,R-parietal,125.0,0.044337594430097015,4
R1127P,R-parietal,175.0,0.03111343415334468,4
R1127P,R-parietal,225.0,0.004392852635661984,4
R1127P,R-parietal,275.0,0.0012640435101457376,4
R1127P,R-parietal,325.0,-0.006636853021400969,4
R1127P,R-parietal,375.0,-0.007089981857034702,4
R1127P,R-parietal,425.0,-0.0257639563233152,4
R1127P,R-parietal,475.0,-0.01564437476245511,4
R1127P,R-parietal,525.0,-0.10933350481492367,4
R1127P,R-parietal,575.0,-0.1481165883632538,4
R1127P,R-parietal,625.0,-0.12588077081156482,4
R1127P,R-parietal,675.0,-0.14334074550582546,4
R1127P,R-parietal,725.0,-0.07866082849102567,4
R1127P,R-parietal,775.0,-0.04250476279774799,4
R1127P,R-parietal,825.0,0.0034692277570596165,4
R1127P,R-parietal,875.0,0.01860916840798734,4
R1127P,R-parietal,925.0,-0.01721914758008894,4
R1127P,R-parietal,975.0,-0.03762419067493439,4
R1127P,R-parietal,1025.0,-0.09108254292698185,4
R1127P,R-parietal,1075.0,-0.07051243460806005,4
R1127P,R-parietal,1125.0,-0.07289366850744038,4
R1127P,R-parietal,1175.0,-0.011280711738409156,4
R1127P,R-parietal,1225.0,-0.008594723044828481,4
R1127P,R-parietal,1275.0,-0.030975953319365767,4
R1127P,R-parietal,1325.0,-0.05958940482168964,4
R1127P,R-parietal,1375.0,-0.06891980208218519,4
R1127P,R-parietal,1425.0,-0.08376770870739554,4
R1127P,R-parietal,1475.0,-0.03392520733958124,4
R1127P,R-parietal,1525.0,-0.0002584524915011789,4
R1127P,R-parietal,1575.0,-0.01669217493563944,4
R1127P,R-temporal,25.0,0.0013166102821247695,5
R1127P,R-temporal,75.0,-0.04849013826402519,5
R1127P,R-temporal,125.0,-0.027408587065259227,5
R1127P,R-temporal,175.0,-0.050128472326120124,5
R1127P,R-temporal,225.0,0.002077863890689061,5
R1127P,R-temporal,275.0,-0.03884453895216759,5
R1127P,R-temporal,325.0,0.004830038019945957,5
R1127P,R-temporal,375.0,-0.07783754269116536,5
R1127P,R-temporal,425.0,-0.09912258683515604,5
R1127P,R-temporal,475.0,-0.09779697661867161,5
R1127P,R-temporal,525.0,-0.1578224605011566,5
R1127P,R-temporal,575.0,-0.10763037697848137,5
R1127P,R-temporal,625.0,-0.012900561867606252,5
R1127P,R-temporal,675.0,-0.04831024633863017,5
R1127P,R-temporal,725.0,-0.07440515248409839,5
R1127P,R-temporal,775.0,0.033715353874293044,5
R1127P,R-temporal,825.0,-0.015304949470578737,5
R1127P,R-temporal,875.0,-0.06263809181054218,5
R1127P,R-temporal,925.0,-0.06532387110781976,5
R1127P,R-temporal,975.0,-0.05827217280136968,5
R1127P,R-temporal,1025.0,-0.062234480280827995,5
R1127P,R-temporal,1075.0,-0.08534449278278615,5
R1127P,R-temporal,1125.0,-0.030454577292197898,5
R1127P,R-temporal,1175.0,0.017663567928912258,5
R1127P,R-temporal,1225.0,-0.0207391256701942,5
R1127P,R-temporal,1275.0,-0.14509677880969946,5
R1127P,R-temporal,1325.0,-0.1011147498216988,5
R1127P,R-temporal,1375.0,-0.009393675426027972,5
R1127P,R-temporal,1425.0,0.014997492544320817,5
R1127P,R-temporal,1475.0,-0.04012709505137976,5
R1127P,R-temporal,1525.0,-0.018328300963636284,5
R1127P,R-temporal,1575.0,-0.03641956118672729,5
R1128E,R-frontal,25.0,-0.007847213174017808,14
R1128E,R-frontal,75.0,-0.009174962146611792,14
R1128E,R-frontal,125.0,-0.02407394476824757,14
R1128E,R-frontal,175.0,-0.02622934331131482,14
R1128E,R-frontal,225.0,-0.05954052816154781,14
R1128E,R-frontal,275.0,-0.026401326426284805,14
R1128E,R-frontal,325.0,-0.04121040035541899,14
R1128E,R-frontal,375.0,-0.08250111516830472,14
R1128E,R-frontal,425.0,-0.039249194673173594,14
R1128E,R-frontal,475.0,-0.05840666285283791,14
R1128E,R-frontal,525.0,-0.08520900256487969,14
R1128E,R-frontal,575.0,-0.038979258668242776,14
R1128E,R-frontal,625.0,-0.09142094719235982,14
R1128E,R-frontal,675.0,-0.05009273883436426,14
R1128E,R-frontal,725.0,-0.06436513191560299,14
R1128E,R-frontal,775.0,-0.08406297911688651,14
R1128E,R-frontal,825.0,-0.07824010555622614,14
R1128E,R-frontal,875.0,-0.06862849744431951,14
R1128E,R-frontal,925.0,-0.06827862369723935,14
R1128E,R-frontal,975.0,-0.019899137929564933,14
R1128E,R-frontal,1025.0,-0.03520251425038706,14
R1128E,R-frontal,1075.0,-0.019702811281674112,14
R1128E,R-frontal,1125.0,-0.00928127243949449,14
R1128E,R-frontal,1175.0,-0.026763496225012538,14
R1128E,R-frontal,1225.0,-0.006977844294527189,14
R1128E,R-frontal,1275.0,-0.03901795609148554,14
R1128E,R-frontal,1325.0,-0.06510402000062487,14
R1128E,R-frontal,1375.0,-0.03920347800128215,14
R1128E,R-frontal,1425.0,-0.05362065257722808,14
R1128E,R-frontal,1475.0,-0.03395360657785617,14
R1128E,R-frontal,1525.0,-0.006168310965859506,14
R1128E,R-frontal,1575.0,-0.012881581577450785,14
R1128E,R-parietal,25.0,-0.04158193800439069,8
R1128E,R-parietal,75.0,-0.08133546988760254,8
R1128E,R-parietal,125.0,-0.015310714555783454,8
R1128E,R-parietal,175.0,-0.013784654847689058,8
R1128E,R-parietal,225.0,-0.0333813430381458,8
R1128E,R-parietal,275.0,-0.06328631620036003,8
R1128E,R-parietal,325.0,-0.07611682635117481,8
R1128E,R-parietal,375.0,-0.10512138990614857,8
R1128E,R-parietal,425.0,-0.11801182997807004,8
R1128E,R-parietal,475.0,-0.08063375913791819,8
R1128E,R-parietal,525.0,-0.12865640303753884,8
R1128E,R-parietal,575.0,-0.08002368629853868,8
R1128E,R-parietal,625.0,-0.09145410020710318,8
R1128E,R-parietal,675.0,-0.12581980574761265,8
R1128E,R-parietal,725.0,-0.057508717182648404,8
R1128E,R-parietal,775.0,-0.05275784570826884,8
R1128E,R-parietal,825.0,-0.09051037512011079,8
R1128E,R-parietal,875.0,-0.09067502904040585,8
R1128E,R-parietal,925.0,-0.020612915239007715,8
R1128E,R-parietal,975.0,-0.08153170133537638,8
R1128E,R-parietal,1025.0,-0.045530615022103996,8
R1128E,R-parietal,1075.0,-0.042687402274744164,8
R1128E,R-parietal,1125.0,-0.039342261221485056,8
R1128E,R-parietal,1175.0,-0.027180192051559884,8
R1128E,R-parietal,1225.0,-0.03450686514603187,8
R1128E,R-parietal,1275.0,-0.03843784210818026,8
R1128E,R-parietal,1325.0,-0.07881667873722838,8
R1128E,R-parietal,1375.0,-0.01271251757923173,8
R1128E,R-parietal,1425.0,-0.043716414363860014,8
R1128E,R-parietal,1475.0,-0.034777073291747444,8
R1128E,R-parietal,1525.0,-0.08491618729755214,8
R1128E,R-parietal,1575.0,-0.06665494031148451,8
R1128E,R-temporal,25.0,-0.0300180153180167,31
R1128E,R-temporal,75.0,-0.05256100704207767,31
R1128E,R-temporal,125.0,-0.05547939914639519,31
R1128E,R-temporal,175.0,-0.05346436110600521,31
R1128E,R-temporal,225.0,-0.05059414624414169,31
R1128E,R-temporal,275.0,0.0063525780358204866,31
R1128E,R-temporal,325.0,0.01561133059174092,31
R1128E,R-temporal,375.0,0.020877595341478965,31
R1128E,R-temporal,425.0,0.03450790836725353,31
R1128E,R-temporal,475.0,0.025432326296119773,31
R1128E,R-temporal,525.0,-0.01718156174262638,31
R1128E,R-temporal,575.0,0.01685556342084305,31
R1128E,R-temporal,625.0,7.137668499359614e-05,31
R1128E,R-temporal,675.0,-0.03741858476496492,31
R1128E,R-temporal,725.0,-0.01965167619886233,31
R1128E,R-temporal,775.0,-0.038130906116841515,31
R1128E,R-temporal,825.0,-0.03982971063124386,31
R1128E,R-temporal,875.0,-0.01935943005398902,31
R1128E,R-temporal,925.0,0.015304591709614039,31
R1128E,R-temporal,975.0,0.013398578981984969,31
R1128E,R-temporal,1025.0,0.012490383015177723,31
R1128E,R-temporal,1075.0,0.04968321988152951,31
R1128E,R-temporal,1125.0,0.03790117202281495,31
R1128E,R-temporal,1175.0,-0.0073701527616037285,31
R1128E,R-temporal,1225.0,-0.007085567973560264,31
R1128E,R-temporal,1275.0,-0.008943656065884079,31
R1128E,R-temporal,1325.0,-0.04791022321737632,31
R1128E,R-temporal,1375.0,-0.04550491252780213,31
R1128E,R-temporal,1425.0,-0.0006047561236572472,31
R1128E,R-temporal,1475.0,-0.012894648508563911,31
R1128E,R-temporal,1525.0,0.012863115148899578,31
R1128E,R-temporal,1575.0,-0.007864784002047967,31
R1134T,L-frontal,25.0,-0.011503836521346707,10
R1134T,L-frontal,75.0,-0.012914821730476079,10
R1134T,L-frontal,125.0,-0.08362552388397786,10
R1134T,L-frontal,175.0,-0.030926056057672912,10
R1134T,L-frontal,225.0,0.04675215288250343,10
R1134T,L-frontal,275.0,-0.08576490244846272,10
R1134T,L-frontal,325.0,-0.10146442931752686,10
R1134T,L-frontal,375.0,-0.10474732739934733,10
R1134T,L-frontal,425.0,-0.12061515967127649,10
R1134T,L-frontal,475.0,-0.023234983629962794,10
R1134T,L-frontal,525.0,-0.026752958303580376,10
R1134T,L-frontal,575.0,-0.004613504623799268,10
R1134T,L-frontal,625.0,-0.023052143633110877,10
R1134T,L-frontal,675.0,-0.01714912191523984,10
R1134T,L-frontal,725.0,-0.0343175053600127,10
R1134T,L-frontal,775.0,0.0031329981988250212,10
R1134T,L-frontal,825.0,0.025540441705721027,10
R1134T,L-frontal,875.0,-0.016087266023581015,10
R1134T,L-frontal,925.0,0.021307310668583674,10
R1134T,L-frontal,975.0,0.027595892034115704,10
R1134T,L-frontal,1025.0,-0.013671181716897862,10
R1134T,L-frontal,1075.0,0.03451260474432231,10
R1134T,L-frontal,1125.0,0.011601922743650479,10
R1134T,L-frontal,1175.0,0.024764924868201036,10
R1134T,L-frontal,1225.0,0.027979007838845223,10
R1134T,L-frontal,1275.0,0.0334633687407263,10
R1134T,L-frontal,1325.0,0.06745342506524168,10
R1134T,L-frontal,1375.0,0.019020367959301773,10
R1134T,L-frontal,1425.0,0.03500608624593192,10
R1134T,L-frontal,1475.0,0.025743067075539076,10
R1134T,L-frontal,1525.0,0.03371801559579126,10
R1134T,L-frontal,1575.0,0.04416348377985948,10
R1134T,L-occipital,25.0,-0.08136029345333552,3
R1134T,L-occipital,75.0,-0.04584670298231152,3
R1134T,L-occipital,125.0,0.170347609095812,3
R1134T,L-occipital,175.0,0.5273539744004799,3
R1134T,L-occipital,225.0,0.5761779305740061,3
R1134T,L-occipital,275.0,0.5871787402053333,3
R1134T,L-occipital,325.0,0.5088311984337597,3
R1134T,L-occipital,375.0,0.48326816505736797,3
R1134T,L-occipital,425.0,0.5201047758309684,3
R1134T,L-occipital,475.0,0.4478373195314434,3
R1134T,L-occipital,525.0,0.4985493902203005,3
R1134T,L-occipital,575.0,0.3986125283855728,3
R1134T,L-occipital,625.0,0.3670012898495494,3
R1134T,L-occipital,675.0,0.34144565085494466,3
R1134T,L-occipital,725.0,0.29166723324452165,3
R1134T,L-occipital,775.0,0.22599644213913272,3
R1134T,L-occipital,825.0,0.1589210519080367,3
R1134T,L-occipital,875.0,0.15376104873596974,3
R1134T,L-occipital,925.0,0.14169027453155555,3
R1134T,L-occipital,975.0,0.1792173414847911,3
R1134T,L-occipital,1025.0,0.08999502936337987,3
R1134T,L-occipital,1075.0,0.10310015783126385,3
R1134T,L-occipital,1125.0,0.05159685988855712,3
R1134T,L-occipital,1175.0,0.00013139252380758396,3
R1134T,L-occipital,1225.0,0.03985058806911455,3
R1134T,L-occipital,1275.0,-0.002455962258711727,3
R1134T,L-occipital,1325.0,0.07249039565534338,3
R1134T,L-occipital,1375.0,0.07407984411209473,3
R1134T,L-occipital,1425.0,0.03305122684716528,3
R1134T,L-occipital,1475.0,0.022611398339903232,3
R1134T,L-occipital,1525.0,-0.026186967322903643,3
R1134T,L-occipital,1575.0,0.01929865745914749,3
R1134T,L-parietal,25.0,0.004235941049373524,9
R1134T,L-parietal,75.0,-0.010632961075046552,9
R1134T,L-parietal,125.0,0.0192816740502945,9
R1134T,L-parietal,175.0,0.023235913204274036,9
R1134T,L-parietal,225.0,-0.015416401882972849,9
R1134T,L-parietal,275.0,-0.07346463404838528,9
R1134T,L-parietal,325.0,0.0479893056579536,9
R1134T,L-parietal,375.0,0.05538026152690197,9
R1134T,L-parietal,425.0,0.04657991859679632,9
R1134T,L-parietal,475.0,0.07362842176477165,9
R1134T,L-parietal,525.0,0.0825379747203825,9
R1134T,L-parietal,575.0,0.040840597839265066,9
R1134T,L-parietal,625.0,0.08667174568674535,9
R1134T,L-parietal,675.0,0.04700695974035804,9
R1134T,L-parietal,725.0,0.06867874686066568,9
R1134T,L-parietal,775.0,0.05904751749498265,9
R1134T,L-parietal,825.0,0.07508023920361784,9
R1134T,L-parietal,875.0,0.03988983081901022,9
R1134T,L-parietal,925.0,0.023998836355034334,9
R1134T,L-parietal,975.0,0.012838980718705671,9
R1134T,L-parietal,1025.0,0.02277246942257512,9
R1134T,L-parietal,1075.0,0.010525995292411945,9
R1134T,L-parietal,1125.0,-0.014830013460925082,9
R1134T,L-parietal,1175.0,0.012463853240070216,9
R1134T,L-parietal,1225.0,-0.008926625214793947,9
R1134T,L-parietal,1275.0,-0.023555805734363888,9
R1134T,L-parietal,1325.0,0.005655007700503884,9
R1134T,L-parietal,1375.0,-0.034851635585112624,9
R1134T,L-parietal,1425.0,0.0037534226377382175,9
R1134T,L-parietal,1475.0,0.015440425857704344,9
R1134T,L-parietal,1525.0,-0.026394194152963603,9
R1134T,L-parietal,1575.0,-0.016151676684848293,9
R1134T,L-temporal,25.0,-0.009049572606373924,15
R1134T,L-temporal,75.0,-0.022248757922033912,15
R1134T,L-temporal,125.0,-0.04443421920955207,15
R1134T,L-temporal,175.0,0.05297176740616259,15
R1134T,L-temporal,225.0,0.2152258896989422,15
R1134T,L-temporal,275.0,0.09915865674015056,15
R1134T,L-temporal,325.0,0.014277918376038888,15
R1134T,L-temporal,375.0,0.0214821233636731,15
R1134T,L-temporal,425.0,0.023960933215116973,15
R1134T,L-temporal,475.0,0.06499443059123823,15
R1134T,L-temporal,525.0,0.0585887204926449,15
R1134T,L-temporal,575.0,0.05296902716351279,15
R1134T,L-temporal,625.0,0.06656769718059972,15
R1134T,L-temporal,675.0,0.024192941455215437,15
R1134T,L-temporal,725.0,0.04154819730251762,15
R1134T,L-temporal,775.0,0.042042191769768415,15
R1134T,L-temporal,825.0,0.07161995249046536,15
R1134T,L-temporal,875.0,0.06419411175054163,15
R1134T,L-temporal,925.0,0.06161237184935236,15
R1134T,L-temporal,975.0,0.02390728920976496,15
R1134T,L-temporal,1025.0,0.028457254783532383,15
R1134T,L-temporal,1075.0,0.04227110258125584,15
R1134T,L-temporal,1125.0,0.027419665427785202,15
R1134T,L-temporal,1175.0,0.043956275495462445,15
R1134T,L-temporal,1225.0,0.05401490967342066,15
R1134T,L-temporal,1275.0,0.02339540280993152,15
R1134T,L-temporal,1325.0,0.02179251844753471,15
R1134T,L-temporal,1375.0,0.06444472751436697,15
R1134T,L-temporal,1425.0,0.020386389573487027,15
R1134T,L-temporal,1475.0,0.012510851451408383,15
R1134T,L-temporal,1525.0,0.022549163608968532,15
R1134T,L-temporal,1575.0,0.04020500645131158,15
R1134T,R-temporal,25.0,-0.07338307875958776,4
R1134T,R-temporal,75.0,-0.08031262612588203,4
R1134T,R-temporal,125.0,-0.015103590284764679,4
R1134T,R-temporal,175.0,-0.0030554658525749727,4
R1134T,R-temporal,225.0,0.00012869821942187954,4
R1134T,R-temporal,275.0,-0.018047732461045414,4
R1134T,R-temporal,325.0,-0.04892245407555568,4
R1134T,R-temporal,375.0,-0.04190888753908833,4
R1134T,R-temporal,425.0,-0.07373159021742132,4
R1134T,R-temporal,475.0,-0.036119774031123174,4
R1134T,R-temporal,525.0,-0.05073817449148434,4
R1134T,R-temporal,575.0,-0.05254340638465861,4
R1134T,R-temporal,625.0,-0.03457789584046579,4
R1134T,R-temporal,675.0,-0.03178108184711114,4
R1134T,R-temporal,725.0,-0.07420489133634768,4
R1134T,R-temporal,775.0,-0.07293755594045005,4
R1134T,R-temporal,825.0,-0.03777939758890944,4
R1134T,R-temporal,875.0,-0.033458923360632595,4
R1134T,R-temporal,925.0,-0.02345222638348026,4
R1134T,R-temporal,975.0,-0.06774864991051568,4
R1134T,R-temporal,1025.0,-0.08632272752762679,4
R1134T,R-temporal,1075.0,-0.06840445466315459,4
R1134T,R-temporal,1125.0,-0.05261310043804111,4
R1134T,R-temporal,1175.0,-0.04802119113260071,4
R1134T,R-temporal,1225.0,0.021701272176890253,4
R1134T,R-temporal,1275.0,-0.027583414236017886,4
R1134T,R-temporal,1325.0,-0.05614536996251817,4
R1134T,R-temporal,1375.0,-0.014865060763841063,4
R1134T,R-temporal,1425.0,-0.006809361371158187,4
R1134T,R-temporal,1475.0,0.008768588879916758,4
R1134T,R-temporal,1525.0,0.021899152352829347,4
R1134T,R-temporal,1575.0,-0.023583962516878613,4
R1135E,L-parietal,25.0,-0.01213557766418054,4
R1135E,L-parietal,75.0,0.003746915531272387,4
R1135E,L-parietal,125.0,0.016351899025441173,4
R1135E,L-parietal,175.0,0.029123256664577973,4
R1135E,L-parietal,225.0,-0.016635080985325654,4
R1135E,L-parietal,275.0,-0.01186762301898411,4
R1135E,L-parietal,325.0,-0.05532434459486597,4
R1135E,L-parietal,375.0,-0.06625791614422329,4
R1135E,L-parietal,425.0,-0.07948012222456882,4
R1135E,L-parietal,475.0,-0.056849108803680215,4
R1135E,L-parietal,525.0,-0.06985060226189102,4
R1135E,L-parietal,575.0,-0.06940524076458623,4
R1135E,L-parietal,625.0,-0.04840863533080238,4
R1135E,L-parietal,675.0,-0.05461887124052738,4
R1135E,L-parietal,725.0,-0.0517449082148259,4
R1135E,L-parietal,775.0,-0.05140323310067308,4
R1135E,L-parietal,825.0,-0.03333418302560896,4
R1135E,L-parietal,875.0,-0.006620475260207785,4
R1135E,L-parietal,925.0,-0.02228970788525603,4
R1135E,L-parietal,975.0,-0.028532620732927564,4
R1135E,L-parietal,1025.0,-0.021369133489879493,4
R1135E,L-parietal,1075.0,-0.0011621952499636515,4
R1135E,L-parietal,1125.0,-0.029399323327953572,4
R1135E,L-parietal,1175.0,-0.01759219430381226,4
R1135E,L-parietal,1225.0,0.007647224732119987,4
R1135E,L-parietal,1275.0,-0.0018437857473740755,4
R1135E,L-parietal,1325.0,-0.03075416840336921,4
R1135E,L-parietal,1375.0,-0.017014524735259752,4
R1135E,L-parietal,1425.0,0.010610400618393696,4
R1135E,L-parietal,1475.0,-0.012045955463066721,4
R1135E,L-parietal,1525.0,0.019448665272675695,4
R1135E,L-parietal,1575.0,-0.002628254202834364,4
R1135E,L-temporal,25.0,0.019430435501305448,5
R1135E,L-temporal,75.0,-0.004165685415105305,5
R1135E,L-temporal,125.0,0.020229645349451753,5
R1135E,L-temporal,175.0,-0.03311094778210601,5
R1135E,L-temporal,225.0,0.009615145119975327,5
R1135E,L-temporal,275.0,-0.015663620731760006,5
R1135E,L-temporal,325.0,-0.019315018554793895,5
R1135E,L-temporal,375.0,-0.04552913462481082,5
R1135E,L-temporal,425.0,-0.04037351097833687,5
R1135E,L-temporal,475.0,-0.034049859671549304,5
R1135E,L-temporal,525.0,-0.049164325122033226,5
R1135E,L-temporal,575.0,-0.059746048476544564,5
R1135E,L-temporal,625.0,-0.05933926513979661,5
R1135E,L-temporal,675.0,-0.05239790228168251,5
R1135E,L-temporal,725.0,-0.05207141403572353,5
R1135E,L-temporal,775.0,-0.04418961000198631,5
R1135E,L-temporal,825.0,-0.04941240151015717,5
R1135E,L-temporal,875.0,-0.03360938856769748,5
R1135E,L-temporal,925.0,-0.008522879978588424,5
R1135E,L-temporal,975.0,-0.027657166573644476,5
R1135E,L-temporal,1025.0,0.01823251993581533,5
R1135E,L-temporal,1075.0,0.005813113055464961,5
R1135E,L-temporal,1125.0,-0.004951503596323854,5
R1135E,L-temporal,1175.0,0.002020631023002443,5
R1135E,L-temporal,1225.0,0.010019106217085428,5
R1135E,L-temporal,1275.0,0.02483285508324499,5
R1135E,L-temporal,1325.0,0.0231745819714414,5
R1135E,L-temporal,1375.0,0.04313064328716894,5
R1135E,L-temporal,1425.0,0.053468848545293456,5
R1135E,L-temporal,1475.0,0.011008191861730344,5
R1135E,L-temporal,1525.0,0.009705236689991105,5
R1135E,L-temporal,1575.0,0.016800532128738537,5
R1135E,R-frontal,25.0,0.03587837528949763,24
R1135E,R-frontal,75.0,0.019535204516316122,24
R1135E,R-frontal,125.0,0.028641241993843308,24
R1135E,R-frontal,175.0,0.04440171323035073,24
R1135E,R-frontal,225.0,0.03211040308033047,24
R1135E,R-frontal,275.0,-0.01072531418440253,24
R1135E,R-frontal,325.0,-0.028382928669275068,24
R1135E,R-frontal,375.0,-0.028357982868267295,24
R1135E,R-frontal,425.0,-0.023505993751234775,24
R1135E,R-frontal,475.0,-0.04501565487717055,24
R1135E,R-frontal,525.0,-0.02007585435023841,24
R1135E,R-frontal,575.0,-0.021366427204218403,24
R1135E,R-frontal,625.0,-0.015989360753027194,24
R1135E,R-frontal,675.0,-0.018755202457893593,24
R1135E,R-frontal,725.0,-0.00778431447422391,24
R1135E,R-frontal,775.0,-0.0009122789479949428,24
R1135E,R-frontal,825.0,-0.006097803555229255,24
R1135E,R-frontal,875.0,-0.003928502045665131,24
R1135E,R-frontal,925.0,-0.00396340258793475,24
R1135E,R-frontal,975.0,-0.01273767819430375,24
R1135E,R-frontal,1025.0,0.0015779539795889683,24
R1135E,R-frontal,1075.0,-0.016121711596940008,24
R1135E,R-frontal,1125.0,-0.009506445313372573,24
R1135E,R-frontal,1175.0,-0.007924727468335191,24
R1135E,R-frontal,1225.0,0.007175169389039392,24
R1135E,R-frontal,1275.0,0.0024389223640916735,24
R1135E,R-frontal,1325.0,-0.007728917591059211,24
R1135E,R-frontal,1375.0,0.013268527951791426,24
R1135E,R-frontal,1425.0,0.005462876388759935,24
R1135E,R-frontal,1475.0,0.002309315095894747,24
R1135E,R-frontal,1525.0,-0.00021484103826280762,24
R1135E,R-frontal,1575.0,-0.005908373206748422,24
R1135E,R-occipital,25.0,0.10610133465688035,8
R1135E,R-occipital,75.0,0.3857006341798145,8
R1135E,R-occipital,125.0,0.9097800588336336,8
R1135E,R-occipital,175.0,0.674737837588938,8
R1135E,R-occipital,225.0,0.17513739558099914,8
R1135E,R-occipital,275.0,0.13055684004439505,8
R1135E,R-occipital,325.0,0.27960187565437394,8
R1135E,R-occipital,375.0,0.3770504240234993,8
R1135E,R-occipital,425.0,0.3770763506990433,8
R1135E,R-occipital,475.0,0.33150325375398776,8
R1135E,R-occipital,525.0,0.32683852178739214,8
R1135E,R-occipital,575.0,0.33993315385759715,8
R1135E,R-occipital,625.0,0.3403491228097142,8
R1135E,R-occipital,675.0,0.2979786889362544,8
R1135E,R-occipital,725.0,0.2563962404526877,8
R1135E,R-occipital,775.0,0.2193878419359988,8
R1135E,R-occipital,825.0,0.1795281346488748,8
R1135E,R-occipital,875.0,0.21076060503310284,8
R1135E,R-occipital,925.0,0.1835753480782481,8
R1135E,R-occipital,975.0,0.18618284189172055,8
R1135E,R-occipital,1025.0,0.1843547749514055,8
R1135E,R-occipital,1075.0,0.18005410175133452,8
R1135E,R-occipital,1125.0,0.1631693226200263,8
R1135E,R-occipital,1175.0,0.18546873333261826,8
R1135E,R-occipital,1225.0,0.18816753363175504,8
R1135E,R-occipital,1275.0,0.16908206811908724,8
R1135E,R-occipital,1325.0,0.17455129136342185,8
R1135E,R-occipital,1375.0,0.19777654875111267,8
R1135E,R-occipital,1425.0,0.18451170405673836,8
R1135E,R-occipital,1475.0,0.1650440117523595,8
R1135E,R-occipital,1525.0,0.17653499767045785,8
R1135E,R-occipital,1575.0,0.1664717907758786,8
R1135E,R-parietal,25.0,0.02573822795538113,16
R1135E,R-parietal,75.0,0.030332887535331088,16
R1135E,R-parietal,125.0,0.08216007596319803,16
R1135E,R-parietal,175.0,0.07870051737310202,16
R1135E,R-parietal,225.0,0.04603132048181431,16
R1135E,R-parietal,275.0,0.025763497402397244,16
R1135E,R-parietal,325.0,0.01403545683321248,16
R1135E,R-parietal,375.0,0.026519267808657314,16
R1135E,R-parietal,425.0,0.03523868764093954,16
R1135E,R-parietal,475.0,0.010763672848758642,16
R1135E,R-parietal,525.0,-0.013560104712448336,16
R1135E,R-parietal,575.0,-0.006507326382712432,16
R1135E,R-parietal,625.0,-0.008994858446105924,16
R1135E,R-parietal,675.0,-0.033981462280765935,16
R1135E,R-parietal,725.0,-0.011290694848712287,16
R1135E,R-parietal,775.0,-0.02583876338791393,16
R1135E,R-parietal,825.0,-0.03326878655876596,16
R1135E,R-parietal,875.0,-0.03996942885474246,16
R1135E,R-parietal,925.0,-0.05141682205668778,16
R1135E,R-parietal,975.0,-0.0403347506279775,16
R1135E,R-parietal,1025.0,-0.05554252201732938,16
R1135E,R-parietal,1075.0,-0.08993849911492025,16
R1135E,R-parietal,1125.0,-0.0739480758438402,16
R1135E,R-parietal,1175.0,-0.024692436945240846,16
R1135E,R-parietal,1225.0,-0.01456811199933424,16
R1135E,R-parietal,1275.0,-0.011221331426123582,16
R1135E,R-parietal,1325.0,-0.006020491099267367,16
R1135E,R-parietal,1375.0,-0.007938467946522495,16
R1135E,R-parietal,1425.0,-0.01907406130057114,16
R1135E,R-parietal,1475.0,-0.023861748305329646,16
R1135E,R-parietal,1525.0,-0.02733501120450699,16
R1135E,R-parietal,1575.0,-0.040051492302109394,16
R1135E,R-temporal,25.0,-0.008952235313328916,10
R1135E,R-temporal,75.0,-0.02164464761776368,10
R1135E,R-temporal,125.0,-0.04536536819177448,10
R1135E,R-temporal,175.0,-0.03457333023767314,10
R1135E,R-temporal,225.0,-0.06346290788846368,10
R1135E,R-temporal,275.0,-0.05723672508504063,10
R1135E,R-temporal,325.0,-0.08323646126142473,10
R1135E,R-temporal,375.0,-0.04554544635310287,10
R1135E,R-temporal,425.0,-0.009175270553320694,10
R1135E,R-temporal,475.0,-0.05137426354450736,10
R1135E,R-temporal,525.0,-0.05672522977363463,10
R1135E,R-temporal,575.0,-0.03604591547242807,10
R1135E,R-temporal,625.0,-0.03657736562686507,10
R1135E,R-temporal,675.0,-0.03514952467875794,10
R1135E,R-temporal,725.0,-0.01837073731424489,10
R1135E,R-temporal,775.0,-0.015060435822856193,10
R1135E,R-temporal,825.0,-0.029699670602065926,10
R1135E,R-temporal,875.0,0.02491545711319344,10
R1135E,R-temporal,925.0,-0.01638094705873953,10
R1135E,R-temporal,975.0,-0.04411244101389001,10
R1135E,R-temporal,1025.0,-0.028479227239232668,10
R1135E,R-temporal,1075.0,-0.0487378512646621,10
R1135E,R-temporal,1125.0,0.014980443163616877,10
R1135E,R-temporal,1175.0,-0.021843545339187788,10
R1135E,R-temporal,1225.0,-0.030211709506913414,10
R1135E,R-temporal,1275.0,-0.005534230875752863,10
R1135E,R-temporal,1325.0,-0.017019795045251952,10
R1135E,R-temporal,1375.0,-0.01796506203732199,10
R1135E,R-temporal,1425.0,-0.0004631583738858809,10
R1135E,R-temporal,1475.0,-0.038536833297804,10
R1135E,R-temporal,1525.0,-0.01866167631298624,10
R1135E,R-temporal,1575.0,-0.027413737340874267,10
R1136N,L-frontal,25.0,0.02008024827780039,23
R1136N,L-frontal,75.0,0.02255492796329972,23
R1136N,L-frontal,125.0,0.041147802780048016,23
R1136N,L-frontal,175.0,0.0381064972659473,23
R1136N,L-frontal,225.0,0.010172170335983909,23
R1136N,L-frontal,275.0,0.015826649159399294,23
R1136N,L-frontal,325.0,-0.021182924483838957,23
R1136N,L-frontal,375.0,-0.026937148554289116,23
R1136N,L-frontal,425.0,-0.02931428265296317,23
R1136N,L-frontal,475.0,-0.02391712017327071,23
R1136N,L-frontal,525.0,0.011930002158808614,23
R1136N,L-frontal,575.0,0.04721969652549563,23
R1136N,L-frontal,625.0,0.0012709604233498094,23
R1136N,L-frontal,675.0,-0.034007331605935456,23
R1136N,L-frontal,725.0,-0.006652378935419598,23
R1136N,L-frontal,775.0,-0.014804246705581045,23
R1136N,L-frontal,825.0,0.019338545707033226,23
R1136N,L-frontal,875.0,0.05414613393835241,23
R1136N,L-frontal,925.0,0.059317066087400484,23
R1136N,L-frontal,975.0,0.09544006679269575,23
R1136N,L-frontal,1025.0,0.08624592398649718,23
R1136N,L-frontal,1075.0,0.10254612038677545,23
R1136N,L-frontal,1125.0,0.08392513897187662,23
R1136N,L-frontal,1175.0,0.06922928417586897,23
R1136N,L-frontal,1225.0,0.020294693418607096,23
R1136N,L-frontal,1275.0,0.004115165836495762,23
R1136N,L-frontal,1325.0,0.0020913150458087737,23
R1136N,L-frontal,1375.0,-0.0034202900644170657,23
R1136N,L-frontal,1425.0,-0.028726574849061957,23
R1136N,L-frontal,1475.0,-0.039372349179231256,23
R1136N,L-frontal,1525.0,-0.03278552516606531,23
R1136N,L-frontal,1575.0,-0.010320244750681173,23
R1136N,L-occipital,25.0,0.02100989810861338,9
R1136N,L-occipital,75.0,0.03884841231108773,9
R1136N,L-occipital,125.0,0.3275311861299412,9
R1136N,L-occipital,175.0,0.5222190259567905,9
R1136N,L-occipital,225.0,0.4855022288231388,9
R1136N,L-occipital,275.0,0.4983061985369799,9
R1136N,L-occipital,325.0,0.40073029184104686,9
R1136N,L-occipital,375.0,0.3765222579651807,9
R1136N,L-occipital,425.0,0.34497463816680624,9
R1136N,L-occipital,475.0,0.32871505321866645,9
R1136N,L-occipital,525.0,0.3320771808513151,9
R1136N,L-occipital,575.0,0.29271357335226716,9
R1136N,L-occipital,625.0,0.2338676975135526,9
R1136N,L-occipital,675.0,0.14647809698564218,9
R1136N,L-occipital,725.0,0.1251755378631852,9
R1136N,L-occipital,775.0,0.11022256045798627,9
R1136N,L-occipital,825.0,0.120271098840509,9
R1136N,L-occipital,875.0,0.12411486132117716,9
R1136N,L-occipital,925.0,0.09742291343382668,9
R1136N,L-occipital,975.0,0.14805082457085805,9
R1136N,L-occipital,1025.0,0.14313732497080303,9
R1136N,L-occipital,1075.0,0.15392915941747518,9
R1136N,L-occipital,1125.0,0.12097052075253939,9
R1136N,L-occipital,1175.0,0.10998315615366361,9
R1136N,L-occipital,1225.0,0.035636459018314075,9
R1136N,L-occipital,1275.0,0.023269580797778553,9
R1136N,L-occipital,1325.0,-0.006169913817286078,9
R1136N,L-occipital,1375.0,0.015597674931204545,9
R1136N,L-occipital,1425.0,5.4203630835929375e-05,9
R1136N,L-occipital,1475.0,-0.0024432924018571722,9
R1136N,L-occipital,1525.0,0.013993575568198777,9
R1136N,L-occipital,1575.0,0.022083751180389025,9
R1136N,L-parietal,25.0,0.01959098062709392,7
R1136N,L-parietal,75.0,-0.00291117544845448,7
R1136N,L-parietal,125.0,0.04259443610791749,7
R1136N,L-parietal,175.0,0.005657329078163111,7
R1136N,L-parietal,225.0,-0.03202127069092643,7
R1136N,L-parietal,275.0,-0.004121806291291993,7
R1136N,L-parietal,325.0,-0.04920929784783042,7
R1136N,L-parietal,375.0,-0.08283104140469462,7
R1136N,L-parietal,425.0,-0.04751822899346549,7
R1136N,L-parietal,475.0,-0.05319404631204805,7
R1136N,L-parietal,525.0,-0.01227536373962852,7
R1136N,L-parietal,575.0,-0.011364914121791126,7
R1136N,L-parietal,625.0,-0.030023783347557988,7
R1136N,L-parietal,675.0,-0.07353226425099835,7
R1136N,L-parietal,725.0,-0.06416103306558528,7
R1136N,L-parietal,775.0,-0.022899755931257988,7
R1136N,L-parietal,825.0,-0.013017905827721292,7
R1136N,L-parietal,875.0,0.010971776296114405,7
R1136N,L-parietal,925.0,0.04495894550333788,7
R1136N,L-parietal,975.0,0.0838947754808161,7
R1136N,L-parietal,1025.0,0.08268633001997695,7
R1136N,L-parietal,1075.0,0.05351790269953812,7
R1136N,L-parietal,1125.0,0.06166545240561322,7
R1136N,L-parietal,1175.0,0.04261948752454968,7
R1136N,L-parietal,1225.0,0.025979184090724295,7
R1136N,L-parietal,1275.0,0.004007090714595316,7
R1136N,L-parietal,1325.0,-0.0005546150085313546,7
R1136N,L-parietal,1375.0,-0.04695984644723158,7
R1136N,L-parietal,1425.0,-0.02827332946182683,7
R1136N,L-parietal,1475.0,-0.029026329221195486,7
R1136N,L-parietal,1525.0,-0.024552386391021468,7
R1136N,L-parietal,1575.0,-0.0021815179122575113,7
R1136N,L-temporal,25.0,0.03086195685682413,26
R1136N,L-temporal,75.0,-0.0040730618487734285,26
R1136N,L-temporal,125.0,0.06377454559594511,26
R1136N,L-temporal,175.0,0.05311901404397729,26
R1136N,L-temporal,225.0,0.03294445056810372,26
R1136N,L-temporal,275.0,0.06046978369276198,26
R1136N,L-temporal,325.0,0.010699437554868229,26
R1136N,L-temporal,375.0,-0.012471693846670044,26
R1136N,L-temporal,425.0,-0.0057689823255500615,26
R1136N,L-temporal,475.0,-0.03003846816654187,26
R1136N,L-temporal,525.0,0.021179747879889358,26
R1136N,L-temporal,575.0,0.031064266051068285,26
R1136N,L-temporal,625.0,0.013158058389232471,26
R1136N,L-temporal,675.0,-0.02239200521388108,26
R1136N,L-temporal,725.0,-0.017914459271451074,26
R1136N,L-temporal,775.0,-0.005675591087673801,26
R1136N,L-temporal,825.0,0.025707964424457188,26
R1136N,L-temporal,875.0,0.051301084139911315,26
R1136N,L-temporal,925.0,0.06269700700518491,26
R1136N,L-temporal,975.0,0.0905718921293061,26
R1136N,L-temporal,1025.0,0.08311704850815375,26
R1136N,L-temporal,1075.0,0.09427433661973114,26
R1136N,L-temporal,1125.0,0.09444168881127363,26
R1136N,L-temporal,1175.0,0.07201551560628709,26
R1136N,L-temporal,1225.0,0.016382766765201316,26
R1136N,L-temporal,1275.0,0.005702575372197006,26
R1136N,L-temporal,1325.0,0.007680341863429122,26
R1136N,L-temporal,1375.0,-0.018190215346860997,26
R1136N,L-temporal,1425.0,-0.014983712318258239,26
R1136N,L-temporal,1475.0,-0.023972633232578276,26
R1136N,L-temporal,1525.0,-0.02232436478504122,26
R1136N,L-temporal,1575.0,-0.01369572866515826,26
R1136N,R-temporal,25.0,0.051333440922314656,17
R1136N,R-temporal,75.0,0.06347947886496502,17
R1136N,R-temporal,125.0,0.08766712951213451,17
R1136N,R-temporal,175.0,0.040685399701445725,17
R1136N,R-temporal,225.0,-0.005807200939044108,17
R1136N,R-temporal,275.0,0.06474187096832346,17
R1136N,R-temporal,325.0,0.023101810786235702,17
R1136N,R-temporal,375.0,0.02756647840150301,17
R1136N,R-temporal,425.0,0.012854742206481324,17
R1136N,R-temporal,475.0,-0.028425773986264828,17
R1136N,R-temporal,525.0,0.017511632348861505,17
R1136N,R-temporal,575.0,0.02628618401089739,17
R1136N,R-temporal,625.0,-0.0037701736164053477,17
R1136N,R-temporal,675.0,-0.040349542425918344,17
R1136N,R-temporal,725.0,0.0022283691227821274,17
R1136N,R-temporal,775.0,0.008841660085448453,17
R1136N,R-temporal,825.0,0.013235369031413842,17
R1136N,R-temporal,875.0,0.01567535069566514,17
R1136N,R-temporal,925.0,0.04612045030364853,17
R1136N,R-temporal,975.0,0.0532546210882229,17
R1136N,R-temporal,1025.0,0.05371695135256388,17
R1136N,R-temporal,1075.0,0.0726632974950375,17
R1136N,R-temporal,1125.0,0.07241595999202177,17
R1136N,R-temporal,1175.0,0.06748250719657135,17
R1136N,R-temporal,1225.0,-0.0008100470911464925,17
R1136N,R-temporal,1275.0,-0.028148485556664805,17
R1136N,R-temporal,1325.0,0.010190326879750643,17
R1136N,R-temporal,1375.0,-0.027906278495035727,17
R1136N,R-temporal,1425.0,-0.027316804794246693,17
R1136N,R-temporal,1475.0,-0.044539475257454976,17
R1136N,R-temporal,1525.0,-0.0015497506002313598,17
R1136N,R-temporal,1575.0,-0.02714425820169756,17
R1137E,L-frontal,25.0,-0.08489717646410583,8
R1137E,L-frontal,75.0,-0.09924597138188622,8
R1137E,L-frontal,125.0,-0.17982098158543394,8
R1137E,L-frontal,175.0,-0.09404266241852624,8
R1137E,L-frontal,225.0,-0.06524215150817002,8
R1137E,L-frontal,275.0,-0.10451958406695458,8
R1137E,L-frontal,325.0,-0.08286392943464439,8
R1137E,L-frontal,375.0,-0.1039855608533626,8
R1137E,L-frontal,425.0,-0.18932732291835175,8
R1137E,L-frontal,475.0,-0.20058326039034363,8
R1137E,L-frontal,525.0,-0.20865353377562137,8
R1137E,L-frontal,575.0,-0.2002587227789637,8
R1137E,L-frontal,625.0,-0.2556592577482099,8
R1137E,L-frontal,675.0,-0.18711302268340413,8
R1137E,L-frontal,725.0,-0.21122757079554894,8
R1137E,L-frontal,775.0,-0.15617322116844595,8
R1137E,L-frontal,825.0,-0.2017881393595126,8
R1137E,L-frontal,875.0,-0.19174669560883925,8
R1137E,L-frontal,925.0,-0.21651376585849255,8
R1137E,L-frontal,975.0,-0.16452612851208157,8
R1137E,L-frontal,1025.0,-0.14516639230256886,8
R1137E,L-frontal,1075.0,-0.20885790578810629,8
R1137E,L-frontal,1125.0,-0.21190203349706857,8
R1137E,L-frontal,1175.0,-0.21119185373148197,8
R1137E,L-frontal,1225.0,-0.18394351781608284,8
R1137E,L-frontal,1275.0,-0.18646303053123334,8
R1137E,L-frontal,1325.0,-0.1842871003087243,8
R1137E,L-frontal,1375.0,-0.14210730132941013,8
R1137E,L-frontal,1425.0,-0.17597581061358566,8
R1137E,L-frontal,1475.0,-0.13254714949059518,8
R1137E,L-frontal,1525.0,-0.15324266152616556,8
R1137E,L-frontal,1575.0,-0.10092040766895076,8
R1137E,L-temporal,25.0,-0.08189198923047612,6
R1137E,L-temporal,75.0,-0.08372854476790936,6
R1137E,L-temporal,125.0,-0.15025421320899546,6
R1137E,L-temporal,175.0,-0.04576990679329063,6
R1137E,L-temporal,225.0,-0.030452607724881283,6
R1137E,L-temporal,275.0,-0.03886633645167382,6
R1137E,L-temporal,325.0,0.0077694239916967145,6
R1137E,L-temporal,375.0,-0.0470253704316003,6
R1137E,L-temporal,425.0,-0.046137770871493955,6
R1137E,L-temporal,475.0,-0.07999447304561491,6
R1137E,L-temporal,525.0,-0.037620714422223686,6
R1137E,L-temporal,575.0,-0.10616732707033621,6
R1137E,L-temporal,625.0,-0.1154217357218469,6
R1137E,L-temporal,675.0,-0.07966645017273005,6
R1137E,L-temporal,725.0,-0.12148534628767395,6
R1137E,L-temporal,775.0,-0.115200497357292,6
R1137E,L-temporal,825.0,-0.07220270543221587,6
R1137E,L-temporal,875.0,-0.06743577668080321,6
R1137E,L-temporal,925.0,-0.0941552567307649,6
R1137E,L-temporal,975.0,-0.1343503879579668,6
R1137E,L-temporal,1025.0,-0.031198176298872574,6
R1137E,L-temporal,1075.0,-0.08135320843740164,6
R1137E,L-temporal,1125.0,-0.11818527347946244,6
R1137E,L-temporal,1175.0,-0.06591500657134651,6
R1137E,L-temporal,1225.0,-0.047176948127260615,6
R1137E,L-temporal,1275.0,-0.07684667260876736,6
R1137E,L-temporal,1325.0,-0.07502247444441114,6
R1137E,L-temporal,1375.0,-0.08233961352173637,6
R1137E,L-temporal,1425.0,-0.0840455384412113,6
R1137E,L-temporal,1475.0,-0.08984457808421793,6
R1137E,L-temporal,1525.0,-0.0791340834251233,6
R1137E,L-temporal,1575.0,-0.05494315127694154,6
R1138T,L-parietal,25.0,-0.07898114923907582,6
R1138T,L-parietal,75.0,-0.007487339157873835,6
R1138T,L-parietal,125.0,0.07021417497165146,6
R1138T,L-parietal,175.0,0.06517561847640517,6
R1138T,L-parietal,225.0,0.013478157434355056,6
R1138T,L-parietal,275.0,-0.0020431747938397713,6
R1138T,L-parietal,325.0,-0.022709978026830144,6
R1138T,L-parietal,375.0,-0.11248142555857554,6
R1138T,L-parietal,425.0,-0.052204444120435595,6
R1138T,L-parietal,475.0,-0.053874536980609754,6
R1138T,L-parietal,525.0,-0.03759400844778779,6
R1138T,L-parietal,575.0,-0.05348861181680356,6
R1138T,L-parietal,625.0,0.011845712575983686,6
R1138T,L-parietal,675.0,-0.023639171488825304,6
R1138T,L-parietal,725.0,-0.03527081029954342,6
R1138T,L-parietal,775.0,-0.03369894076923719,6
R1138T,L-parietal,825.0,-0.0049503283361159054,6
R1138T,L-parietal,875.0,0.006336135308533212,6
R1138T,L-parietal,925.0,-0.022352163940341705,6
R1138T,L-parietal,975.0,0.022711815792181917,6
R1138T,L-parietal,1025.0,-0.05307120160789302,6
R1138T,L-parietal,1075.0,0.01243618915784553,6
R1138T,L-parietal,1125.0,0.021138288626442365,6
R1138T,L-parietal,1175.0,-0.03280695782049727,6
R1138T,L-parietal,1225.0,0.05518617056879709,6
R1138T,L-parietal,1275.0,0.001800290378209631,6
R1138T,L-parietal,1325.0,0.02154276796771487,6
R1138T,L-parietal,1375.0,0.01888239550698065,6
R1138T,L-parietal,1425.0,0.040438111785161095,6
R1138T,L-parietal,1475.0,-0.014247434374579237,6
R1138T,L-parietal,1525.0,-0.04472722342411484,6
R1138T,L-parietal,1575.0,-0.06860299667856472,6
R1138T,L-temporal,25.0,-0.007835164953469906,16
R1138T,L-temporal,75.0,-0.03110972523447689,16
R1138T,L-temporal,125.0,0.008782687728979732,16
R1138T,L-temporal,175.0,-0.06576190748720971,16
R1138T,L-temporal,225.0,-0.006852340070214414,16
R1138T,L-temporal,275.0,0.03934845328276977,16
R1138T,L-temporal,325.0,0.030051007388171656,16
R1138T,L-temporal,375.0,0.056854381784844296,16
R1138T,L-temporal,425.0,0.013270596304618304,16
R1138T,L-temporal,475.0,0.030139963366486028,16
R1138T,L-temporal,525.0,0.07396533630139665,16
R1138T,L-temporal,575.0,0.06419265641513712,16
R1138T,L-temporal,625.0,0.10761306724311198,16
R1138T,L-temporal,675.0,0.11596817955550207,16
R1138T,L-temporal,725.0,0.049543716645234964,16
R1138T,L-temporal,775.0,0.057541211293743365,16
R1138T,L-temporal,825.0,0.016756479816955095,16
R1138T,L-temporal,875.0,0.033907025682726126,16
R1138T,L-temporal,925.0,0.08090840173367146,16
R1138T,L-temporal,975.0,0.03410007032839746,16
R1138T,L-temporal,1025.0,0.007039493779493977,16
R1138T,L-temporal,1075.0,0.025713473683052854,16
R1138T,L-temporal,1125.0,-0.002134592644141881,16
R1138T,L-temporal,1175.0,0.04273356231218189,16
R1138T,L-temporal,1225.0,0.02238414379555533,16
R1138T,L-temporal,1275.0,-0.023466145275813605,16
R1138T,L-temporal,1325.0,-0.015446186146792034,16
R1138T,L-temporal,1375.0,0.004865509846279559,16
R1138T,L-temporal,1425.0,0.024536399701806013,16
R1138T,L-temporal,1475.0,0.00041593918792075853,16
R1138T,L-temporal,1525.0,-0.014368100489081768,16
R1138T,L-temporal,1575.0,0.019584888130459915,16
R1138T,R-frontal,25.0,0.06250748745485414,3
R1138T,R-frontal,75.0,-0.03426093534965239,3
R1138T,R-frontal,125.0,-0.10642727962855764,3
R1138T,R-frontal,175.0,-0.13369060977472427,3
R1138T,R-frontal,225.0,-0.022393570764746618,3
R1138T,R-frontal,275.0,-0.05690050410072801,3
R1138T,R-frontal,325.0,-0.05575538450814762,3
R1138T,R-frontal,375.0,-0.14904939531801847,3
R1138T,R-frontal,425.0,-0.06556177972738476,3
R1138T,R-frontal,475.0,-0.08463313914178837,3
R1138T,R-frontal,525.0,-0.022686223771079702,3
R1138T,R-frontal,575.0,-0.019637897462593767,3
R1138T,R-frontal,625.0,-0.059864311037853946,3
R1138T,R-frontal,675.0,-0.007207615896475751,3
R1138T,R-frontal,725.0,-0.014514047105433884,3
R1138T,R-frontal,775.0,-0.05938798498451626,3
R1138T,R-frontal,825.0,-0.012546729311134186,3
R1138T,R-frontal,875.0,-0.019681475666497462,3
R1138T,R-frontal,925.0,0.018591813734926965,3
R1138T,R-frontal,975.0,0.006467432535906687,3
R1138T,R-frontal,1025.0,-0.08389659414047353,3
R1138T,R-frontal,1075.0,-0.06309917455486848,3
R1138T,R-frontal,1125.0,-0.05914679556075136,3
R1138T,R-frontal,1175.0,0.003543709018493796,3
R1138T,R-frontal,1225.0,0.014325922918983386,3
R1138T,R-frontal,1275.0,0.03456048470588254,3
R1138T,R-frontal,1325.0,-0.02292557519529172,3
R1138T,R-frontal,1375.0,-0.015250667033422372,3
R1138T,R-frontal,1425.0,0.012714065525662144,3
R1138T,R-frontal,1475.0,0.013796307925826446,3
R1138T,R-frontal,1525.0,0.021145374809080908,3
R1138T,R-frontal,1575.0,0.026038145489247894,3
R1138T,R-temporal,25.0,-0.06627049380328073,8
R1138T,R-temporal,75.0,0.014339776791907682,8
R1138T,R-temporal,125.0,0.008772124024590131,8
R1138T,R-temporal,175.0,0.0009068967473382285,8
R1138T,R-temporal,225.0,0.012038493412939314,8
R1138T,R-temporal,275.0,0.06332524878803066,8
R1138T,R-temporal,325.0,0.13533324427874566,8
R1138T,R-temporal,375.0,0.08353236439822256,8
R1138T,R-temporal,425.0,0.08434767999564816,8
R1138T,R-temporal,475.0,0.11443702122675922,8
R1138T,R-temporal,525.0,0.10931375598586622,8
R1138T,R-temporal,575.0,0.11699382415505999,8
R1138T,R-temporal,625.0,0.13363762088114758,8
R1138T,R-temporal,675.0,0.15657163690168077,8
R1138T,R-temporal,725.0,0.07454971076669788,8
R1138T,R-temporal,775.0,0.07381492166980114,8
R1138T,R-temporal,825.0,0.06894479537444152,8
R1138T,R-temporal,875.0,0.054415499401053294,8
R1138T,R-temporal,925.0,0.08409254538535679,8
R1138T,R-temporal,975.0,0.09415183603434679,8
R1138T,R-temporal,1025.0,0.02619727497622877,8
R1138T,R-temporal,1075.0,0.04674346634484584,8
R1138T,R-temporal,1125.0,0.02234811331395777,8
R1138T,R-temporal,1175.0,0.07191034532895794,8
R1138T,R-temporal,1225.0,0.06885175127453838,8
R1138T,R-temporal,1275.0,0.09985064967504115,8
R1138T,R-temporal,1325.0,0.022663452260219086,8
R1138T,R-temporal,1375.0,-0.003339468310514267,8
R1138T,R-temporal,1425.0,0.036983068740925426,8
R1138T,R-temporal,1475.0,0.012227253894093269,8
R1138T,R-temporal,1525.0,0.04976188530062543,8
R1138T,R-temporal,1575.0,0.05478145153704886,8
R1142N,L-frontal,25.0,0.06184533061309452,8
R1142N,L-frontal,75.0,0.021511598108612934,8
R1142N,L-frontal,125.0,-0.004281803263722045,8
R1142N,L-frontal,175.0,0.04117858945081682,8
R1142N,L-frontal,225.0,0.08683113868920467,8
R1142N,L-frontal,275.0,0.06609715865466946,8
R1142N,L-frontal,325.0,0.08125686922211002,8
R1142N,L-frontal,375.0,0.06954016832079489,8
R1142N,L-frontal,425.0,0.057156783041478657,8
R1142N,L-frontal,475.0,0.06934327415045996,8
R1142N,L-frontal,525.0,0.07272062631738203,8
R1142N,L-frontal,575.0,0.09164787236021309,8
R1142N,L-frontal,625.0,0.06398443124846295,8
R1142N,L-frontal,675.0,0.08377583657559884,8
R1142N,L-frontal,725.0,0.04729016395544827,8
R1142N,L-frontal,775.0,0.06749473609650566,8
R1142N,L-frontal,825.0,0.021918361771214517,8
R1142N,L-frontal,875.0,0.04770116944727496,8
R1142N,L-frontal,925.0,0.027906660549988464,8
R1142N,L-frontal,975.0,0.04739439795060804,8
R1142N,L-frontal,1025.0,0.04831692205184305,8
R1142N,L-frontal,1075.0,0.05169358609680522,8
R1142N,L-frontal,1125.0,0.053674020258879546,8
R1142N,L-frontal,1175.0,0.009263275098425243,8
R1142N,L-frontal,1225.0,0.026709277280052353,8
R1142N,L-frontal,1275.0,0.038224168771934144,8
R1142N,L-frontal,1325.0,0.04232782108789679,8
R1142N,L-frontal,1375.0,0.028007780053540147,8
R1142N,L-frontal,1425.0,0.0393208888992963,8
R1142N,L-frontal,1475.0,0.028791612598404737,8
R1142N,L-frontal,1525.0,0.016772565755031162,8
R1142N,L-frontal,1575.0,-0.010863259922431331,8
R1142N,R-frontal,25.0,0.021439183966213974,54
R1142N,R-frontal,75.0,0.035271971083145975,54
R1142N,R-frontal,125.0,0.028856955660301525,54
R1142N,R-frontal,175.0,0.04067609532144201,54
R1142N,R-frontal,225.0,0.05923764846705589,54
R1142N,R-frontal,275.0,0.08043758817280923,54
R1142N,R-frontal,325.0,0.07184066334751077,54
R1142N,R-frontal,375.0,0.025324104445076535,54
R1142N,R-frontal,425.0,0.021320961757173792,54
R1142N,R-frontal,475.0,0.0438833788123358,54
R1142N,R-frontal,525.0,0.0396020153259284,54
R1142N,R-frontal,575.0,0.05908508280571336,54
R1142N,R-frontal,625.0,0.01663927270392747,54
R1142N,R-frontal,675.0,0.06721332105210341,54
R1142N,R-frontal,725.0,0.019102931373283158,54
R1142N,R-frontal,775.0,-0.010394255020171324,54
R1142N,R-frontal,825.0,0.03366989366393028,54
R1142N,R-frontal,875.0,0.039215331830375136,54
R1142N,R-frontal,925.0,0.02107596634537589,54
R1142N,R-frontal,975.0,0.06269389086206399,54
R1142N,R-frontal,1025.0,0.042595711787043654,54
R1142N,R-frontal,1075.0,0.07153562443474171,54
R1142N,R-frontal,1125.0,0.05919458058702219,54
R1142N,R-frontal,1175.0,0.00771079330492445,54
R1142N,R-frontal,1225.0,0.04097258603343325,54
R1142N,R-frontal,1275.0,0.033036017048469424,54
R1142N,R-frontal,1325.0,0.02772297514078037,54
R1142N,R-frontal,1375.0,0.003996439698149179,54
R1142N,R-frontal,1425.0,-0.008655219854189013,54
R1142N,R-frontal,1475.0,0.01355268498903626,54
R1142N,R-frontal,1525.0,0.027043954962900966,54
R1142N,R-frontal,1575.0,0.007043233929035232,54
R1142N,R-temporal,25.0,0.039851786627414676,17
R1142N,R-temporal,75.0,0.024366854358629758,17
R1142N,R-temporal,125.0,0.023034007886159533,17
R1142N,R-temporal,175.0,0.014361175221338666,17
R1142N,R-temporal,225.0,0.07142200662147745,17
R1142N,R-temporal,275.0,0.08894614272203293,17
R1142N,R-temporal,325.0,0.03553758240055588,17
R1142N,R-temporal,375.0,0.047058794841490656,17
R1142N,R-temporal,425.0,0.026868247361971936,17
R1142N,R-temporal,475.0,0.027389432366261086,17
R1142N,R-temporal,525.0,0.03137146803783206,17
R1142N,R-temporal,575.0,0.038708637493472677,17
R1142N,R-temporal,625.0,0.026429428027284513,17
R1142N,R-temporal,675.0,0.065026667978061,17
R1142N,R-temporal,725.0,0.01749643432457454,17
R1142N,R-temporal,775.0,-0.00032203556289721753,17
R1142N,R-temporal,825.0,0.05574558356505007,17
R1142N,R-temporal,875.0,0.032020501095062874,17
R1142N,R-temporal,925.0,0.0006924932652545584,17
R1142N,R-temporal,975.0,0.03395361464592737,17
R1142N,R-temporal,1025.0,-0.0076235600244174894,17
R1142N,R-temporal,1075.0,0.003508210346481592,17
R1142N,R-temporal,1125.0,0.0493961848486227,17
R1142N,R-temporal,1175.0,-0.009126042047482274,17
R1142N,R-temporal,1225.0,-0.00762457943653582,17
R1142N,R-temporal,1275.0,-0.002616481740999297,17
R1142N,R-temporal,1325.0,0.016627724596221832,17
R1142N,R-temporal,1375.0,0.016109419950013137,17
R1142N,R-temporal,1425.0,-0.011987824670847233,17
R1142N,R-temporal,1475.0,0.010295696734450573,17
R1142N,R-temporal,1525.0,0.026662609039511013,17
R1142N,R-temporal,1575.0,-0.003014389423144581,17
R1145J,R-frontal,25.0,-0.044137338447494505,6
R1145J,R-frontal,75.0,-0.042640401095136414,6
R1145J,R-frontal,125.0,-0.03461260755968808,6
R1145J,R-frontal,175.0,-0.019311127562640463,6
R1145J,R-frontal,225.0,-0.009526945111959633,6
R1145J,R-frontal,275.0,-0.006019134033759972,6
R1145J,R-frontal,325.0,0.030121595231829973,6
R1145J,R-frontal,375.0,0.0012711094689858548,6
R1145J,R-frontal,425.0,0.0072015304473498866,6
R1145J,R-frontal,475.0,-0.03271934971558766,6
R1145J,R-frontal,525.0,-0.0320719938182339,6
R1145J,R-frontal,575.0,0.010170151222730012,6
R1145J,R-frontal,625.0,-0.0025966539733226685,6
R1145J,R-frontal,675.0,0.0008125974567161817,6
R1145J,R-frontal,725.0,-0.006513856623341002,6
R1145J,R-frontal,775.0,-0.014638504698557686,6
R1145J,R-frontal,825.0,-0.037566630718634315,6
R1145J,R-frontal,875.0,-0.060585242401625355,6
R1145J,R-frontal,925.0,-0.031207737821944925,6
R1145J,R-frontal,975.0,-0.0509568481297513,6
R1145J,R-frontal,1025.0,0.0075577556213643595,6
R1145J,R-frontal,1075.0,0.002902645087541561,6
R1145J,R-frontal,1125.0,-0.033088353817665526,6
R1145J,R-frontal,1175.0,-0.021968520808572266,6
R1145J,R-frontal,1225.0,-0.01368948041741134,6
R1145J,R-frontal,1275.0,0.011459386918776321,6
R1145J,R-frontal,1325.0,-0.03630263925132387,6
R1145J,R-frontal,1375.0,-0.018052942461548822,6
R1145J,R-frontal,1425.0,-0.026332017972973604,6
R1145J,R-frontal,1475.0,-0.018333890008032407,6
R1145J,R-frontal,1525.0,0.015947638533255863,6
R1145J,R-frontal,1575.0,0.00217445098899279,6
R1145J,R-parietal,25.0,-0.008598634174069959,3
R1145J,R-parietal,75.0,-0.030243266268444934,3
R1145J,R-parietal,125.0,-0.03528596480996826,3
R1145J,R-parietal,175.0,-0.005537309041797447,3
R1145J,R-parietal,225.0,-0.00010359105440680902,3
R1145J,R-parietal,275.0,-0.026166014129268157,3
R1145J,R-parietal,325.0,0.03605170613088019,3
R1145J,R-parietal,375.0,-0.039882566824248816,3
R1145J,R-parietal,425.0,-0.008940358242677358,3
R1145J,R-parietal,475.0,-0.012930669328161101,3
R1145J,R-parietal,525.0,-0.03977811515887051,3
R1145J,R-parietal,575.0,0.0045010646324631625,3
R1145J,R-parietal,625.0,-0.03311794869845254,3
R1145J,R-parietal,675.0,-0.00525714383585425,3
R1145J,R-parietal,725.0,0.021880085260965094,3
R1145J,R-parietal,775.0,-0.054674114588100016,3
R1145J,R-parietal,825.0,-0.051232291782950856,3
R1145J,R-parietal,875.0,-0.05885911826735011,3
R1145J,R-parietal,925.0,-0.006652477808947603,3
R1145J,R-parietal,975.0,-0.05090378114726877,3
R1145J,R-parietal,1025.0,-0.0008221404378709098,3
R1145J,R-parietal,1075.0,0.011487352902471151,3
R1145J,R-parietal,1125.0,-0.04710661910134314,3
R1145J,R-parietal,1175.0,-0.04322731855749146,3
R1145J,R-parietal,1225.0,-0.004192291973633618,3
R1145J,R-parietal,1275.0,0.010509914014217586,3
R1145J,R-parietal,1325.0,-0.016821518552484795,3
R1145J,R-parietal,1375.0,0.03170478640789295,3
R1145J,R-parietal,1425.0,-0.035787446567115494,3
R1145J,R-parietal,1475.0,-0.025905430324706148,3
R1145J,R-parietal,1525.0,0.03184515464541466,3
R1145J,R-parietal,1575.0,-0.027459405089168828,3
R1145J,R-temporal,25.0,-0.041866379721722614,6
R1145J,R-temporal,75.0,-0.02089694130542626,6
R1145J,R-temporal,125.0,0.00020702621892802175,6
R1145J,R-temporal,175.0,-0.01260073493558122,6
R1145J,R-temporal,225.0,-0.012009244835925586,6
R1145J,R-temporal,275.0,0.00529540069476845,6
R1145J,R-temporal,325.0,0.009740630260698102,6
R1145J,R-temporal,375.0,-0.020322074303097137,6
R1145J,R-temporal,425.0,0.00358446812288226,6
R1145J,R-temporal,475.0,-0.015406328865356757,6
R1145J,R-temporal,525.0,-0.027707568926928595,6
R1145J,R-temporal,575.0,0.029744407081672534,6
R1145J,R-temporal,625.0,-0.026958139018817818,6
R1145J,R-temporal,675.0,0.011820486929387461,6
R1145J,R-temporal,725.0,-0.0038847495690134035,6
R1145J,R-temporal,775.0,0.006593446144202246,6
R1145J,R-temporal,825.0,-0.0295141281603345,6
R1145J,R-temporal,875.0,-0.047167318907816475,6
R1145J,R-temporal,925.0,-0.02944339383334481,6
R1145J,R-temporal,975.0,-0.004273492160666747,6
R1145J,R-temporal,1025.0,0.020332891198521146,6
R1145J,R-temporal,1075.0,-0.0022647077432554263,6
R1145J,R-temporal,1125.0,-0.0031935216445033777,6
R1145J,R-temporal,1175.0,0.005467817078390673,6
R1145J,R-temporal,1225.0,-0.0182255541544411,6
R1145J,R-temporal,1275.0,0.00933132133218323,6
R1145J,R-temporal,1325.0,-0.020119367700695938,6
R1145J,R-temporal,1375.0,-0.0038665410325429694,6
R1145J,R-temporal,1425.0,-0.0032878468453515215,6
R1145J,R-temporal,1475.0,0.018529523125895068,6
R1145J,R-temporal,1525.0,0.003503155659112874,6
R1145J,R-temporal,1575.0,-0.021397979350007163,6
R1146E,R-frontal,25.0,-0.0024560410627272144,11
R1146E,R-frontal,75.0,-0.06930260306169482,11
R1146E,R-frontal,125.0,-0.07919783620312151,11
R1146E,R-frontal,175.0,-0.055396934429263744,11
R1146E,R-frontal,225.0,-0.13202162295813968,11
R1146E,R-frontal,275.0,-0.015799405231205207,11
R1146E,R-frontal,325.0,-0.07803194378377748,11
R1146E,R-frontal,375.0,-0.10847872458361209,11
R1146E,R-frontal,425.0,-0.017719597419082724,11
R1146E,R-frontal,475.0,-0.01907528860762006,11
R1146E,R-frontal,525.0,-0.05691717348151853,11
R1146E,R-frontal,575.0,-0.0021524658175869757,11
R1146E,R-frontal,625.0,-0.04963179643705253,11
R1146E,R-frontal,675.0,-0.11713297924330926,11
R1146E,R-frontal,725.0,-0.05829363248292938,11
R1146E,R-frontal,775.0,-0.0715493645199612,11
R1146E,R-frontal,825.0,-0.03363537205840588,11
R1146E,R-frontal,875.0,-0.017463001344495452,11
R1146E,R-frontal,925.0,-0.035995303017195314,11
R1146E,R-frontal,975.0,-0.015030492194695468,11
R1146E,R-frontal,1025.0,0.012625409976444957,11
R1146E,R-frontal,1075.0,-0.017969794208851274,11
R1146E,R-frontal,1125.0,0.04238003042114471,11
R1146E,R-frontal,1175.0,0.06726210171762505,11
R1146E,R-frontal,1225.0,0.04792808352154594,11
R1146E,R-frontal,1275.0,-0.03986940946804209,11
R1146E,R-frontal,1325.0,-0.02580538205340186,11
R1146E,R-frontal,1375.0,-0.09294850551048887,11
R1146E,R-frontal,1425.0,-0.09590577509416526,11
R1146E,R-frontal,1475.0,-0.058123323860768246,11
R1146E,R-frontal,1525.0,-0.05937003514448196,11
R1146E,R-frontal,1575.0,0.029717320898541334,11
R1146E,R-parietal,25.0,-0.008983136871228944,4
R1146E,R-parietal,75.0,-0.045534630642132784,4
R1146E,R-parietal,125.0,-0.06703353025677306,4
R1146E,R-parietal,175.0,-0.02099737599570504,4
R1146E,R-parietal,225.0,-0.14190438120397675,4
R1146E,R-parietal,275.0,-0.07711107810167232,4
R1146E,R-parietal,325.0,-0.10751203320465087,4
R1146E,R-parietal,375.0,-0.12848206250830996,4
R1146E,R-parietal,425.0,-0.06393112162259909,4
R1146E,R-parietal,475.0,-0.0679752797750313,4
R1146E,R-parietal,525.0,-0.07895142738080203,4
R1146E,R-parietal,575.0,-0.011431718313636454,4
R1146E,R-parietal,625.0,-0.05672611364223006,4
R1146E,R-parietal,675.0,-0.12189376720537577,4
R1146E,R-parietal,725.0,-0.07242418263996855,4
R1146E,R-parietal,775.0,-0.07023864830944897,4
R1146E,R-parietal,825.0,-0.04481450232540672,4
R1146E,R-parietal,875.0,-0.023484146982103316,4
R1146E,R-parietal,925.0,-0.046340890971945534,4
R1146E,R-parietal,975.0,-0.028004597170107202,4
R1146E,R-parietal,1025.0,-0.014982238326140047,4
R1146E,R-parietal,1075.0,-0.03451455652300781,4
R1146E,R-parietal,1125.0,0.031225628838271163,4
R1146E,R-parietal,1175.0,0.03634688309443712,4
R1146E,R-parietal,1225.0,0.03593351029009297,4
R1146E,R-parietal,1275.0,-0.06661558278401117,4
R1146E,R-parietal,1325.0,-0.04474276826991639,4
R1146E,R-parietal,1375.0,-0.11629865927944319,4
R1146E,R-parietal,1425.0,-0.10391414476571721,4
R1146E,R-parietal,1475.0,-0.06949772346443356,4
R1146E,R-parietal,1525.0,-0.06484630920515534,4
R1146E,R-parietal,1575.0,0.02620850871265354,4
R1148P,R-frontal,25.0,-0.0008752512927638053,15
R1148P,R-frontal,75.0,0.03490420193963827,15
R1148P,R-frontal,125.0,6.0987954988235095e-05,15
R1148P,R-frontal,175.0,0.060505266428459555,15
R1148P,R-frontal,225.0,0.07629940306664353,15
R1148P,R-frontal,275.0,0.07682768134674765,15
R1148P,R-frontal,325.0,0.0438897756457904,15
R1148P,R-frontal,375.0,-0.03316941980262772,15
R1148P,R-frontal,425.0,0.02024484696370176,15
R1148P,R-frontal,475.0,-0.0281710288670173,15
R1148P,R-frontal,525.0,0.0007123717433468573,15
R1148P,R-frontal,575.0,-0.016747272437187318,15
R1148P,R-frontal,625.0,0.04267689339776932,15
R1148P,R-frontal,675.0,0.040316100742749404,15
R1148P,R-frontal,725.0,0.07045002694857956,15
R1148P,R-frontal,775.0,0.012642764558703053,15
R1148P,R-frontal,825.0,0.020568644486084968,15
R1148P,R-frontal,875.0,-0.004121601640279494,15
R1148P,R-frontal,925.0,-0.02877339349785368,15
R1148P,R-frontal,975.0,-0.018156395032175324,15
R1148P,R-frontal,1025.0,0.04116662318239692,15
R1148P,R-frontal,1075.0,0.060548469321640895,15
R1148P,R-frontal,1125.0,0.04299509340334931,15
R1148P,R-frontal,1175.0,0.030872438763671586,15
R1148P,R-frontal,1225.0,0.07345629893841756,15
R1148P,R-frontal,1275.0,-0.002162614753419118,15
R1148P,R-frontal,1325.0,0.017569469721191507,15
R1148P,R-frontal,1375.0,0.04991079644535948,15
R1148P,R-frontal,1425.0,0.03769453593269171,15
R1148P,R-frontal,1475.0,0.009129706645795287,15
R1148P,R-frontal,1525.0,-0.02668284930620461,15
R1148P,R-frontal,1575.0,0.034735820084998995,15
R1149N,L-frontal,25.0,-0.029654865810351275,18
R1149N,L-frontal,75.0,-0.04512248859766942,18
R1149N,L-frontal,125.0,-0.04031159718200457,18
R1149N,L-frontal,175.0,-0.051507989208843794,18
R1149N,L-frontal,225.0,-0.05656647672947979,18
R1149N,L-frontal,275.0,-0.027846538481432277,18
R1149N,L-frontal,325.0,-0.052484393647705234,18
R1149N,L-frontal,375.0,-0.04232660509501679,18
R1149N,L-frontal,425.0,-0.06113138569962847,18
R1149N,L-frontal,475.0,-0.008125153835238486,18
R1149N,L-frontal,525.0,-0.04917829625869164,18
R1149N,L-frontal,575.0,-0.06573073342915023,18
R1149N,L-frontal,625.0,-0.0050506528397074235,18
R1149N,L-frontal,675.0,-0.025870300135388102,18
R1149N,L-frontal,725.0,-0.0011487200733002764,18
R1149N,L-frontal,775.0,0.03034392846157777,18
R1149N,L-frontal,825.0,0.03302246889358026,18
R1149N,L-frontal,875.0,0.04507588123426877,18
R1149N,L-frontal,925.0,0.017884229920824227,18
R1149N,L-frontal,975.0,0.014304588876695383,18
R1149N,L-frontal,1025.0,0.030293492634857238,18
R1149N,L-frontal,1075.0,-0.01391077967785775,18
R1149N,L-frontal,1125.0,-0.014298252530182555,18
R1149N,L-frontal,1175.0,-0.01254020872741906,18
R1149N,L-frontal,1225.0,-0.02074627098337625,18
R1149N,L-frontal,1275.0,-0.030925559105935203,18
R1149N,L-frontal,1325.0,-0.019197553196176376,18
R1149N,L-frontal,1375.0,-0.04482127354939316,18
R1149N,L-frontal,1425.0,-0.043744111579138614,18
R1149N,L-frontal,1475.0,-0.012884779358863296,18
R1149N,L-frontal,1525.0,-0.024107017861194065,18
R1149N,L-frontal,1575.0,-0.025507578600209305,18
R1149N,L-occipital,25.0,-0.0003211505078184763,6
R1149N,L-occipital,75.0,-0.02834994235938403,6
R1149N,L-occipital,125.0,0.04805494464108157,6
R1149N,L-occipital,175.0,-0.01683644283724847,6
R1149N,L-occipital,225.0,0.0737040637782362,6
R1149N,L-occipital,275.0,0.14999607321816774,6
R1149N,L-occipital,325.0,0.0016111212477454978,6
R1149N,L-occipital,375.0,-0.015372844658296095,6
R1149N,L-occipital,425.0,0.01165664632240391,6
R1149N,L-occipital,475.0,-0.003641517324933813,6
R1149N,L-occipital,525.0,0.026771324138668326,6
R1149N,L-occipital,575.0,-0.08901056885327735,6
R1149N,L-occipital,625.0,0.037237644847603966,6
R1149N,L-occipital,675.0,-0.006846327844331421,6
R1149N,L-occipital,725.0,-0.029434013046981584,6
R1149N,L-occipital,775.0,-0.03162191240782667,6
R1149N,L-occipital,825.0,-0.04986604417602264,6
R1149N,L-occipital,875.0,-0.009983998457018188,6
R1149N,L-occipital,925.0,0.018538637599462556,6
R1149N,L-occipital,975.0,0.05481180071131711,6
R1149N,L-occipital,1025.0,0.0205938308799169,6
R1149N,L-occipital,1075.0,-0.029362447030581426,6
R1149N,L-occipital,1125.0,-0.006341694475163133,6
R1149N,L-occipital,1175.0,-0.00786628343439366,6
R1149N,L-occipital,1225.0,0.028017555732193656,6
R1149N,L-occipital,1275.0,0.005767280578949025,6
R1149N,L-occipital,1325.0,-0.030047130697713666,6
R1149N,L-occipital,1375.0,-0.00779537948122807,6
R1149N,L-occipital,1425.0,-0.027830877623827275,6
R1149N,L-occipital,1475.0,-0.04586754760427056,6
R1149N,L-occipital,1525.0,-0.038635117678055345,6
R1149N,L-occipital,1575.0,0.04548723639221705,6
R1149N,L-parietal,25.0,-0.021775949155652195,5
R1149N,L-parietal,75.0,0.05110315372402002,5
R1149N,L-parietal,125.0,-0.0665143231371634,5
R1149N,L-parietal,175.0,-0.12899350939490634,5
R1149N,L-parietal,225.0,-0.06428315667198237,5
R1149N,L-parietal,275.0,-0.17162730583193625,5
R1149N,L-parietal,325.0,-0.07345731935099735,5
R1149N,L-parietal,375.0,-0.04992920517436559,5
R1149N,L-parietal,425.0,-0.09163675826219156,5
R1149N,L-parietal,475.0,0.013035369082012579,5
R1149N,L-parietal,525.0,0.05469721127096185,5
R1149N,L-parietal,575.0,0.00694626851858726,5
R1149N,L-parietal,625.0,0.11531644194360582,5
R1149N,L-parietal,675.0,-0.017949195817573926,5
R1149N,L-parietal,725.0,-0.06941857172720502,5
R1149N,L-parietal,775.0,-0.045119528109666664,5
R1149N,L-parietal,825.0,-0.05853603059478722,5
R1149N,L-parietal,875.0,-0.05919826473532728,5
R1149N,L-parietal,925.0,-0.003518975245022909,5
R1149N,L-parietal,975.0,-0.09994293771956211,5
R1149N,L-parietal,1025.0,-0.03661327362931186,5
R1149N,L-parietal,1075.0,-0.032038303072471165,5
R1149N,L-parietal,1125.0,0.020667347807291868,5
R1149N,L-parietal,1175.0,-0.015667940778704613,5
R1149N,L-parietal,1225.0,0.00920189929438582,5
R1149N,L-parietal,1275.0,-0.043902337035988684,5
R1149N,L-parietal,1325.0,-0.05707081642625132,5
R1149N,L-parietal,1375.0,0.02449649154119369,5
R1149N,L-parietal,1425.0,0.008204937787633176,5
R1149N,L-parietal,1475.0,0.03612507012683104,5
R1149N,L-parietal,1525.0,0.025326056501892135,5
R1149N,L-parietal,1575.0,0.08244379499371729,5
R1149N,L-temporal,25.0,0.004642762802432416,33
R1149N,L-temporal,75.0,-0.01638463806878988,33
R1149N,L-temporal,125.0,0.008226197084151286,33
R1149N,L-temporal,175.0,-0.01756152058501183,33
R1149N,L-temporal,225.0,0.0014594289659974559,33
R1149N,L-temporal,275.0,0.012897831443902035,33
R1149N,L-temporal,325.0,-0.03570317092818951,33
R1149N,L-temporal,375.0,-0.020780163039364544,33
R1149N,L-temporal,425.0,-0.0028585500818934287,33
R1149N,L-temporal,475.0,0.0011776749836762798,33
R1149N,L-temporal,525.0,-0.04273060066043976,33
R1149N,L-temporal,575.0,-0.04478299874451207,33
R1149N,L-temporal,625.0,-0.013998702494663269,33
R1149N,L-temporal,675.0,-0.0011212310320863272,33
R1149N,L-temporal,725.0,-0.008415684005718257,33
R1149N,L-temporal,775.0,-0.02220535149899433,33
R1149N,L-temporal,825.0,-0.03927999328644728,33
R1149N,L-temporal,875.0,-0.029250090571301818,33
R1149N,L-temporal,925.0,-0.0151943610249946,33
R1149N,L-temporal,975.0,0.027342071792619133,33
R1149N,L-temporal,1025.0,-0.013142602233078593,33
R1149N,L-temporal,1075.0,-0.0034250763037377997,33
R1149N,L-temporal,1125.0,-0.04429721057159542,33
R1149N,L-temporal,1175.0,-0.01514187990341457,33
R1149N,L-temporal,1225.0,0.018097759793017247,33
R1149N,L-temporal,1275.0,-0.04622943770181771,33
R1149N,L-temporal,1325.0,-0.018581392664181375,33
R1149N,L-temporal,1375.0,-0.0006147308282633203,33
R1149N,L-temporal,1425.0,0.016112670975427502,33
R1149N,L-temporal,1475.0,-0.017900887198819045,33
R1149N,L-temporal,1525.0,-0.02047259481356322,33
R1149N,L-temporal,1575.0,-0.005127992427348675,33
R1150J,L-frontal,25.0,-0.03744963107468877,3
R1150J,L-frontal,75.0,-0.0967120521402361,3
R1150J,L-frontal,125.0,0.011362475194169776,3
R1150J,L-frontal,175.0,0.07616330921555063,3
R1150J,L-frontal,225.0,0.055452569751438086,3
R1150J,L-frontal,275.0,0.0493296438629674,3
R1150J,L-frontal,325.0,-0.03449357610672402,3
R1150J,L-frontal,375.0,0.05791398621775995,3
R1150J,L-frontal,425.0,-0.10915173802965895,3
R1150J,L-frontal,475.0,-0.03501343305421495,3
R1150J,L-frontal,525.0,-0.017694084524461192,3
R1150J,L-frontal,575.0,-0.10057775809815543,3
R1150J,L-frontal,625.0,-0.05766145450921938,3
R1150J,L-frontal,675.0,0.05087514080183264,3
R1150J,L-frontal,725.0,-0.02874096125281733,3
R1150J,L-frontal,775.0,0.06516153161138068,3
R1150J,L-frontal,825.0,0.09363661862350771,3
R1150J,L-frontal,875.0,0.057777132624175,3
R1150J,L-frontal,925.0,0.028199790061571677,3
R1150J,L-frontal,975.0,-0.10620584802285409,3
R1150J,L-frontal,1025.0,-0.006256911110685925,3
R1150J,L-frontal,1075.0,0.09303687415631585,3
R1150J,L-frontal,1125.0,0.02970312410018211,3
R1150J,L-frontal,1175.0,0.15024648116757425,3
R1150J,L-frontal,1225.0,0.13158990197186635,3
R1150J,L-frontal,1275.0,-0.023461966585280714,3
R1150J,L-frontal,1325.0,-0.01816545116393213,3
R1150J,L-frontal,1375.0,0.03171836815399028,3
R1150J,L-frontal,1425.0,-0.030529132227809914,3
R1150J,L-frontal,1475.0,0.0505494168194314,3
R1150J,L-frontal,1525.0,-0.015098673028829232,3
R1150J,L-frontal,1575.0,0.0008059810278951834,3
R1150J,L-temporal,25.0,0.001994048728635805,6
R1150J,L-temporal,75.0,-0.10955414218839142,6
R1150J,L-temporal,125.0,-0.0017815241003754344,6
R1150J,L-temporal,175.0,0.07852311967539961,6
R1150J,L-temporal,225.0,0.013739769624799725,6
R1150J,L-temporal,275.0,0.014305262144379766,6
R1150J,L-temporal,325.0,-0.09092636733158914,6
R1150J,L-temporal,375.0,0.04772023470427119,6
R1150J,L-temporal,425.0,-0.12777271079858551,6
R1150J,L-temporal,475.0,-0.05347921810659462,6
R1150J,L-temporal,525.0,-0.025295782692079244,6
R1150J,L-temporal,575.0,-0.15752839560247683,6
R1150J,L-temporal,625.0,-0.14012532923716312,6
R1150J,L-temporal,675.0,0.034688162204034985,6
R1150J,L-temporal,725.0,-0.00800789843996263,6
R1150J,L-temporal,775.0,-0.0025051970986425002,6
R1150J,L-temporal,825.0,0.06244589444350426,6
R1150J,L-temporal,875.0,0.05344451179334487,6
R1150J,L-temporal,925.0,0.012842456543325526,6
R1150J,L-temporal,975.0,-0.11002238233077309,6
R1150J,L-temporal,1025.0,0.021594736470733344,6
R1150J,L-temporal,1075.0,0.06922499327457186,6
R1150J,L-temporal,1125.0,7.764228809600121e-06,6
R1150J,L-temporal,1175.0,0.19742813945237,6
R1150J,L-temporal,1225.0,0.14247505113919143,6
R1150J,L-temporal,1275.0,0.008108081731500802,6
R1150J,L-temporal,1325.0,-0.014848126936949979,6
R1150J,L-temporal,1375.0,0.027943379202167842,6
R1150J,L-temporal,1425.0,-0.0524615423201489,6
R1150J,L-temporal,1475.0,0.06497774664498995,6
R1150J,L-temporal,1525.0,0.0004950215053468576,6
R1150J,L-temporal,1575.0,-0.04301655175159614,6
R1151E,L-frontal,25.0,0.02977369945144571,15
R1151E,L-frontal,75.0,-0.059352371943949,15
R1151E,L-frontal,125.0,0.015210077758179917,15
R1151E,L-frontal,175.0,-0.014247923815726038,15
R1151E,L-frontal,225.0,0.10589855226998499,15
R1151E,L-frontal,275.0,0.019149024131292606,15
R1151E,L-frontal,325.0,0.053382915414089564,15
R1151E,L-frontal,375.0,0.02014598184006828,15
R1151E,L-frontal,425.0,0.01885105568897031,15
R1151E,L-frontal,475.0,0.011623630012668909,15
R1151E,L-frontal,525.0,-0.005097004624453438,15
R1151E,L-frontal,575.0,0.020266879367046565,15
R1151E,L-frontal,625.0,0.015579526842588237,15
R1151E,L-frontal,675.0,0.009182035444410215,15
R1151E,L-frontal,725.0,0.01099728575788725,15
R1151E,L-frontal,775.0,0.023123835900782975,15
R1151E,L-frontal,825.0,-0.006442003943584672,15
R1151E,L-frontal,875.0,0.09275097044430705,15
R1151E,L-frontal,925.0,-0.003483874511979283,15
R1151E,L-frontal,975.0,0.05891851501300729,15
R1151E,L-frontal,1025.0,-0.03424655296271344,15
R1151E,L-frontal,1075.0,-0.029412446611626564,15
R1151E,L-frontal,1125.0,0.03817268455875595,15
R1151E,L-frontal,1175.0,-0.015286317379028835,15
R1151E,L-frontal,1225.0,0.002233337521272809,15
R1151E,L-frontal,1275.0,0.016572073990729137,15
R1151E,L-frontal,1325.0,-0.016446665288521702,15
R1151E,L-frontal,1375.0,0.03613117602723403,15
R1151E,L-frontal,1425.0,0.01824221414124238,15
R1151E,L-frontal,1475.0,0.007476173321083781,15
R1151E,L-frontal,1525.0,0.03806989750411778,15
R1151E,L-frontal,1575.0,0.08230253435747627,15
R1151E,L-parietal,25.0,0.040587321736470464,4
R1151E,L-parietal,75.0,-0.004614870682863094,4
R1151E,L-parietal,125.0,0.05467548246505273,4
R1151E,L-parietal,175.0,-0.009882638989174327,4
R1151E,L-parietal,225.0,0.16584967887836885,4
R1151E,L-parietal,275.0,0.04213092579428087,4
R1151E,L-parietal,325.0,0.06506580041466659,4
R1151E,L-parietal,375.0,0.030074954363782217,4
R1151E,L-parietal,425.0,0.04677152104472344,4
R1151E,L-parietal,475.0,-0.0097802357595001,4
R1151E,L-parietal,525.0,-0.03353622108611909,4
R1151E,L-parietal,575.0,-2.7269066376828417e-05,4
R1151E,L-parietal,625.0,-0.008127634808031534,4
R1151E,L-parietal,675.0,0.022250900144428574,4
R1151E,L-parietal,725.0,0.026829638318411807,4
R1151E,L-parietal,775.0,0.046312508601521966,4
R1151E,L-parietal,825.0,0.024299680380228575,4
R1151E,L-parietal,875.0,0.1206377654855808,4
R1151E,L-parietal,925.0,0.010034534496184723,4
R1151E,L-parietal,975.0,0.07009944692159255,4
R1151E,L-parietal,1025.0,-0.007411980100460862,4
R1151E,L-parietal,1075.0,-0.02005300411580609,4
R1151E,L-parietal,1125.0,0.05495986328181423,4
R1151E,L-parietal,1175.0,0.022572938851470336,4
R1151E,L-parietal,1225.0,0.02207269004679416,4
R1151E,L-parietal,1275.0,0.05836184527585037,4
R1151E,L-parietal,1325.0,0.050418134559698825,4
R1151E,L-parietal,1375.0,0.04931168645552607,4
R1151E,L-parietal,1425.0,0.05896400394476803,4
R1151E,L-parietal,1475.0,0.007870204956406208,4
R1151E,L-parietal,1525.0,0.05012241728499998,4
R1151E,L-parietal,1575.0,0.11073860552735751,4
R1151E,L-temporal,25.0,0.01870804910953638,17
R1151E,L-temporal,75.0,-0.06127448177596525,17
R1151E,L-temporal,125.0,0.015836696857676615,17
R1151E,L-temporal,175.0,-0.0044389742410749005,17
R1151E,L-temporal,225.0,0.08638499915286897,17
R1151E,L-temporal,275.0,-0.003914265365728607,17
R1151E,L-temporal,325.0,0.03172102217215905,17
R1151E,L-temporal,375.0,-0.0241914436116878,17
R1151E,L-temporal,425.0,-0.06320429412768325,17
R1151E,L-temporal,475.0,0.009184336191830466,17
R1151E,L-temporal,525.0,-0.03630641739635804,17
R1151E,L-temporal,575.0,-0.028575482218948806,17
R1151E,L-temporal,625.0,-0.02366269795003257,17
R1151E,L-temporal,675.0,-0.016729292767206395,17
R1151E,L-temporal,725.0,-0.009650092264343678,17
R1151E,L-temporal,775.0,-0.044496292757544686,17
R1151E,L-temporal,825.0,-0.03398473835946395,17
R1151E,L-temporal,875.0,0.04458504497526984,17
R1151E,L-temporal,925.0,-0.050562832714128626,17
R1151E,L-temporal,975.0,0.03237135790909856,17
R1151E,L-temporal,1025.0,-0.008180798831820674,17
R1151E,L-temporal,1075.0,-0.009692581164781548,17
R1151E,L-temporal,1125.0,-0.007890060438358652,17
R1151E,L-temporal,1175.0,-0.043887758272417886,17
R1151E,L-temporal,1225.0,-0.0055994819130047785,17
R1151E,L-temporal,1275.0,0.012391059793539484,17
R1151E,L-temporal,1325.0,-0.0012297229317437509,17
R1151E,L-temporal,1375.0,0.009824960613941192,17
R1151E,L-temporal,1425.0,-0.006568845789945067,17
R1151E,L-temporal,1475.0,-0.005293241321949736,17
R1151E,L-temporal,1525.0,-0.024252906027899604,17
R1151E,L-temporal,1575.0,0.06612693640031383,17
R1151E,R-frontal,25.0,0.06077816099864225,3
R1151E,R-frontal,75.0,-0.07587131119825408,3
R1151E,R-frontal,125.0,0.011435521759276044,3
R1151E,R-frontal,175.0,-0.05947976735128074,3
R1151E,R-frontal,225.0,0.09268854502700298,3
R1151E,R-frontal,275.0,-0.03650229511996853,3
R1151E,R-frontal,325.0,0.10154295427401538,3
R1151E,R-frontal,375.0,-0.006812070438460449,3
R1151E,R-frontal,425.0,-0.01670668122117491,3
R1151E,R-frontal,475.0,-0.003386738088307853,3
R1151E,R-frontal,525.0,-0.029839541944532155,3
R1151E,R-frontal,575.0,-0.006150126062521848,3
R1151E,R-frontal,625.0,-0.051010862141685286,3
R1151E,R-frontal,675.0,-0.034889020098155255,3
R1151E,R-frontal,725.0,-0.003652952416101816,3
R1151E,R-frontal,775.0,-0.022302668864382702,3
R1151E,R-frontal,825.0,-0.06583631299580611,3
R1151E,R-frontal,875.0,0.07504605261805151,3
R1151E,R-frontal,925.0,0.004755169697068504,3
R1151E,R-frontal,975.0,0.03527153020119165,3
R1151E,R-frontal,1025.0,-0.024092203073977636,3
R1151E,R-frontal,1075.0,-0.0069340752097371275,3
R1151E,R-frontal,1125.0,0.017360961203258713,3
R1151E,R-frontal,1175.0,-0.027652438202889,3
R1151E,R-frontal,1225.0,-0.016628629621975352,3
R1151E,R-frontal,1275.0,-0.005763553130549601,3
R1151E,R-frontal,1325.0,-0.015199962174316248,3
R1151E,R-frontal,1375.0,0.061235485752580116,3
R1151E,R-frontal,1425.0,0.05694670145586578,3
R1151E,R-frontal,1475.0,-0.019159081162202315,3
R1151E,R-frontal,1525.0,0.0611817791741428,3
R1151E,R-frontal,1575.0,0.12767649037162537,3
R1151E,R-temporal,25.0,-0.004031854466190779,4
R1151E,R-temporal,75.0,-0.045752293688386986,4
R1151E,R-temporal,125.0,0.024825861328272223,4
R1151E,R-temporal,175.0,0.049848896674507995,4
R1151E,R-temporal,225.0,0.059776073112737416,4
R1151E,R-temporal,275.0,0.004834191485827314,4
R1151E,R-temporal,325.0,0.008777022273147484,4
R1151E,R-temporal,375.0,-0.004159065733234216,4
R1151E,R-temporal,425.0,-0.09294770025820878,4
R1151E,R-temporal,475.0,3.19972907119985e-05,4
R1151E,R-temporal,525.0,-0.039798446544837836,4
R1151E,R-temporal,575.0,-0.06634167821459694,4
R1151E,R-temporal,625.0,-0.025789566663468662,4
R1151E,R-temporal,675.0,0.0023496598220926063,4
R1151E,R-temporal,725.0,-0.05245472063211111,4
R1151E,R-temporal,775.0,-0.08118011091243535,4
R1151E,R-temporal,825.0,-0.09523886967248497,4
R1151E,R-temporal,875.0,0.03474373652137246,4
R1151E,R-temporal,925.0,-0.08778549286385234,4
R1151E,R-temporal,975.0,-0.023702535616002288,4
R1151E,R-temporal,1025.0,0.015649021170175588,4
R1151E,R-temporal,1075.0,-0.07560365306132583,4
R1151E,R-temporal,1125.0,-0.022692780148610255,4
R1151E,R-temporal,1175.0,-0.02726560085857849,4
R1151E,R-temporal,1225.0,-0.09624294443041873,4
R1151E,R-temporal,1275.0,0.019996176763549665,4
R1151E,R-temporal,1325.0,0.04802665609339808,4
R1151E,R-temporal,1375.0,0.044031977805870835,4
R1151E,R-temporal,1425.0,-0.014188621513692113,4
R1151E,R-temporal,1475.0,-0.027872977047977233,4
R1151E,R-temporal,1525.0,-0.07430081470526194,4
R1151E,R-temporal,1575.0,0.037449163448281066,4
R1153T,L-frontal,25.0,-0.010774330906719552,4
R1153T,L-frontal,75.0,0.01839230291069097,4
R1153T,L-frontal,125.0,-0.0030197754046148925,4
R1153T,L-frontal,175.0,-0.008847302322262903,4
R1153T,L-frontal,225.0,-0.06651623953703494,4
R1153T,L-frontal,275.0,-0.06743438206390566,4
R1153T,L-frontal,325.0,-0.025473946965534684,4
R1153T,L-frontal,375.0,-0.025185494200075313,4
R1153T,L-frontal,425.0,-0.02920815082588426,4
R1153T,L-frontal,475.0,-0.015129738190765551,4
R1153T,L-frontal,525.0,-0.037431494553445216,4
R1153T,L-frontal,575.0,0.020264367960858228,4
R1153T,L-frontal,625.0,-0.0037428749015302105,4
R1153T,L-frontal,675.0,-0.014862801788816235,4
R1153T,L-frontal,725.0,-0.03076566353402031,4
R1153T,L-frontal,775.0,-0.019631417447825678,4
R1153T,L-frontal,825.0,-0.004554721320588926,4
R1153T,L-frontal,875.0,0.01718004181399607,4
R1153T,L-frontal,925.0,0.015060756032153013,4
R1153T,L-frontal,975.0,-0.01211975195312471,4
R1153T,L-frontal,1025.0,0.0332952731149412,4
R1153T,L-frontal,1075.0,-0.015005165322514778,4
R1153T,L-frontal,1125.0,0.0034430582284268813,4
R1153T,L-frontal,1175.0,0.027397221191790454,4
R1153T,L-frontal,1225.0,0.039870292360291715,4
R1153T,L-frontal,1275.0,-0.03865817317439831,4
R1153T,L-frontal,1325.0,0.0024425611903346797,4
R1153T,L-frontal,1375.0,-0.0006922922426676938,4
R1153T,L-frontal,1425.0,-0.01595078786337307,4
R1153T,L-frontal,1475.0,-0.026843731614167768,4
R1153T,L-frontal,1525.0,-0.029035728321309625,4
R1153T,L-frontal,1575.0,-0.002090161585400664,4
R1153T,L-parietal,25.0,0.007044948599672182,4
R1153T,L-parietal,75.0,0.01967376350587171,4
R1153T,L-parietal,125.0,0.0013631455464464953,4
R1153T,L-parietal,175.0,-0.03952194433266739,4
R1153T,L-parietal,225.0,-0.0892434106832082,4
R1153T,L-parietal,275.0,-0.037653115934038354,4
R1153T,L-parietal,325.0,-0.09582926549848433,4
R1153T,L-parietal,375.0,-0.011467256742242533,4
R1153T,L-parietal,425.0,-0.0061659913566965395,4
R1153T,L-parietal,475.0,0.03627500547259092,4
R1153T,L-parietal,525.0,0.02979548046037521,4
R1153T,L-parietal,575.0,0.0018793249850272507,4
R1153T,L-parietal,625.0,0.00803871537386745,4
R1153T,L-parietal,675.0,0.011275250387518,4
R1153T,L-parietal,725.0,-0.03010186141571451,4
R1153T,L-parietal,775.0,0.015607374494527938,4
R1153T,L-parietal,825.0,-0.005244648483314591,4
R1153T,L-parietal,875.0,0.016688370535044076,4
R1153T,L-parietal,925.0,0.013718590988555317,4
R1153T,L-parietal,975.0,0.035108382475470754,4
R1153T,L-parietal,1025.0,0.0188689428585858,4
R1153T,L-parietal,1075.0,-0.008953464504843859,4
R1153T,L-parietal,1125.0,0.021143577296707343,4
R1153T,L-parietal,1175.0,0.03073262463542916,4
R1153T,L-parietal,1225.0,0.021025372174342333,4
R1153T,L-parietal,1275.0,0.0380333747044306,4
R1153T,L-parietal,1325.0,0.017229455781604196,4
R1153T,L-parietal,1375.0,0.01729248169759867,4
R1153T,L-parietal,1425.0,0.04619204564030755,4
R1153T,L-parietal,1475.0,0.02771830790927621,4
R1153T,L-parietal,1525.0,0.037274014936987634,4
R1153T,L-parietal,1575.0,-0.01928828138264027,4
R1153T,L-temporal,25.0,0.007693445018263872,7
R1153T,L-temporal,75.0,-0.002819151139992595,7
R1153T,L-temporal,125.0,0.011533239035514143,7
R1153T,L-temporal,175.0,0.004481473752960923,7
R1153T,L-temporal,225.0,-0.04916448004182805,7
R1153T,L-temporal,275.0,-0.026471745630136823,7
R1153T,L-temporal,325.0,0.02048393650764784,7
R1153T,L-temporal,375.0,0.006824837843343542,7
R1153T,L-temporal,425.0,0.0349906432123558,7
R1153T,L-temporal,475.0,0.03894974697533253,7
R1153T,L-temporal,525.0,0.014198632629844906,7
R1153T,L-temporal,575.0,0.021970917752818415,7
R1153T,L-temporal,625.0,0.022093901022771343,7
R1153T,L-temporal,675.0,-0.011252138309102296,7
R1153T,L-temporal,725.0,0.018655054885065744,7
R1153T,L-temporal,775.0,-0.03167576695262854,7
R1153T,L-temporal,825.0,0.007154830668637819,7
R1153T,L-temporal,875.0,0.003099015729277617,7
R1153T,L-temporal,925.0,0.015115530769005906,7
R1153T,L-temporal,975.0,-0.005001024745102285,7
R1153T,L-temporal,1025.0,0.04061239382536474,7
R1153T,L-temporal,1075.0,-0.04780561219361522,7
R1153T,L-temporal,1125.0,-0.026453619225716454,7
R1153T,L-temporal,1175.0,-0.004756586041210892,7
R1153T,L-temporal,1225.0,0.040904951534108516,7
R1153T,L-temporal,1275.0,0.04230809872960099,7
R1153T,L-temporal,1325.0,0.024467523953945133,7
R1153T,L-temporal,1375.0,0.010159274906576641,7
R1153T,L-temporal,1425.0,-0.0004138147326089789,7
R1153T,L-temporal,1475.0,-0.053744073198819194,7
R1153T,L-temporal,1525.0,0.007971445417649178,7
R1153T,L-temporal,1575.0,-0.028527982544435556,7
R1153T,R-frontal,25.0,-0.052382918694445633,5
R1153T,R-frontal,75.0,8.37280307556143e-05,5
R1153T,R-frontal,125.0,-0.009437851171133781,5
R1153T,R-frontal,175.0,0.018298399361813322,5
R1153T,R-frontal,225.0,0.02024967274677584,5
R1153T,R-frontal,275.0,0.03639740821714297,5
R1153T,R-frontal,325.0,0.06603244423163049,5
R1153T,R-frontal,375.0,0.05127712686592669,5
R1153T,R-frontal,425.0,0.01957691131873234,5
R1153T,R-frontal,475.0,0.012988292716769248,5
R1153T,R-frontal,525.0,0.03778245742417463,5
R1153T,R-frontal,575.0,5.51869700389368e-05,5
R1153T,R-frontal,625.0,0.017610872731295708,5
R1153T,R-frontal,675.0,0.018043152492632268,5
R1153T,R-frontal,725.0,0.014217795892465902,5
R1153T,R-frontal,775.0,0.03133619927453638,5
R1153T,R-frontal,825.0,0.04142061728405725,5
R1153T,R-frontal,875.0,0.025447868860304923,5
R1153T,R-frontal,925.0,0.030745679389709474,5
R1153T,R-frontal,975.0,0.003610491634586185,5
R1153T,R-frontal,1025.0,0.00613695599913937,5
R1153T,R-frontal,1075.0,0.019997259194900134,5
R1153T,R-frontal,1125.0,0.05043433089955303,5
R1153T,R-frontal,1175.0,0.034613769915476204,5
R1153T,R-frontal,1225.0,0.03692672476777252,5
R1153T,R-frontal,1275.0,-0.04607928276378478,5
R1153T,R-frontal,1325.0,0.0324044432481295,5
R1153T,R-frontal,1375.0,-0.023837421258955938,5
R1153T,R-frontal,1425.0,0.008078974956067993,5
R1153T,R-frontal,1475.0,-0.007035834544633922,5
R1153T,R-frontal,1525.0,-0.007191434735926469,5
R1153T,R-frontal,1575.0,1.614261425992372e-05,5
R1153T,R-parietal,25.0,-0.005482917069553284,3
R1153T,R-parietal,75.0,0.02013014814745546,3
R1153T,R-parietal,125.0,0.026067205420751135,3
R1153T,R-parietal,175.0,0.017190183373748842,3
R1153T,R-parietal,225.0,0.018679358735373873,3
R1153T,R-parietal,275.0,0.02187304790083709,3
R1153T,R-parietal,325.0,0.002845331129752803,3
R1153T,R-parietal,375.0,0.021186586121131005,3
R1153T,R-parietal,425.0,-0.003387450859303268,3
R1153T,R-parietal,475.0,-0.0024287108157314227,3
R1153T,R-parietal,525.0,0.011670929277640456,3
R1153T,R-parietal,575.0,0.021579445015953092,3
R1153T,R-parietal,625.0,0.02271688924225254,3
R1153T,R-parietal,675.0,-0.04062758109523633,3
R1153T,R-parietal,725.0,0.017959493067386815,3
R1153T,R-parietal,775.0,0.0020128497425518812,3
R1153T,R-parietal,825.0,0.026290497978396554,3
R1153T,R-parietal,875.0,0.014407381218096744,3
R1153T,R-parietal,925.0,0.016775678693188755,3
R1153T,R-parietal,975.0,0.007561384204710103,3
R1153T,R-parietal,1025.0,-0.008390794055509368,3
R1153T,R-parietal,1075.0,0.00853850942698058,3
R1153T,R-parietal,1125.0,0.008002303231704732,3
R1153T,R-parietal,1175.0,0.015442385334411017,3
R1153T,R-parietal,1225.0,0.007497387155935388,3
R1153T,R-parietal,1275.0,0.01231962396849943,3
R1153T,R-parietal,1325.0,-0.021262379898080986,3
R1153T,R-parietal,1375.0,0.011662360318264238,3
R1153T,R-parietal,1425.0,0.004087023646360706,3
R1153T,R-parietal,1475.0,0.025174836415874924,3
R1153T,R-parietal,1525.0,-0.020900523762129582,3
R1153T,R-parietal,1575.0,-0.003647648358140257,3
R1153T,R-temporal,25.0,-0.009035323659443702,8
R1153T,R-temporal,75.0,0.017336245100583493,8
R1153T,R-temporal,125.0,0.02680299882401775,8
R1153T,R-temporal,175.0,0.05324772229781541,8
R1153T,R-temporal,225.0,0.060087443920744825,8
R1153T,R-temporal,275.0,0.028478043709781308,8
R1153T,R-temporal,325.0,0.07191045364349909,8
R1153T,R-temporal,375.0,0.05819492457396613,8
R1153T,R-temporal,425.0,0.016145716961408527,8
R1153T,R-temporal,475.0,0.007249407727215543,8
R1153T,R-temporal,525.0,-0.018625797402060506,8
R1153T,R-temporal,575.0,-0.01013509203044167,8
R1153T,R-temporal,625.0,-0.03934715703379654,8
R1153T,R-temporal,675.0,-0.030658480112878514,8
R1153T,R-temporal,725.0,-0.019404933660474848,8
R1153T,R-temporal,775.0,-0.005230722812760143,8
R1153T,R-temporal,825.0,0.044588803184236095,8
R1153T,R-temporal,875.0,0.0550097382115246,8
R1153T,R-temporal,925.0,0.015159937755119656,8
R1153T,R-temporal,975.0,0.02983313741397832,8
R1153T,R-temporal,1025.0,0.022443964663163108,8
R1153T,R-temporal,1075.0,0.040719085819628645,8
R1153T,R-temporal,1125.0,0.06798057263396172,8
R1153T,R-temporal,1175.0,0.0361431043961776,8
R1153T,R-temporal,1225.0,0.021243503873191998,8
R1153T,R-temporal,1275.0,-0.024180068582126638,8
R1153T,R-temporal,1325.0,0.010366082340608117,8
R1153T,R-temporal,1375.0,0.013102604204783291,8
R1153T,R-temporal,1425.0,0.028467484893611818,8
R1153T,R-temporal,1475.0,-0.013768593989353522,8
R1153T,R-temporal,1525.0,0.008222820689001892,8
R1153T,R-temporal,1575.0,0.013844034456238849,8
R1154D,L-frontal,25.0,0.01140937377261789,20
R1154D,L-frontal,75.0,0.0011431883297171187,20
R1154D,L-frontal,125.0,-0.0037730432818859983,20
R1154D,L-frontal,175.0,0.0008998119066140908,20
R1154D,L-frontal,225.0,-0.03233368245423514,20
R1154D,L-frontal,275.0,-0.018982451447734375,20
R1154D,L-frontal,325.0,-0.06175881869950112,20
R1154D,L-frontal,375.0,-0.07353954541659387,20
R1154D,L-frontal,425.0,-0.10664382969378952,20
R1154D,L-frontal,475.0,-0.11489027930155919,20
R1154D,L-frontal,525.0,-0.1135195071168612,20
R1154D,L-frontal,575.0,-0.10715513978245787,20
R1154D,L-frontal,625.0,-0.07675453534850088,20
R1154D,L-frontal,675.0,-0.07340886294544766,20
R1154D,L-frontal,725.0,-0.06611059716458519,20
R1154D,L-frontal,775.0,-0.07026504510632756,20
R1154D,L-frontal,825.0,-0.06044125980321047,20
R1154D,L-frontal,875.0,-0.04367959731411593,20
R1154D,L-frontal,925.0,-0.032712289413055665,20
R1154D,L-frontal,975.0,-0.06264751542846372,20
R1154D,L-frontal,1025.0,-0.037836985873896035,20
R1154D,L-frontal,1075.0,-0.06695027358709575,20
R1154D,L-frontal,1125.0,-0.050304917471711855,20
R1154D,L-frontal,1175.0,-0.03538271483037091,20
R1154D,L-frontal,1225.0,-0.02149553917168813,20
R1154D,L-frontal,1275.0,-0.031203212301222926,20
R1154D,L-frontal,1325.0,-0.012734861933386243,20
R1154D,L-frontal,1375.0,-0.016750621375705377,20
R1154D,L-frontal,1425.0,-0.03382044381043383,20
R1154D,L-frontal,1475.0,-0.049872438483250375,20
R1154D,L-frontal,1525.0,-0.03611273303163035,20
R1154D,L-frontal,1575.0,0.006219482437951304,20
R1154D,L-occipital,25.0,-0.0014122684222303494,7
R1154D,L-occipital,75.0,-0.0034131876041461487,7
R1154D,L-occipital,125.0,-0.014179427227205239,7
R1154D,L-occipital,175.0,-0.00642775485174871,7
R1154D,L-occipital,225.0,0.10258004487676854,7
R1154D,L-occipital,275.0,0.12296566652606591,7
R1154D,L-occipital,325.0,0.1611715882621081,7
R1154D,L-occipital,375.0,0.10924249146020407,7
R1154D,L-occipital,425.0,0.11242488709354517,7
R1154D,L-occipital,475.0,0.057337237586788124,7
R1154D,L-occipital,525.0,0.06747659776457084,7
R1154D,L-occipital,575.0,0.04865059719494415,7
R1154D,L-occipital,625.0,0.03409469098251284,7
R1154D,L-occipital,675.0,0.02911140807608494,7
R1154D,L-occipital,725.0,0.0017972886620859507,7
R1154D,L-occipital,775.0,-0.0015853911532109925,7
R1154D,L-occipital,825.0,0.013435196479434959,7
R1154D,L-occipital,875.0,0.011498939716373753,7
R1154D,L-occipital,925.0,0.02210337218278518,7
R1154D,L-occipital,975.0,-0.00344164903148976,7
R1154D,L-occipital,1025.0,0.023043932292580612,7
R1154D,L-occipital,1075.0,0.010265220290498605,7
R1154D,L-occipital,1125.0,0.018284005807445915,7
R1154D,L-occipital,1175.0,0.00159161118095302,7
R1154D,L-occipital,1225.0,0.011498625939088418,7
R1154D,L-occipital,1275.0,0.012514027272807291,7
R1154D,L-occipital,1325.0,-0.0055770385963826935,7
R1154D,L-occipital,1375.0,-0.008710998640695555,7
R1154D,L-occipital,1425.0,0.008916524655959131,7
R1154D,L-occipital,1475.0,-0.017537509050687218,7
R1154D,L-occipital,1525.0,-0.02973304390360374,7
R1154D,L-occipital,1575.0,0.006403565066436875,7
R1154D,L-parietal,25.0,0.02623815134712597,4
R1154D,L-parietal,75.0,-0.019782407436446058,4
R1154D,L-parietal,125.0,-0.03418447666939091,4
R1154D,L-parietal,175.0,-0.024875630653222153,4
R1154D,L-parietal,225.0,-0.03474063612926906,4
R1154D,L-parietal,275.0,-0.03235643151239603,4
R1154D,L-parietal,325.0,-0.020408208632109938,4
R1154D,L-parietal,375.0,-0.010521290046857158,4
R1154D,L-parietal,425.0,-0.05416344120979267,4
R1154D,L-parietal,475.0,-0.023946256113475436,4
R1154D,L-parietal,525.0,-0.05759686093434685,4
R1154D,L-parietal,575.0,-8.251971208140499e-05,4
R1154D,L-parietal,625.0,-0.03830423587690474,4
R1154D,L-parietal,675.0,0.0035995702713836975,4
R1154D,L-parietal,725.0,-0.029147339942532248,4
R1154D,L-parietal,775.0,-0.06846950736562851,4
R1154D,L-parietal,825.0,-0.07894226652282614,4
R1154D,L-parietal,875.0,-0.01872047564666315,4
R1154D,L-parietal,925.0,-0.05341858209280577,4
R1154D,L-parietal,975.0,-0.0907450086685163,4
R1154D,L-parietal,1025.0,-0.05174906084661957,4
R1154D,L-parietal,1075.0,-0.005538966441465835,4
R1154D,L-parietal,1125.0,-0.0555496581449925,4
R1154D,L-parietal,1175.0,-0.033327526091479126,4
R1154D,L-parietal,1225.0,-0.008151455857187288,4
R1154D,L-parietal,1275.0,-0.04183790668020576,4
R1154D,L-parietal,1325.0,-0.0372949689797694,4
R1154D,L-parietal,1375.0,-0.031506800464710015,4
R1154D,L-parietal,1425.0,-0.06171697266387128,4
R1154D,L-parietal,1475.0,-0.07095386093071544,4
R1154D,L-parietal,1525.0,-0.05449443653255907,4
R1154D,L-parietal,1575.0,-0.0077701545002384865,4
R1154D,L-temporal,25.0,0.004071372860370226,34
R1154D,L-temporal,75.0,-0.021069727251352505,34
R1154D,L-temporal,125.0,-0.0048702510359341245,34
R1154D,L-temporal,175.0,-0.013220776240838278,34
R1154D,L-temporal,225.0,-0.03170903017159065,34
R1154D,L-temporal,275.0,-0.05209254270281888,34
R1154D,L-temporal,325.0,-0.037672782861685905,34
R1154D,L-temporal,375.0,-0.03777114822467791,34
R1154D,L-temporal,425.0,-0.053820510372006775,34
R1154D,L-temporal,475.0,-0.034774938809661086,34
R1154D,L-temporal,525.0,-0.04728362525241166,34
R1154D,L-temporal,575.0,-0.0116973529536543,34
R1154D,L-temporal,625.0,-0.041030129821915735,34
R1154D,L-temporal,675.0,-0.019512754486886136,34
R1154D,L-temporal,725.0,-0.051680601048374006,34
R1154D,L-temporal,775.0,-0.05980513734639588,34
R1154D,L-temporal,825.0,-0.024134287823546954,34
R1154D,L-temporal,875.0,-0.01962328516818698,34
R1154D,L-temporal,925.0,-0.03691604050916171,34
R1154D,L-temporal,975.0,-0.038042097159401184,34
R1154D,L-temporal,1025.0,-0.004611541660813989,34
R1154D,L-temporal,1075.0,0.011697855654488516,34
R1154D,L-temporal,1125.0,-0.020984571548463164,34
R1154D,L-temporal,1175.0,-0.004027540284037092,34
R1154D,L-temporal,1225.0,-0.008493783762569334,34
R1154D,L-temporal,1275.0,-0.0038015979261207876,34
R1154D,L-temporal,1325.0,-0.007735289604499109,34
R1154D,L-temporal,1375.0,-0.0037107714198933895,34
R1154D,L-temporal,1425.0,-0.021675618069058124,34
R1154D,L-temporal,1475.0,-0.04192106564300271,34
R1154D,L-temporal,1525.0,-0.020550386621236878,34
R1154D,L-temporal,1575.0,-0.0152389404275412,34
R1156D,L-frontal,25.0,-0.025053528056817275,31
R1156D,L-frontal,75.0,0.0003079973596834586,31
R1156D,L-frontal,125.0,0.020222454386793712,31
R1156D,L-frontal,175.0,0.040933960299554435,31
R1156D,L-frontal,225.0,-0.008753612032944722,31
R1156D,L-frontal,275.0,-0.007137228108738421,31
R1156D,L-frontal,325.0,-0.040025662491666135,31
R1156D,L-frontal,375.0,-0.0641855994571248,31
R1156D,L-frontal,425.0,-0.013649914873854183,31
R1156D,L-frontal,475.0,-0.043870176341094885,31
R1156D,L-frontal,525.0,-0.015404666021995713,31
R1156D,L-frontal,575.0,-0.006874159599394627,31
R1156D,L-frontal,625.0,-0.019441831148094512,31
R1156D,L-frontal,675.0,-0.05506957700554736,31
R1156D,L-frontal,725.0,-0.05064870977738539,31
R1156D,L-frontal,775.0,-0.05698764618577755,31
R1156D,L-frontal,825.0,-0.05207338555584331,31
R1156D,L-frontal,875.0,-0.01925127371871522,31
R1156D,L-frontal,925.0,-0.005390290872720483,31
R1156D,L-frontal,975.0,-0.003705795462299983,31
R1156D,L-frontal,1025.0,0.03498901066199334,31
R1156D,L-frontal,1075.0,-0.006195395158718148,31
R1156D,L-frontal,1125.0,0.008152637820124809,31
R1156D,L-frontal,1175.0,-0.010392917671213652,31
R1156D,L-frontal,1225.0,-0.009603026604036854,31
R1156D,L-frontal,1275.0,-0.012969342564778424,31
R1156D,L-frontal,1325.0,-0.01355462924021583,31
R1156D,L-frontal,1375.0,0.04365187071717618,31
R1156D,L-frontal,1425.0,0.04664942548714153,31
R1156D,L-frontal,1475.0,0.001127328826019872,31
R1156D,L-frontal,1525.0,0.007979941646547075,31
R1156D,L-frontal,1575.0,-0.015165582808424798,31
R1156D,R-frontal,25.0,-0.021626437647507848,71
R1156D,R-frontal,75.0,-0.00479303493901168,71
R1156D,R-frontal,125.0,0.006245231028228663,71
R1156D,R-frontal,175.0,0.010608596104529766,71
R1156D,R-frontal,225.0,-0.005693532803043924,71
R1156D,R-frontal,275.0,-0.006978114915695484,71
R1156D,R-frontal,325.0,-0.028214195109493776,71
R1156D,R-frontal,375.0,-0.057854792857155495,71
R1156D,R-frontal,425.0,-0.039548994090208976,71
R1156D,R-frontal,475.0,-0.06730982144041878,71
R1156D,R-frontal,525.0,-0.05691177291302249,71
R1156D,R-frontal,575.0,-0.0438892405568003,71
R1156D,R-frontal,625.0,-0.03144325869484372,71
R1156D,R-frontal,675.0,-0.044283861511467064,71
R1156D,R-frontal,725.0,-0.061578384533176066,71
R1156D,R-frontal,775.0,-0.055826159010997176,71
R1156D,R-frontal,825.0,-0.056384399232586056,71
R1156D,R-frontal,875.0,-0.031413588449856644,71
R1156D,R-frontal,925.0,-0.00614919614641314,71
R1156D,R-frontal,975.0,-0.02153342861646033,71
R1156D,R-frontal,1025.0,-0.017158630754363975,71
R1156D,R-frontal,1075.0,-0.034149716487595565,71
R1156D,R-frontal,1125.0,-0.00013250724912274064,71
R1156D,R-frontal,1175.0,-0.010609234098377017,71
R1156D,R-frontal,1225.0,-0.023540868778892634,71
R1156D,R-frontal,1275.0,-0.02141351828375947,71
R1156D,R-frontal,1325.0,-0.028201172580511538,71
R1156D,R-frontal,1375.0,0.00689634307909244,71
R1156D,R-frontal,1425.0,-0.014875364737583387,71
R1156D,R-frontal,1475.0,-0.006939719846843955,71
R1156D,R-frontal,1525.0,-0.009299079066870379,71
R1156D,R-frontal,1575.0,-0.02234807452719973,71
R1156D,R-parietal,25.0,-0.02552795959683293,7
R1156D,R-parietal,75.0,0.021766218521146612,7
R1156D,R-parietal,125.0,0.021270193913864723,7
R1156D,R-parietal,175.0,0.029200409268898473,7
R1156D,R-parietal,225.0,0.01593235442296698,7
R1156D,R-parietal,275.0,0.006350299456355013,7
R1156D,R-parietal,325.0,-0.0039057045462339906,7
R1156D,R-parietal,375.0,-0.018619773429700708,7
R1156D,R-parietal,425.0,-0.037644748948278954,7
R1156D,R-parietal,475.0,-0.0635868889933502,7
R1156D,R-parietal,525.0,-0.005162974592303192,7
R1156D,R-parietal,575.0,-0.020549773268435607,7
R1156D,R-parietal,625.0,-0.017264211870061368,7
R1156D,R-parietal,675.0,-0.00027728503103488213,7
R1156D,R-parietal,725.0,-0.0407873906174779,7
R1156D,R-parietal,775.0,0.04041827454202742,7
R1156D,R-parietal,825.0,-0.017260095605634154,7
R1156D,R-parietal,875.0,0.0228290020522871,7
R1156D,R-parietal,925.0,0.049725782021779796,7
R1156D,R-parietal,975.0,-0.015808891065746143,7
R1156D,R-parietal,1025.0,0.021631634185635348,7
R1156D,R-parietal,1075.0,-0.028980818557018506,7
R1156D,R-parietal,1125.0,0.02854194375391739,7
R1156D,R-parietal,1175.0,0.008967545370031369,7
R1156D,R-parietal,1225.0,-0.0032602190212616794,7
R1156D,R-parietal,1275.0,-0.02078463307012392,7
R1156D,R-parietal,1325.0,-0.02966601398427765,7
R1156D,R-parietal,1375.0,-0.005060984073652735,7
R1156D,R-parietal,1425.0,0.004770560495369559,7
R1156D,R-parietal,1475.0,0.03731409134844512,7
R1156D,R-parietal,1525.0,0.028072109873349824,7
R1156D,R-parietal,1575.0,-0.042908472276917055,7
R1156D,R-temporal,25.0,-0.006232392906202045,7
R1156D,R-temporal,75.0,0.03624136645929293,7
R1156D,R-temporal,125.0,0.0032558981691398216,7
R1156D,R-temporal,175.0,-0.02220652294576264,7
R1156D,R-temporal,225.0,0.0038857905004659327,7
R1156D,R-temporal,275.0,-0.023360674696971704,7
R1156D,R-temporal,325.0,-0.02573785760566321,7
R1156D,R-temporal,375.0,-0.029436776745180308,7
R1156D,R-temporal,425.0,-0.06514426272120323,7
R1156D,R-temporal,475.0,-0.04717215610008485,7
R1156D,R-temporal,525.0,-0.042415397630384086,7
R1156D,R-temporal,575.0,-0.057381472489168604,7
R1156D,R-temporal,625.0,-0.002790870504877851,7
R1156D,R-temporal,675.0,-0.04754947575661062,7
R1156D,R-temporal,725.0,-0.02482017823044996,7
R1156D,R-temporal,775.0,-0.029048028160425066,7
R1156D,R-temporal,825.0,-0.042468975587192224,7
R1156D,R-temporal,875.0,-0.0013964718351188662,7
R1156D,R-temporal,925.0,-0.003031873188201456,7
R1156D,R-temporal,975.0,-0.013485049105042182,7
R1156D,R-temporal,1025.0,-0.008852971135896824,7
R1156D,R-temporal,1075.0,0.009413696993432547,7
R1156D,R-temporal,1125.0,0.01312580361797318,7
R1156D,R-temporal,1175.0,0.022564494023700837,7
R1156D,R-temporal,1225.0,0.005908658793812362,7
R1156D,R-temporal,1275.0,0.0053088235209788155,7
R1156D,R-temporal,1325.0,-0.006884784194205721,7
R1156D,R-temporal,1375.0,0.02549292056653641,7
R1156D,R-temporal,1425.0,0.02545217954236812,7
R1156D,R-temporal,1475.0,0.016118969345168682,7
R1156D,R-temporal,1525.0,0.03801889909588228,7
R1156D,R-temporal,1575.0,0.020238082075663234,7
R1161E,L-occipital,25.0,-0.05349743575019637,5
R1161E,L-occipital,75.0,-0.013914101422233515,5
R1161E,L-occipital,125.0,0.05439757496266064,5
R1161E,L-occipital,175.0,0.026220742522863653,5
R1161E,L-occipital,225.0,0.047601594084009234,5
R1161E,L-occipital,275.0,-0.032684741179362195,5
R1161E,L-occipital,325.0,-0.009715190353632186,5
R1161E,L-occipital,375.0,0.025202011640889938,5
R1161E,L-occipital,425.0,0.12622604801251808,5
R1161E,L-occipital,475.0,0.0235986194344356,5
R1161E,L-occipital,525.0,0.004868969643251708,5
R1161E,L-occipital,575.0,0.016704006769721825,5
R1161E,L-occipital,625.0,-0.061905680849218006,5
R1161E,L-occipital,675.0,-0.00460852720495567,5
R1161E,L-occipital,725.0,-0.05590480243420261,5
R1161E,L-occipital,775.0,-0.11752345891164902,5
R1161E,L-occipital,825.0,6.194423872285526e-05,5
R1161E,L-occipital,875.0,-0.0016148715470297823,5
R1161E,L-occipital,925.0,-0.08019147971057212,5
R1161E,L-occipital,975.0,-0.1028570497955246,5
R1161E,L-occipital,1025.0,-0.149497052635872,5
R1161E,L-occipital,1075.0,-0.13905423952542997,5
R1161E,L-occipital,1125.0,-0.04545969272234834,5
R1161E,L-occipital,1175.0,-0.0499336531925746,5
R1161E,L-occipital,1225.0,-0.12259440121440254,5
R1161E,L-occipital,1275.0,-0.09191436726471917,5
R1161E,L-occipital,1325.0,-0.041176094223937816,5
R1161E,L-occipital,1375.0,-0.01784230112321994,5
R1161E,L-occipital,1425.0,-0.04247738049664777,5
R1161E,L-occipital,1475.0,-0.018667881755407883,5
R1161E,L-occipital,1525.0,0.03277157856116717,5
R1161E,L-occipital,1575.0,-0.06526865763703933,5
R1161E,L-parietal,25.0,-0.01372730762673835,7
R1161E,L-parietal,75.0,-0.09843939824611929,7
R1161E,L-parietal,125.0,0.00548454639638618,7
R1161E,L-parietal,175.0,-0.08508624767877397,7
R1161E,L-parietal,225.0,-0.046405942161943374,7
R1161E,L-parietal,275.0,-0.010733884706701877,7
R1161E,L-parietal,325.0,0.02798879446073313,7
R1161E,L-parietal,375.0,0.012379779585468044,7
R1161E,L-parietal,425.0,-0.009097194989771797,7
R1161E,L-parietal,475.0,0.07109058578799635,7
R1161E,L-parietal,525.0,0.06184429042564347,7
R1161E,L-parietal,575.0,0.06738652201782833,7
R1161E,L-parietal,625.0,-0.04235435223356455,7
R1161E,L-parietal,675.0,0.010536958691726047,7
R1161E,L-parietal,725.0,-0.015902447970871196,7
R1161E,L-parietal,775.0,-0.07783694828096777,7
R1161E,L-parietal,825.0,0.06185029666987568,7
R1161E,L-parietal,875.0,0.055793080080720626,7
R1161E,L-parietal,925.0,0.05936381394766902,7
R1161E,L-parietal,975.0,0.026176820002644728,7
R1161E,L-parietal,1025.0,0.005861472015921808,7
R1161E,L-parietal,1075.0,0.013619095006958971,7
R1161E,L-parietal,1125.0,-0.010115881307381993,7
R1161E,L-parietal,1175.0,0.001578487043828278,7
R1161E,L-parietal,1225.0,-0.03684411188490611,7
R1161E,L-parietal,1275.0,-0.027849353801337327,7
R1161E,L-parietal,1325.0,-0.018611062279329273,7
R1161E,L-parietal,1375.0,-0.0953578978428109,7
R1161E,L-parietal,1425.0,-0.028583658702766045,7
R1161E,L-parietal,1475.0,-0.08335608638721746,7
R1161E,L-parietal,1525.0,-0.07564530542647556,7
R1161E,L-parietal,1575.0,-0.07120204661919635,7
R1162N,R-frontal,25.0,-0.02345596503078039,11
R1162N,R-frontal,75.0,-0.06296519486882,11
R1162N,R-frontal,125.0,-0.013323509352752583,11
R1162N,R-frontal,175.0,0.05222829904722095,11
R1162N,R-frontal,225.0,0.027434971224956396,11
R1162N,R-frontal,275.0,-0.0614476684894538,11
R1162N,R-frontal,325.0,-0.009342157890465925,11
R1162N,R-frontal,375.0,-0.029784063121692527,11
R1162N,R-frontal,425.0,-0.0816512548960677,11
R1162N,R-frontal,475.0,-0.11754506245766176,11
R1162N,R-frontal,525.0,-0.09823685281886564,11
R1162N,R-frontal,575.0,-0.12746927131422214,11
R1162N,R-frontal,625.0,-0.08159209024969097,11
R1162N,R-frontal,675.0,-0.050819726425768035,11
R1162N,R-frontal,725.0,-0.12065211216265205,11
R1162N,R-frontal,775.0,-0.06058186381524437,11
R1162N,R-frontal,825.0,-0.12755507767512775,11
R1162N,R-frontal,875.0,-0.05385883299729563,11
R1162N,R-frontal,925.0,-0.07914140776171216,11
R1162N,R-frontal,975.0,-0.07620798609850862,11
R1162N,R-frontal,1025.0,-0.04695440544566477,11
R1162N,R-frontal,1075.0,-0.043934318418733256,11
R1162N,R-frontal,1125.0,-0.009310307780916613,11
R1162N,R-frontal,1175.0,0.006582234927836122,11
R1162N,R-frontal,1225.0,-0.0018364310679070664,11
R1162N,R-frontal,1275.0,-0.07177009435396077,11
R1162N,R-frontal,1325.0,0.016024440073502698,11
R1162N,R-frontal,1375.0,0.008799510550927018,11
R1162N,R-frontal,1425.0,0.02655759671314867,11
R1162N,R-frontal,1475.0,0.00339475921260428,11
R1162N,R-frontal,1525.0,0.00941844304092796,11
R1162N,R-frontal,1575.0,0.061969637630927,11
R1162N,R-occipital,25.0,0.10645387620222341,3
R1162N,R-occipital,75.0,0.2000728864676257,3
R1162N,R-occipital,125.0,0.6935131048333211,3
R1162N,R-occipital,175.0,0.6182318855978317,3
R1162N,R-occipital,225.0,0.32281591998844145,3
R1162N,R-occipital,275.0,0.5293410804017668,3
R1162N,R-occipital,325.0,0.642566391332592,3
R1162N,R-occipital,375.0,0.5363325920109059,3
R1162N,R-occipital,425.0,0.5569767269994692,3
R1162N,R-occipital,475.0,0.5121879790752467,3
R1162N,R-occipital,525.0,0.45213304693224976,3
R1162N,R-occipital,575.0,0.4211861148605238,3
R1162N,R-occipital,625.0,0.3832727043195985,3
R1162N,R-occipital,675.0,0.3167008526330068,3
R1162N,R-occipital,725.0,0.22605796253850055,3
R1162N,R-occipital,775.0,0.16817453940712335,3
R1162N,R-occipital,825.0,0.2474740513547148,3
R1162N,R-occipital,875.0,0.2654053151753627,3
R1162N,R-occipital,925.0,0.16517740247401697,3
R1162N,R-occipital,975.0,0.05605746237490202,3
R1162N,R-occipital,1025.0,0.09048270285875808,3
R1162N,R-occipital,1075.0,0.2736205356487525,3
R1162N,R-occipital,1125.0,0.10117623961049105,3
R1162N,R-occipital,1175.0,0.198784531985037,3
R1162N,R-occipital,1225.0,0.20592687914705565,3
R1162N,R-occipital,1275.0,0.1421891579274509,3
R1162N,R-occipital,1325.0,0.23500709951094526,3
R1162N,R-occipital,1375.0,0.22413344573778046,3
R1162N,R-occipital,1425.0,0.2150100498511287,3
R1162N,R-occipital,1475.0,0.2354831160521013,3
R1162N,R-occipital,1525.0,0.2121227084437289,3
R1162N,R-occipital,1575.0,0.22361121917998558,3
R1162N,R-parietal,25.0,-0.013671885979041986,6
R1162N,R-parietal,75.0,-0.013892207547565955,6
R1162N,R-parietal,125.0,0.03638335262284522,6
R1162N,R-parietal,175.0,-0.02081166232554917,6
R1162N,R-parietal,225.0,-0.07421169896221134,6
R1162N,R-parietal,275.0,-0.03646558313490032,6
R1162N,R-parietal,325.0,0.0390827785865513,6
R1162N,R-parietal,375.0,-0.0062262089986665865,6
R1162N,R-parietal,425.0,0.06174310762765156,6
R1162N,R-parietal,475.0,0.021571275011270652,6
R1162N,R-parietal,525.0,0.12738667309442817,6
R1162N,R-parietal,575.0,0.04254435338335905,6
R1162N,R-parietal,625.0,0.05673372612064742,6
R1162N,R-parietal,675.0,0.1011155474675569,6
R1162N,R-parietal,725.0,0.02001167603380396,6
R1162N,R-parietal,775.0,0.062481198028615896,6
R1162N,R-parietal,825.0,-0.02267418457099452,6
R1162N,R-parietal,875.0,0.009014982886864246,6
R1162N,R-parietal,925.0,0.12200704032078595,6
R1162N,R-parietal,975.0,-0.041684930008554576,6
R1162N,R-parietal,1025.0,-0.12211423075568358,6
R1162N,R-parietal,1075.0,0.04007132081605266,6
R1162N,R-parietal,1125.0,0.005313402215199078,6
R1162N,R-parietal,1175.0,0.0023064316443386335,6
R1162N,R-parietal,1225.0,-0.03749622290546354,6
R1162N,R-parietal,1275.0,-0.020205558857511765,6
R1162N,R-parietal,1325.0,-0.015054440346572833,6
R1162N,R-parietal,1375.0,0.027096559627869683,6
R1162N,R-parietal,1425.0,-0.022715164049375725,6
R1162N,R-parietal,1475.0,0.04041975455796434,6
R1162N,R-parietal,1525.0,-0.018549996414362686,6
R1162N,R-parietal,1575.0,0.03393290957521309,6
R1162N,R-temporal,25.0,-0.028829867948865783,23
R1162N,R-temporal,75.0,-0.036051231379044604,23
R1162N,R-temporal,125.0,-0.0523506225630828,23
R1162N,R-temporal,175.0,0.004371752931552201,23
R1162N,R-temporal,225.0,-0.003893420998063525,23
R1162N,R-temporal,275.0,-0.01080480872354835,23
R1162N,R-temporal,325.0,-0.0005383270989362858,23
R1162N,R-temporal,375.0,-0.025574585278070758,23
R1162N,R-temporal,425.0,-0.04080264542401272,23
R1162N,R-temporal,475.0,-0.07762528513188287,23
R1162N,R-temporal,525.0,-0.07104362520538006,23
R1162N,R-temporal,575.0,-0.0733513025784244,23
R1162N,R-temporal,625.0,-0.07217134059678419,23
R1162N,R-temporal,675.0,-0.029751097575739707,23
R1162N,R-temporal,725.0,-0.036404643248086274,23
R1162N,R-temporal,775.0,-0.026485981003659422,23
R1162N,R-temporal,825.0,0.012328191229391407,23
R1162N,R-temporal,875.0,0.004278220647905666,23
R1162N,R-temporal,925.0,-0.013918829663869512,23
R1162N,R-temporal,975.0,-0.02446151792466438,23
R1162N,R-temporal,1025.0,-0.021372869732942043,23
R1162N,R-temporal,1075.0,-0.014551999090950497,23
R1162N,R-temporal,1125.0,-0.033460826639780415,23
R1162N,R-temporal,1175.0,-0.0400304691876352,23
R1162N,R-temporal,1225.0,-0.03236835845309851,23
R1162N,R-temporal,1275.0,-0.0036840602586374104,23
R1162N,R-temporal,1325.0,-0.02393019098405244,23
R1162N,R-temporal,1375.0,-0.018962443891926292,23
R1162N,R-temporal,1425.0,-0.002556855667687296,23
R1162N,R-temporal,1475.0,-0.004505521937662362,23
R1162N,R-temporal,1525.0,0.014741197890199651,23
R1162N,R-temporal,1575.0,-0.004440201359789188,23
R1163T,L-frontal,25.0,-0.0996326086809471,6
R1163T,L-frontal,75.0,-0.00715317523003247,6
R1163T,L-frontal,125.0,0.06681816584633231,6
R1163T,L-frontal,175.0,0.015154708572698683,6
R1163T,L-frontal,225.0,0.10015804298680575,6
R1163T,L-frontal,275.0,0.09680791781677482,6
R1163T,L-frontal,325.0,0.09818139024966033,6
R1163T,L-frontal,375.0,0.006345700653535354,6
R1163T,L-frontal,425.0,-0.00364772380195668,6
R1163T,L-frontal,475.0,0.11641742736875405,6
R1163T,L-frontal,525.0,0.07184760395028196,6
R1163T,L-frontal,575.0,0.08163149435371035,6
R1163T,L-frontal,625.0,0.06947580523348766,6
R1163T,L-frontal,675.0,0.11762958420441628,6
R1163T,L-frontal,725.0,0.23382190608102413,6
R1163T,L-frontal,775.0,0.1260179440693094,6
R1163T,L-frontal,825.0,0.18237461197797167,6
R1163T,L-frontal,875.0,-0.03203551794635866,6
R1163T,L-frontal,925.0,-0.01362758350626511,6
R1163T,L-frontal,975.0,0.032105179742867744,6
R1163T,L-frontal,1025.0,0.031676796728785296,6
R1163T,L-frontal,1075.0,-0.04146791173054944,6
R1163T,L-frontal,1125.0,-0.08224237946490864,6
R1163T,L-frontal,1175.0,-0.06524813165560328,6
R1163T,L-frontal,1225.0,0.10868884607242309,6
R1163T,L-frontal,1275.0,0.13042690185973657,6
R1163T,L-frontal,1325.0,-0.020909353427189154,6
R1163T,L-frontal,1375.0,0.061212462464790236,6
R1163T,L-frontal,1425.0,-0.0063176792514466895,6
R1163T,L-frontal,1475.0,-0.12574819878090357,6
R1163T,L-frontal,1525.0,0.0007860834787881227,6
R1163T,L-frontal,1575.0,0.0014702785115948828,6
R1163T,L-occipital,25.0,-0.09941740528923948,8
R1163T,L-occipital,75.0,0.012394508799070683,8
R1163T,L-occipital,125.0,0.07253779529222938,8
R1163T,L-occipital,175.0,0.018730573084727475,8
R1163T,L-occipital,225.0,0.1072847686907588,8
R1163T,L-occipital,275.0,0.09612838874869982,8
R1163T,L-occipital,325.0,0.09743635243180912,8
R1163T,L-occipital,375.0,0.006385899995426233,8
R1163T,L-occipital,425.0,-0.002921919319312174,8
R1163T,L-occipital,475.0,0.10104110878983913,8
R1163T,L-occipital,525.0,0.06739493551771175,8
R1163T,L-occipital,575.0,0.07852659861758095,8
R1163T,L-occipital,625.0,0.0697710137423011,8
R1163T,L-occipital,675.0,0.10851801765876955,8
R1163T,L-occipital,725.0,0.23948032088110288,8
R1163T,L-occipital,775.0,0.12497413537763746,8
R1163T,L-occipital,825.0,0.18095887236464767,8
R1163T,L-occipital,875.0,-0.02492806000155487,8
R1163T,L-occipital,925.0,-0.015086763152204377,8
R1163T,L-occipital,975.0,0.02909480056366271,8
R1163T,L-occipital,1025.0,0.04006221160581158,8
R1163T,L-occipital,1075.0,-0.04485139833783708,8
R1163T,L-occipital,1125.0,-0.08561424071227505,8
R1163T,L-occipital,1175.0,-0.05950635096751512,8
R1163T,L-occipital,1225.0,0.12108239129808074,8
R1163T,L-occipital,1275.0,0.126354441205989,8
R1163T,L-occipital,1325.0,-0.014122837284146582,8
R1163T,L-occipital,1375.0,0.05428465958855365,8
R1163T,L-occipital,1425.0,0.014330995300734575,8
R1163T,L-occipital,1475.0,-0.11348775992402235,8
R1163T,L-occipital,1525.0,-0.0008813407094439055,8
R1163T,L-occipital,1575.0,0.006170365179890177,8
R1163T,L-parietal,25.0,-0.09480930379009778,16
R1163T,L-parietal,75.0,-0.001691199023636874,16
R1163T,L-parietal,125.0,0.07256685188407723,16
R1163T,L-parietal,175.0,0.009381565740040825,16
R1163T,L-parietal,225.0,0.10640112619398778,16
R1163T,L-parietal,275.0,0.08338898403889544,16
R1163T,L-parietal,325.0,0.094235577978942,16
R1163T,L-parietal,375.0,0.0034859006582126117,16
R1163T,L-parietal,425.0,0.0008395711500522574,16
R1163T,L-parietal,475.0,0.11037109968405323,16
R1163T,L-parietal,525.0,0.06594866943352487,16
R1163T,L-parietal,575.0,0.085132964183946,16
R1163T,L-parietal,625.0,0.06565327337633503,16
R1163T,L-parietal,675.0,0.11262905610435575,16
R1163T,L-parietal,725.0,0.21952941338950566,16
R1163T,L-parietal,775.0,0.12991665390452997,16
R1163T,L-parietal,825.0,0.1775440390997697,16
R1163T,L-parietal,875.0,-0.03419603223375473,16
R1163T,L-parietal,925.0,-0.01764442412233027,16
R1163T,L-parietal,975.0,0.024410649750136466,16
R1163T,L-parietal,1025.0,0.03554581690138701,16
R1163T,L-parietal,1075.0,-0.03815534801514046,16
R1163T,L-parietal,1125.0,-0.07055907835006449,16
R1163T,L-parietal,1175.0,-0.06112454815222802,16
R1163T,L-parietal,1225.0,0.09690554817881536,16
R1163T,L-parietal,1275.0,0.12709980156709633,16
R1163T,L-parietal,1325.0,-0.006119144395287336,16
R1163T,L-parietal,1375.0,0.05886276456108972,16
R1163T,L-parietal,1425.0,0.005508658209316952,16
R1163T,L-parietal,1475.0,-0.11930898376534554,16
R1163T,L-parietal,1525.0,0.0031179416071300567,16
R1163T,L-parietal,1575.0,0.0026137472389271155,16
R1163T,L-temporal,25.0,-0.10385623152353085,28
R1163T,L-temporal,75.0,-0.0029884991325046344,28
R1163T,L-temporal,125.0,0.06683914186308008,28
R1163T,L-temporal,175.0,0.01336591114421758,28
R1163T,L-temporal,225.0,0.10776841444397378,28
R1163T,L-temporal,275.0,0.09455907682743296,28
R1163T,L-temporal,325.0,0.0977354571115385,28
R1163T,L-temporal,375.0,0.012599026018208935,28
R1163T,L-temporal,425.0,-0.005369629056271385,28
R1163T,L-temporal,475.0,0.11108648623661255,28
R1163T,L-temporal,525.0,0.06988688316414436,28
R1163T,L-temporal,575.0,0.08518397190631578,28
R1163T,L-temporal,625.0,0.07228179560964619,28
R1163T,L-temporal,675.0,0.10895593234814395,28
R1163T,L-temporal,725.0,0.23121437524519403,28
R1163T,L-temporal,775.0,0.12366645507959173,28
R1163T,L-temporal,825.0,0.17842458819309467,28
R1163T,L-temporal,875.0,-0.02915822598837814,28
R1163T,L-temporal,925.0,-0.015010845742081638,28
R1163T,L-temporal,975.0,0.03355354987020039,28
R1163T,L-temporal,1025.0,0.03139649612694909,28
R1163T,L-temporal,1075.0,-0.04205194738200372,28
R1163T,L-temporal,1125.0,-0.0826152895545539,28
R1163T,L-temporal,1175.0,-0.06442315738854493,28
R1163T,L-temporal,1225.0,0.1048816467835635,28
R1163T,L-temporal,1275.0,0.12610090008905933,28
R1163T,L-temporal,1325.0,-0.02288964078054192,28
R1163T,L-temporal,1375.0,0.055302751750846695,28
R1163T,L-temporal,1425.0,-0.0018085466742600558,28
R1163T,L-temporal,1475.0,-0.12631764466274217,28
R1163T,L-temporal,1525.0,0.007552133118387246,28
R1163T,L-temporal,1575.0,0.008031871685177406,28
R1163T,R-frontal,25.0,-0.10569099528079297,3
R1163T,R-frontal,75.0,-0.006651160237747283,3
R1163T,R-frontal,125.0,0.06187117055163357,3
R1163T,R-frontal,175.0,0.015693163269596192,3
R1163T,R-frontal,225.0,0.11197642613727272,3
R1163T,R-frontal,275.0,0.10321537353558101,3
R1163T,R-frontal,325.0,0.10063323112890725,3
R1163T,R-frontal,375.0,0.021234528590340945,3
R1163T,R-frontal,425.0,-0.005027770966597416,3
R1163T,R-frontal,475.0,0.11682353909037692,3
R1163T,R-frontal,525.0,0.07839310788298723,3
R1163T,R-frontal,575.0,0.08419515360230073,3
R1163T,R-frontal,625.0,0.0697987214481528,3
R1163T,R-frontal,675.0,0.11607984613396827,3
R1163T,R-frontal,725.0,0.23458195130924256,3
R1163T,R-frontal,775.0,0.11894329567555458,3
R1163T,R-frontal,825.0,0.18357881728453887,3
R1163T,R-frontal,875.0,-0.027053151799449105,3
R1163T,R-frontal,925.0,-0.008128448810702805,3
R1163T,R-frontal,975.0,0.03661750030004873,3
R1163T,R-frontal,1025.0,0.029243714027897327,3
R1163T,R-frontal,1075.0,-0.04457478741023179,3
R1163T,R-frontal,1125.0,-0.080308177661759,3
R1163T,R-frontal,1175.0,-0.06477666369529977,3
R1163T,R-frontal,1225.0,0.10651922909615093,3
R1163T,R-frontal,1275.0,0.12382187025684459,3
R1163T,R-frontal,1325.0,-0.013615811875287195,3
R1163T,R-frontal,1375.0,0.06251445386441355,3
R1163T,R-frontal,1425.0,0.00047156815414738253,3
R1163T,R-frontal,1475.0,-0.12494027105337994,3
R1163T,R-frontal,1525.0,0.011330840166179303,3
R1163T,R-frontal,1575.0,0.006330546784477021,3
R1166D,L-frontal,25.0,-0.0182921835370723,39
R1166D,L-frontal,75.0,-0.03776876906728506,39
R1166D,L-frontal,125.0,-0.018261085680812666,39
R1166D,L-frontal,175.0,-0.022671512935252283,39
R1166D,L-frontal,225.0,-0.013228843130315674,39
R1166D,L-frontal,275.0,-0.016586881279384385,39
R1166D,L-frontal,325.0,-0.010818580292065724,39
R1166D,L-frontal,375.0,0.02342901525525856,39
R1166D,L-frontal,425.0,-0.028179542099521004,39
R1166D,L-frontal,475.0,-0.034238160980708233,39
R1166D,L-frontal,525.0,-0.022539819092738434,39
R1166D,L-frontal,575.0,-0.02323357047933487,39
R1166D,L-frontal,625.0,-0.022903246837977516,39
R1166D,L-frontal,675.0,-0.008543695140219344,39
R1166D,L-frontal,725.0,-0.005471415453715962,39
R1166D,L-frontal,775.0,0.007015953218751583,39
R1166D,L-frontal,825.0,-0.014100818304813982,39
R1166D,L-frontal,875.0,0.016920447907371135,39
R1166D,L-frontal,925.0,0.006426016594470936,39
R1166D,L-frontal,975.0,0.0073586011097476174,39
R1166D,L-frontal,1025.0,-0.0002710496604457184,39
R1166D,L-frontal,1075.0,0.005090718435732605,39
R1166D,L-frontal,1125.0,0.012197837891865685,39
R1166D,L-frontal,1175.0,-0.0004187277677747983,39
R1166D,L-frontal,1225.0,0.006362499495076502,39
R1166D,L-frontal,1275.0,-0.001967062050132835,39
R1166D,L-frontal,1325.0,-0.016297633137574694,39
R1166D,L-frontal,1375.0,0.0027711595549510613,39
R1166D,L-frontal,1425.0,0.004309998611649226,39
R1166D,L-frontal,1475.0,-0.007553664604668127,39
R1166D,L-frontal,1525.0,-0.00031496600353250054,39
R1166D,L-frontal,1575.0,0.02888552959598754,39
R1166D,L-parietal,25.0,-0.021516081278839708,6
R1166D,L-parietal,75.0,-0.04097452714543998,6
R1166D,L-parietal,125.0,-0.032041597362290127,6
R1166D,L-parietal,175.0,-0.02293239701042173,6
R1166D,L-parietal,225.0,-0.02758000902929879,6
R1166D,L-parietal,275.0,-0.00024895025556345127,6
R1166D,L-parietal,325.0,-0.029854190105921927,6
R1166D,L-parietal,375.0,-0.0004881519653268986,6
R1166D,L-parietal,425.0,-0.02562758481897183,6
R1166D,L-parietal,475.0,-0.051773925556432975,6
R1166D,L-parietal,525.0,-0.02189025108559312,6
R1166D,L-parietal,575.0,-0.0056274412602869,6
R1166D,L-parietal,625.0,0.006638649490337863,6
R1166D,L-parietal,675.0,-0.012239156633643713,6
R1166D,L-parietal,725.0,-0.024836838121119854,6
R1166D,L-parietal,775.0,0.010217690329108915,6
R1166D,L-parietal,825.0,0.003034127278307584,6
R1166D,L-parietal,875.0,-0.011959983609105176,6
R1166D,L-parietal,925.0,-0.011756874414701225,6
R1166D,L-parietal,975.0,-0.027646630311071462,6
R1166D,L-parietal,1025.0,-0.010180973727202667,6
R1166D,L-parietal,1075.0,-0.03824738350644699,6
R1166D,L-parietal,1125.0,-0.016796619146204356,6
R1166D,L-parietal,1175.0,-0.061086909625096227,6
R1166D,L-parietal,1225.0,-0.0402813675387639,6
R1166D,L-parietal,1275.0,-0.04981499865703007,6
R1166D,L-parietal,1325.0,-0.049688462250840774,6
R1166D,L-parietal,1375.0,-0.016552559906348203,6
R1166D,L-parietal,1425.0,-0.023835467231490968,6
R1166D,L-parietal,1475.0,-0.004433183767054225,6
R1166D,L-parietal,1525.0,-0.016436322417163723,6
R1166D,L-parietal,1575.0,0.014750934091157597,6
R1166D,L-temporal,25.0,-0.02643171708211432,5
R1166D,L-temporal,75.0,-0.008908242113865391,5
R1166D,L-temporal,125.0,-0.0475493136507958,5
R1166D,L-temporal,175.0,-0.010133049347083421,5
R1166D,L-temporal,225.0,-0.014380291250148693,5
R1166D,L-temporal,275.0,-0.0515131313110036,5
R1166D,L-temporal,325.0,-0.06728927215738019,5
R1166D,L-temporal,375.0,0.00174340568190694,5
R1166D,L-temporal,425.0,-0.0191905298281639,5
R1166D,L-temporal,475.0,-0.001347646123728377,5
R1166D,L-temporal,525.0,-0.011784347068547738,5
R1166D,L-temporal,575.0,-0.029047965041432828,5
R1166D,L-temporal,625.0,-0.01642225212267994,5
R1166D,L-temporal,675.0,-0.03586202375582517,5
R1166D,L-temporal,725.0,-0.00956063197809555,5
R1166D,L-temporal,775.0,0.002491832978860306,5
R1166D,L-temporal,825.0,-0.019448774186744695,5
R1166D,L-temporal,875.0,0.0057585202370318165,5
R1166D,L-temporal,925.0,-0.012811850809873376,5
R1166D,L-temporal,975.0,-0.0003495059608939931,5
R1166D,L-temporal,1025.0,-0.010704434583962707,5
R1166D,L-temporal,1075.0,0.01350098835807666,5
R1166D,L-temporal,1125.0,0.019403581243615416,5
R1166D,L-temporal,1175.0,-0.009456941863600877,5
R1166D,L-temporal,1225.0,0.015495082133473259,5
R1166D,L-temporal,1275.0,-0.021942010082631094,5
R1166D,L-temporal,1325.0,-0.010089103623933504,5
R1166D,L-temporal,1375.0,-0.0021790141391900865,5
R1166D,L-temporal,1425.0,0.02674569589250808,5
R1166D,L-temporal,1475.0,0.007579827577570747,5
R1166D,L-temporal,1525.0,-0.011331376806754511,5
R1166D,L-temporal,1575.0,0.0258555849407222,5
R1168T,L-frontal,25.0,-0.000174992379389195,11
R1168T,L-frontal,75.0,-0.04473805538155628,11
R1168T,L-frontal,125.0,-0.0003226714892435067,11
R1168T,L-frontal,175.0,-0.0036878113927756697,11
R1168T,L-frontal,225.0,-0.009943530055953638,11
R1168T,L-frontal,275.0,-0.0010810796646386572,11
R1168T,L-frontal,325.0,-0.04485536299374367,11
R1168T,L-frontal,375.0,0.005987660427431992,11
R1168T,L-frontal,425.0,-0.04317831041807977,11
R1168T,L-frontal,475.0,-0.016228019625393858,11
R1168T,L-frontal,525.0,-0.0002149334875245017,11
R1168T,L-frontal,575.0,-0.015887961948246397,11
R1168T,L-frontal,625.0,-0.10663467200703301,11
R1168T,L-frontal,675.0,0.0009338618472499462,11
R1168T,L-frontal,725.0,-0.06281779297951968,11
R1168T,L-frontal,775.0,-0.06357599761277834,11
R1168T,L-frontal,825.0,-0.049460900536421264,11
R1168T,L-frontal,875.0,-0.024501614637019907,11
R1168T,L-frontal,925.0,-0.04999175134837311,11
R1168T,L-frontal,975.0,-0.0360970650674776,11
R1168T,L-frontal,1025.0,-0.014319593850846586,11
R1168T,L-frontal,1075.0,-0.01878644497361742,11
R1168T,L-frontal,1125.0,-0.012021356376201836,11
R1168T,L-frontal,1175.0,0.02113689086993107,11
R1168T,L-frontal,1225.0,-0.02586324706608841,11
R1168T,L-frontal,1275.0,-0.03965237883797298,11
R1168T,L-frontal,1325.0,-0.03516629938314838,11
R1168T,L-frontal,1375.0,-0.06234010201732743,11
R1168T,L-frontal,1425.0,-0.031152881464928363,11
R1168T,L-frontal,1475.0,0.01964840685352229,11
R1168T,L-frontal,1525.0,-0.02579937547196589,11
R1168T,L-frontal,1575.0,-0.02583015364911542,11
R1168T,L-temporal,25.0,0.014683730226839609,7
R1168T,L-temporal,75.0,-0.007132446254575966,7
R1168T,L-temporal,125.0,0.0076209754143191965,7
R1168T,L-temporal,175.0,-0.006819125938701688,7
R1168T,L-temporal,225.0,-0.034581911572083394,7
R1168T,L-temporal,275.0,-0.013126154405239862,7
R1168T,L-temporal,325.0,-0.051276861962650036,7
R1168T,L-temporal,375.0,-0.02785194521743448,7
R1168T,L-temporal,425.0,-0.04923268918521638,7
R1168T,L-temporal,475.0,-0.02319415729156401,7
R1168T,L-temporal,525.0,-0.023588421468156668,7
R1168T,L-temporal,575.0,-0.0036077782782806774,7
R1168T,L-temporal,625.0,-0.08995354781344153,7
R1168T,L-temporal,675.0,0.02546373268310148,7
R1168T,L-temporal,725.0,-0.09199577330590626,7
R1168T,L-temporal,775.0,-0.06679231987783411,7
R1168T,L-temporal,825.0,-0.05494416894980202,7
R1168T,L-temporal,875.0,-0.014159138970417564,7
R1168T,L-temporal,925.0,-0.08574732905835356,7
R1168T,L-temporal,975.0,-0.035522795348654844,7
R1168T,L-temporal,1025.0,-0.030463373794641976,7
R1168T,L-temporal,1075.0,-0.031186054738711257,7
R1168T,L-temporal,1125.0,-0.025739266662164677,7
R1168T,L-temporal,1175.0,0.028994975607999844,7
R1168T,L-temporal,1225.0,-0.01533656318238954,7
R1168T,L-temporal,1275.0,-0.06050437653415556,7
R1168T,L-temporal,1325.0,-0.043862377072309,7
R1168T,L-temporal,1375.0,-0.0635998676264959,7
R1168T,L-temporal,1425.0,-0.03189835963847055,7
R1168T,L-temporal,1475.0,0.020150718322553673,7
R1168T,L-temporal,1525.0,-0.012036900745324309,7
R1168T,L-temporal,1575.0,-0.02600879553388562,7
R1168T,R-frontal,25.0,0.02259161672646536,25
R1168T,R-frontal,75.0,-0.027408328677275214,25
R1168T,R-frontal,125.0,-0.024371305986867885,25
R1168T,R-frontal,175.0,-0.01027061842475107,25
R1168T,R-frontal,225.0,-0.01929732627424297,25
R1168T,R-frontal,275.0,-0.012698495352417037,25
R1168T,R-frontal,325.0,-0.04939313510359348,25
R1168T,R-frontal,375.0,0.018059195156730087,25
R1168T,R-frontal,425.0,-0.04586784126456296,25
R1168T,R-frontal,475.0,-0.02837593126038091,25
R1168T,R-frontal,525.0,-0.005270036615441164,25
R1168T,R-frontal,575.0,-0.009892068500018163,25
R1168T,R-frontal,625.0,-0.08821019018854112,25
R1168T,R-frontal,675.0,-0.00924093054704672,25
R1168T,R-frontal,725.0,-0.07648948721769835,25
R1168T,R-frontal,775.0,-0.059584220981016116,25
R1168T,R-frontal,825.0,-0.04946525799053502,25
R1168T,R-frontal,875.0,-0.000226019809446521,25
R1168T,R-frontal,925.0,-0.07544138322007302,25
R1168T,R-frontal,975.0,-0.03737680453177671,25
R1168T,R-frontal,1025.0,-0.008855901389415942,25
R1168T,R-frontal,1075.0,-0.03216406127236944,25
R1168T,R-frontal,1125.0,-0.017475944547014774,25
R1168T,R-frontal,1175.0,0.01710216694740437,25
R1168T,R-frontal,1225.0,-0.03947134910774881,25
R1168T,R-frontal,1275.0,-0.057544669573796565,25
R1168T,R-frontal,1325.0,-0.04192420361177006,25
R1168T,R-frontal,1375.0,-0.0633961097968215,25
R1168T,R-frontal,1425.0,-0.04737828275688687,25
R1168T,R-frontal,1475.0,0.022809974195412055,25
R1168T,R-frontal,1525.0,-0.030841267648352332,25
R1168T,R-frontal,1575.0,-0.029570284266773585,25
R1168T,R-temporal,25.0,0.014212183128814783,7
R1168T,R-temporal,75.0,-0.020400475327684374,7
R1168T,R-temporal,125.0,-0.033696643600542545,7
R1168T,R-temporal,175.0,-0.003641626627140377,7
R1168T,R-temporal,225.0,-0.007311859877656661,7
R1168T,R-temporal,275.0,-0.02466995701495219,7
R1168T,R-temporal,325.0,-0.06975943430807777,7
R1168T,R-temporal,375.0,-0.0007435573869285297,7
R1168T,R-temporal,425.0,-0.03779534425583454,7
R1168T,R-temporal,475.0,-0.02407280374764265,7
R1168T,R-temporal,525.0,-0.011717975957436259,7
R1168T,R-temporal,575.0,0.0028145432045059153,7
R1168T,R-temporal,625.0,-0.12105479271428912,7
R1168T,R-temporal,675.0,-0.01707975943607263,7
R1168T,R-temporal,725.0,-0.06354454090119468,7
R1168T,R-temporal,775.0,-0.09170202495983389,7
R1168T,R-temporal,825.0,-0.05668170181395007,7
R1168T,R-temporal,875.0,-0.016548427831399985,7
R1168T,R-temporal,925.0,-0.09004587885532102,7
R1168T,R-temporal,975.0,-0.00944984787052623,7
R1168T,R-temporal,1025.0,-0.017125589400792382,7
R1168T,R-temporal,1075.0,-0.03543607316223498,7
R1168T,R-temporal,1125.0,-0.042468049247849644,7
R1168T,R-temporal,1175.0,0.019383262187640915,7
R1168T,R-temporal,1225.0,-0.05174859282262429,7
R1168T,R-temporal,1275.0,-0.03778889696613014,7
R1168T,R-temporal,1325.0,-0.06487865919849244,7
R1168T,R-temporal,1375.0,-0.036174733148951706,7
R1168T,R-temporal,1425.0,-0.048213546893839165,7
R1168T,R-temporal,1475.0,0.01161768710199665,7
R1168T,R-temporal,1525.0,-0.016830053617621837,7
R1168T,R-temporal,1575.0,-0.039869823705096674,7
R1170J,L-occipital,25.0,-0.03845424855157323,4
R1170J,L-occipital,75.0,0.020371274685847453,4
R1170J,L-occipital,125.0,-0.04862051638019112,4
R1170J,L-occipital,175.0,0.011720616990155532,4
R1170J,L-occipital,225.0,0.11085588205602909,4
R1170J,L-occipital,275.0,0.13778295558524617,4
R1170J,L-occipital,325.0,0.07339537764104391,4
R1170J,L-occipital,375.0,0.02853415300327926,4
R1170J,L-occipital,425.0,0.014520374745348934,4
R1170J,L-occipital,475.0,0.017550619444717454,4
R1170J,L-occipital,525.0,0.006588832430562805,4
R1170J,L-occipital,575.0,0.049684498340920036,4
R1170J,L-occipital,625.0,0.0070618808013224055,4
R1170J,L-occipital,675.0,-0.002642006172382569,4
R1170J,L-occipital,725.0,0.02640751611290884,4
R1170J,L-occipital,775.0,-0.043633110029289185,4
R1170J,L-occipital,825.0,0.09683921433087515,4
R1170J,L-occipital,875.0,0.0358371165550711,4
R1170J,L-occipital,925.0,0.025799664561466408,4
R1170J,L-occipital,975.0,0.03531267762703965,4
R1170J,L-occipital,1025.0,-0.01765698227564609,4
R1170J,L-occipital,1075.0,0.008888348108939178,4
R1170J,L-occipital,1125.0,0.004998442378412999,4
R1170J,L-occipital,1175.0,0.017262886346208817,4
R1170J,L-occipital,1225.0,0.03634253411800978,4
R1170J,L-occipital,1275.0,-0.021168419500359484,4
R1170J,L-occipital,1325.0,-0.03743826698105375,4
R1170J,L-occipital,1375.0,-0.06498569394928805,4
R1170J,L-occipital,1425.0,0.03526952971449353,4
R1170J,L-occipital,1475.0,0.031061505320806114,4
R1170J,L-occipital,1525.0,-0.00861295048920427,4
R1170J,L-occipital,1575.0,-0.010748783382699401,4
R1170J,L-parietal,25.0,-0.038729314688434914,5
R1170J,L-parietal,75.0,-0.0026349993226373407,5
R1170J,L-parietal,125.0,-0.05983341631248733,5
R1170J,L-parietal,175.0,-0.12499774497802263,5
R1170J,L-parietal,225.0,0.026819048269193752,5
R1170J,L-parietal,275.0,0.03205719719960206,5
R1170J,L-parietal,325.0,-0.05923755124315104,5
R1170J,L-parietal,375.0,0.010499885220038724,5
R1170J,L-parietal,425.0,-0.011561623776822435,5
R1170J,L-parietal,475.0,0.02173156477090291,5
R1170J,L-parietal,525.0,-0.018901452874908947,5
R1170J,L-parietal,575.0,-0.022694123046727094,5
R1170J,L-parietal,625.0,-0.026406930524830164,5
R1170J,L-parietal,675.0,-0.07985005686195615,5
R1170J,L-parietal,725.0,-0.0351164816787321,5
R1170J,L-parietal,775.0,-0.0432778578627829,5
R1170J,L-parietal,825.0,-0.05019727103829286,5
R1170J,L-parietal,875.0,-0.0536250264935582,5
R1170J,L-parietal,925.0,0.011886924395957739,5
R1170J,L-parietal,975.0,0.004836887900153566,5
R1170J,L-parietal,1025.0,-0.06490954289624816,5
R1170J,L-parietal,1075.0,-0.034321931289804396,5
R1170J,L-parietal,1125.0,-0.01695740572172454,5
R1170J,L-parietal,1175.0,-0.0266129322524657,5
R1170J,L-parietal,1225.0,-0.04784790030688266,5
R1170J,L-parietal,1275.0,-0.018401612105115185,5
R1170J,L-parietal,1325.0,-0.028433918486698778,5
R1170J,L-parietal,1375.0,-0.007515068621464734,5
R1170J,L-parietal,1425.0,-0.04480003117273709,5
R1170J,L-parietal,1475.0,-0.011477897779758862,5
R1170J,L-parietal,1525.0,-0.02700036728082003,5
R1170J,L-parietal,1575.0,-0.027694177944953196,5
R1170J,L-temporal,25.0,-0.05579056985439572,27
R1170J,L-temporal,75.0,0.013155968318572773,27
R1170J,L-temporal,125.0,-0.03247326082960766,27
R1170J,L-temporal,175.0,-0.04998059556117682,27
R1170J,L-temporal,225.0,0.024570562878714015,27
R1170J,L-temporal,275.0,0.011065721312547475,27
R1170J,L-temporal,325.0,-0.01908770184420566,27
R1170J,L-temporal,375.0,0.010164739414440278,27
R1170J,L-temporal,425.0,0.018591189603191245,27
R1170J,L-temporal,475.0,0.03892997418620195,27
R1170J,L-temporal,525.0,0.00551558496454385,27
R1170J,L-temporal,575.0,0.009314381177245735,27
R1170J,L-temporal,625.0,0.02017407433430304,27
R1170J,L-temporal,675.0,-0.018843370237019073,27
R1170J,L-temporal,725.0,-0.010212404307005351,27
R1170J,L-temporal,775.0,-0.05396319799749901,27
R1170J,L-temporal,825.0,-0.011583818610238572,27
R1170J,L-temporal,875.0,-0.030647143060494302,27
R1170J,L-temporal,925.0,-0.008152260555657327,27
R1170J,L-temporal,975.0,-0.012552047537501535,27
R1170J,L-temporal,1025.0,-0.02821822297337107,27
R1170J,L-temporal,1075.0,-0.047019925617032984,27
R1170J,L-temporal,1125.0,-0.024474303534082094,27
R1170J,L-temporal,1175.0,0.0014632541843456973,27
R1170J,L-temporal,1225.0,-0.023669612030384025,27
R1170J,L-temporal,1275.0,-0.014704028925339825,27
R1170J,L-temporal,1325.0,-0.026814478348224587,27
R1170J,L-temporal,1375.0,-0.03095612611150656,27
R1170J,L-temporal,1425.0,-0.025432390577375452,27
R1170J,L-temporal,1475.0,0.024282743238226826,27
R1170J,L-temporal,1525.0,-0.012890261921058384,27
R1170J,L-temporal,1575.0,-0.05698472019821431,27
R1172E,L-temporal,25.0,-0.05332700451186976,11
R1172E,L-temporal,75.0,-0.043738812912612175,11
R1172E,L-temporal,125.0,-0.05509634990055623,11
R1172E,L-temporal,175.0,-0.0516283693192826,11
R1172E,L-temporal,225.0,-0.037227337674980536,11
R1172E,L-temporal,275.0,-0.05953521057764757,11
R1172E,L-temporal,325.0,-0.03151464402068614,11
R1172E,L-temporal,375.0,-0.044054260156169096,11
R1172E,L-temporal,425.0,-0.011277370818531212,11
R1172E,L-temporal,475.0,-0.0005866584343045267,11
R1172E,L-temporal,525.0,-0.012636788253774615,11
R1172E,L-temporal,575.0,-0.005790834036204683,11
R1172E,L-temporal,625.0,-0.0014695323018753639,11
R1172E,L-temporal,675.0,-0.02890356993001369,11
R1172E,L-temporal,725.0,-0.030031468018841212,11
R1172E,L-temporal,775.0,-0.04129860007941541,11
R1172E,L-temporal,825.0,-0.0036729292490844316,11
R1172E,L-temporal,875.0,-0.05194817800667722,11
R1172E,L-temporal,925.0,-0.019821163467148087,11
R1172E,L-temporal,975.0,-0.043350876616192066,11
R1172E,L-temporal,1025.0,-0.02760122797690965,11
R1172E,L-temporal,1075.0,-0.005241815147068811,11
R1172E,L-temporal,1125.0,-0.06784576907214045,11
R1172E,L-temporal,1175.0,-0.02016398261993614,11
R1172E,L-temporal,1225.0,-0.03871383597246106,11
R1172E,L-temporal,1275.0,-0.051212172407172935,11
R1172E,L-temporal,1325.0,0.004141260187848188,11
R1172E,L-temporal,1375.0,-0.027377234542653058,11
R1172E,L-temporal,1425.0,-0.028892764697828754,11
R1172E,L-temporal,1475.0,-0.019948760720161555,11
R1172E,L-temporal,1525.0,-0.09095803460186656,11
R1172E,L-temporal,1575.0,-0.08273212425679127,11
R1172E,R-frontal,25.0,-0.058545433566028274,10
R1172E,R-frontal,75.0,-0.05697258542730101,10
R1172E,R-frontal,125.0,-0.07789319831255281,10
R1172E,R-frontal,175.0,-0.059799834530212495,10
R1172E,R-frontal,225.0,-0.08802437660722576,10
R1172E,R-frontal,275.0,-0.059719860908401354,10
R1172E,R-frontal,325.0,-0.03707108627405559,10
R1172E,R-frontal,375.0,-0.07173707681388268,10
R1172E,R-frontal,425.0,-0.05981961872066188,10
R1172E,R-frontal,475.0,-0.02943609157010727,10
R1172E,R-frontal,525.0,-0.028388871641046136,10
R1172E,R-frontal,575.0,-0.01168241625950888,10
R1172E,R-frontal,625.0,-0.0159799518281406,10
R1172E,R-frontal,675.0,-0.05108636303442018,10
R1172E,R-frontal,725.0,-0.04233406218398879,10
R1172E,R-frontal,775.0,-0.059535867679366715,10
R1172E,R-frontal,825.0,-0.049725003103487875,10
R1172E,R-frontal,875.0,-0.07063595750060857,10
R1172E,R-frontal,925.0,-0.07449038830074886,10
R1172E,R-frontal,975.0,-0.08539523767217938,10
R1172E,R-frontal,1025.0,-0.06339323254036582,10
R1172E,R-frontal,1075.0,-0.03547019082855957,10
R1172E,R-frontal,1125.0,-0.05590829399796936,10
R1172E,R-frontal,1175.0,-0.061116039558536436,10
R1172E,R-frontal,1225.0,-0.06279266655512411,10
R1172E,R-frontal,1275.0,-0.09014538991357274,10
R1172E,R-frontal,1325.0,-0.03081700424808733,10
R1172E,R-frontal,1375.0,-0.05285577183532715,10
R1172E,R-frontal,1425.0,-0.023919774781570223,10
R1172E,R-frontal,1475.0,-0.05383919898708946,10
R1172E,R-frontal,1525.0,-0.13073365005803436,10
R1172E,R-frontal,1575.0,-0.0602399636876418,10
R1172E,R-temporal,25.0,-0.07231288812877176,25
R1172E,R-temporal,75.0,-0.05981944154389346,25
R1172E,R-temporal,125.0,-0.06979413556020521,25
R1172E,R-temporal,175.0,-0.05567325346203893,25
R1172E,R-temporal,225.0,-0.0793906489460502,25
R1172E,R-temporal,275.0,-0.08063953451747581,25
R1172E,R-temporal,325.0,-0.038834608346235706,25
R1172E,R-temporal,375.0,-0.06171334083585935,25
R1172E,R-temporal,425.0,-0.057045551702184394,25
R1172E,R-temporal,475.0,-0.012967242709686353,25
R1172E,R-temporal,525.0,-0.02297419717270415,25
R1172E,R-temporal,575.0,-0.01457553109206764,25
R1172E,R-temporal,625.0,-0.027665151898896935,25
R1172E,R-temporal,675.0,-0.045768663682225694,25
R1172E,R-temporal,725.0,-0.014723170793601031,25
R1172E,R-temporal,775.0,-0.05449962129544945,25
R1172E,R-temporal,825.0,-0.03156698278315716,25
R1172E,R-temporal,875.0,-0.07044332956233838,25
R1172E,R-temporal,925.0,-0.07687530751731202,25
R1172E,R-temporal,975.0,-0.08252979647375054,25
R1172E,R-temporal,1025.0,-0.03779523999334511,25
R1172E,R-temporal,1075.0,-0.014674622391059162,25
R1172E,R-temporal,1125.0,-0.06608874721770541,25
R1172E,R-temporal,1175.0,-0.04386794318386064,25
R1172E,R-temporal,1225.0,-0.051299643720021784,25
R1172E,R-temporal,1275.0,-0.07402021187178275,25
R1172E,R-temporal,1325.0,-0.03175873342508305,25
R1172E,R-temporal,1375.0,-0.03667330772614252,25
R1172E,R-temporal,1425.0,-0.02869664855141084,25
R1172E,R-temporal,1475.0,-0.04681524481072619,25
R1172E,R-temporal,1525.0,-0.09888690893100328,25
R1172E,R-temporal,1575.0,-0.062013113742224915,25
R1173J,L-frontal,25.0,-0.03860194280072766,10
R1173J,L-frontal,75.0,-0.029510216837070696,10
R1173J,L-frontal,125.0,0.0021299728135497674,10
R1173J,L-frontal,175.0,0.00636689059085338,10
R1173J,L-frontal,225.0,-0.02539168987644616,10
R1173J,L-frontal,275.0,0.00026702448982060675,10
R1173J,L-frontal,325.0,0.013602980885866334,10
R1173J,L-frontal,375.0,0.027081409325117288,10
R1173J,L-frontal,425.0,-0.06631581713187538,10
R1173J,L-frontal,475.0,-0.06219613673055087,10
R1173J,L-frontal,525.0,-0.0452053879041772,10
R1173J,L-frontal,575.0,0.032959537041529076,10
R1173J,L-frontal,625.0,-0.01647558850251135,10
R1173J,L-frontal,675.0,0.00969918478923624,10
R1173J,L-frontal,725.0,0.029077121208456187,10
R1173J,L-frontal,775.0,0.02709061017273775,10
R1173J,L-frontal,825.0,0.02242199117569242,10
R1173J,L-frontal,875.0,0.04323085265621758,10
R1173J,L-frontal,925.0,0.023707866839177125,10
R1173J,L-frontal,975.0,0.013762238072674491,10
R1173J,L-frontal,1025.0,-0.02075957825925825,10
R1173J,L-frontal,1075.0,0.007451080525160537,10
R1173J,L-frontal,1125.0,0.022999321447063174,10
R1173J,L-frontal,1175.0,0.008143121658224024,10
R1173J,L-frontal,1225.0,0.018421815169798916,10
R1173J,L-frontal,1275.0,0.03345978524589282,10
R1173J,L-frontal,1325.0,0.013458780573485818,10
R1173J,L-frontal,1375.0,-0.015836119061340238,10
R1173J,L-frontal,1425.0,0.033213784408703116,10
R1173J,L-frontal,1475.0,-0.031586341122521205,10
R1173J,L-frontal,1525.0,0.05012410007021073,10
R1173J,L-frontal,1575.0,-0.0017721483895241218,10
R1173J,L-parietal,25.0,-0.06342072101532378,4
R1173J,L-parietal,75.0,-0.06857746781796129,4
R1173J,L-parietal,125.0,-0.03356431298103226,4
R1173J,L-parietal,175.0,0.003748528502065003,4
R1173J,L-parietal,225.0,-0.08711196256478744,4
R1173J,L-parietal,275.0,-0.02576284556423993,4
R1173J,L-parietal,325.0,-0.013324087101435185,4
R1173J,L-parietal,375.0,0.020948685742728082,4
R1173J,L-parietal,425.0,-0.07875185534898091,4
R1173J,L-parietal,475.0,-0.061677109286635765,4
R1173J,L-parietal,525.0,0.037929725406910406,4
R1173J,L-parietal,575.0,-0.0012872497213198292,4
R1173J,L-parietal,625.0,0.002600099220397987,4
R1173J,L-parietal,675.0,-0.0038076680238518772,4
R1173J,L-parietal,725.0,-0.027753835367840173,4
R1173J,L-parietal,775.0,-0.009482264769621971,4
R1173J,L-parietal,825.0,-0.007194382105940192,4
R1173J,L-parietal,875.0,-0.014061809097323626,4
R1173J,L-parietal,925.0,-0.022834983652203406,4
R1173J,L-parietal,975.0,-0.012643827926054946,4
R1173J,L-parietal,1025.0,-0.03914623618139878,4
R1173J,L-parietal,1075.0,0.00559952434947672,4
R1173J,L-parietal,1125.0,0.038478957207585464,4
R1173J,L-parietal,1175.0,-0.04637948645039379,4
R1173J,L-parietal,1225.0,0.05993884611907487,4
R1173J,L-parietal,1275.0,-0.01688057890566149,4
R1173J,L-parietal,1325.0,-0.0033335765807091296,4
R1173J,L-parietal,1375.0,-0.010839112017273434,4
R1173J,L-parietal,1425.0,0.07523235267927238,4
R1173J,L-parietal,1475.0,-0.11694736867222819,4
R1173J,L-parietal,1525.0,0.023792067557669768,4
R1173J,L-parietal,1575.0,-0.031997069118582744,4
R1173J,R-frontal,25.0,-0.021076847562905954,15
R1173J,R-frontal,75.0,-0.02750394581201099,15
R1173J,R-frontal,125.0,-0.010527697375979276,15
R1173J,R-frontal,175.0,0.014027346339435472,15
R1173J,R-frontal,225.0,-0.02687806946338831,15
R1173J,R-frontal,275.0,-0.017276456464671013,15
R1173J,R-frontal,325.0,0.02549293080341402,15
R1173J,R-frontal,375.0,0.029939006479732924,15
R1173J,R-frontal,425.0,-0.04985115026881371,15
R1173J,R-frontal,475.0,-0.0304450552078434,15
R1173J,R-frontal,525.0,0.002499160563096043,15
R1173J,R-frontal,575.0,0.036204670183288955,15
R1173J,R-frontal,625.0,0.032920008447974144,15
R1173J,R-frontal,675.0,0.02457817315774028,15
R1173J,R-frontal,725.0,0.0027595411358380655,15
R1173J,R-frontal,775.0,0.0068689542876175565,15
R1173J,R-frontal,825.0,-0.025353224942760714,15
R1173J,R-frontal,875.0,0.04832531380896633,15
R1173J,R-frontal,925.0,0.052109410935438964,15
R1173J,R-frontal,975.0,0.025037810727265627,15
R1173J,R-frontal,1025.0,-0.02852786060240393,15
R1173J,R-frontal,1075.0,0.07291941775648106,15
R1173J,R-frontal,1125.0,0.05192419587048011,15
R1173J,R-frontal,1175.0,-0.006582970929557952,15
R1173J,R-frontal,1225.0,0.048851425590722995,15
R1173J,R-frontal,1275.0,0.019266596439652933,15
R1173J,R-frontal,1325.0,0.025785654031278672,15
R1173J,R-frontal,1375.0,0.033770609392770656,15
R1173J,R-frontal,1425.0,0.02929644430499103,15
R1173J,R-frontal,1475.0,-0.019235783781433306,15
R1173J,R-frontal,1525.0,0.02769316043163769,15
R1173J,R-frontal,1575.0,0.014197953952559024,15
R1173J,R-parietal,25.0,-0.014417746565179669,4
R1173J,R-parietal,75.0,-0.02411825259085746,4
R1173J,R-parietal,125.0,0.014151087758113617,4
R1173J,R-parietal,175.0,0.010420411291120972,4
R1173J,R-parietal,225.0,0.008610761653865335,4
R1173J,R-parietal,275.0,-0.025976139001357562,4
R1173J,R-parietal,325.0,0.06283608581862016,4
R1173J,R-parietal,375.0,0.02651764158407631,4
R1173J,R-parietal,425.0,-0.025556775981453027,4
R1173J,R-parietal,475.0,-0.045052977802543255,4
R1173J,R-parietal,525.0,0.03640520288876227,4
R1173J,R-parietal,575.0,0.06697636248135243,4
R1173J,R-parietal,625.0,0.043144748678148305,4
R1173J,R-parietal,675.0,0.0024790978083177647,4
R1173J,R-parietal,725.0,0.019886532836556364,4
R1173J,R-parietal,775.0,0.056405861980341816,4
R1173J,R-parietal,825.0,0.04221586338474855,4
R1173J,R-parietal,875.0,0.04039548045462151,4
R1173J,R-parietal,925.0,0.040805381730610095,4
R1173J,R-parietal,975.0,0.008558614292146152,4
R1173J,R-parietal,1025.0,-0.01915133289216269,4
R1173J,R-parietal,1075.0,0.026314876206911007,4
R1173J,R-parietal,1125.0,0.04593360956282121,4
R1173J,R-parietal,1175.0,-0.007786920903516248,4
R1173J,R-parietal,1225.0,0.006895015701741891,4
R1173J,R-parietal,1275.0,-0.03590290877231285,4
R1173J,R-parietal,1325.0,0.03321120883108145,4
R1173J,R-parietal,1375.0,0.0465659550382911,4
R1173J,R-parietal,1425.0,0.061705294124621286,4
R1173J,R-parietal,1475.0,0.04446227690629006,4
R1173J,R-parietal,1525.0,0.0439944422094405,4
R1173J,R-parietal,1575.0,0.018452561335839796,4
R1174T,L-frontal,25.0,-0.0431704447749949,3
R1174T,L-frontal,75.0,0.05325228353564058,3
R1174T,L-frontal,125.0,0.00471575251913463,3
R1174T,L-frontal,175.0,0.020048638800377827,3
R1174T,L-frontal,225.0,0.10818202208228239,3
R1174T,L-frontal,275.0,-0.0004165624878635701,3
R1174T,L-frontal,325.0,-0.10259479413772181,3
R1174T,L-frontal,375.0,0.024606387194335836,3
R1174T,L-frontal,425.0,0.10041918123432393,3
R1174T,L-frontal,475.0,-0.09918497796376574,3
R1174T,L-frontal,525.0,-0.05346823252369978,3
R1174T,L-frontal,575.0,0.07510272885804749,3
R1174T,L-frontal,625.0,-0.048351434258894016,3
R1174T,L-frontal,675.0,0.006577410799703159,3
R1174T,L-frontal,725.0,-0.004375547710668049,3
R1174T,L-frontal,775.0,-0.03577362446814519,3
R1174T,L-frontal,825.0,-0.0400717211976779,3
R1174T,L-frontal,875.0,0.06260955693254816,3
R1174T,L-frontal,925.0,-0.02587898167287708,3
R1174T,L-frontal,975.0,-0.09935000861683092,3
R1174T,L-frontal,1025.0,-0.02632170480989003,3
R1174T,L-frontal,1075.0,-0.05064939986213771,3
R1174T,L-frontal,1125.0,0.026851272216861188,3
R1174T,L-frontal,1175.0,-0.04371221526469532,3
R1174T,L-frontal,1225.0,0.07777699928387607,3
R1174T,L-frontal,1275.0,0.008394632498338427,3
R1174T,L-frontal,1325.0,-0.041078775122510194,3
R1174T,L-frontal,1375.0,-0.011069552804544283,3
R1174T,L-frontal,1425.0,-0.0863647265252333,3
R1174T,L-frontal,1475.0,0.16409420323298576,3
R1174T,L-frontal,1525.0,0.09051705466653058,3
R1174T,L-frontal,1575.0,0.06414907814326866,3
R1174T,L-occipital,25.0,0.01290305346541886,3
R1174T,L-occipital,75.0,0.0774962729595683,3
R1174T,L-occipital,125.0,0.07001819686057663,3
R1174T,L-occipital,175.0,0.15342139330175583,3
R1174T,L-occipital,225.0,0.053570096789341874,3
R1174T,L-occipital,275.0,0.06582762405254072,3
R1174T,L-occipital,325.0,-0.048229400306343075,3
R1174T,L-occipital,375.0,0.08836039750468294,3
R1174T,L-occipital,425.0,0.13414834042845236,3
R1174T,L-occipital,475.0,-0.054885371698226805,3
R1174T,L-occipital,525.0,0.03369476633485173,3
R1174T,L-occipital,575.0,0.15292495711856466,3
R1174T,L-occipital,625.0,0.01917968752961614,3
R1174T,L-occipital,675.0,0.05094789290803505,3
R1174T,L-occipital,725.0,0.05009465037428761,3
R1174T,L-occipital,775.0,0.05689947880612373,3
R1174T,L-occipital,825.0,-0.01664339768772201,3
R1174T,L-occipital,875.0,0.09497065992415787,3
R1174T,L-occipital,925.0,0.07792126207125066,3
R1174T,L-occipital,975.0,-0.05278005273540645,3
R1174T,L-occipital,1025.0,-0.026743292896779246,3
R1174T,L-occipital,1075.0,0.010112512052679268,3
R1174T,L-occipital,1125.0,0.07171323105415632,3
R1174T,L-occipital,1175.0,0.05340691032978329,3
R1174T,L-occipital,1225.0,0.07459352408643675,3
R1174T,L-occipital,1275.0,0.05389528906839483,3
R1174T,L-occipital,1325.0,-0.038379893776785245,3
R1174T,L-occipital,1375.0,0.0045293639384981965,3
R1174T,L-occipital,1425.0,-0.068065902041192,3
R1174T,L-occipital,1475.0,0.24726469107607316,3
R1174T,L-occipital,1525.0,0.13663385532203984,3
R1174T,L-occipital,1575.0,0.09444946311135821,3
R1174T,L-parietal,25.0,0.006505032158543168,16
R1174T,L-parietal,75.0,0.07028403715893103,16
R1174T,L-parietal,125.0,0.05834976403151994,16
R1174T,L-parietal,175.0,0.0912578967944536,16
R1174T,L-parietal,225.0,0.0652034779555389,16
R1174T,L-parietal,275.0,0.07318976224976917,16
R1174T,L-parietal,325.0,-0.06486575571597013,16
R1174T,L-parietal,375.0,0.05664450694704774,16
R1174T,L-parietal,425.0,0.1031415745931371,16
R1174T,L-parietal,475.0,-0.07331886767186296,16
R1174T,L-parietal,525.0,-0.01175602458235661,16
R1174T,L-parietal,575.0,0.09834567331268536,16
R1174T,L-parietal,625.0,-0.015393561003990195,16
R1174T,L-parietal,675.0,0.017322974142201946,16
R1174T,L-parietal,725.0,0.021171973805843555,16
R1174T,L-parietal,775.0,0.010938124569504784,16
R1174T,L-parietal,825.0,-0.004782890343280683,16
R1174T,L-parietal,875.0,0.06330641941619719,16
R1174T,L-parietal,925.0,0.02917783379890702,16
R1174T,L-parietal,975.0,-0.09051605989095617,16
R1174T,L-parietal,1025.0,-0.03808774903956885,16
R1174T,L-parietal,1075.0,0.008558364214667685,16
R1174T,L-parietal,1125.0,0.05850582792741116,16
R1174T,L-parietal,1175.0,0.02399752014111572,16
R1174T,L-parietal,1225.0,0.08493406997755193,16
R1174T,L-parietal,1275.0,0.03633508271252791,16
R1174T,L-parietal,1325.0,-0.034060787989577845,16
R1174T,L-parietal,1375.0,0.008673124692800025,16
R1174T,L-parietal,1425.0,-0.052495809179829336,16
R1174T,L-parietal,1475.0,0.21205007578311408,16
R1174T,L-parietal,1525.0,0.11819333716051413,16
R1174T,L-parietal,1575.0,0.08130243431589425,16
R1174T,L-temporal,25.0,0.007915084775587992,17
R1174T,L-temporal,75.0,0.0726730099892913,17
R1174T,L-temporal,125.0,0.07536527703388549,17
R1174T,L-temporal,175.0,0.10416306039836254,17
R1174T,L-temporal,225.0,0.057544563957495215,17
R1174T,L-temporal,275.0,0.05595867481324436,17
R1174T,L-temporal,325.0,-0.06668725892190887,17
R1174T,L-temporal,375.0,0.056777748274228095,17
R1174T,L-temporal,425.0,0.10477859626578594,17
R1174T,L-temporal,475.0,-0.07637938358878182,17
R1174T,L-temporal,525.0,5.978965213092467e-05,17
R1174T,L-temporal,575.0,0.10235140473374328,17
R1174T,L-temporal,625.0,-0.013860948988164807,17
R1174T,L-temporal,675.0,0.024248169721594885,17
R1174T,L-temporal,725.0,0.02151442016856586,17
R1174T,L-temporal,775.0,0.025432237833639373,17
R1174T,L-temporal,825.0,0.0101497024752713,17
R1174T,L-temporal,875.0,0.06794697870016464,17
R1174T,L-temporal,925.0,0.047745585637860466,17
R1174T,L-temporal,975.0,-0.07480191938635516,17
R1174T,L-temporal,1025.0,-0.03207742311983772,17
R1174T,L-temporal,1075.0,0.010379219746009609,17
R1174T,L-temporal,1125.0,0.07277366010736691,17
R1174T,L-temporal,1175.0,0.033551103488852346,17
R1174T,L-temporal,1225.0,0.07956285635878603,17
R1174T,L-temporal,1275.0,0.05125008411417327,17
R1174T,L-temporal,1325.0,-0.03820286730742053,17
R1174T,L-temporal,1375.0,-0.003624884841655161,17
R1174T,L-temporal,1425.0,-0.05525108569729649,17
R1174T,L-temporal,1475.0,0.23537898473954724,17
R1174T,L-temporal,1525.0,0.12761155023503973,17
R1174T,L-temporal,1575.0,0.08464050333202044,17
R1174T,R-temporal,25.0,-0.032524165057181885,3
R1174T,R-temporal,75.0,0.09952591456900743,3
R1174T,R-temporal,125.0,0.07111469281574145,3
R1174T,R-temporal,175.0,0.07216650345895738,3
R1174T,R-temporal,225.0,0.06616429862289581,3
R1174T,R-temporal,275.0,0.057110745263840745,3
R1174T,R-temporal,325.0,-0.049636811423674716,3
R1174T,R-temporal,375.0,0.064263484416101,3
R1174T,R-temporal,425.0,0.12154351200517782,3
R1174T,R-temporal,475.0,-0.07506700484749744,3
R1174T,R-temporal,525.0,0.004937374719243972,3
R1174T,R-temporal,575.0,0.10822255188061998,3
R1174T,R-temporal,625.0,-0.023254538482383225,3
R1174T,R-temporal,675.0,-0.008257135276693833,3
R1174T,R-temporal,725.0,0.03170664039904189,3
R1174T,R-temporal,775.0,0.017975050299252726,3
R1174T,R-temporal,825.0,-0.005292513959716201,3
R1174T,R-temporal,875.0,0.09488492104278552,3
R1174T,R-temporal,925.0,0.04809223174674123,3
R1174T,R-temporal,975.0,-0.06854718946376305,3
R1174T,R-temporal,1025.0,-0.00749433230064286,3
R1174T,R-temporal,1075.0,-0.03536294320738281,3
R1174T,R-temporal,1125.0,0.06881461174226705,3
R1174T,R-temporal,1175.0,0.006535594552144111,3
R1174T,R-temporal,1225.0,0.0927744385547835,3
R1174T,R-temporal,1275.0,0.043565875990544844,3
R1174T,R-temporal,1325.0,-0.051984045867100113,3
R1174T,R-temporal,1375.0,0.0062664610357312765,3
R1174T,R-temporal,1425.0,-0.0817386925037296,3
R1174T,R-temporal,1475.0,0.252467453014066,3
R1174T,R-temporal,1525.0,0.11931238981897503,3
R1174T,R-temporal,1575.0,0.06744466473866494,3
R1175N,L-temporal,25.0,-0.0536132924632233,15
R1175N,L-temporal,75.0,-0.05616344516528058,15
R1175N,L-temporal,125.0,-0.07381009119499288,15
R1175N,L-temporal,175.0,-0.027415502809397137,15
R1175N,L-temporal,225.0,-0.06990233189498232,15
R1175N,L-temporal,275.0,-0.08378536669774973,15
R1175N,L-temporal,325.0,-0.01682248774930969,15
R1175N,L-temporal,375.0,-0.010543786590499753,15
R1175N,L-temporal,425.0,-0.026896401006608513,15
R1175N,L-temporal,475.0,0.0322052092470698,15
R1175N,L-temporal,525.0,0.04462576803599162,15
R1175N,L-temporal,575.0,-0.0005923644615611734,15
R1175N,L-temporal,625.0,0.01348958928303942,15
R1175N,L-temporal,675.0,0.0016090216897006024,15
R1175N,L-temporal,725.0,-0.0006462974748340233,15
R1175N,L-temporal,775.0,-0.016080638385753018,15
R1175N,L-temporal,825.0,-0.020843434923538115,15
R1175N,L-temporal,875.0,-0.058874586267425366,15
R1175N,L-temporal,925.0,-0.048305020120040475,15
R1175N,L-temporal,975.0,-0.059740636360902176,15
R1175N,L-temporal,1025.0,-0.03021642327529075,15
R1175N,L-temporal,1075.0,-0.019596677968874,15
R1175N,L-temporal,1125.0,0.03585690439165798,15
R1175N,L-temporal,1175.0,0.06844950283112161,15
R1175N,L-temporal,1225.0,0.066541414313759,15
R1175N,L-temporal,1275.0,0.05789180115966707,15
R1175N,L-temporal,1325.0,0.005636013862583147,15
R1175N,L-temporal,1375.0,-0.016540589425222896,15
R1175N,L-temporal,1425.0,0.03384056692035623,15
R1175N,L-temporal,1475.0,0.05069012757329217,15
R1175N,L-temporal,1525.0,0.015669942839615866,15
R1175N,L-temporal,1575.0,0.07456294336098056,15
R1175N,R-frontal,25.0,-0.015704224800166713,29
R1175N,R-frontal,75.0,-0.021184949062979595,29
R1175N,R-frontal,125.0,-0.03265545266959378,29
R1175N,R-frontal,175.0,-0.0358335703719892,29
R1175N,R-frontal,225.0,-0.10978591891698938,29
R1175N,R-frontal,275.0,-0.13538674746952994,29
R1175N,R-frontal,325.0,-0.11392966134666245,29
R1175N,R-frontal,375.0,-0.1275491966274221,29
R1175N,R-frontal,425.0,-0.143229213860654,29
R1175N,R-frontal,475.0,-0.12466518987887101,29
R1175N,R-frontal,525.0,-0.1471452714653242,29
R1175N,R-frontal,575.0,-0.14974837891130927,29
R1175N,R-frontal,625.0,-0.11971271751819124,29
R1175N,R-frontal,675.0,-0.11906950872860587,29
R1175N,R-frontal,725.0,-0.11131259527937389,29
R1175N,R-frontal,775.0,-0.08695971324676044,29
R1175N,R-frontal,825.0,-0.09009133434825076,29
R1175N,R-frontal,875.0,-0.08659867745348317,29
R1175N,R-frontal,925.0,-0.04592309435165243,29
R1175N,R-frontal,975.0,-0.051588996008303876,29
R1175N,R-frontal,1025.0,-0.01237257384249819,29
R1175N,R-frontal,1075.0,0.012977614537552744,29
R1175N,R-frontal,1125.0,0.05472776342217898,29
R1175N,R-frontal,1175.0,0.06941406957386438,29
R1175N,R-frontal,1225.0,0.032277292026256295,29
R1175N,R-frontal,1275.0,0.03757890914417678,29
R1175N,R-frontal,1325.0,-0.009160304501191924,29
R1175N,R-frontal,1375.0,-0.02372430050449997,29
R1175N,R-frontal,1425.0,0.03725873422606223,29
R1175N,R-frontal,1475.0,0.033109788103001886,29
R1175N,R-frontal,1525.0,-0.005429946678271493,29
R1175N,R-frontal,1575.0,0.06294176129435111,29
R1175N,R-occipital,25.0,-0.006347673585525344,4
R1175N,R-occipital,75.0,-0.04869312735986376,4
R1175N,R-occipital,125.0,0.027852091978122467,4
R1175N,R-occipital,175.0,-0.05296794902990653,4
R1175N,R-occipital,225.0,0.01295395231674984,4
R1175N,R-occipital,275.0,0.051525697729828776,4
R1175N,R-occipital,325.0,0.062120344897343756,4
R1175N,R-occipital,375.0,-0.01478158071255883,4
R1175N,R-occipital,425.0,0.06925116492432895,4
R1175N,R-occipital,475.0,0.06520835942394285,4
R1175N,R-occipital,525.0,-0.015723230663838145,4
R1175N,R-occipital,575.0,-0.11987195458420744,4
R1175N,R-occipital,625.0,-0.11802103643521669,4
R1175N,R-occipital,675.0,-0.07895373251283061,4
R1175N,R-occipital,725.0,-0.12527572071221912,4
R1175N,R-occipital,775.0,-0.12666620510297086,4
R1175N,R-occipital,825.0,-0.02303262175633823,4
R1175N,R-occipital,875.0,-0.04836101415090834,4
R1175N,R-occipital,925.0,-0.09253372476501329,4
R1175N,R-occipital,975.0,-0.04022027076565894,4
R1175N,R-occipital,1025.0,-0.006901698283668141,4
R1175N,R-occipital,1075.0,0.013848111945936076,4
R1175N,R-occipital,1125.0,0.05049230536467985,4
R1175N,R-occipital,1175.0,0.07078978451582592,4
R1175N,R-occipital,1225.0,0.051766382921366504,4
R1175N,R-occipital,1275.0,0.03585234498672102,4
R1175N,R-occipital,1325.0,0.027463749198161483,4
R1175N,R-occipital,1375.0,-0.019612148127076404,4
R1175N,R-occipital,1425.0,0.06871206107123037,4
R1175N,R-occipital,1475.0,0.019574790084868267,4
R1175N,R-occipital,1525.0,0.04372522818617612,4
R1175N,R-occipital,1575.0,0.08774002903891338,4
R1175N,R-parietal,25.0,-0.00958937317590657,24
R1175N,R-parietal,75.0,-0.007765181682729591,24
R1175N,R-parietal,125.0,-0.015775302156843734,24
R1175N,R-parietal,175.0,-0.025718319221937277,24
R1175N,R-parietal,225.0,-0.057122500954779866,24
R1175N,R-parietal,275.0,-0.026521292675293264,24
R1175N,R-parietal,325.0,-0.058052895734178184,24
R1175N,R-parietal,375.0,-0.07084319387910268,24
R1175N,R-parietal,425.0,-0.10179816872890494,24
R1175N,R-parietal,475.0,-0.06872425394401109,24
R1175N,R-parietal,525.0,-0.08003645949559651,24
R1175N,R-parietal,575.0,-0.1172304862741294,24
R1175N,R-parietal,625.0,-0.08278700143319541,24
R1175N,R-parietal,675.0,-0.10034210394523096,24
R1175N,R-parietal,725.0,-0.10726654896665581,24
R1175N,R-parietal,775.0,-0.09221259848160923,24
R1175N,R-parietal,825.0,-0.07987894980554311,24
R1175N,R-parietal,875.0,-0.05443662840845862,24
R1175N,R-parietal,925.0,-0.047317359214278966,24
R1175N,R-parietal,975.0,-0.008839943514125216,24
R1175N,R-parietal,1025.0,0.012158148341986126,24
R1175N,R-parietal,1075.0,-0.002740164940032312,24
R1175N,R-parietal,1125.0,0.06183578301180215,24
R1175N,R-parietal,1175.0,0.07744565824027715,24
R1175N,R-parietal,1225.0,0.05608713201746285,24
R1175N,R-parietal,1275.0,0.04587100158874916,24
R1175N,R-parietal,1325.0,-0.0024086866660808204,24
R1175N,R-parietal,1375.0,0.012184260386274596,24
R1175N,R-parietal,1425.0,0.05071317330144611,24
R1175N,R-parietal,1475.0,0.05297562488272961,24
R1175N,R-parietal,1525.0,0.002729199984874798,24
R1175N,R-parietal,1575.0,0.07924089742363626,24
R1175N,R-temporal,25.0,-0.03166754335097419,16
R1175N,R-temporal,75.0,-0.04274673930288944,16
R1175N,R-temporal,125.0,-0.04190815401446054,16
R1175N,R-temporal,175.0,-0.08971848871183964,16
R1175N,R-temporal,225.0,-0.07812155878670665,16
R1175N,R-temporal,275.0,-0.021530139909785837,16
R1175N,R-temporal,325.0,-0.0402466536210587,16
R1175N,R-temporal,375.0,-0.09253992789183416,16
R1175N,R-temporal,425.0,-0.04518831131466833,16
R1175N,R-temporal,475.0,-0.03224818830028989,16
R1175N,R-temporal,525.0,-0.09819368718221937,16
R1175N,R-temporal,575.0,-0.1227206020684978,16
R1175N,R-temporal,625.0,-0.04607604772039811,16
R1175N,R-temporal,675.0,-0.08811852839968533,16
R1175N,R-temporal,725.0,-0.11657584744453085,16
R1175N,R-temporal,775.0,-0.0911475578187198,16
R1175N,R-temporal,825.0,-0.04845932690659617,16
R1175N,R-temporal,875.0,-0.06454427608134185,16
R1175N,R-temporal,925.0,-0.050680676393078126,16
R1175N,R-temporal,975.0,-0.02058303900949257,16
R1175N,R-temporal,1025.0,-0.02443837702192031,16
R1175N,R-temporal,1075.0,-0.0012600043120001001,16
R1175N,R-temporal,1125.0,0.04337204842477818,16
R1175N,R-temporal,1175.0,0.06982560875003661,16
R1175N,R-temporal,1225.0,0.06564559302627965,16
R1175N,R-temporal,1275.0,0.06784899169549079,16
R1175N,R-temporal,1325.0,0.020044371880048494,16
R1175N,R-temporal,1375.0,0.01928086572960401,16
R1175N,R-temporal,1425.0,0.039399321826406805,16
R1175N,R-temporal,1475.0,0.02819154596877705,16
R1175N,R-temporal,1525.0,0.012179199332945019,16
R1175N,R-temporal,1575.0,0.06841413753338094,16
R1176M,L-temporal,25.0,-0.04722977777422194,6
R1176M,L-temporal,75.0,-0.06003914919921025,6
R1176M,L-temporal,125.0,0.0008672509586129801,6
R1176M,L-temporal,175.0,0.0022859836136308403,6
R1176M,L-temporal,225.0,-0.03249693870764437,6
R1176M,L-temporal,275.0,0.03392956265494248,6
R1176M,L-temporal,325.0,-0.0015830769058642283,6
R1176M,L-temporal,375.0,0.010566763316186467,6
R1176M,L-temporal,425.0,-0.04625085669506856,6
R1176M,L-temporal,475.0,0.03930065807011557,6
R1176M,L-temporal,525.0,-0.052489875255241875,6
R1176M,L-temporal,575.0,-0.07326713901706945,6
R1176M,L-temporal,625.0,0.006783476632827373,6
R1176M,L-temporal,675.0,-0.051679112516264676,6
R1176M,L-temporal,725.0,-0.05061392138437958,6
R1176M,L-temporal,775.0,-0.09093757329923724,6
R1176M,L-temporal,825.0,-0.09189335927408233,6
R1176M,L-temporal,875.0,-0.08389860881010518,6
R1176M,L-temporal,925.0,-0.09342769489232527,6
R1176M,L-temporal,975.0,-0.06854388056649273,6
R1176M,L-temporal,1025.0,-0.06965520538658426,6
R1176M,L-temporal,1075.0,-0.02174988611184611,6
R1176M,L-temporal,1125.0,-0.11851466155911788,6
R1176M,L-temporal,1175.0,-0.12956926727475082,6
R1176M,L-temporal,1225.0,-0.02372044672822936,6
R1176M,L-temporal,1275.0,-0.037122159570925656,6
R1176M,L-temporal,1325.0,-0.07355535635924204,6
R1176M,L-temporal,1375.0,-0.12028052132605523,6
R1176M,L-temporal,1425.0,-0.07585743446634548,6
R1176M,L-temporal,1475.0,0.003653290169061778,6
R1176M,L-temporal,1525.0,-0.0006536091986950819,6
R1176M,L-temporal,1575.0,-0.07782282035011819,6
R1176M,R-parietal,25.0,-0.0007588030741973867,5
R1176M,R-parietal,75.0,0.035610004679652356,5
R1176M,R-parietal,125.0,-0.04036550051293915,5
R1176M,R-parietal,175.0,0.01885046838434108,5
R1176M,R-parietal,225.0,-0.049072709204872056,5
R1176M,R-parietal,275.0,0.09546639939506645,5
R1176M,R-parietal,325.0,0.08675027471682795,5
R1176M,R-parietal,375.0,0.07908449796725968,5
R1176M,R-parietal,425.0,-0.08046721574555468,5
R1176M,R-parietal,475.0,0.09064776009005276,5
R1176M,R-parietal,525.0,-0.00547431085982362,5
R1176M,R-parietal,575.0,-0.043628868990180716,5
R1176M,R-parietal,625.0,0.043636586200646955,5
R1176M,R-parietal,675.0,-0.05303420127315779,5
R1176M,R-parietal,725.0,-0.04234630445802769,5
R1176M,R-parietal,775.0,0.023600415572512235,5
R1176M,R-parietal,825.0,0.03266551528519209,5
R1176M,R-parietal,875.0,0.0033318896132282214,5
R1176M,R-parietal,925.0,0.022017083605454107,5
R1176M,R-parietal,975.0,-0.038733072148778545,5
R1176M,R-parietal,1025.0,0.0013291859100859672,5
R1176M,R-parietal,1075.0,0.050819920049563816,5
R1176M,R-parietal,1125.0,-0.011198173141171445,5
R1176M,R-parietal,1175.0,0.04541699313451201,5
R1176M,R-parietal,1225.0,0.07775010263040974,5
R1176M,R-parietal,1275.0,0.008486995857859295,5
R1176M,R-parietal,1325.0,0.034739839473503675,5
R1176M,R-parietal,1375.0,0.1093808673104539,5
R1176M,R-parietal,1425.0,-0.02241338841136267,5
R1176M,R-parietal,1475.0,0.029958392594768363,5
R1176M,R-parietal,1525.0,0.10001446912222263,5
R1176M,R-parietal,1575.0,-0.03867819208286014,5
R1176M,R-temporal,25.0,-0.0199223007038491,10
R1176M,R-temporal,75.0,-0.12177495082641446,10
R1176M,R-temporal,125.0,-0.06005484715374594,10
R1176M,R-temporal,175.0,0.037560433547163,10
R1176M,R-temporal,225.0,-0.006684249469568135,10
R1176M,R-temporal,275.0,0.05560284969793531,10
R1176M,R-temporal,325.0,0.03621804340112823,10
R1176M,R-temporal,375.0,0.03706986284046955,10
R1176M,R-temporal,425.0,-0.0068655412618357755,10
R1176M,R-temporal,475.0,0.06631371348302265,10
R1176M,R-temporal,525.0,-0.0008102949905014157,10
R1176M,R-temporal,575.0,0.0015349780760948774,10
R1176M,R-temporal,625.0,0.07955725679822856,10
R1176M,R-temporal,675.0,0.010065539343531275,10
R1176M,R-temporal,725.0,-0.04407612002958399,10
R1176M,R-temporal,775.0,-0.043611503786961534,10
R1176M,R-temporal,825.0,0.015811294037663886,10
R1176M,R-temporal,875.0,-0.005272836312998673,10
R1176M,R-temporal,925.0,-0.04889400857347087,10
R1176M,R-temporal,975.0,-0.030029130731670572,10
R1176M,R-temporal,1025.0,-0.04437481592833359,10
R1176M,R-temporal,1075.0,-0.008242389011129132,10
R1176M,R-temporal,1125.0,-0.06939877937321517,10
R1176M,R-temporal,1175.0,0.0030029697629761426,10
R1176M,R-temporal,1225.0,0.02232765052037455,10
R1176M,R-temporal,1275.0,0.01632936060241348,10
R1176M,R-temporal,1325.0,-0.025838173700615336,10
R1176M,R-temporal,1375.0,-0.024523355142505004,10
R1176M,R-temporal,1425.0,-0.03140953876642118,10
R1176M,R-temporal,1475.0,0.039149782005636374,10
R1176M,R-temporal,1525.0,0.03763651873448073,10
R1176M,R-temporal,1575.0,-0.046588517872476684,10
R1177M,L-frontal,25.0,-0.03025165258296388,21
R1177M,L-frontal,75.0,-0.05994783275668968,21
R1177M,L-frontal,125.0,-0.08382398267865414,21
R1177M,L-frontal,175.0,-0.0642128201559711,21
R1177M,L-frontal,225.0,-0.08288037131520275,21
R1177M,L-frontal,275.0,-0.06486964673751452,21
R1177M,L-frontal,325.0,-0.03821988833583588,21
R1177M,L-frontal,375.0,-0.04156462320430308,21
R1177M,L-frontal,425.0,-0.005665356278836854,21
R1177M,L-frontal,475.0,-0.024939136803790948,21
R1177M,L-frontal,525.0,-0.032239863639438496,21
R1177M,L-frontal,575.0,0.0033028273960028645,21
R1177M,L-frontal,625.0,-0.016787164590260823,21
R1177M,L-frontal,675.0,0.032952995043999525,21
R1177M,L-frontal,725.0,0.036674378745892584,21
R1177M,L-frontal,775.0,0.048616396074473225,21
R1177M,L-frontal,825.0,0.028942680827131383,21
R1177M,L-frontal,875.0,0.039846023859712996,21
R1177M,L-frontal,925.0,0.04137251578191765,21
R1177M,L-frontal,975.0,0.05486339979355588,21
R1177M,L-frontal,1025.0,0.03300700346259505,21
R1177M,L-frontal,1075.0,0.038069502569508945,21
R1177M,L-frontal,1125.0,0.055237155895908954,21
R1177M,L-frontal,1175.0,0.040190956813953585,21
R1177M,L-frontal,1225.0,0.028499204146688596,21
R1177M,L-frontal,1275.0,0.04968093152437073,21
R1177M,L-frontal,1325.0,0.0329606198313687,21
R1177M,L-frontal,1375.0,0.013597390707247152,21
R1177M,L-frontal,1425.0,0.03546553213322908,21
R1177M,L-frontal,1475.0,0.031896420255411895,21
R1177M,L-frontal,1525.0,0.021437893826111838,21
R1177M,L-frontal,1575.0,0.0034147726534393004,21
R1177M,L-parietal,25.0,-0.034989195602874085,27
R1177M,L-parietal,75.0,-0.028381543679666523,27
R1177M,L-parietal,125.0,-0.020366877715525727,27
R1177M,L-parietal,175.0,-0.05072842044665185,27
R1177M,L-parietal,225.0,-0.030879251982315312,27
R1177M,L-parietal,275.0,-0.01114203759096383,27
R1177M,L-parietal,325.0,-0.03613878292573706,27
R1177M,L-parietal,375.0,-0.05744283453298725,27
R1177M,L-parietal,425.0,-0.04241415319994715,27
R1177M,L-parietal,475.0,-0.04204786432564839,27
R1177M,L-parietal,525.0,-0.009409821911161622,27
R1177M,L-parietal,575.0,0.0022772792085391422,27
R1177M,L-parietal,625.0,-0.0011910388312994244,27
R1177M,L-parietal,675.0,0.029901313175857556,27
R1177M,L-parietal,725.0,0.06328982493822294,27
R1177M,L-parietal,775.0,0.0652252320581424,27
R1177M,L-parietal,825.0,0.044519223700919514,27
R1177M,L-parietal,875.0,0.04595406152500355,27
R1177M,L-parietal,925.0,0.031574756325838185,27
R1177M,L-parietal,975.0,0.04411818691173457,27
R1177M,L-parietal,1025.0,0.03352829762391563,27
R1177M,L-parietal,1075.0,0.03146654030559715,27
R1177M,L-parietal,1125.0,0.05736914632412307,27
R1177M,L-parietal,1175.0,0.023200503108618178,27
R1177M,L-parietal,1225.0,0.038212720934150984,27
R1177M,L-parietal,1275.0,0.05037502199607305,27
R1177M,L-parietal,1325.0,0.04188470126466833,27
R1177M,L-parietal,1375.0,0.025597015880210253,27
R1177M,L-parietal,1425.0,0.02041074449480785,27
R1177M,L-parietal,1475.0,0.029984822131311508,27
R1177M,L-parietal,1525.0,0.03594225363128886,27
R1177M,L-parietal,1575.0,0.02969657093771591,27
R1177M,L-temporal,25.0,-0.01593189352396161,31
R1177M,L-temporal,75.0,0.0008728634014184904,31
R1177M,L-temporal,125.0,-0.022170632086039543,31
R1177M,L-temporal,175.0,-0.007268437953320094,31
R1177M,L-temporal,225.0,-0.03140524759092888,31
R1177M,L-temporal,275.0,-0.0322858349099223,31
R1177M,L-temporal,325.0,-0.048037904717637255,31
R1177M,L-temporal,375.0,-0.033721451659539506,31
R1177M,L-temporal,425.0,-0.03103491961917473,31
R1177M,L-temporal,475.0,-0.04444074105723788,31
R1177M,L-temporal,525.0,-0.059448881829540993,31
R1177M,L-temporal,575.0,-0.08042348820414162,31
R1177M,L-temporal,625.0,-0.06214075350649795,31
R1177M,L-temporal,675.0,-0.06207748176379766,31
R1177M,L-temporal,725.0,-0.03724932639830509,31
R1177M,L-temporal,775.0,-0.048218634408619995,31
R1177M,L-temporal,825.0,-0.041482787764875975,31
R1177M,L-temporal,875.0,-0.04005684269181184,31
R1177M,L-temporal,925.0,-0.02370933723801194,31
R1177M,L-temporal,975.0,-0.01288980034340685,31
R1177M,L-temporal,1025.0,-0.008327986662710618,31
R1177M,L-temporal,1075.0,0.019970500819502995,31
R1177M,L-temporal,1125.0,-0.0009400020705980774,31
R1177M,L-temporal,1175.0,-0.009906517813164983,31
R1177M,L-temporal,1225.0,-0.010645905431569494,31
R1177M,L-temporal,1275.0,-0.01444254464872875,31
R1177M,L-temporal,1325.0,0.019459571802189577,31
R1177M,L-temporal,1375.0,-0.024599359246901497,31
R1177M,L-temporal,1425.0,0.0017609526820508137,31
R1177M,L-temporal,1475.0,-0.0028824937244983483,31
R1177M,L-temporal,1525.0,0.006476699388297832,31
R1177M,L-temporal,1575.0,-0.010742845601019698,31
R1178P,L-frontal,25.0,-0.022867975690292967,16
R1178P,L-frontal,75.0,0.002172725903550685,16
R1178P,L-frontal,125.0,-0.010741127840522046,16
R1178P,L-frontal,175.0,0.06771563859212151,16
R1178P,L-frontal,225.0,0.01771610023577265,16
R1178P,L-frontal,275.0,0.014618464282640582,16
R1178P,L-frontal,325.0,0.011846084842837858,16
R1178P,L-frontal,375.0,-0.0005201275082950692,16
R1178P,L-frontal,425.0,-0.03588704488301922,16
R1178P,L-frontal,475.0,-0.028808834975498805,16
R1178P,L-frontal,525.0,-0.04284439573126113,16
R1178P,L-frontal,575.0,-0.030750693247094774,16
R1178P,L-frontal,625.0,-0.01450905445853176,16
R1178P,L-frontal,675.0,0.007437508517521526,16
R1178P,L-frontal,725.0,0.027316571644391656,16
R1178P,L-frontal,775.0,0.02865797275255391,16
R1178P,L-frontal,825.0,-0.01381040359445144,16
R1178P,L-frontal,875.0,-0.007975357405719228,16
R1178P,L-frontal,925.0,0.031713798317268754,16
R1178P,L-frontal,975.0,-0.02188110244494219,16
R1178P,L-frontal,1025.0,0.0272357197878347,16
R1178P,L-frontal,1075.0,0.03465835937734741,16
R1178P,L-frontal,1125.0,0.026529153570342287,16
R1178P,L-frontal,1175.0,-0.006532569696179633,16
R1178P,L-frontal,1225.0,0.010659511443530514,16
R1178P,L-frontal,1275.0,-0.03983352744507442,16
R1178P,L-frontal,1325.0,0.00450282186777992,16
R1178P,L-frontal,1375.0,-0.04211285069486483,16
R1178P,L-frontal,1425.0,-0.03570685359029258,16
R1178P,L-frontal,1475.0,-0.030370985079036426,16
R1178P,L-frontal,1525.0,-0.03430432128776553,16
R1178P,L-frontal,1575.0,0.0008791850774863834,16
R1178P,L-occipital,25.0,-0.05388091578742986,7
R1178P,L-occipital,75.0,-0.08868404763361339,7
R1178P,L-occipital,125.0,0.031741078792821974,7
R1178P,L-occipital,175.0,0.10317876068503196,7
R1178P,L-occipital,225.0,0.010355251414195384,7
R1178P,L-occipital,275.0,-0.03955562386457722,7
R1178P,L-occipital,325.0,0.049063580768661526,7
R1178P,L-occipital,375.0,0.013932628599335316,7
R1178P,L-occipital,425.0,-0.06776114082760096,7
R1178P,L-occipital,475.0,0.007069584720328813,7
R1178P,L-occipital,525.0,-0.012688429284953581,7
R1178P,L-occipital,575.0,-0.018251147247087682,7
R1178P,L-occipital,625.0,0.01006926622747287,7
R1178P,L-occipital,675.0,0.0014270215301720615,7
R1178P,L-occipital,725.0,0.014203187787359819,7
R1178P,L-occipital,775.0,0.07227688149892118,7
R1178P,L-occipital,825.0,0.041617196156982665,7
R1178P,L-occipital,875.0,0.011412802244856872,7
R1178P,L-occipital,925.0,0.08474633314098012,7
R1178P,L-occipital,975.0,-0.1430664871302158,7
R1178P,L-occipital,1025.0,-0.028897944692033068,7
R1178P,L-occipital,1075.0,-0.033897564302105034,7
R1178P,L-occipital,1125.0,0.01811708836484841,7
R1178P,L-occipital,1175.0,-0.04435454400137253,7
R1178P,L-occipital,1225.0,0.050664340698306595,7
R1178P,L-occipital,1275.0,0.0019356573517692495,7
R1178P,L-occipital,1325.0,-0.006017482771618878,7
R1178P,L-occipital,1375.0,-0.05946879009895154,7
R1178P,L-occipital,1425.0,-0.04039972950050819,7
R1178P,L-occipital,1475.0,-0.12158954751446216,7
R1178P,L-occipital,1525.0,0.008694584769765673,7
R1178P,L-occipital,1575.0,-0.0311018979132217,7
R1178P,L-temporal,25.0,-0.046642023023426814,3
R1178P,L-temporal,75.0,-0.001196686660150793,3
R1178P,L-temporal,125.0,0.0189386314980533,3
R1178P,L-temporal,175.0,0.12399540110212766,3
R1178P,L-temporal,225.0,0.022310120883166824,3
R1178P,L-temporal,275.0,-0.058762096692397625,3
R1178P,L-temporal,325.0,-0.004227120707811148,3
R1178P,L-temporal,375.0,0.02482008825645284,3
R1178P,L-temporal,425.0,0.01640083197924724,3
R1178P,L-temporal,475.0,0.05190369450405005,3
R1178P,L-temporal,525.0,0.01599554374761196,3
R1178P,L-temporal,575.0,0.020597666672989196,3
R1178P,L-temporal,625.0,0.027653617263159787,3
R1178P,L-temporal,675.0,0.05969023701222551,3
R1178P,L-temporal,725.0,-0.011047568601058275,3
R1178P,L-temporal,775.0,0.026395220834619888,3
R1178P,L-temporal,825.0,0.0536140444650006,3
R1178P,L-temporal,875.0,0.06958749453231987,3
R1178P,L-temporal,925.0,0.15436992499782923,3
R1178P,L-temporal,975.0,-0.08922828990324833,3
R1178P,L-temporal,1025.0,0.011291917270112911,3
R1178P,L-temporal,1075.0,0.033115982991585934,3
R1178P,L-temporal,1125.0,0.0015718350006003491,3
R1178P,L-temporal,1175.0,0.003189069344729699,3
R1178P,L-temporal,1225.0,0.05423609037945864,3
R1178P,L-temporal,1275.0,0.010874402065330113,3
R1178P,L-temporal,1325.0,-0.0140581128111094,3
R1178P,L-temporal,1375.0,-0.029217723354293786,3
R1178P,L-temporal,1425.0,-0.03453824083225276,3
R1178P,L-temporal,1475.0,-0.0709541258378562,3
R1178P,L-temporal,1525.0,-0.013219827823841198,3
R1178P,L-temporal,1575.0,0.004678176319517711,3
R1189M,R-frontal,25.0,0.016918384391262645,26
R1189M,R-frontal,75.0,0.010409149049331469,26
R1189M,R-frontal,125.0,-0.0003465512419364736,26
R1189M,R-frontal,175.0,0.013668347623187867,26
R1189M,R-frontal,225.0,-0.0033087909430328105,26
R1189M,R-frontal,275.0,-0.005144961514385328,26
R1189M,R-frontal,325.0,-0.02977966006026903,26
R1189M,R-frontal,375.0,-0.012421630947157267,26
R1189M,R-frontal,425.0,-0.012229021652456715,26
R1189M,R-frontal,475.0,-0.009681839510897645,26
R1189M,R-frontal,525.0,-0.049514503966059796,26
R1189M,R-frontal,575.0,-0.025728516522433763,26
R1189M,R-frontal,625.0,-0.027599728844372853,26
R1189M,R-frontal,675.0,-0.030276310718940713,26
R1189M,R-frontal,725.0,-0.04634951574431474,26
R1189M,R-frontal,775.0,-0.03594333998919276,26
R1189M,R-frontal,825.0,-0.03416903654351878,26
R1189M,R-frontal,875.0,-0.04628611343808397,26
R1189M,R-frontal,925.0,-0.018593741706327663,26
R1189M,R-frontal,975.0,-0.00824054385904987,26
R1189M,R-frontal,1025.0,-0.017681903642885275,26
R1189M,R-frontal,1075.0,-0.016529945297964296,26
R1189M,R-frontal,1125.0,-0.03444097867299953,26
R1189M,R-frontal,1175.0,0.0009198500959022311,26
R1189M,R-frontal,1225.0,-0.020962548737032613,26
R1189M,R-frontal,1275.0,0.0035605536806123388,26
R1189M,R-frontal,1325.0,-0.01602982727266813,26
R1189M,R-frontal,1375.0,-0.04884872641162164,26
R1189M,R-frontal,1425.0,-0.013566093520033799,26
R1189M,R-frontal,1475.0,-0.016597233532137493,26
R1189M,R-frontal,1525.0,-0.02363167198662439,26
R1189M,R-frontal,1575.0,-0.019065989041965565,26
R1189M,R-parietal,25.0,-0.015471097982122983,8
R1189M,R-parietal,75.0,0.010812159862883976,8
R1189M,R-parietal,125.0,-0.028549119907434323,8
R1189M,R-parietal,175.0,0.0036941463078549956,8
R1189M,R-parietal,225.0,0.029810162822428005,8
R1189M,R-parietal,275.0,0.04222168257462204,8
R1189M,R-parietal,325.0,-0.012288701478180775,8
R1189M,R-parietal,375.0,0.008424759647301909,8
R1189M,R-parietal,425.0,0.021125970397402462,8
R1189M,R-parietal,475.0,0.015359141282868615,8
R1189M,R-parietal,525.0,0.0032314500982957824,8
R1189M,R-parietal,575.0,-0.001967817559878767,8
R1189M,R-parietal,625.0,-0.04144297658658178,8
R1189M,R-parietal,675.0,0.0007565682252224054,8
R1189M,R-parietal,725.0,-0.011330672590671033,8
R1189M,R-parietal,775.0,0.0171062194601526,8
R1189M,R-parietal,825.0,-0.01089216019227617,8
R1189M,R-parietal,875.0,-0.0030788237413037134,8
R1189M,R-parietal,925.0,0.019757803591890007,8
R1189M,R-parietal,975.0,-0.01992812702714382,8
R1189M,R-parietal,1025.0,0.005389710026663445,8
R1189M,R-parietal,1075.0,0.004139920250906126,8
R1189M,R-parietal,1125.0,-0.01307444859956947,8
R1189M,R-parietal,1175.0,-0.027315806158898046,8
R1189M,R-parietal,1225.0,-0.010559828801088765,8
R1189M,R-parietal,1275.0,-0.02197212103259872,8
R1189M,R-parietal,1325.0,-0.00869835446972764,8
R1189M,R-parietal,1375.0,0.005662198857853318,8
R1189M,R-parietal,1425.0,-0.016799568683581435,8
R1189M,R-parietal,1475.0,-0.002943074140085061,8
R1189M,R-parietal,1525.0,-0.047825674526452984,8
R1189M,R-parietal,1575.0,0.011986595861102114,8
R1193T,L-frontal,25.0,-0.005084488528247872,13
R1193T,L-frontal,75.0,-0.04205245936146467,13
R1193T,L-frontal,125.0,-0.03114181357108173,13
R1193T,L-frontal,175.0,0.020972032081306692,13
R1193T,L-frontal,225.0,-0.10100898730225105,13
R1193T,L-frontal,275.0,-0.014046247641769873,13
R1193T,L-frontal,325.0,-0.0025837761073718153,13
R1193T,L-frontal,375.0,-0.0364516650294573,13
R1193T,L-frontal,425.0,-0.07012452792612212,13
R1193T,L-frontal,475.0,0.07393245459426666,13
R1193T,L-frontal,525.0,0.01119914434551801,13
R1193T,L-frontal,575.0,0.0073574851779770935,13
R1193T,L-frontal,625.0,-0.10867406778673308,13
R1193T,L-frontal,675.0,-0.08539415956294108,13
R1193T,L-frontal,725.0,0.021887230379314466,13
R1193T,L-frontal,775.0,-0.07804022704803826,13
R1193T,L-frontal,825.0,-0.008801464381133757,13
R1193T,L-frontal,875.0,0.005781372717486541,13
R1193T,L-frontal,925.0,-0.02644989378772923,13
R1193T,L-frontal,975.0,-0.010203444052825231,13
R1193T,L-frontal,1025.0,-0.14364733886548348,13
R1193T,L-frontal,1075.0,-0.08523115274852974,13
R1193T,L-frontal,1125.0,0.0566932791361398,13
R1193T,L-frontal,1175.0,-0.13746400283286606,13
R1193T,L-frontal,1225.0,-0.050282278368526626,13
R1193T,L-frontal,1275.0,0.04207580758084765,13
R1193T,L-frontal,1325.0,-0.00964749928862398,13
R1193T,L-frontal,1375.0,-0.032235901319005306,13
R1193T,L-frontal,1425.0,0.017324488159531744,13
R1193T,L-frontal,1475.0,-0.06726930887151693,13
R1193T,L-frontal,1525.0,-0.05854082348368251,13
R1193T,L-frontal,1575.0,-0.050823579557318005,13
R1193T,L-parietal,25.0,-0.002763990076993937,7
R1193T,L-parietal,75.0,-0.05792330519125155,7
R1193T,L-parietal,125.0,-0.033836680044205945,7
R1193T,L-parietal,175.0,0.02394472240038683,7
R1193T,L-parietal,225.0,-0.03927923985137782,7
R1193T,L-parietal,275.0,-0.019470793686338275,7
R1193T,L-parietal,325.0,-0.019281770871800413,7
R1193T,L-parietal,375.0,0.003522832249989884,7
R1193T,L-parietal,425.0,-0.053496251715282904,7
R1193T,L-parietal,475.0,0.02024285235648374,7
R1193T,L-parietal,525.0,-0.008983568430716146,7
R1193T,L-parietal,575.0,-0.01468301875750719,7
R1193T,L-parietal,625.0,-0.06900496950930397,7
R1193T,L-parietal,675.0,-0.052353876871701475,7
R1193T,L-parietal,725.0,0.011877154095909686,7
R1193T,L-parietal,775.0,-0.057684672489337833,7
R1193T,L-parietal,825.0,0.06732983375059458,7
R1193T,L-parietal,875.0,0.014766250885076437,7
R1193T,L-parietal,925.0,0.012958218686425714,7
R1193T,L-parietal,975.0,-0.007813646982759383,7
R1193T,L-parietal,1025.0,-0.056377676060564326,7
R1193T,L-parietal,1075.0,-0.05391750120841166,7
R1193T,L-parietal,1125.0,0.02647854169113965,7
R1193T,L-parietal,1175.0,-0.0927566563119608,7
R1193T,L-parietal,1225.0,-0.04538799425758428,7
R1193T,L-parietal,1275.0,0.03405514277670879,7
R1193T,L-parietal,1325.0,-0.025412530189317255,7
R1193T,L-parietal,1375.0,-0.01971318673330433,7
R1193T,L-parietal,1425.0,0.02007974982114414,7
R1193T,L-parietal,1475.0,-0.03248886245840163,7
R1193T,L-parietal,1525.0,-0.019664087818144316,7
R1193T,L-parietal,1575.0,-0.020971065818154416,7
R1193T,R-frontal,25.0,0.06957838803898814,18
R1193T,R-frontal,75.0,-0.05414716133138739,18
R1193T,R-frontal,125.0,0.01514988492118691,18
R1193T,R-frontal,175.0,0.004884603052126284,18
R1193T,R-frontal,225.0,-0.07102531003784203,18
R1193T,R-frontal,275.0,0.1195937975923003,18
R1193T,R-frontal,325.0,-0.09473713088613617,18
R1193T,R-frontal,375.0,0.09319240574623582,18
R1193T,R-frontal,425.0,-0.027281208005789467,18
R1193T,R-frontal,475.0,0.03708430580002877,18
R1193T,R-frontal,525.0,-0.05383705993648514,18
R1193T,R-frontal,575.0,0.019657897287701523,18
R1193T,R-frontal,625.0,0.07000361706420409,18
R1193T,R-frontal,675.0,-0.03573917460436053,18
R1193T,R-frontal,725.0,0.13021666613963562,18
R1193T,R-frontal,775.0,-0.12925981925309513,18
R1193T,R-frontal,825.0,0.08364043894153905,18
R1193T,R-frontal,875.0,-0.05261050292586338,18
R1193T,R-frontal,925.0,0.004316090577887879,18
R1193T,R-frontal,975.0,-0.005264718868347924,18
R1193T,R-frontal,1025.0,-0.012273218292115728,18
R1193T,R-frontal,1075.0,-0.05045398839718937,18
R1193T,R-frontal,1125.0,0.056874025838410135,18
R1193T,R-frontal,1175.0,-0.0974345568051353,18
R1193T,R-frontal,1225.0,0.06213081019564426,18
R1193T,R-frontal,1275.0,-0.10540530118667775,18
R1193T,R-frontal,1325.0,0.05484186403623652,18
R1193T,R-frontal,1375.0,-0.013525610331517673,18
R1193T,R-frontal,1425.0,0.08762293483253542,18
R1193T,R-frontal,1475.0,0.015451855714830189,18
R1193T,R-frontal,1525.0,0.05423233538642103,18
R1193T,R-frontal,1575.0,-0.03516575377729602,18
R1193T,R-parietal,25.0,-0.059036933948830334,16
R1193T,R-parietal,75.0,0.08952420097859788,16
R1193T,R-parietal,125.0,0.00013519358694102836,16
R1193T,R-parietal,175.0,-0.029077824116710574,16
R1193T,R-parietal,225.0,-0.20738423817686608,16
R1193T,R-parietal,275.0,0.07539363766566967,16
R1193T,R-parietal,325.0,0.04422688356985158,16
R1193T,R-parietal,375.0,-0.09437878023793941,16
R1193T,R-parietal,425.0,-0.022195336494802206,16
R1193T,R-parietal,475.0,-0.04038944317252567,16
R1193T,R-parietal,525.0,0.037490687253678955,16
R1193T,R-parietal,575.0,-0.026037793173480265,16
R1193T,R-parietal,625.0,0.03174119346206037,16
R1193T,R-parietal,675.0,-0.11843284580568675,16
R1193T,R-parietal,725.0,0.0017993405213160662,16
R1193T,R-parietal,775.0,0.0183765651704733,16
R1193T,R-parietal,825.0,-0.006857828456648523,16
R1193T,R-parietal,875.0,0.03844434252051815,16
R1193T,R-parietal,925.0,-0.060275433875310806,16
R1193T,R-parietal,975.0,-0.08602470037944757,16
R1193T,R-parietal,1025.0,-0.09196182489836516,16
R1193T,R-parietal,1075.0,-0.028181890044641552,16
R1193T,R-parietal,1125.0,0.026781157860348646,16
R1193T,R-parietal,1175.0,-0.045989482010555804,16
R1193T,R-parietal,1225.0,-0.023908755584557535,16
R1193T,R-parietal,1275.0,-0.16911463625306603,16
R1193T,R-parietal,1325.0,-0.01275306683631363,16
R1193T,R-parietal,1375.0,-0.01099393964228961,16
R1193T,R-parietal,1425.0,0.036734544017568996,16
R1193T,R-parietal,1475.0,0.008104429416426803,16
R1193T,R-parietal,1525.0,-0.002024757904633903,16
R1193T,R-parietal,1575.0,0.0013729074472826489,16
R1195E,L-frontal,25.0,-0.005545139227902587,15
R1195E,L-frontal,75.0,0.0026566899297723826,15
R1195E,L-frontal,125.0,0.05908844448363984,15
R1195E,L-frontal,175.0,0.06849352694144713,15
R1195E,L-frontal,225.0,0.021180439473611055,15
R1195E,L-frontal,275.0,-0.019009209681976787,15
R1195E,L-frontal,325.0,0.009939890868332872,15
R1195E,L-frontal,375.0,0.01677526088723472,15
R1195E,L-frontal,425.0,0.043023567769440024,15
R1195E,L-frontal,475.0,0.06612172328082418,15
R1195E,L-frontal,525.0,0.06424759040084911,15
R1195E,L-frontal,575.0,0.09273729517216484,15
R1195E,L-frontal,625.0,0.06017362439463237,15
R1195E,L-frontal,675.0,0.05134285696717247,15
R1195E,L-frontal,725.0,0.03422811210896512,15
R1195E,L-frontal,775.0,0.10375370505131284,15
R1195E,L-frontal,825.0,0.04531215651988881,15
R1195E,L-frontal,875.0,0.043839920481151866,15
R1195E,L-frontal,925.0,0.045516091653455056,15
R1195E,L-frontal,975.0,0.0739769000178289,15
R1195E,L-frontal,1025.0,0.056185952906115694,15
R1195E,L-frontal,1075.0,0.0398678391582056,15
R1195E,L-frontal,1125.0,0.038021394271421406,15
R1195E,L-frontal,1175.0,0.04398953480046743,15
R1195E,L-frontal,1225.0,0.06526106674324837,15
R1195E,L-frontal,1275.0,0.04918938318030401,15
R1195E,L-frontal,1325.0,0.08011665544283772,15
R1195E,L-frontal,1375.0,0.042370026039896855,15
R1195E,L-frontal,1425.0,0.05489334162096113,15
R1195E,L-frontal,1475.0,0.021059057844155345,15
R1195E,L-frontal,1525.0,-0.011159186342810257,15
R1195E,L-frontal,1575.0,0.03365707233699369,15
R1195E,L-parietal,25.0,0.010727975278981623,10
R1195E,L-parietal,75.0,-0.030477597998492294,10
R1195E,L-parietal,125.0,0.05492687548720815,10
R1195E,L-parietal,175.0,0.06014280960445689,10
R1195E,L-parietal,225.0,-0.02534882734247671,10
R1195E,L-parietal,275.0,-0.06563965497098802,10
R1195E,L-parietal,325.0,-0.09037074012684487,10
R1195E,L-parietal,375.0,-0.09152143053475287,10
R1195E,L-parietal,425.0,-0.05950982160209515,10
R1195E,L-parietal,475.0,-0.03410884780591333,10
R1195E,L-parietal,525.0,-0.06053334766917808,10
R1195E,L-parietal,575.0,-0.018302949617135633,10
R1195E,L-parietal,625.0,-0.04432881946335333,10
R1195E,L-parietal,675.0,-0.04631575193239349,10
R1195E,L-parietal,725.0,-0.07665965043372866,10
R1195E,L-parietal,775.0,1.2169120421762734e-05,10
R1195E,L-parietal,825.0,-0.03393932976206259,10
R1195E,L-parietal,875.0,-0.042749951353127785,10
R1195E,L-parietal,925.0,-0.047569525329180774,10
R1195E,L-parietal,975.0,-0.008826856863711038,10
R1195E,L-parietal,1025.0,-0.02300310306279189,10
R1195E,L-parietal,1075.0,-0.03573678854693825,10
R1195E,L-parietal,1125.0,-0.03318657269014784,10
R1195E,L-parietal,1175.0,-0.020420737412295106,10
R1195E,L-parietal,1225.0,-0.0007029372314815132,10
R1195E,L-parietal,1275.0,-0.03486506110626692,10
R1195E,L-parietal,1325.0,0.03211170259093641,10
R1195E,L-parietal,1375.0,-0.015133048815946426,10
R1195E,L-parietal,1425.0,-0.01138888155887286,10
R1195E,L-parietal,1475.0,-0.04439862589837196,10
R1195E,L-parietal,1525.0,-0.06476183203372303,10
R1195E,L-parietal,1575.0,-0.034635085469628436,10
R1195E,L-temporal,25.0,0.00457342169876357,26
R1195E,L-temporal,75.0,0.013544102937903143,26
R1195E,L-temporal,125.0,0.06575574788101418,26
R1195E,L-temporal,175.0,0.09807427732157001,26
R1195E,L-temporal,225.0,-0.0034301185580596265,26
R1195E,L-temporal,275.0,-0.045550706724289194,26
R1195E,L-temporal,325.0,-0.04260634790407629,26
R1195E,L-temporal,375.0,-0.07859185247047931,26
R1195E,L-temporal,425.0,-0.03402048921131532,26
R1195E,L-temporal,475.0,-0.04378652898181071,26
R1195E,L-temporal,525.0,-0.03244472243118591,26
R1195E,L-temporal,575.0,0.010355412482646249,26
R1195E,L-temporal,625.0,-0.04009889976359544,26
R1195E,L-temporal,675.0,-0.029976601941267556,26
R1195E,L-temporal,725.0,-0.062615671005532,26
R1195E,L-temporal,775.0,0.031191983904867254,26
R1195E,L-temporal,825.0,-0.018774152518731168,26
R1195E,L-temporal,875.0,-0.05450151231011901,26
R1195E,L-temporal,925.0,-0.04842585385900276,26
R1195E,L-temporal,975.0,0.01876105775996331,26
R1195E,L-temporal,1025.0,0.0008647470073013503,26
R1195E,L-temporal,1075.0,-0.025239877102679806,26
R1195E,L-temporal,1125.0,-0.034259482363213925,26
R1195E,L-temporal,1175.0,-0.01341238441918033,26
R1195E,L-temporal,1225.0,-0.01394062794742638,26
R1195E,L-temporal,1275.0,0.0027431696145955357,26
R1195E,L-temporal,1325.0,0.04108817110167133,26
R1195E,L-temporal,1375.0,0.006607781614724848,26
R1195E,L-temporal,1425.0,0.02409324219746239,26
R1195E,L-temporal,1475.0,-0.011740232158476926,26
R1195E,L-temporal,1525.0,-0.0488798334851182,26
R1195E,L-temporal,1575.0,0.008645782141574462,26
R1195E,R-frontal,25.0,0.0300059377747567,13
R1195E,R-frontal,75.0,0.0691325014330561,13
R1195E,R-frontal,125.0,0.13268689323152916,13
R1195E,R-frontal,175.0,0.2178925984809195,13
R1195E,R-frontal,225.0,0.05031748524633105,13
R1195E,R-frontal,275.0,0.03179049961680623,13
R1195E,R-frontal,325.0,0.04222950162804502,13
R1195E,R-frontal,375.0,0.001101883910506817,13
R1195E,R-frontal,425.0,0.002477892680100371,13
R1195E,R-frontal,475.0,-0.0016601771776963907,13
R1195E,R-frontal,525.0,-0.011349341104999829,13
R1195E,R-frontal,575.0,0.006256422027964072,13
R1195E,R-frontal,625.0,-0.0593623380019512,13
R1195E,R-frontal,675.0,-0.03401673964287045,13
R1195E,R-frontal,725.0,-0.07537644601190746,13
R1195E,R-frontal,775.0,-0.02451370489784247,13
R1195E,R-frontal,825.0,-0.012144071988733419,13
R1195E,R-frontal,875.0,-0.019632086884198034,13
R1195E,R-frontal,925.0,-0.04593844512256322,13
R1195E,R-frontal,975.0,0.017929084251687325,13
R1195E,R-frontal,1025.0,-0.05226334105650152,13
R1195E,R-frontal,1075.0,-0.031052638573387966,13
R1195E,R-frontal,1125.0,-0.04401614781403443,13
R1195E,R-frontal,1175.0,0.0034321124756873027,13
R1195E,R-frontal,1225.0,0.010404061274938663,13
R1195E,R-frontal,1275.0,-0.012732230771596468,13
R1195E,R-frontal,1325.0,0.05607444233897806,13
R1195E,R-frontal,1375.0,0.027034959257335376,13
R1195E,R-frontal,1425.0,0.016215189790462766,13
R1195E,R-frontal,1475.0,-0.0025268819892315508,13
R1195E,R-frontal,1525.0,-0.030224145138738303,13
R1195E,R-frontal,1575.0,0.019042211030222807,13
R1195E,R-parietal,25.0,0.010907692889163522,5
R1195E,R-parietal,75.0,0.012638657031246437,5
R1195E,R-parietal,125.0,0.03357589458161639,5
R1195E,R-parietal,175.0,0.06282116935436653,5
R1195E,R-parietal,225.0,-0.03353970540208734,5
R1195E,R-parietal,275.0,-0.04017360459177429,5
R1195E,R-parietal,325.0,-0.04696556121874354,5
R1195E,R-parietal,375.0,-0.02844546263645497,5
R1195E,R-parietal,425.0,-0.02418935186555523,5
R1195E,R-parietal,475.0,0.031249623938979933,5
R1195E,R-parietal,525.0,-0.0003088473818015372,5
R1195E,R-parietal,575.0,0.05788381209189568,5
R1195E,R-parietal,625.0,0.0053668718595488605,5
R1195E,R-parietal,675.0,-0.025956046974146017,5
R1195E,R-parietal,725.0,-0.07132772226117366,5
R1195E,R-parietal,775.0,0.00621038992401045,5
R1195E,R-parietal,825.0,0.001505898637035976,5
R1195E,R-parietal,875.0,-0.029493728286056446,5
R1195E,R-parietal,925.0,-0.001099505229369945,5
R1195E,R-parietal,975.0,0.03209123884669853,5
R1195E,R-parietal,1025.0,-0.005750367975908768,5
R1195E,R-parietal,1075.0,0.009143296472705459,5
R1195E,R-parietal,1125.0,-0.022774593412661935,5
R1195E,R-parietal,1175.0,0.010622164655067521,5
R1195E,R-parietal,1225.0,0.013391832153428276,5
R1195E,R-parietal,1275.0,0.013876260285339665,5
R1195E,R-parietal,1325.0,0.07285101767647457,5
R1195E,R-parietal,1375.0,0.0335174405794851,5
R1195E,R-parietal,1425.0,-0.00930373201816424,5
R1195E,R-parietal,1475.0,0.009002407359290365,5
R1195E,R-parietal,1525.0,0.00015506841599287753,5
R1195E,R-parietal,1575.0,0.014178256839390679,5
R1195E,R-temporal,25.0,-0.01540506555429123,11
R1195E,R-temporal,75.0,-0.024101655390761555,11
R1195E,R-temporal,125.0,0.05830918840805233,11
R1195E,R-temporal,175.0,0.10955430631765517,11
R1195E,R-temporal,225.0,-0.008230144412955791,11
R1195E,R-temporal,275.0,-0.02789642680605979,11
R1195E,R-temporal,325.0,-0.038695817546286045,11
R1195E,R-temporal,375.0,-0.05908212656745115,11
R1195E,R-temporal,425.0,-0.003695146999893423,11
R1195E,R-temporal,475.0,-0.02406415877225686,11
R1195E,R-temporal,525.0,0.004123476535793599,11
R1195E,R-temporal,575.0,0.05411714117248569,11
R1195E,R-temporal,625.0,-0.0007748574652321666,11
R1195E,R-temporal,675.0,-0.013233736573092873,11
R1195E,R-temporal,725.0,-0.04744641796707323,11
R1195E,R-temporal,775.0,0.024704772325179605,11
R1195E,R-temporal,825.0,0.006751636907198424,11
R1195E,R-temporal,875.0,-0.046276830062349256,11
R1195E,R-temporal,925.0,-0.017275559024279217,11
R1195E,R-temporal,975.0,0.03524075826990942,11
R1195E,R-temporal,1025.0,0.019374700518770174,11
R1195E,R-temporal,1075.0,0.00016007354048253232,11
R1195E,R-temporal,1125.0,0.0023449864610508523,11
R1195E,R-temporal,1175.0,0.026709237298445054,11
R1195E,R-temporal,1225.0,0.021672925918312193,11
R1195E,R-temporal,1275.0,-0.007415418460015216,11
R1195E,R-temporal,1325.0,0.04110264208489378,11
R1195E,R-temporal,1375.0,0.017465555277983828,11
R1195E,R-temporal,1425.0,0.04606552038762845,11
R1195E,R-temporal,1475.0,0.023114893894461575,11
R1195E,R-temporal,1525.0,-0.03240012783151586,11
R1195E,R-temporal,1575.0,0.00788369061962277,11
R1196N,L-frontal,25.0,0.015786472710736955,32
R1196N,L-frontal,75.0,-0.00877394192861149,32
R1196N,L-frontal,125.0,0.010333889743685648,32
R1196N,L-frontal,175.0,-0.0018191511415355417,32
R1196N,L-frontal,225.0,-9.662301836930141e-06,32
R1196N,L-frontal,275.0,0.005107825201588744,32
R1196N,L-frontal,325.0,-0.0030519666117863574,32
R1196N,L-frontal,375.0,-0.018313585476279738,32
R1196N,L-frontal,425.0,-0.0063235659704308795,32
R1196N,L-frontal,475.0,-0.01810048182800642,32
R1196N,L-frontal,525.0,-0.014749457371927824,32
R1196N,L-frontal,575.0,-0.002563459007898223,32
R1196N,L-frontal,625.0,-0.002430455544739499,32
R1196N,L-frontal,675.0,-0.004751855606446093,32
R1196N,L-frontal,725.0,-0.022111530055387074,32
R1196N,L-frontal,775.0,-0.009801912991796675,32
R1196N,L-frontal,825.0,-0.008426303495042059,32
R1196N,L-frontal,875.0,-0.018252379608408833,32
R1196N,L-frontal,925.0,-0.01054710346410633,32
R1196N,L-frontal,975.0,-0.009371691057230569,32
R1196N,L-frontal,1025.0,0.00019636046291764218,32
R1196N,L-frontal,1075.0,0.014477933037638724,32
R1196N,L-frontal,1125.0,0.0022266399828266906,32
R1196N,L-frontal,1175.0,0.014588917641521353,32
R1196N,L-frontal,1225.0,0.01827575265468845,32
R1196N,L-frontal,1275.0,0.02773625718535454,32
R1196N,L-frontal,1325.0,0.032896275350547885,32
R1196N,L-frontal,1375.0,0.022260971263712872,32
R1196N,L-frontal,1425.0,-0.0034515121676673964,32
R1196N,L-frontal,1475.0,0.016466220727075574,32
R1196N,L-frontal,1525.0,0.027021791856788473,32
R1196N,L-frontal,1575.0,0.024179588540751213,32
R1196N,L-occipital,25.0,-0.05501557032630059,4
R1196N,L-occipital,75.0,-0.07174939253140782,4
R1196N,L-occipital,125.0,-0.08283148763038164,4
R1196N,L-occipital,175.0,-0.02457410617445514,4
R1196N,L-occipital,225.0,-0.004224005366938849,4
R1196N,L-occipital,275.0,0.07552734736624325,4
R1196N,L-occipital,325.0,0.04550169534548307,4
R1196N,L-occipital,375.0,0.10181363749060622,4
R1196N,L-occipital,425.0,0.026805395006721702,4
R1196N,L-occipital,475.0,0.026920665994879075,4
R1196N,L-occipital,525.0,0.040890124172859824,4
R1196N,L-occipital,575.0,0.03729988711199666,4
R1196N,L-occipital,625.0,0.05323925382233219,4
R1196N,L-occipital,675.0,0.02312164654482267,4
R1196N,L-occipital,725.0,0.017471696917006306,4
R1196N,L-occipital,775.0,0.06613810667154166,4
R1196N,L-occipital,825.0,0.034115781741014234,4
R1196N,L-occipital,875.0,0.015694176134076292,4
R1196N,L-occipital,925.0,0.03676230095828636,4
R1196N,L-occipital,975.0,0.07184955737296361,4
R1196N,L-occipital,1025.0,0.04910355936676983,4
R1196N,L-occipital,1075.0,0.0725669627207701,4
R1196N,L-occipital,1125.0,0.08895155364137827,4
R1196N,L-occipital,1175.0,0.08275106984111187,4
R1196N,L-occipital,1225.0,0.08527363545653813,4
R1196N,L-occipital,1275.0,0.07957834693551528,4
R1196N,L-occipital,1325.0,0.07031584552625093,4
R1196N,L-occipital,1375.0,0.07233986500159412,4
R1196N,L-occipital,1425.0,0.008660647866122088,4
R1196N,L-occipital,1475.0,0.06576462927681634,4
R1196N,L-occipital,1525.0,0.08613675154968171,4
R1196N,L-occipital,1575.0,0.06204309380565945,4
R1196N,L-parietal,25.0,-0.0102571288886374,35
R1196N,L-parietal,75.0,-0.015635220458544673,35
R1196N,L-parietal,125.0,-0.020950993661187994,35
R1196N,L-parietal,175.0,-0.013796103933953406,35
R1196N,L-parietal,225.0,-0.04355056134998436,35
R1196N,L-parietal,275.0,-0.03227372490027793,35
R1196N,L-parietal,325.0,-0.031617298405211866,35
R1196N,L-parietal,375.0,-0.03545194828759535,35
R1196N,L-parietal,425.0,-0.044504712113072054,35
R1196N,L-parietal,475.0,-0.03519414262120444,35
R1196N,L-parietal,525.0,-0.01625216706380635,35
R1196N,L-parietal,575.0,-0.009811726469466188,35
R1196N,L-parietal,625.0,0.0037535091987747054,35
R1196N,L-parietal,675.0,0.013308928230046412,35
R1196N,L-parietal,725.0,-0.012529706231687261,35
R1196N,L-parietal,775.0,-0.0006135403216933409,35
R1196N,L-parietal,825.0,-0.004210735779516987,35
R1196N,L-parietal,875.0,-0.02313739993951038,35
R1196N,L-parietal,925.0,-0.009502165318026808,35
R1196N,L-parietal,975.0,-0.0028194395827141126,35
R1196N,L-parietal,1025.0,-0.010863878050494517,35
R1196N,L-parietal,1075.0,-0.016137790720811018,35
R1196N,L-parietal,1125.0,-0.011394156161430349,35
R1196N,L-parietal,1175.0,0.002551847159522449,35
R1196N,L-parietal,1225.0,-0.0009927961513462244,35
R1196N,L-parietal,1275.0,0.020459203545438887,35
R1196N,L-parietal,1325.0,-0.0013064852359570634,35
R1196N,L-parietal,1375.0,-0.013484413483897196,35
R1196N,L-parietal,1425.0,-0.0038679004129458724,35
R1196N,L-parietal,1475.0,-0.01489312250007288,35
R1196N,L-parietal,1525.0,0.00805136773308252,35
R1196N,L-parietal,1575.0,0.0012870713070329593,35
R1196N,L-temporal,25.0,0.008771233745906028,8
R1196N,L-temporal,75.0,-0.057297367644157604,8
R1196N,L-temporal,125.0,-0.0407198918766336,8
R1196N,L-temporal,175.0,0.0007250717815764146,8
R1196N,L-temporal,225.0,-0.010150230293034943,8
R1196N,L-temporal,275.0,0.02715278186003308,8
R1196N,L-temporal,325.0,-0.013754786297429107,8
R1196N,L-temporal,375.0,0.008530077665335305,8
R1196N,L-temporal,425.0,-0.05217141990806007,8
R1196N,L-temporal,475.0,-0.03009398327926238,8
R1196N,L-temporal,525.0,-0.03400408931276862,8
R1196N,L-temporal,575.0,-0.023862977917417594,8
R1196N,L-temporal,625.0,-0.006507761910122917,8
R1196N,L-temporal,675.0,-0.018107203090275983,8
R1196N,L-temporal,725.0,-0.033230900141973,8
R1196N,L-temporal,775.0,-0.035660927325328086,8
R1196N,L-temporal,825.0,-0.036188438423348304,8
R1196N,L-temporal,875.0,-0.02343466004600947,8
R1196N,L-temporal,925.0,-0.03944832012329236,8
R1196N,L-temporal,975.0,0.002684128820365511,8
R1196N,L-temporal,1025.0,-0.00935633500341762,8
R1196N,L-temporal,1075.0,0.003916471631426308,8
R1196N,L-temporal,1125.0,0.015154425870302461,8
R1196N,L-temporal,1175.0,0.009519711004454649,8
R1196N,L-temporal,1225.0,0.039395374900095044,8
R1196N,L-temporal,1275.0,0.03599595817740083,8
R1196N,L-temporal,1325.0,0.016350866034353127,8
R1196N,L-temporal,1375.0,-0.006848175387597003,8
R1196N,L-temporal,1425.0,-0.011460992388544932,8
R1196N,L-temporal,1475.0,0.020698350084694866,8
R1196N,L-temporal,1525.0,0.009434417947224612,8
R1196N,L-temporal,1575.0,0.025858613437199356,8
R1200T,L-frontal,25.0,0.0052659211384708145,47
R1200T,L-frontal,75.0,0.02438253438721227,47
R1200T,L-frontal,125.0,0.03531578189416244,47
R1200T,L-frontal,175.0,-0.019034731244311175,47
R1200T,L-frontal,225.0,0.02040326690984802,47
R1200T,L-frontal,275.0,0.051367033880718685,47
R1200T,L-frontal,325.0,0.017826643031791805,47
R1200T,L-frontal,375.0,-0.002730407900855417,47
R1200T,L-frontal,425.0,-0.002124026817672955,47
R1200T,L-frontal,475.0,0.09016319024945176,47
R1200T,L-frontal,525.0,0.027833593671372663,47
R1200T,L-frontal,575.0,0.017052389096030254,47
R1200T,L-frontal,625.0,0.0610421432761676,47
R1200T,L-frontal,675.0,0.06347206339024922,47
R1200T,L-frontal,725.0,0.040034837682482775,47
R1200T,L-frontal,775.0,0.05550800631312509,47
R1200T,L-frontal,825.0,-0.018208495773931105,47
R1200T,L-frontal,875.0,-0.047601109197183335,47
R1200T,L-frontal,925.0,-0.001191803195554735,47
R1200T,L-frontal,975.0,0.01223417019246326,47
R1200T,L-frontal,1025.0,0.00472219550875464,47
R1200T,L-frontal,1075.0,-0.008353071728461727,47
R1200T,L-frontal,1125.0,0.02600124122164498,47
R1200T,L-frontal,1175.0,0.05244322717105019,47
R1200T,L-frontal,1225.0,0.003639756368400205,47
R1200T,L-frontal,1275.0,0.02249899184901024,47
R1200T,L-frontal,1325.0,0.006663465311588432,47
R1200T,L-frontal,1375.0,-0.012408612208685884,47
R1200T,L-frontal,1425.0,0.013197874066560016,47
R1200T,L-frontal,1475.0,0.042094453013655705,47
R1200T,L-frontal,1525.0,-0.011115042837599965,47
R1200T,L-frontal,1575.0,-0.008009272446487243,47
R1200T,R-frontal,25.0,-0.03480550700224207,17
R1200T,R-frontal,75.0,0.004223380692093538,17
R1200T,R-frontal,125.0,0.025134958992885814,17
R1200T,R-frontal,175.0,-0.02684562798539128,17
R1200T,R-frontal,225.0,0.004964416536054957,17
R1200T,R-frontal,275.0,0.012860760298793215,17
R1200T,R-frontal,325.0,-0.007980352502520093,17
R1200T,R-frontal,375.0,-0.017298799303378597,17
R1200T,R-frontal,425.0,0.019607037773271812,17
R1200T,R-frontal,475.0,0.07290272489788334,17
R1200T,R-frontal,525.0,0.0033752479001228604,17
R1200T,R-frontal,575.0,0.05055209201014144,17
R1200T,R-frontal,625.0,0.04143305027000738,17
R1200T,R-frontal,675.0,0.04666060232232448,17
R1200T,R-frontal,725.0,0.04361929608108668,17
R1200T,R-frontal,775.0,0.04641394061761134,17
R1200T,R-frontal,825.0,-0.02905130754451396,17
R1200T,R-frontal,875.0,-0.07875686193653487,17
R1200T,R-frontal,925.0,-0.01226941350369911,17
R1200T,R-frontal,975.0,0.01517460534809201,17
R1200T,R-frontal,1025.0,0.005685952067235357,17
R1200T,R-frontal,1075.0,0.001877618182870606,17
R1200T,R-frontal,1125.0,0.05224600209569072,17
R1200T,R-frontal,1175.0,0.03344395917952303,17
R1200T,R-frontal,1225.0,0.0028379704492921603,17
R1200T,R-frontal,1275.0,0.033746972504371,17
R1200T,R-frontal,1325.0,0.027936208259308,17
R1200T,R-frontal,1375.0,0.008258188869598945,17
R1200T,R-frontal,1425.0,0.007920605172488887,17
R1200T,R-frontal,1475.0,0.02850143192002103,17
R1200T,R-frontal,1525.0,-0.029585035023745276,17
R1200T,R-frontal,1575.0,0.0035076872210965705,17
R1201P,R-frontal,25.0,0.08852705608490367,16
R1201P,R-frontal,75.0,0.0568840534053786,16
R1201P,R-frontal,125.0,0.012929778994203098,16
R1201P,R-frontal,175.0,0.051098004579036266,16
R1201P,R-frontal,225.0,0.029181012383890446,16
R1201P,R-frontal,275.0,-0.00309272631909319,16
R1201P,R-frontal,325.0,0.09632752147641054,16
R1201P,R-frontal,375.0,0.04939923289507839,16
R1201P,R-frontal,425.0,0.030519060802018654,16
R1201P,R-frontal,475.0,0.01735374750164611,16
R1201P,R-frontal,525.0,-0.041107096850308056,16
R1201P,R-frontal,575.0,0.016094136929080648,16
R1201P,R-frontal,625.0,0.026073760126308323,16
R1201P,R-frontal,675.0,-0.027285395263523412,16
R1201P,R-frontal,725.0,0.016263991392178358,16
R1201P,R-frontal,775.0,-0.024593166342012418,16
R1201P,R-frontal,825.0,0.0005413305161214906,16
R1201P,R-frontal,875.0,0.02761058994624495,16
R1201P,R-frontal,925.0,0.04896443907364624,16
R1201P,R-frontal,975.0,0.005304059471801891,16
R1201P,R-frontal,1025.0,0.03557173986954308,16
R1201P,R-frontal,1075.0,-0.02703378256747245,16
R1201P,R-frontal,1125.0,-0.022091624833129576,16
R1201P,R-frontal,1175.0,-0.05210857085676432,16
R1201P,R-frontal,1225.0,0.01710250693249897,16
R1201P,R-frontal,1275.0,0.015477583130660014,16
R1201P,R-frontal,1325.0,-0.034071041378620284,16
R1201P,R-frontal,1375.0,0.03232693915692553,16
R1201P,R-frontal,1425.0,0.028337516412387832,16
R1201P,R-frontal,1475.0,-0.01742639915333192,16
R1201P,R-frontal,1525.0,0.010418303689459294,16
R1201P,R-frontal,1575.0,-0.03196849152360053,16
R1201P,R-occipital,25.0,0.10729121769634707,17
R1201P,R-occipital,75.0,0.05724862405876468,17
R1201P,R-occipital,125.0,0.1115650500687952,17
R1201P,R-occipital,175.0,0.25067216815593857,17
R1201P,R-occipital,225.0,0.1981615634514251,17
R1201P,R-occipital,275.0,0.25979147746381626,17
R1201P,R-occipital,325.0,0.3816840632497591,17
R1201P,R-occipital,375.0,0.2972283009673067,17
R1201P,R-occipital,425.0,0.19559405131237484,17
R1201P,R-occipital,475.0,0.19692209132276392,17
R1201P,R-occipital,525.0,0.1366917488672982,17
R1201P,R-occipital,575.0,0.09836557032446255,17
R1201P,R-occipital,625.0,0.07447969120243868,17
R1201P,R-occipital,675.0,0.04147883585621745,17
R1201P,R-occipital,725.0,0.027878200573963414,17
R1201P,R-occipital,775.0,0.019279636515118787,17
R1201P,R-occipital,825.0,0.00869785320271515,17
R1201P,R-occipital,875.0,0.060889180585055144,17
R1201P,R-occipital,925.0,0.04164153628563509,17
R1201P,R-occipital,975.0,0.055634736663326516,17
R1201P,R-occipital,1025.0,0.07036360052341131,17
R1201P,R-occipital,1075.0,0.027311201606164407,17
R1201P,R-occipital,1125.0,0.03447172282746972,17
R1201P,R-occipital,1175.0,0.0066594565918581435,17
R1201P,R-occipital,1225.0,0.006767264993623932,17
R1201P,R-occipital,1275.0,0.047784940567970974,17
R1201P,R-occipital,1325.0,-0.039420352173547696,17
R1201P,R-occipital,1375.0,0.06749316396097678,17
R1201P,R-occipital,1425.0,0.07230421441315753,17
R1201P,R-occipital,1475.0,0.0006806498728757901,17
R1201P,R-occipital,1525.0,0.026758132072819196,17
R1201P,R-occipital,1575.0,0.03547768384223016,17
R1201P,R-parietal,25.0,0.10534738998885156,31
R1201P,R-parietal,75.0,0.0625619891693894,31
R1201P,R-parietal,125.0,0.004062131950688518,31
R1201P,R-parietal,175.0,0.016009582686062382,31
R1201P,R-parietal,225.0,-0.014097627825906036,31
R1201P,R-parietal,275.0,0.004710054949882685,31
R1201P,R-parietal,325.0,0.05343666117000269,31
R1201P,R-parietal,375.0,0.01462965327650748,31
R1201P,R-parietal,425.0,-0.056940432040079626,31
R1201P,R-parietal,475.0,-0.008872279525972564,31
R1201P,R-parietal,525.0,-0.06716250602093017,31
R1201P,R-parietal,575.0,-0.01600647499731192,31
R1201P,R-parietal,625.0,-0.03827533354742404,31
R1201P,R-parietal,675.0,-0.035399768336053086,31
R1201P,R-parietal,725.0,-0.012155992563876852,31
R1201P,R-parietal,775.0,0.009278678810459915,31
R1201P,R-parietal,825.0,0.008457263906051313,31
R1201P,R-parietal,875.0,0.011443931305044642,31
R1201P,R-parietal,925.0,0.017196947025099746,31
R1201P,R-parietal,975.0,0.004011493992129747,31
R1201P,R-parietal,1025.0,0.024863516512788123,31
R1201P,R-parietal,1075.0,-0.007704447653928125,31
R1201P,R-parietal,1125.0,-0.02043284034984679,31
R1201P,R-parietal,1175.0,-0.011358724978527114,31
R1201P,R-parietal,1225.0,-0.04133249581763862,31
R1201P,R-parietal,1275.0,0.00533612991327462,31
R1201P,R-parietal,1325.0,-0.07883723422972456,31
R1201P,R-parietal,1375.0,0.014029760683623193,31
R1201P,R-parietal,1425.0,0.03314060337924769,31
R1201P,R-parietal,1475.0,-0.0014340516635525488,31
R1201P,R-parietal,1525.0,0.009068884514533809,31
R1201P,R-parietal,1575.0,0.005341832638536351,31
R1201P,R-temporal,25.0,0.04756740889307824,34
R1201P,R-temporal,75.0,0.007170766259433606,34
R1201P,R-temporal,125.0,-0.0256430626803576,34
R1201P,R-temporal,175.0,-0.005610007454188119,34
R1201P,R-temporal,225.0,-0.0024612560598968962,34
R1201P,R-temporal,275.0,-0.0198041789121643,34
R1201P,R-temporal,325.0,0.05214584553059289,34
R1201P,R-temporal,375.0,0.0012775628178381343,34
R1201P,R-temporal,425.0,-0.04627856871266805,34
R1201P,R-temporal,475.0,-0.01699100903419052,34
R1201P,R-temporal,525.0,-0.042830239574603655,34
R1201P,R-temporal,575.0,-0.00414770029071301,34
R1201P,R-temporal,625.0,0.013653918628064502,34
R1201P,R-temporal,675.0,-0.003307371660675236,34
R1201P,R-temporal,725.0,0.0062594394548574,34
R1201P,R-temporal,775.0,-0.0007734923604533701,34
R1201P,R-temporal,825.0,-0.006318248106968463,34
R1201P,R-temporal,875.0,0.027454825473827427,34
R1201P,R-temporal,925.0,0.020261759476175117,34
R1201P,R-temporal,975.0,0.026856400497440952,34
R1201P,R-temporal,1025.0,0.03133452570931867,34
R1201P,R-temporal,1075.0,-0.009772200692913995,34
R1201P,R-temporal,1125.0,-0.009674364960385654,34
R1201P,R-temporal,1175.0,-0.04374821879809097,34
R1201P,R-temporal,1225.0,-0.03759157542319195,34
R1201P,R-temporal,1275.0,-0.007381593032348038,34
R1201P,R-temporal,1325.0,-0.10143634234994872,34
R1201P,R-temporal,1375.0,0.014623316294813948,34
R1201P,R-temporal,1425.0,0.030285718188025695,34
R1201P,R-temporal,1475.0,-0.009563720599656381,34
R1201P,R-temporal,1525.0,0.0036352789956422406,34
R1201P,R-temporal,1575.0,0.025435913838039267,34
R1202M,R-frontal,25.0,-0.059119341047619206,18
R1202M,R-frontal,75.0,-0.07419252279027998,18
R1202M,R-frontal,125.0,-0.06539840118931678,18
R1202M,R-frontal,175.0,0.0634114166869128,18
R1202M,R-frontal,225.0,-0.03435002581251175,18
R1202M,R-frontal,275.0,-0.11906776309669222,18
R1202M,R-frontal,325.0,-0.14462034674341487,18
R1202M,R-frontal,375.0,-0.1549382972984524,18
R1202M,R-frontal,425.0,-0.12923108039104753,18
R1202M,R-frontal,475.0,-0.12638060522173947,18
R1202M,R-frontal,525.0,-0.09387315715288774,18
R1202M,R-frontal,575.0,-0.08044037844314741,18
R1202M,R-frontal,625.0,-0.04891773248975852,18
R1202M,R-frontal,675.0,-0.04470950962870922,18
R1202M,R-frontal,725.0,0.021087765566604695,18
R1202M,R-frontal,775.0,0.023899657800187685,18
R1202M,R-frontal,825.0,0.030603931433677137,18
R1202M,R-frontal,875.0,0.02485540907448091,18
R1202M,R-frontal,925.0,0.007658540075873521,18
R1202M,R-frontal,975.0,0.001976296185222721,18
R1202M,R-frontal,1025.0,0.02712456540748647,18
R1202M,R-frontal,1075.0,0.039205377082104365,18
R1202M,R-frontal,1125.0,0.03025295445014096,18
R1202M,R-frontal,1175.0,0.04740399325918566,18
R1202M,R-frontal,1225.0,0.035552332943272216,18
R1202M,R-frontal,1275.0,0.010725742590878285,18
R1202M,R-frontal,1325.0,0.0014346430541474294,18
R1202M,R-frontal,1375.0,-0.00392225807977855,18
R1202M,R-frontal,1425.0,0.04003231212307373,18
R1202M,R-frontal,1475.0,0.008442119629976912,18
R1202M,R-frontal,1525.0,-0.014170800697183315,18
R1202M,R-frontal,1575.0,0.014573081298894662,18
R1202M,R-occipital,25.0,0.024890334215009115,20
R1202M,R-occipital,75.0,0.05879364293890945,20
R1202M,R-occipital,125.0,0.3072882158917377,20
R1202M,R-occipital,175.0,0.08304755882473898,20
R1202M,R-occipital,225.0,0.19619422881188844,20
R1202M,R-occipital,275.0,0.1197858648272295,20
R1202M,R-occipital,325.0,0.1355735714819838,20
R1202M,R-occipital,375.0,0.18788181422717634,20
R1202M,R-occipital,425.0,0.16102437974331635,20
R1202M,R-occipital,475.0,0.1182756852339093,20
R1202M,R-occipital,525.0,0.14223562003669035,20
R1202M,R-occipital,575.0,0.15305012027628512,20
R1202M,R-occipital,625.0,0.12398010153234103,20
R1202M,R-occipital,675.0,0.09770853511406535,20
R1202M,R-occipital,725.0,0.12512262425136603,20
R1202M,R-occipital,775.0,0.13385131868427277,20
R1202M,R-occipital,825.0,0.14113650865671878,20
R1202M,R-occipital,875.0,0.19472237891924687,20
R1202M,R-occipital,925.0,0.15185853464215124,20
R1202M,R-occipital,975.0,0.1706515573519421,20
R1202M,R-occipital,1025.0,0.1670376600633789,20
R1202M,R-occipital,1075.0,0.16449107359598109,20
R1202M,R-occipital,1125.0,0.14506822847835907,20
R1202M,R-occipital,1175.0,0.15586375739704944,20
R1202M,R-occipital,1225.0,0.18129855925770516,20
R1202M,R-occipital,1275.0,0.14952758738708824,20
R1202M,R-occipital,1325.0,0.12170985768293072,20
R1202M,R-occipital,1375.0,0.13762896099109523,20
R1202M,R-occipital,1425.0,0.12390035102137595,20
R1202M,R-occipital,1475.0,0.10222531618930575,20
R1202M,R-occipital,1525.0,0.1021081739127444,20
R1202M,R-occipital,1575.0,0.09251675229864462,20
R1202M,R-parietal,25.0,-0.1686085484309293,6
R1202M,R-parietal,75.0,-0.1120251771154381,6
R1202M,R-parietal,125.0,-0.13292600627202367,6
R1202M,R-parietal,175.0,-0.20623701154335894,6
R1202M,R-parietal,225.0,-0.15874830593885403,6
R1202M,R-parietal,275.0,-0.13485424470700638,6
R1202M,R-parietal,325.0,-0.14946960924424213,6
R1202M,R-parietal,375.0,-0.12973436488998052,6
R1202M,R-parietal,425.0,-0.1358925254877079,6
R1202M,R-parietal,475.0,-0.1734662652696958,6
R1202M,R-parietal,525.0,-0.20098786114942904,6
R1202M,R-parietal,575.0,-0.2451029010738722,6
R1202M,R-parietal,625.0,-0.19716083957486374,6
R1202M,R-parietal,675.0,-0.17365347438961573,6
R1202M,R-parietal,725.0,-0.15951128332613052,6
R1202M,R-parietal,775.0,-0.15094539740035484,6
R1202M,R-parietal,825.0,-0.12815284475004932,6
R1202M,R-parietal,875.0,-0.10588587293444834,6
R1202M,R-parietal,925.0,-0.18995214119287385,6
R1202M,R-parietal,975.0,-0.1667247717061413,6
R1202M,R-parietal,1025.0,-0.20078040873866462,6
R1202M,R-parietal,1075.0,-0.2207841910772451,6
R1202M,R-parietal,1125.0,-0.15443444300593134,6
R1202M,R-parietal,1175.0,-0.05783805411464352,6
R1202M,R-parietal,1225.0,-0.08267033246742474,6
R1202M,R-parietal,1275.0,-0.1569126167538797,6
R1202M,R-parietal,1325.0,-0.12832853526890742,6
R1202M,R-parietal,1375.0,0.013162265454279877,6
R1202M,R-parietal,1425.0,0.1553808038742233,6
R1202M,R-parietal,1475.0,0.18377282344028126,6
R1202M,R-parietal,1525.0,-0.07487413053135682,6
R1202M,R-parietal,1575.0,0.15254976647425053,6
R1202M,R-temporal,25.0,0.030624675945082523,19
R1202M,R-temporal,75.0,0.0015314189267823808,19
R1202M,R-temporal,125.0,0.07764488172090989,19
R1202M,R-temporal,175.0,0.14044258929026437,19
R1202M,R-temporal,225.0,0.12401869960779832,19
R1202M,R-temporal,275.0,0.048104546013130814,19
R1202M,R-temporal,325.0,0.03016862650705848,19
R1202M,R-temporal,375.0,-0.003845683955135376,19
R1202M,R-temporal,425.0,-0.0019528111574534028,19
R1202M,R-temporal,475.0,-0.04102584029663747,19
R1202M,R-temporal,525.0,-0.026875496710133204,19
R1202M,R-temporal,575.0,-0.03635465209190861,19
R1202M,R-temporal,625.0,0.023866872706813605,19
R1202M,R-temporal,675.0,0.008654309760492342,19
R1202M,R-temporal,725.0,0.03544973220522358,19
R1202M,R-temporal,775.0,0.03814367565658533,19
R1202M,R-temporal,825.0,0.02323486366707392,19
R1202M,R-temporal,875.0,0.06159021121580042,19
R1202M,R-temporal,925.0,0.027779636524061926,19
R1202M,R-temporal,975.0,0.012622897902963875,19
R1202M,R-temporal,1025.0,0.009556315979792786,19
R1202M,R-temporal,1075.0,0.014497219774576645,19
R1202M,R-temporal,1125.0,0.034094622857207595,19
R1202M,R-temporal,1175.0,0.004758507220912036,19
R1202M,R-temporal,1225.0,0.01684878188872966,19
R1202M,R-temporal,1275.0,0.034883632280911646,19
R1202M,R-temporal,1325.0,-0.018090816145299313,19
R1202M,R-temporal,1375.0,0.050075023197196124,19
R1202M,R-temporal,1425.0,0.01426966521168778,19
R1202M,R-temporal,1475.0,-0.01926057570684325,19
R1202M,R-temporal,1525.0,-0.032580866516394726,19
R1202M,R-temporal,1575.0,-0.0018928937299948448,19
R1203T,L-parietal,25.0,0.10385875539142575,3
R1203T,L-parietal,75.0,0.036377272176856705,3
R1203T,L-parietal,125.0,0.03881069538743701,3
R1203T,L-parietal,175.0,0.1085391280103038,3
R1203T,L-parietal,225.0,-0.06525566548554372,3
R1203T,L-parietal,275.0,-0.04323834528030851,3
R1203T,L-parietal,325.0,0.02340234925984222,3
R1203T,L-parietal,375.0,0.038499841469701375,3
R1203T,L-parietal,425.0,-0.013035470822863738,3
R1203T,L-parietal,475.0,0.0494118130861956,3
R1203T,L-parietal,525.0,0.012049682704704934,3
R1203T,L-parietal,575.0,0.04397117713288659,3
R1203T,L-parietal,625.0,0.150459121170331,3
R1203T,L-parietal,675.0,0.058988368887018826,3
R1203T,L-parietal,725.0,0.06236460084169696,3
R1203T,L-parietal,775.0,-0.005850750875525649,3
R1203T,L-parietal,825.0,0.04161452746944919,3
R1203T,L-parietal,875.0,-0.014898931235158008,3
R1203T,L-parietal,925.0,0.1554497260552191,3
R1203T,L-parietal,975.0,0.09286723223322803,3
R1203T,L-parietal,1025.0,0.0627250683416687,3
R1203T,L-parietal,1075.0,0.07810385286157939,3
R1203T,L-parietal,1125.0,0.12435953022952366,3
R1203T,L-parietal,1175.0,0.0532643051471397,3
R1203T,L-parietal,1225.0,-0.012063533647316013,3
R1203T,L-parietal,1275.0,-0.022923323135746076,3
R1203T,L-parietal,1325.0,-0.07501583331605341,3
R1203T,L-parietal,1375.0,-0.016055045811870932,3
R1203T,L-parietal,1425.0,0.07268519406689726,3
R1203T,L-parietal,1475.0,0.029267696609721287,3
R1203T,L-parietal,1525.0,-0.026906570648043096,3
R1203T,L-parietal,1575.0,0.006413086585518985,3
R1203T,L-temporal,25.0,0.09574367066533779,21
R1203T,L-temporal,75.0,0.02134912844129693,21
R1203T,L-temporal,125.0,0.039437487072597366,21
R1203T,L-temporal,175.0,0.10226238852433649,21
R1203T,L-temporal,225.0,-0.05449729281923334,21
R1203T,L-temporal,275.0,-0.0382100573400339,21
R1203T,L-temporal,325.0,0.03228581420876637,21
R1203T,L-temporal,375.0,0.0453863745309904,21
R1203T,L-temporal,425.0,0.004972235406993086,21
R1203T,L-temporal,475.0,0.0305655556791564,21
R1203T,L-temporal,525.0,0.006168738842971285,21
R1203T,L-temporal,575.0,0.039378027787503246,21
R1203T,L-temporal,625.0,0.1338278745513651,21
R1203T,L-temporal,675.0,0.07224304507438743,21
R1203T,L-temporal,725.0,0.06192263044383014,21
R1203T,L-temporal,775.0,-0.008779088322318543,21
R1203T,L-temporal,825.0,0.047389266319399534,21
R1203T,L-temporal,875.0,-0.013560625550090324,21
R1203T,L-temporal,925.0,0.15876384844310842,21
R1203T,L-temporal,975.0,0.09398835116961501,21
R1203T,L-temporal,1025.0,0.061385005898648565,21
R1203T,L-temporal,1075.0,0.08823643642808503,21
R1203T,L-temporal,1125.0,0.11844656869858795,21
R1203T,L-temporal,1175.0,0.050601833983287235,21
R1203T,L-temporal,1225.0,-0.00726537542014775,21
R1203T,L-temporal,1275.0,-0.020073348731341374,21
R1203T,L-temporal,1325.0,-0.08867205213304698,21
R1203T,L-temporal,1375.0,-0.0010772801697418726,21
R1203T,L-temporal,1425.0,0.06844423536064081,21
R1203T,L-temporal,1475.0,0.03037768528125805,21
R1203T,L-temporal,1525.0,-0.038351135645125004,21
R1203T,L-temporal,1575.0,0.01080434637351582,21
R1203T,R-frontal,25.0,0.09774816650401766,8
R1203T,R-frontal,75.0,0.009925984427513017,8
R1203T,R-frontal,125.0,0.020222490706828924,8
R1203T,R-frontal,175.0,0.0963375019917197,8
R1203T,R-frontal,225.0,-0.04013356497467618,8
R1203T,R-frontal,275.0,-0.026731015466936965,8
R1203T,R-frontal,325.0,0.03715968554771403,8
R1203T,R-frontal,375.0,0.0210560584952712,8
R1203T,R-frontal,425.0,-0.026193810778803193,8
R1203T,R-frontal,475.0,0.01941633739711994,8
R1203T,R-frontal,525.0,-0.010702898199019437,8
R1203T,R-frontal,575.0,0.046461689020085,8
R1203T,R-frontal,625.0,0.11914890974981979,8
R1203T,R-frontal,675.0,0.08026222752035664,8
R1203T,R-frontal,725.0,0.05666507155032878,8
R1203T,R-frontal,775.0,-0.03368385537993718,8
R1203T,R-frontal,825.0,0.032410486587713325,8
R1203T,R-frontal,875.0,-0.014909010427006176,8
R1203T,R-frontal,925.0,0.1398560783471407,8
R1203T,R-frontal,975.0,0.064339654420494,8
R1203T,R-frontal,1025.0,0.04716053297198256,8
R1203T,R-frontal,1075.0,0.0648752731048545,8
R1203T,R-frontal,1125.0,0.0967417256834392,8
R1203T,R-frontal,1175.0,0.027303528382048577,8
R1203T,R-frontal,1225.0,-0.02284406018894848,8
R1203T,R-frontal,1275.0,-0.04395005466217445,8
R1203T,R-frontal,1325.0,-0.0909769199399867,8
R1203T,R-frontal,1375.0,-0.0023133055892385094,8
R1203T,R-frontal,1425.0,0.0659974231457987,8
R1203T,R-frontal,1475.0,0.03541591884700867,8
R1203T,R-frontal,1525.0,-0.03020813701552236,8
R1203T,R-frontal,1575.0,0.01242290830203405,8
R1203T,R-parietal,25.0,0.08811237789613634,8
R1203T,R-parietal,75.0,0.031552547673294656,8
R1203T,R-parietal,125.0,0.03965180194903938,8
R1203T,R-parietal,175.0,0.11319761282818536,8
R1203T,R-parietal,225.0,-0.0063104479106887565,8
R1203T,R-parietal,275.0,0.02440695963254306,8
R1203T,R-parietal,325.0,0.0806764597380094,8
R1203T,R-parietal,375.0,0.06324185377086551,8
R1203T,R-parietal,425.0,0.04467236097255846,8
R1203T,R-parietal,475.0,0.06764790238896855,8
R1203T,R-parietal,525.0,-0.0007413265455965464,8
R1203T,R-parietal,575.0,0.0412124197663742,8
R1203T,R-parietal,625.0,0.12499065481721436,8
R1203T,R-parietal,675.0,0.07218192564690744,8
R1203T,R-parietal,725.0,0.05014113517869007,8
R1203T,R-parietal,775.0,-0.03153624850045951,8
R1203T,R-parietal,825.0,0.03229309643977926,8
R1203T,R-parietal,875.0,-0.03312442451828667,8
R1203T,R-parietal,925.0,0.14978526533606196,8
R1203T,R-parietal,975.0,0.06534364178344812,8
R1203T,R-parietal,1025.0,0.0549582150070279,8
R1203T,R-parietal,1075.0,0.07168101586599482,8
R1203T,R-parietal,1125.0,0.11449788464319567,8
R1203T,R-parietal,1175.0,0.023724701132173537,8
R1203T,R-parietal,1225.0,-0.0023503363887052825,8
R1203T,R-parietal,1275.0,-0.027825934543230162,8
R1203T,R-parietal,1325.0,-0.1025980382820833,8
R1203T,R-parietal,1375.0,-0.01708526206107341,8
R1203T,R-parietal,1425.0,0.04377219581248498,8
R1203T,R-parietal,1475.0,0.026478832461086392,8
R1203T,R-parietal,1525.0,-0.04963186381314162,8
R1203T,R-parietal,1575.0,0.010165369004537144,8
R1203T,R-temporal,25.0,0.11197918178546044,12
R1203T,R-temporal,75.0,0.03331645646933341,12
R1203T,R-temporal,125.0,0.027258131354158773,12
R1203T,R-temporal,175.0,0.10112154451778987,12
R1203T,R-temporal,225.0,-0.046981154337126435,12
R1203T,R-temporal,275.0,-0.02772566922080677,12
R1203T,R-temporal,325.0,0.042203287563183416,12
R1203T,R-temporal,375.0,0.062072353248111604,12
R1203T,R-temporal,425.0,0.009262042530297235,12
R1203T,R-temporal,475.0,0.04405595253680016,12
R1203T,R-temporal,525.0,-0.012294721296039516,12
R1203T,R-temporal,575.0,0.0614369210550369,12
R1203T,R-temporal,625.0,0.13750689373294178,12
R1203T,R-temporal,675.0,0.06356653590688083,12
R1203T,R-temporal,725.0,0.05807793004646824,12
R1203T,R-temporal,775.0,-0.013862251559326653,12
R1203T,R-temporal,825.0,0.03212262355819136,12
R1203T,R-temporal,875.0,-0.014443583664064728,12
R1203T,R-temporal,925.0,0.16600246120596945,12
R1203T,R-temporal,975.0,0.08682411236977405,12
R1203T,R-temporal,1025.0,0.06175541797013546,12
R1203T,R-temporal,1075.0,0.09605004477890533,12
R1203T,R-temporal,1125.0,0.12376789554399026,12
R1203T,R-temporal,1175.0,0.045303625658607266,12
R1203T,R-temporal,1225.0,-0.0017807706490359908,12
R1203T,R-temporal,1275.0,-0.02025976795744399,12
R1203T,R-temporal,1325.0,-0.10330746084500873,12
R1203T,R-temporal,1375.0,-0.0011988237227510386,12
R1203T,R-temporal,1425.0,0.05754732690226355,12
R1203T,R-temporal,1475.0,0.03208741397832815,12
R1203T,R-temporal,1525.0,-0.03799981066524371,12
R1203T,R-temporal,1575.0,0.013007217370539231,12
R1204T,L-frontal,25.0,-0.14088729517686482,13
R1204T,L-frontal,75.0,-0.027731733504670533,13
R1204T,L-frontal,125.0,0.01057096692319955,13
R1204T,L-frontal,175.0,-0.02014274993177413,13
R1204T,L-frontal,225.0,0.09081183091096717,13
R1204T,L-frontal,275.0,0.061339200423714116,13
R1204T,L-frontal,325.0,-0.033693597925179064,13
R1204T,L-frontal,375.0,0.0074971397585635825,13
R1204T,L-frontal,425.0,-0.06474669696754168,13
R1204T,L-frontal,475.0,-0.02317906575031418,13
R1204T,L-frontal,525.0,-0.06393772711871176,13
R1204T,L-frontal,575.0,-0.027877020655261008,13
R1204T,L-frontal,625.0,-0.10092348897834826,13
R1204T,L-frontal,675.0,-0.12368318644848221,13
R1204T,L-frontal,725.0,-0.087712411492451,13
R1204T,L-frontal,775.0,0.02544542425802892,13
R1204T,L-frontal,825.0,-0.01837607593240276,13
R1204T,L-frontal,875.0,-0.08867357849429683,13
R1204T,L-frontal,925.0,-0.16336439773635958,13
R1204T,L-frontal,975.0,-0.08579889975211706,13
R1204T,L-frontal,1025.0,-0.17337352239867404,13
R1204T,L-frontal,1075.0,-0.07010349961601726,13
R1204T,L-frontal,1125.0,-0.08746054117365398,13
R1204T,L-frontal,1175.0,-0.0016285498414271666,13
R1204T,L-frontal,1225.0,0.015181427112694278,13
R1204T,L-frontal,1275.0,0.052845691907255486,13
R1204T,L-frontal,1325.0,-0.05915987704954129,13
R1204T,L-frontal,1375.0,-0.040155376263466484,13
R1204T,L-frontal,1425.0,0.1536049233650363,13
R1204T,L-frontal,1475.0,0.1321588311140306,13
R1204T,L-frontal,1525.0,0.019247810917342293,13
R1204T,L-frontal,1575.0,-0.1362750482626568,13
R1204T,L-parietal,25.0,-0.10747288289037091,8
R1204T,L-parietal,75.0,-0.018779186936716128,8
R1204T,L-parietal,125.0,0.05613513190049098,8
R1204T,L-parietal,175.0,-0.018409351978994935,8
R1204T,L-parietal,225.0,0.09479175602451209,8
R1204T,L-parietal,275.0,0.0641932501733631,8
R1204T,L-parietal,325.0,-0.010163537952839329,8
R1204T,L-parietal,375.0,0.00533191822663643,8
R1204T,L-parietal,425.0,-0.05453063179415994,8
R1204T,L-parietal,475.0,-0.03154391996893487,8
R1204T,L-parietal,525.0,-0.06875888476493319,8
R1204T,L-parietal,575.0,0.013169663206963401,8
R1204T,L-parietal,625.0,-0.08205814884035287,8
R1204T,L-parietal,675.0,-0.12863462408379872,8
R1204T,L-parietal,725.0,-0.04928954565383286,8
R1204T,L-parietal,775.0,0.0087814863294027,8
R1204T,L-parietal,825.0,0.015289524487635953,8
R1204T,L-parietal,875.0,-0.089692293358637,8
R1204T,L-parietal,925.0,-0.14471238923168064,8
R1204T,L-parietal,975.0,-0.05217227408024003,8
R1204T,L-parietal,1025.0,-0.13186365499517003,8
R1204T,L-parietal,1075.0,-0.04135917848079413,8
R1204T,L-parietal,1125.0,-0.03527800576013843,8
R1204T,L-parietal,1175.0,0.03466810158243993,8
R1204T,L-parietal,1225.0,0.0618080686770357,8
R1204T,L-parietal,1275.0,0.056923278307635494,8
R1204T,L-parietal,1325.0,-0.0701840983557864,8
R1204T,L-parietal,1375.0,-0.02854148207371209,8
R1204T,L-parietal,1425.0,0.15940523071399812,8
R1204T,L-parietal,1475.0,0.14719662793306784,8
R1204T,L-parietal,1525.0,0.02442813366639924,8
R1204T,L-parietal,1575.0,-0.13460874499860903,8
R1204T,L-temporal,25.0,-0.14136276284759364,10
R1204T,L-temporal,75.0,-0.046033185461266495,10
R1204T,L-temporal,125.0,0.03116803454601666,10
R1204T,L-temporal,175.0,-0.032181070841873924,10
R1204T,L-temporal,225.0,0.06865784457463263,10
R1204T,L-temporal,275.0,0.04367117647784832,10
R1204T,L-temporal,325.0,-0.028483925244889997,10
R1204T,L-temporal,375.0,0.017255108577092716,10
R1204T,L-temporal,425.0,-0.05793339626673501,10
R1204T,L-temporal,475.0,-0.028062527699974322,10
R1204T,L-temporal,525.0,-0.06838639410537109,10
R1204T,L-temporal,575.0,0.01235426316851186,10
R1204T,L-temporal,625.0,-0.09291166947114682,10
R1204T,L-temporal,675.0,-0.13473384287437862,10
R1204T,L-temporal,725.0,-0.0723592560529999,10
R1204T,L-temporal,775.0,0.0008791678853385949,10
R1204T,L-temporal,825.0,0.0029988486723076017,10
R1204T,L-temporal,875.0,-0.07797597573204261,10
R1204T,L-temporal,925.0,-0.12366026018373769,10
R1204T,L-temporal,975.0,-0.04952104511710925,10
R1204T,L-temporal,1025.0,-0.14515778360032344,10
R1204T,L-temporal,1075.0,-0.06665557960784879,10
R1204T,L-temporal,1125.0,-0.07879160042754488,10
R1204T,L-temporal,1175.0,0.016664375096122012,10
R1204T,L-temporal,1225.0,0.054509616707005104,10
R1204T,L-temporal,1275.0,0.014475785925161539,10
R1204T,L-temporal,1325.0,-0.07452972816910834,10
R1204T,L-temporal,1375.0,-0.0243707327577053,10
R1204T,L-temporal,1425.0,0.15995281171493292,10
R1204T,L-temporal,1475.0,0.13849244509061515,10
R1204T,L-temporal,1525.0,0.02457209282263397,10
R1204T,L-temporal,1575.0,-0.10591540377137414,10
R1204T,R-frontal,25.0,-0.1261414703605334,12
R1204T,R-frontal,75.0,-0.005034424036479842,12
R1204T,R-frontal,125.0,0.012259502043974762,12
R1204T,R-frontal,175.0,-0.034489434825696705,12
R1204T,R-frontal,225.0,0.08202170492302416,12
R1204T,R-frontal,275.0,0.057549237272050725,12
R1204T,R-frontal,325.0,-0.021588992536244623,12
R1204T,R-frontal,375.0,-0.02248952557202902,12
R1204T,R-frontal,425.0,-0.0552887991079283,12
R1204T,R-frontal,475.0,-0.025529883182062053,12
R1204T,R-frontal,525.0,-0.06947835591677362,12
R1204T,R-frontal,575.0,-0.02423576599932924,12
R1204T,R-frontal,625.0,-0.09581902610478786,12
R1204T,R-frontal,675.0,-0.1291529540128244,12
R1204T,R-frontal,725.0,-0.07301130083251747,12
R1204T,R-frontal,775.0,-0.011608700297089049,12
R1204T,R-frontal,825.0,0.00722134991347092,12
R1204T,R-frontal,875.0,-0.0821641680401816,12
R1204T,R-frontal,925.0,-0.14817918282530598,12
R1204T,R-frontal,975.0,-0.06318946953377665,12
R1204T,R-frontal,1025.0,-0.15266980098943791,12
R1204T,R-frontal,1075.0,-0.056193956177148174,12
R1204T,R-frontal,1125.0,-0.049235341752001616,12
R1204T,R-frontal,1175.0,0.0071796635360812655,12
R1204T,R-frontal,1225.0,0.050069112464358245,12
R1204T,R-frontal,1275.0,0.0464239747450366,12
R1204T,R-frontal,1325.0,-0.05799658196003122,12
R1204T,R-frontal,1375.0,-0.034183858889287745,12
R1204T,R-frontal,1425.0,0.15511361896149714,12
R1204T,R-frontal,1475.0,0.1283709649185284,12
R1204T,R-frontal,1525.0,0.020610148733130672,12
R1204T,R-frontal,1575.0,-0.1525788076897781,12
R1204T,R-temporal,25.0,-0.1228933926204181,8
R1204T,R-temporal,75.0,-0.02272167032108477,8
R1204T,R-temporal,125.0,0.02979849665590687,8
R1204T,R-temporal,175.0,-0.04453218788709184,8
R1204T,R-temporal,225.0,0.07934996888410553,8
R1204T,R-temporal,275.0,0.06765322336282653,8
R1204T,R-temporal,325.0,-0.008475057516527456,8
R1204T,R-temporal,375.0,0.007978330359351218,8
R1204T,R-temporal,425.0,-0.04772364657504624,8
R1204T,R-temporal,475.0,-0.019895355764493566,8
R1204T,R-temporal,525.0,-0.057940942671802366,8
R1204T,R-temporal,575.0,0.0065265145043106685,8
R1204T,R-temporal,625.0,-0.08142411045190709,8
R1204T,R-temporal,675.0,-0.10960487115839745,8
R1204T,R-temporal,725.0,-0.056483422699151214,8
R1204T,R-temporal,775.0,0.01929658325518116,8
R1204T,R-temporal,825.0,-0.008106510490283861,8
R1204T,R-temporal,875.0,-0.0856130400853137,8
R1204T,R-temporal,925.0,-0.1218984090160415,8
R1204T,R-temporal,975.0,-0.03535277216121137,8
R1204T,R-temporal,1025.0,-0.13481160259063063,8
R1204T,R-temporal,1075.0,-0.05838579105999023,8
R1204T,R-temporal,1125.0,-0.0496742184438717,8
R1204T,R-temporal,1175.0,0.022111566320736055,8
R1204T,R-temporal,1225.0,0.055580985577759395,8
R1204T,R-temporal,1275.0,0.06329023788184286,8
R1204T,R-temporal,1325.0,-0.05808582793444894,8
R1204T,R-temporal,1375.0,-0.0021499899622530946,8
R1204T,R-temporal,1425.0,0.15308374546810447,8
R1204T,R-temporal,1475.0,0.13857576239958191,8
R1204T,R-temporal,1525.0,0.03407727484682185,8
R1204T,R-temporal,1575.0,-0.1145874992987748,8
R1212P,R-frontal,25.0,-0.06154901856623388,60
R1212P,R-frontal,75.0,0.0558306206309348,60
R1212P,R-frontal,125.0,0.2163720905400401,60
R1212P,R-frontal,175.0,0.1324732600205282,60
R1212P,R-frontal,225.0,0.09571060379817292,60
R1212P,R-frontal,275.0,0.06002508245344195,60
R1212P,R-frontal,325.0,0.031888581373797235,60
R1212P,R-frontal,375.0,0.08976468147800125,60
R1212P,R-frontal,425.0,0.02408510758062053,60
R1212P,R-frontal,475.0,0.08141637890590868,60
R1212P,R-frontal,525.0,0.07322364194724988,60
R1212P,R-frontal,575.0,0.09151371186506733,60
R1212P,R-frontal,625.0,0.030614230584124057,60
R1212P,R-frontal,675.0,-0.04112737841612049,60
R1212P,R-frontal,725.0,-0.03639668729959395,60
R1212P,R-frontal,775.0,-0.017511162221514567,60
R1212P,R-frontal,825.0,0.010562139115207774,60
R1212P,R-frontal,875.0,0.04610368598988509,60
R1212P,R-frontal,925.0,0.037732490823790446,60
R1212P,R-frontal,975.0,-0.04253122953704789,60
R1212P,R-frontal,1025.0,0.014583361346708375,60
R1212P,R-frontal,1075.0,0.050507551948724076,60
R1212P,R-frontal,1125.0,0.08354572897558786,60
R1212P,R-frontal,1175.0,0.030181210283054826,60
R1212P,R-frontal,1225.0,0.08105712953052482,60
R1212P,R-frontal,1275.0,0.06717692143135347,60
R1212P,R-frontal,1325.0,0.1305469856703602,60
R1212P,R-frontal,1375.0,0.08216931641139841,60
R1212P,R-frontal,1425.0,0.07316799732785283,60
R1212P,R-frontal,1475.0,0.041696958357571194,60
R1212P,R-frontal,1525.0,0.050562855437153366,60
R1212P,R-frontal,1575.0,-0.033192926885218854,60
R1212P,R-parietal,25.0,-0.07967982147509813,17
R1212P,R-parietal,75.0,0.07403152811138018,17
R1212P,R-parietal,125.0,0.2509207389241535,17
R1212P,R-parietal,175.0,0.1614613475085381,17
R1212P,R-parietal,225.0,0.11845216459347908,17
R1212P,R-parietal,275.0,0.07367653406534196,17
R1212P,R-parietal,325.0,0.06167610270876227,17
R1212P,R-parietal,375.0,0.10946336155620584,17
R1212P,R-parietal,425.0,0.052123584590708635,17
R1212P,R-parietal,475.0,0.09542673301724625,17
R1212P,R-parietal,525.0,0.10438228839095023,17
R1212P,R-parietal,575.0,0.10545887345561174,17
R1212P,R-parietal,625.0,0.024022218076429052,17
R1212P,R-parietal,675.0,-0.021089116638118494,17
R1212P,R-parietal,725.0,-0.033692831805309895,17
R1212P,R-parietal,775.0,-0.02261451301400012,17
R1212P,R-parietal,825.0,0.015554286073339278,17
R1212P,R-parietal,875.0,0.05687197627274454,17
R1212P,R-parietal,925.0,0.04933060770776493,17
R1212P,R-parietal,975.0,-0.05615233545150431,17
R1212P,R-parietal,1025.0,0.016641755448206078,17
R1212P,R-parietal,1075.0,0.05369138412882831,17
R1212P,R-parietal,1125.0,0.07470748513011523,17
R1212P,R-parietal,1175.0,0.02585096781054211,17
R1212P,R-parietal,1225.0,0.08699041942659498,17
R1212P,R-parietal,1275.0,0.06908157050790974,17
R1212P,R-parietal,1325.0,0.13182496774307095,17
R1212P,R-parietal,1375.0,0.08344843661051135,17
R1212P,R-parietal,1425.0,0.08558240840169144,17
R1212P,R-parietal,1475.0,0.048632050355874853,17
R1212P,R-parietal,1525.0,0.04238150186702731,17
R1212P,R-parietal,1575.0,-0.02360600920203588,17
R1212P,R-temporal,25.0,-0.07486875139290805,16
R1212P,R-temporal,75.0,0.0237168398578398,16
R1212P,R-temporal,125.0,0.14572264956736503,16
R1212P,R-temporal,175.0,0.056586887814352366,16
R1212P,R-temporal,225.0,0.022654175550671663,16
R1212P,R-temporal,275.0,-0.027303178900087533,16
R1212P,R-temporal,325.0,-0.044647843185719904,16
R1212P,R-temporal,375.0,0.023135385376866942,16
R1212P,R-temporal,425.0,-0.05303578696222904,16
R1212P,R-temporal,475.0,0.03434616527080045,16
R1212P,R-temporal,525.0,0.04757344463070354,16
R1212P,R-temporal,575.0,0.07007205443380869,16
R1212P,R-temporal,625.0,-0.00269975061722927,16
R1212P,R-temporal,675.0,-0.05903864259223488,16
R1212P,R-temporal,725.0,-0.06258153371581457,16
R1212P,R-temporal,775.0,-0.051419002910584294,16
R1212P,R-temporal,825.0,-0.029880065501175578,16
R1212P,R-temporal,875.0,0.016852830251109657,16
R1212P,R-temporal,925.0,0.013080335207952862,16
R1212P,R-temporal,975.0,-0.07641391653053034,16
R1212P,R-temporal,1025.0,-0.004202039288045391,16
R1212P,R-temporal,1075.0,0.02100804818976933,16
R1212P,R-temporal,1125.0,0.057099430006221225,16
R1212P,R-temporal,1175.0,0.0010992750484038584,16
R1212P,R-temporal,1225.0,0.06632377958081653,16
R1212P,R-temporal,1275.0,0.0350873555266839,16
R1212P,R-temporal,1325.0,0.12051842183997909,16
R1212P,R-temporal,1375.0,0.06434929332430933,16
R1212P,R-temporal,1425.0,0.04737689845924034,16
R1212P,R-temporal,1475.0,0.018368360998833627,16
R1212P,R-temporal,1525.0,0.028565056641608907,16
R1212P,R-temporal,1575.0,-0.06764162277873013,16
R1215M,L-frontal,25.0,-0.012257643750486436,16
R1215M,L-frontal,75.0,-0.036074365157276696,16
R1215M,L-frontal,125.0,-0.0375559609865524,16
R1215M,L-frontal,175.0,-0.003186910914735138,16
R1215M,L-frontal,225.0,0.013881492807662819,16
R1215M,L-frontal,275.0,0.005451724112186021,16
R1215M,L-frontal,325.0,0.006198510913937808,16
R1215M,L-frontal,375.0,0.02224895074023032,16
R1215M,L-frontal,425.0,-0.03840315588089019,16
R1215M,L-frontal,475.0,-0.051290407834448326,16
R1215M,L-frontal,525.0,-0.03889082064838455,16
R1215M,L-frontal,575.0,-0.014280787754392538,16
R1215M,L-frontal,625.0,0.0008322970604010133,16
R1215M,L-frontal,675.0,0.020666391613741775,16
R1215M,L-frontal,725.0,0.055741476894568195,16
R1215M,L-frontal,775.0,0.04705857204615911,16
R1215M,L-frontal,825.0,0.05477801156965205,16
R1215M,L-frontal,875.0,0.02945886429503648,16
R1215M,L-frontal,925.0,0.03242217926909319,16
R1215M,L-frontal,975.0,0.040220846573600796,16
R1215M,L-frontal,1025.0,0.021234747050502545,16
R1215M,L-frontal,1075.0,0.02271810146839484,16
R1215M,L-frontal,1125.0,0.031957202549037965,16
R1215M,L-frontal,1175.0,0.029469960545610227,16
R1215M,L-frontal,1225.0,0.04650181387225683,16
R1215M,L-frontal,1275.0,0.03738551676104212,16
R1215M,L-frontal,1325.0,0.037224069534665,16
R1215M,L-frontal,1375.0,0.03315166006853554,16
R1215M,L-frontal,1425.0,0.017797241638145184,16
R1215M,L-frontal,1475.0,0.056228962529230535,16
R1215M,L-frontal,1525.0,0.02114319890686018,16
R1215M,L-frontal,1575.0,0.054966208587886714,16
R1215M,L-occipital,25.0,0.019117176180785237,3
R1215M,L-occipital,75.0,-0.12102497708054864,3
R1215M,L-occipital,125.0,0.08643068075285047,3
R1215M,L-occipital,175.0,0.06591615516057997,3
R1215M,L-occipital,225.0,0.06397365604243661,3
R1215M,L-occipital,275.0,0.16043296254254472,3
R1215M,L-occipital,325.0,0.12476291835641203,3
R1215M,L-occipital,375.0,0.13806212946287705,3
R1215M,L-occipital,425.0,0.10856478196342069,3
R1215M,L-occipital,475.0,0.014252168421166495,3
R1215M,L-occipital,525.0,0.08607316310441436,3
R1215M,L-occipital,575.0,0.1435569584520664,3
R1215M,L-occipital,625.0,0.09015968907207172,3
R1215M,L-occipital,675.0,0.09599978713222006,3
R1215M,L-occipital,725.0,0.09428464532893832,3
R1215M,L-occipital,775.0,0.0715357383508124,3
R1215M,L-occipital,825.0,0.11558820126907993,3
R1215M,L-occipital,875.0,0.09111459717372483,3
R1215M,L-occipital,925.0,0.06896639731857908,3
R1215M,L-occipital,975.0,0.09627509545080222,3
R1215M,L-occipital,1025.0,0.08437755549588254,3
R1215M,L-occipital,1075.0,0.043904175146577594,3
R1215M,L-occipital,1125.0,0.06304309613787012,3
R1215M,L-occipital,1175.0,0.049170681870313426,3
R1215M,L-occipital,1225.0,0.061728875646729055,3
R1215M,L-occipital,1275.0,0.06834883494740375,3
R1215M,L-occipital,1325.0,0.057475594160818044,3
R1215M,L-occipital,1375.0,0.07764497443290481,3
R1215M,L-occipital,1425.0,-0.015590620312219838,3
R1215M,L-occipital,1475.0,0.037366673423842,3
R1215M,L-occipital,1525.0,-0.03539294594969168,3
R1215M,L-occipital,1575.0,0.02999044947420885,3
R1215M,L-temporal,25.0,0.0024219969496785637,29
R1215M,L-temporal,75.0,0.006963258623174109,29
R1215M,L-temporal,125.0,-0.00398431404781775,29
R1215M,L-temporal,175.0,0.04488427821200523,29
R1215M,L-temporal,225.0,0.024730846272204135,29
R1215M,L-temporal,275.0,0.04173480962232115,29
R1215M,L-temporal,325.0,0.009202747060834226,29
R1215M,L-temporal,375.0,0.02858670416819149,29
R1215M,L-temporal,425.0,0.016162195415626922,29
R1215M,L-temporal,475.0,0.012648378481686448,29
R1215M,L-temporal,525.0,-0.0015749847448899405,29
R1215M,L-temporal,575.0,0.020945227122795583,29
R1215M,L-temporal,625.0,0.033481414471328415,29
R1215M,L-temporal,675.0,0.006640882244818277,29
R1215M,L-temporal,725.0,0.027658282884748208,29
R1215M,L-temporal,775.0,0.030377905290231808,29
R1215M,L-temporal,825.0,0.010169454150539697,29
R1215M,L-temporal,875.0,0.02406276753559012,29
R1215M,L-temporal,925.0,0.009689327396778328,29
R1215M,L-temporal,975.0,0.025603068605190384,29
R1215M,L-temporal,1025.0,0.0024680826551745673,29
R1215M,L-temporal,1075.0,0.01821186181593944,29
R1215M,L-temporal,1125.0,-0.009757703462771479,29
R1215M,L-temporal,1175.0,-0.004681824628261281,29
R1215M,L-temporal,1225.0,0.010500392742525589,29
R1215M,L-temporal,1275.0,0.012296162937491239,29
R1215M,L-temporal,1325.0,0.007604556219725232,29
R1215M,L-temporal,1375.0,0.006936833097280491,29
R1215M,L-temporal,1425.0,-0.0005654269431392355,29
R1215M,L-temporal,1475.0,-0.004329538013226149,29
R1215M,L-temporal,1525.0,-0.009437848751383147,29
R1215M,L-temporal,1575.0,-0.047466376014643076,29
R1216E,L-frontal,25.0,0.031178644975907745,13
R1216E,L-frontal,75.0,-0.03783235092042317,13
R1216E,L-frontal,125.0,0.013800878573761964,13
R1216E,L-frontal,175.0,-0.013102553274011858,13
R1216E,L-frontal,225.0,-0.03369677979499039,13
R1216E,L-frontal,275.0,0.030135495389823116,13
R1216E,L-frontal,325.0,0.023704346289917057,13
R1216E,L-frontal,375.0,0.03786182278227471,13
R1216E,L-frontal,425.0,-0.027977250884824216,13
R1216E,L-frontal,475.0,0.09118585034671971,13
R1216E,L-frontal,525.0,0.02880548664444147,13
R1216E,L-frontal,575.0,0.07578294671294512,13
R1216E,L-frontal,625.0,0.024814644567263976,13
R1216E,L-frontal,675.0,0.10224460818623027,13
R1216E,L-frontal,725.0,0.053641886468081657,13
R1216E,L-frontal,775.0,0.07038428057995337,13
R1216E,L-frontal,825.0,0.03289937480611175,13
R1216E,L-frontal,875.0,0.08448234633855406,13
R1216E,L-frontal,925.0,0.09918870734101312,13
R1216E,L-frontal,975.0,0.04094273963742639,13
R1216E,L-frontal,1025.0,0.023776614276355683,13
R1216E,L-frontal,1075.0,0.055166053136763364,13
R1216E,L-frontal,1125.0,0.01633599241899484,13
R1216E,L-frontal,1175.0,0.08994243362120241,13
R1216E,L-frontal,1225.0,-0.002038319306678651,13
R1216E,L-frontal,1275.0,-0.0036579477361478163,13
R1216E,L-frontal,1325.0,0.05651494525081105,13
R1216E,L-frontal,1375.0,0.09977284532675738,13
R1216E,L-frontal,1425.0,0.020166504803051686,13
R1216E,L-frontal,1475.0,-0.04023809415554479,13
R1216E,L-frontal,1525.0,-0.0115213496699915,13
R1216E,L-frontal,1575.0,-0.008153732139923271,13
R1216E,L-parietal,25.0,-0.05952762360676628,5
R1216E,L-parietal,75.0,-0.046114745228150636,5
R1216E,L-parietal,125.0,0.010726775276717471,5
R1216E,L-parietal,175.0,-0.02990561208871943,5
R1216E,L-parietal,225.0,-0.09342277381721717,5
R1216E,L-parietal,275.0,-0.1075470956854802,5
R1216E,L-parietal,325.0,-0.050073085199099074,5
R1216E,L-parietal,375.0,-0.10802536397625144,5
R1216E,L-parietal,425.0,-0.10401932970739787,5
R1216E,L-parietal,475.0,-0.09699489164182509,5
R1216E,L-parietal,525.0,-0.08282309540536935,5
R1216E,L-parietal,575.0,-0.09415611100930629,5
R1216E,L-parietal,625.0,-0.13127037238890785,5
R1216E,L-parietal,675.0,-0.0393959486288471,5
R1216E,L-parietal,725.0,-0.117752575572167,5
R1216E,L-parietal,775.0,-0.05296501135754435,5
R1216E,L-parietal,825.0,-0.04993764457074234,5
R1216E,L-parietal,875.0,-0.026040088693886222,5
R1216E,L-parietal,925.0,0.07820016109485957,5
R1216E,L-parietal,975.0,0.002933303055362678,5
R1216E,L-parietal,1025.0,-0.02070474846805419,5
R1216E,L-parietal,1075.0,0.02126244125200097,5
R1216E,L-parietal,1125.0,-0.023318306645709136,5
R1216E,L-parietal,1175.0,0.03258076249287842,5
R1216E,L-parietal,1225.0,-0.04007205510092796,5
R1216E,L-parietal,1275.0,-0.02988021321159781,5
R1216E,L-parietal,1325.0,0.00740272906237475,5
R1216E,L-parietal,1375.0,0.06739933338831532,5
R1216E,L-parietal,1425.0,-0.03890910077753693,5
R1216E,L-parietal,1475.0,-0.03389300581591211,5
R1216E,L-parietal,1525.0,0.0036460809489793273,5
R1216E,L-parietal,1575.0,0.0021610844242931125,5
R1216E,L-temporal,25.0,0.069227069989746,6
R1216E,L-temporal,75.0,-0.02664418963674731,6
R1216E,L-temporal,125.0,0.011546520532802874,6
R1216E,L-temporal,175.0,-0.031102796128271725,6
R1216E,L-temporal,225.0,-0.03411910202585982,6
R1216E,L-temporal,275.0,0.0762765107007376,6
R1216E,L-temporal,325.0,0.021902264934554858,6
R1216E,L-temporal,375.0,0.016045804776244076,6
R1216E,L-temporal,425.0,-0.03143392216647503,6
R1216E,L-temporal,475.0,0.03532277376787129,6
R1216E,L-temporal,525.0,0.02871014367330978,6
R1216E,L-temporal,575.0,0.06159793534256366,6
R1216E,L-temporal,625.0,-0.028509387160853286,6
R1216E,L-temporal,675.0,0.14693189976902357,6
R1216E,L-temporal,725.0,0.005073205901944604,6
R1216E,L-temporal,775.0,0.03911363606226221,6
R1216E,L-temporal,825.0,0.05518210227191036,6
R1216E,L-temporal,875.0,0.1094841757920298,6
R1216E,L-temporal,925.0,0.09657712075158968,6
R1216E,L-temporal,975.0,0.07085174212227481,6
R1216E,L-temporal,1025.0,-0.0032367946356410236,6
R1216E,L-temporal,1075.0,0.025058794608616933,6
R1216E,L-temporal,1125.0,0.02415081567664197,6
R1216E,L-temporal,1175.0,0.0960405776242796,6
R1216E,L-temporal,1225.0,0.007975541692984785,6
R1216E,L-temporal,1275.0,-9.560993271805901e-05,6
R1216E,L-temporal,1325.0,0.052858882160888666,6
R1216E,L-temporal,1375.0,0.08738025941429721,6
R1216E,L-temporal,1425.0,-0.01714817408306621,6
R1216E,L-temporal,1475.0,-0.0766698166455222,6
R1216E,L-temporal,1525.0,-0.025750474053424035,6
R1216E,L-temporal,1575.0,-0.05547438276866018,6
R1217T,L-frontal,25.0,0.03848012964614718,9
R1217T,L-frontal,75.0,0.02991344125802331,9
R1217T,L-frontal,125.0,-0.03533432071782009,9
R1217T,L-frontal,175.0,-0.052718152874308616,9
R1217T,L-frontal,225.0,-0.009972176443648204,9
R1217T,L-frontal,275.0,0.02737670750037223,9
R1217T,L-frontal,325.0,0.0034458154315507653,9
R1217T,L-frontal,375.0,-0.04247195401517267,9
R1217T,L-frontal,425.0,-0.08101840579486921,9
R1217T,L-frontal,475.0,-0.05707614420557557,9
R1217T,L-frontal,525.0,-0.0657934709934901,9
R1217T,L-frontal,575.0,-0.021861942198987048,9
R1217T,L-frontal,625.0,-0.0014961783262126167,9
R1217T,L-frontal,675.0,-0.005646061804832538,9
R1217T,L-frontal,725.0,-0.028668081533650396,9
R1217T,L-frontal,775.0,0.026537438616015596,9
R1217T,L-frontal,825.0,-0.017994748030765964,9
R1217T,L-frontal,875.0,0.005219920127904051,9
R1217T,L-frontal,925.0,-0.050879465468137576,9
R1217T,L-frontal,975.0,-0.05196056319650921,9
R1217T,L-frontal,1025.0,-0.04701377564326395,9
R1217T,L-frontal,1075.0,-0.04805536619430294,9
R1217T,L-frontal,1125.0,-0.05438895463769377,9
R1217T,L-frontal,1175.0,-0.027615085124900667,9
R1217T,L-frontal,1225.0,0.046026089846004994,9
R1217T,L-frontal,1275.0,-0.05457764565416463,9
R1217T,L-frontal,1325.0,-0.03349704077325379,9
R1217T,L-frontal,1375.0,0.052320678033939895,9
R1217T,L-frontal,1425.0,0.024789884865213028,9
R1217T,L-frontal,1475.0,-0.008382108654212026,9
R1217T,L-frontal,1525.0,0.01001760479161416,9
R1217T,L-frontal,1575.0,0.059640931249754475,9
R1217T,L-occipital,25.0,0.026942147397468183,4
R1217T,L-occipital,75.0,-0.014868926703155518,4
R1217T,L-occipital,125.0,-0.042513410396917084,4
R1217T,L-occipital,175.0,-0.0307834627981683,4
R1217T,L-occipital,225.0,-0.004763973737845079,4
R1217T,L-occipital,275.0,0.028572601190792867,4
R1217T,L-occipital,325.0,0.03277806551904798,4
R1217T,L-occipital,375.0,-0.026763970381471953,4
R1217T,L-occipital,425.0,-0.049442609140888355,4
R1217T,L-occipital,475.0,-0.026227091729671543,4
R1217T,L-occipital,525.0,-0.020599783303298473,4
R1217T,L-occipital,575.0,0.02199068290333083,4
R1217T,L-occipital,625.0,0.022087541153952946,4
R1217T,L-occipital,675.0,0.04974935055228079,4
R1217T,L-occipital,725.0,-0.0016315029363804879,4
R1217T,L-occipital,775.0,0.09435389873140518,4
R1217T,L-occipital,825.0,0.016387702615952866,4
R1217T,L-occipital,875.0,0.033383091444256684,4
R1217T,L-occipital,925.0,-0.04512319828078846,4
R1217T,L-occipital,975.0,-0.027968388589761164,4
R1217T,L-occipital,1025.0,-0.0047839775989668865,4
R1217T,L-occipital,1075.0,-0.03638057149101261,4
R1217T,L-occipital,1125.0,-0.0020707618709626097,4
R1217T,L-occipital,1175.0,-0.007870360511057174,4
R1217T,L-occipital,1225.0,0.044500327639281946,4
R1217T,L-occipital,1275.0,-0.026413163136374,4
R1217T,L-occipital,1325.0,-0.014918000360836455,4
R1217T,L-occipital,1375.0,0.07017651346754511,4
R1217T,L-occipital,1425.0,0.021897846085824645,4
R1217T,L-occipital,1475.0,-0.008496321400019885,4
R1217T,L-occipital,1525.0,0.05680291802667814,4
R1217T,L-occipital,1575.0,0.025079728696355413,4
R1217T,L-temporal,25.0,0.029091624386291856,12
R1217T,L-temporal,75.0,0.022753217002067807,12
R1217T,L-temporal,125.0,-0.010828200063842037,12
R1217T,L-temporal,175.0,-0.028693309516661925,12
R1217T,L-temporal,225.0,0.009001640667294567,12
R1217T,L-temporal,275.0,0.021151791004560726,12
R1217T,L-temporal,325.0,0.011443771271324024,12
R1217T,L-temporal,375.0,-0.03608026051063167,12
R1217T,L-temporal,425.0,-0.04761482515116449,12
R1217T,L-temporal,475.0,-0.0381212296598075,12
R1217T,L-temporal,525.0,-0.032991309832046546,12
R1217T,L-temporal,575.0,-0.004971943249345916,12
R1217T,L-temporal,625.0,0.02496727609040721,12
R1217T,L-temporal,675.0,0.00780246691917693,12
R1217T,L-temporal,725.0,0.0029700323831866964,12
R1217T,L-temporal,775.0,0.0399446542087924,12
R1217T,L-temporal,825.0,-0.003818786925895325,12
R1217T,L-temporal,875.0,-0.0030099268206150906,12
R1217T,L-temporal,925.0,-0.029056169918278637,12
R1217T,L-temporal,975.0,-0.026907432487527486,12
R1217T,L-temporal,1025.0,-0.021584729655665935,12
R1217T,L-temporal,1075.0,-0.030701356300694486,12
R1217T,L-temporal,1125.0,-0.04215659059536275,12
R1217T,L-temporal,1175.0,-0.020868852493823097,12
R1217T,L-temporal,1225.0,0.028624043393317436,12
R1217T,L-temporal,1275.0,-0.040611357119488774,12
R1217T,L-temporal,1325.0,-0.015960503011654508,12
R1217T,L-temporal,1375.0,0.02981482445726198,12
R1217T,L-temporal,1425.0,0.009400762669488869,12
R1217T,L-temporal,1475.0,-0.016957377042389504,12
R1217T,L-temporal,1525.0,-0.002528003805571102,12
R1217T,L-temporal,1575.0,0.02788491540266731,12
R1217T,R-frontal,25.0,0.037351816564596546,10
R1217T,R-frontal,75.0,0.03296751138792954,10
R1217T,R-frontal,125.0,-0.01395182845190312,10
R1217T,R-frontal,175.0,-0.037570823914838763,10
R1217T,R-frontal,225.0,0.0014292845612592828,10
R1217T,R-frontal,275.0,0.03746464321846991,10
R1217T,R-frontal,325.0,0.020318057841218835,10
R1217T,R-frontal,375.0,-0.036844344072820265,10
R1217T,R-frontal,425.0,-0.07282535763137175,10
R1217T,R-frontal,475.0,-0.05668686176308276,10
R1217T,R-frontal,525.0,-0.03575914482073472,10
R1217T,R-frontal,575.0,0.0036953595180021074,10
R1217T,R-frontal,625.0,0.025317228045383538,10
R1217T,R-frontal,675.0,-0.004786466473145788,10
R1217T,R-frontal,725.0,-0.02764705909516,10
R1217T,R-frontal,775.0,0.04152263284330985,10
R1217T,R-frontal,825.0,-0.0011116382442575498,10
R1217T,R-frontal,875.0,0.008126910224809464,10
R1217T,R-frontal,925.0,-0.024078502285182365,10
R1217T,R-frontal,975.0,-0.040511794965494306,10
R1217T,R-frontal,1025.0,-0.04556113519815018,10
R1217T,R-frontal,1075.0,-0.0370109934629166,10
R1217T,R-frontal,1125.0,-0.024246409351785174,10
R1217T,R-frontal,1175.0,-0.03437412549527676,10
R1217T,R-frontal,1225.0,0.03241264773257376,10
R1217T,R-frontal,1275.0,-0.0408961272731849,10
R1217T,R-frontal,1325.0,-0.022134365316817544,10
R1217T,R-frontal,1375.0,0.03263081193599117,10
R1217T,R-frontal,1425.0,0.009475431393151226,10
R1217T,R-frontal,1475.0,-0.022972149450868833,10
R1217T,R-frontal,1525.0,-0.0019303966846955939,10
R1217T,R-frontal,1575.0,0.027557455460040674,10
R1217T,R-temporal,25.0,0.03623893402526546,15
R1217T,R-temporal,75.0,0.032548876629695384,15
R1217T,R-temporal,125.0,-0.01883741677264126,15
R1217T,R-temporal,175.0,-0.037268605254449846,15
R1217T,R-temporal,225.0,-0.01257248633047739,15
R1217T,R-temporal,275.0,0.034771436516206684,15
R1217T,R-temporal,325.0,0.024295630150937428,15
R1217T,R-temporal,375.0,-0.02810955414111601,15
R1217T,R-temporal,425.0,-0.06545065147688758,15
R1217T,R-temporal,475.0,-0.037599726702655954,15
R1217T,R-temporal,525.0,-0.03225897623932563,15
R1217T,R-temporal,575.0,0.025219952339684416,15
R1217T,R-temporal,625.0,0.0312748430411744,15
R1217T,R-temporal,675.0,0.015056944060838722,15
R1217T,R-temporal,725.0,-0.007791314583517996,15
R1217T,R-temporal,775.0,0.06760733627503139,15
R1217T,R-temporal,825.0,0.006016739948533014,15
R1217T,R-temporal,875.0,0.026470974167546457,15
R1217T,R-temporal,925.0,-0.022352306325981158,15
R1217T,R-temporal,975.0,-0.012162357181435376,15
R1217T,R-temporal,1025.0,-0.016698629077394524,15
R1217T,R-temporal,1075.0,-0.02483146929519371,15
R1217T,R-temporal,1125.0,-0.01709449550399006,15
R1217T,R-temporal,1175.0,-0.027879735724305445,15
R1217T,R-temporal,1225.0,0.0566588288530239,15
R1217T,R-temporal,1275.0,-0.0380017771528862,15
R1217T,R-temporal,1325.0,-0.019279192675080607,15
R1217T,R-temporal,1375.0,0.048016074017713524,15
R1217T,R-temporal,1425.0,0.013756854562201175,15
R1217T,R-temporal,1475.0,-0.002565295479830518,15
R1217T,R-temporal,1525.0,0.004697316211109964,15
R1217T,R-temporal,1575.0,0.028712240959969784,15
R1221P,L-frontal,25.0,-0.013054662441638111,12
R1221P,L-frontal,75.0,-0.08682967318858716,12
R1221P,L-frontal,125.0,-0.0859325204738463,12
R1221P,L-frontal,175.0,0.0014998413595497136,12
R1221P,L-frontal,225.0,0.005865328456412847,12
R1221P,L-frontal,275.0,-0.03548017467304146,12
R1221P,L-frontal,325.0,-0.050681377136526984,12
R1221P,L-frontal,375.0,-0.009313211978615614,12
R1221P,L-frontal,425.0,0.005264932076278805,12
R1221P,L-frontal,475.0,0.06500014886265389,12
R1221P,L-frontal,525.0,0.0122197939141561,12
R1221P,L-frontal,575.0,0.03779508437874022,12
R1221P,L-frontal,625.0,0.007824002092099496,12
R1221P,L-frontal,675.0,0.021672715200033,12
R1221P,L-frontal,725.0,0.048288272639230446,12
R1221P,L-frontal,775.0,-0.0006297741654973221,12
R1221P,L-frontal,825.0,-0.030293807370654718,12
R1221P,L-frontal,875.0,-0.06042910378888954,12
R1221P,L-frontal,925.0,-0.038019095957248526,12
R1221P,L-frontal,975.0,-0.01763249655097601,12
R1221P,L-frontal,1025.0,-0.027245167859126063,12
R1221P,L-frontal,1075.0,-0.05066815824076495,12
R1221P,L-frontal,1125.0,-0.04393395945610537,12
R1221P,L-frontal,1175.0,-0.05690620611234945,12
R1221P,L-frontal,1225.0,-0.02046447148505053,12
R1221P,L-frontal,1275.0,-0.0019801048805907335,12
R1221P,L-frontal,1325.0,-0.005455372241009966,12
R1221P,L-frontal,1375.0,-0.01598502215767531,12
R1221P,L-frontal,1425.0,0.04571114566286724,12
R1221P,L-frontal,1475.0,0.019209312320775,12
R1221P,L-frontal,1525.0,0.019953488043220908,12
R1221P,L-frontal,1575.0,0.014498564144270393,12
R1221P,L-occipital,25.0,-0.044285154428717576,6
R1221P,L-occipital,75.0,-0.06147110479865422,6
R1221P,L-occipital,125.0,0.13970422989839615,6
R1221P,L-occipital,175.0,0.21900337809252193,6
R1221P,L-occipital,225.0,0.2978813443669951,6
R1221P,L-occipital,275.0,0.28388154401359306,6
R1221P,L-occipital,325.0,0.2738875751258938,6
R1221P,L-occipital,375.0,0.1968578753465674,6
R1221P,L-occipital,425.0,0.11607907443312211,6
R1221P,L-occipital,475.0,0.05986581853775822,6
R1221P,L-occipital,525.0,-0.005376707252758778,6
R1221P,L-occipital,575.0,-0.018619323424874636,6
R1221P,L-occipital,625.0,-0.040801348451282755,6
R1221P,L-occipital,675.0,-0.12712535958998405,6
R1221P,L-occipital,725.0,-0.08416877537967414,6
R1221P,L-occipital,775.0,-0.07158646732043719,6
R1221P,L-occipital,825.0,-0.0886969835195356,6
R1221P,L-occipital,875.0,-0.03728704527088731,6
R1221P,L-occipital,925.0,-0.042781329250455115,6
R1221P,L-occipital,975.0,0.00668415236842972,6
R1221P,L-occipital,1025.0,0.00869544877424211,6
R1221P,L-occipital,1075.0,-0.01237574424032233,6
R1221P,L-occipital,1125.0,-0.03125829652585033,6
R1221P,L-occipital,1175.0,-0.015215469124493933,6
R1221P,L-occipital,1225.0,0.019098430579058898,6
R1221P,L-occipital,1275.0,0.023222721187395313,6
R1221P,L-occipital,1325.0,0.03416978219223259,6
R1221P,L-occipital,1375.0,-0.021199652280483563,6
R1221P,L-occipital,1425.0,-0.00883550252052087,6
R1221P,L-occipital,1475.0,-0.10091473675453362,6
R1221P,L-occipital,1525.0,-0.05010604632650013,6
R1221P,L-occipital,1575.0,-0.007131131615642355,6
R1221P,L-parietal,25.0,0.022820248924168656,12
R1221P,L-parietal,75.0,0.05332390845288395,12
R1221P,L-parietal,125.0,0.15463031583212145,12
R1221P,L-parietal,175.0,0.1324853989113413,12
R1221P,L-parietal,225.0,0.10405605297379428,12
R1221P,L-parietal,275.0,0.10270853657823124,12
R1221P,L-parietal,325.0,0.05547770542274122,12
R1221P,L-parietal,375.0,0.09304713369671476,12
R1221P,L-parietal,425.0,0.08422919717935258,12
R1221P,L-parietal,475.0,0.07633701129867483,12
R1221P,L-parietal,525.0,0.05425254778954375,12
R1221P,L-parietal,575.0,0.0149337612228285,12
R1221P,L-parietal,625.0,-0.01292775060460089,12
R1221P,L-parietal,675.0,0.039927487221874405,12
R1221P,L-parietal,725.0,0.01808955962437556,12
R1221P,L-parietal,775.0,0.059072926413912284,12
R1221P,L-parietal,825.0,0.015638862791316068,12
R1221P,L-parietal,875.0,0.01888775648829213,12
R1221P,L-parietal,925.0,-0.00686104546557698,12
R1221P,L-parietal,975.0,0.03557072088212002,12
R1221P,L-parietal,1025.0,0.04421829118791212,12
R1221P,L-parietal,1075.0,0.05336300302220312,12
R1221P,L-parietal,1125.0,0.00920195941527005,12
R1221P,L-parietal,1175.0,0.037847768548908325,12
R1221P,L-parietal,1225.0,0.008423010732525948,12
R1221P,L-parietal,1275.0,0.017733305798606862,12
R1221P,L-parietal,1325.0,0.018655493729976023,12
R1221P,L-parietal,1375.0,0.017004216000308686,12
R1221P,L-parietal,1425.0,0.055563994311285,12
R1221P,L-parietal,1475.0,0.023626856454522473,12
R1221P,L-parietal,1525.0,-0.02182713706151131,12
R1221P,L-parietal,1575.0,0.015296398517745544,12
R1221P,L-temporal,25.0,0.0052291262352204765,7
R1221P,L-temporal,75.0,-0.050043887646826386,7
R1221P,L-temporal,125.0,-0.019077784536328718,7
R1221P,L-temporal,175.0,-0.022398553252570168,7
R1221P,L-temporal,225.0,0.001959612624549034,7
R1221P,L-temporal,275.0,-0.021107267711097995,7
R1221P,L-temporal,325.0,-0.0635084926054486,7
R1221P,L-temporal,375.0,-0.07824533076801084,7
R1221P,L-temporal,425.0,-0.032676356595808934,7
R1221P,L-temporal,475.0,-0.03570044941516406,7
R1221P,L-temporal,525.0,-0.0425560068490871,7
R1221P,L-temporal,575.0,-0.0682499358154545,7
R1221P,L-temporal,625.0,0.046967268089138266,7
R1221P,L-temporal,675.0,-0.006922076529907321,7
R1221P,L-temporal,725.0,-0.056507113597313564,7
R1221P,L-temporal,775.0,-0.01118880803851378,7
R1221P,L-temporal,825.0,-0.03514392854928322,7
R1221P,L-temporal,875.0,-0.00639015858153675,7
R1221P,L-temporal,925.0,-0.004577300174716943,7
R1221P,L-temporal,975.0,0.02994975175932719,7
R1221P,L-temporal,1025.0,-0.02207226914862271,7
R1221P,L-temporal,1075.0,-0.018945107892203796,7
R1221P,L-temporal,1125.0,0.038606711266913986,7
R1221P,L-temporal,1175.0,-0.01965165430790611,7
R1221P,L-temporal,1225.0,-0.050538157940404844,7
R1221P,L-temporal,1275.0,0.0023179993537233213,7
R1221P,L-temporal,1325.0,-0.004277458244997325,7
R1221P,L-temporal,1375.0,-0.005553799507808273,7
R1221P,L-temporal,1425.0,0.03220320185384588,7
R1221P,L-temporal,1475.0,0.05056732099553821,7
R1221P,L-temporal,1525.0,0.03508722092518799,7
R1221P,L-temporal,1575.0,-0.004884690863286545,7
R1223E,L-frontal,25.0,-0.00888660980396298,37
R1223E,L-frontal,75.0,0.03190254840770584,37
R1223E,L-frontal,125.0,-0.02676525190468092,37
R1223E,L-frontal,175.0,0.05992147717988874,37
R1223E,L-frontal,225.0,-0.003977285400736289,37
R1223E,L-frontal,275.0,0.011106718575350194,37
R1223E,L-frontal,325.0,-0.024766454047659574,37
R1223E,L-frontal,375.0,-0.03925965190066823,37
R1223E,L-frontal,425.0,-0.031414925345668566,37
R1223E,L-frontal,475.0,0.0007405593272036351,37
R1223E,L-frontal,525.0,0.003782672186528345,37
R1223E,L-frontal,575.0,-0.015732644146415457,37
R1223E,L-frontal,625.0,0.008858217584356362,37
R1223E,L-frontal,675.0,0.03770140340180123,37
R1223E,L-frontal,725.0,0.017812570908331538,37
R1223E,L-frontal,775.0,0.0014289736709213346,37
R1223E,L-frontal,825.0,-0.016967913349855358,37
R1223E,L-frontal,875.0,-0.041686390024796474,37
R1223E,L-frontal,925.0,0.08229191876424317,37
R1223E,L-frontal,975.0,0.020484689625317777,37
R1223E,L-frontal,1025.0,0.019026115134718292,37
R1223E,L-frontal,1075.0,0.037682196662261795,37
R1223E,L-frontal,1125.0,0.014142473001259584,37
R1223E,L-frontal,1175.0,0.022999689594282877,37
R1223E,L-frontal,1225.0,0.027434809411149487,37
R1223E,L-frontal,1275.0,0.012972372031766948,37
R1223E,L-frontal,1325.0,0.0514447692069445,37
R1223E,L-frontal,1375.0,0.0488599942200796,37
R1223E,L-frontal,1425.0,0.06683838951488061,37
R1223E,L-frontal,1475.0,-0.018411840819520423,37
R1223E,L-frontal,1525.0,-0.0009290825363370266,37
R1223E,L-frontal,1575.0,-0.014108563603700896,37
R1223E,L-temporal,25.0,0.001249471576780262,15
R1223E,L-temporal,75.0,0.05741575749847836,15
R1223E,L-temporal,125.0,-0.04120929121336661,15
R1223E,L-temporal,175.0,0.060781471875998506,15
R1223E,L-temporal,225.0,0.05837722078185145,15
R1223E,L-temporal,275.0,0.04512847300202609,15
R1223E,L-temporal,325.0,-0.0007600112111330329,15
R1223E,L-temporal,375.0,-0.003403854093870768,15
R1223E,L-temporal,425.0,-0.025350494333372185,15
R1223E,L-temporal,475.0,0.0576372086555859,15
R1223E,L-temporal,525.0,0.015304584806288291,15
R1223E,L-temporal,575.0,-0.0058501445328106635,15
R1223E,L-temporal,625.0,0.0477811761905419,15
R1223E,L-temporal,675.0,0.04260563751720127,15
R1223E,L-temporal,725.0,-0.01572412923481746,15
R1223E,L-temporal,775.0,-0.01303133692712932,15
R1223E,L-temporal,825.0,-0.05768672624508127,15
R1223E,L-temporal,875.0,-0.07454552266684153,15
R1223E,L-temporal,925.0,0.0775704646714636,15
R1223E,L-temporal,975.0,0.003772602755993034,15
R1223E,L-temporal,1025.0,-0.03568021421404929,15
R1223E,L-temporal,1075.0,-0.010094243700701309,15
R1223E,L-temporal,1125.0,-0.040514177643985017,15
R1223E,L-temporal,1175.0,0.010422594039296797,15
R1223E,L-temporal,1225.0,-0.006160692112709984,15
R1223E,L-temporal,1275.0,-0.047628242460825955,15
R1223E,L-temporal,1325.0,0.028553005953138713,15
R1223E,L-temporal,1375.0,0.04449461435330138,15
R1223E,L-temporal,1425.0,0.05460394962463529,15
R1223E,L-temporal,1475.0,-0.0186715083103097,15
R1223E,L-temporal,1525.0,-0.020199806414198804,15
R1223E,L-temporal,1575.0,-0.018069873792992453,15
R1226D,L-frontal,25.0,-0.05065259259244659,31
R1226D,L-frontal,75.0,0.002639604273150512,31
R1226D,L-frontal,125.0,0.057086456812400245,31
R1226D,L-frontal,175.0,0.045014791814152404,31
R1226D,L-frontal,225.0,0.029737331875618653,31
R1226D,L-frontal,275.0,-0.015807280510650303,31
R1226D,L-frontal,325.0,-0.0019533212251230227,31
R1226D,L-frontal,375.0,-0.013008822007535769,31
R1226D,L-frontal,425.0,-0.037606649697036844,31
R1226D,L-frontal,475.0,0.04012286847667192,31
R1226D,L-frontal,525.0,0.0014164044330060948,31
R1226D,L-frontal,575.0,0.002449441846810128,31
R1226D,L-frontal,625.0,-0.012723531208394541,31
R1226D,L-frontal,675.0,-0.005789032614417661,31
R1226D,L-frontal,725.0,0.007548736079757035,31
R1226D,L-frontal,775.0,0.06010859596155328,31
R1226D,L-frontal,825.0,0.06873849898939065,31
R1226D,L-frontal,875.0,0.08926442489750601,31
R1226D,L-frontal,925.0,0.1309782921018681,31
R1226D,L-frontal,975.0,0.04963653225161543,31
R1226D,L-frontal,1025.0,0.10677699478848164,31
R1226D,L-frontal,1075.0,0.08021991293510342,31
R1226D,L-frontal,1125.0,0.04988064267199599,31
R1226D,L-frontal,1175.0,0.06560121940485315,31
R1226D,L-frontal,1225.0,0.05444909628029748,31
R1226D,L-frontal,1275.0,0.016427907668893647,31
R1226D,L-frontal,1325.0,0.006777099083702943,31
R1226D,L-frontal,1375.0,0.03854247396667327,31
R1226D,L-frontal,1425.0,0.06702741664320197,31
R1226D,L-frontal,1475.0,0.07911858766530436,31
R1226D,L-frontal,1525.0,0.0439312488551429,31
R1226D,L-frontal,1575.0,0.010946386681180028,31
R1226D,L-parietal,25.0,-0.018386635208694345,8
R1226D,L-parietal,75.0,-0.04282582563660433,8
R1226D,L-parietal,125.0,0.056010499625134165,8
R1226D,L-parietal,175.0,-0.006598561595743997,8
R1226D,L-parietal,225.0,-0.028562659771044628,8
R1226D,L-parietal,275.0,0.015581090089956893,8
R1226D,L-parietal,325.0,0.0397452096965294,8
R1226D,L-parietal,375.0,0.07660482390619867,8
R1226D,L-parietal,425.0,0.03411415154796493,8
R1226D,L-parietal,475.0,0.03675697928636848,8
R1226D,L-parietal,525.0,0.029847840687139145,8
R1226D,L-parietal,575.0,0.0496687629741647,8
R1226D,L-parietal,625.0,-0.002934892299031192,8
R1226D,L-parietal,675.0,0.05459440327470436,8
R1226D,L-parietal,725.0,-0.00824999372684742,8
R1226D,L-parietal,775.0,0.02679971191692355,8
R1226D,L-parietal,825.0,0.0008291398642423925,8
R1226D,L-parietal,875.0,-0.015603621098682331,8
R1226D,L-parietal,925.0,0.024286505664677875,8
R1226D,L-parietal,975.0,-0.0068521479360220145,8
R1226D,L-parietal,1025.0,-0.06698294280482431,8
R1226D,L-parietal,1075.0,-0.041410417921720094,8
R1226D,L-parietal,1125.0,-0.04396188385236445,8
R1226D,L-parietal,1175.0,-0.06272280670262145,8
R1226D,L-parietal,1225.0,-0.08384314151280613,8
R1226D,L-parietal,1275.0,-0.05004247883450592,8
R1226D,L-parietal,1325.0,-0.04726951431659173,8
R1226D,L-parietal,1375.0,-0.016810645439379136,8
R1226D,L-parietal,1425.0,-0.035671702680840994,8
R1226D,L-parietal,1475.0,0.012105817049929081,8
R1226D,L-parietal,1525.0,-0.03147070018211446,8
R1226D,L-parietal,1575.0,-0.010571388907868809,8
R1226D,L-temporal,25.0,-0.022444342733398404,37
R1226D,L-temporal,75.0,-0.005533405764307103,37
R1226D,L-temporal,125.0,0.01692855335966075,37
R1226D,L-temporal,175.0,0.0021634923798158345,37
R1226D,L-temporal,225.0,0.004149637951016065,37
R1226D,L-temporal,275.0,-0.0076135021171336035,37
R1226D,L-temporal,325.0,-0.019991159756532505,37
R1226D,L-temporal,375.0,0.009754247882783703,37
R1226D,L-temporal,425.0,-0.010885170899408582,37
R1226D,L-temporal,475.0,0.011511899863568011,37
R1226D,L-temporal,525.0,-0.006207579760267659,37
R1226D,L-temporal,575.0,-0.0067424395420463005,37
R1226D,L-temporal,625.0,0.017828825709539867,37
R1226D,L-temporal,675.0,-0.019964944722021,37
R1226D,L-temporal,725.0,-0.02966974860727539,37
R1226D,L-temporal,775.0,-0.020223345984451583,37
R1226D,L-temporal,825.0,-0.02072238708073833,37
R1226D,L-temporal,875.0,0.007398721687109881,37
R1226D,L-temporal,925.0,0.023050022502531298,37
R1226D,L-temporal,975.0,-0.018303693778731197,37
R1226D,L-temporal,1025.0,-0.001111145036497034,37
R1226D,L-temporal,1075.0,-0.0029613762148032554,37
R1226D,L-temporal,1125.0,-0.016333344329412962,37
R1226D,L-temporal,1175.0,-0.004584392179752434,37
R1226D,L-temporal,1225.0,0.0018881197182630404,37
R1226D,L-temporal,1275.0,-0.027714456978692615,37
R1226D,L-temporal,1325.0,-0.011116148400466543,37
R1226D,L-temporal,1375.0,-0.004440764894877533,37
R1226D,L-temporal,1425.0,-0.012189008849152605,37
R1226D,L-temporal,1475.0,0.023592897335293607,37
R1226D,L-temporal,1525.0,0.0012010061921775778,37
R1226D,L-temporal,1575.0,-0.0028879890203065287,37
R1228M,L-frontal,25.0,0.06595089301324059,29
R1228M,L-frontal,75.0,-0.012787281243013508,29
R1228M,L-frontal,125.0,-0.008587473620526512,29
R1228M,L-frontal,175.0,0.024070570926344827,29
R1228M,L-frontal,225.0,0.12018397783805781,29
R1228M,L-frontal,275.0,0.031153216721829365,29
R1228M,L-frontal,325.0,0.016327884157807386,29
R1228M,L-frontal,375.0,0.08309089276697736,29
R1228M,L-frontal,425.0,0.08479980612038004,29
R1228M,L-frontal,475.0,0.061435267074884704,29
R1228M,L-frontal,525.0,0.052410175902647446,29
R1228M,L-frontal,575.0,-0.040398697614614315,29
R1228M,L-frontal,625.0,-0.050128371596221355,29
R1228M,L-frontal,675.0,-0.00785580335695034,29
R1228M,L-frontal,725.0,-0.0636890347046365,29
R1228M,L-frontal,775.0,0.015508371803837302,29
R1228M,L-frontal,825.0,0.060284110984642314,29
R1228M,L-frontal,875.0,0.05824066809942908,29
R1228M,L-frontal,925.0,0.021094434211560507,29
R1228M,L-frontal,975.0,-0.03551036705170419,29
R1228M,L-frontal,1025.0,0.025509852486358814,29
R1228M,L-frontal,1075.0,-0.035794865416716226,29
R1228M,L-frontal,1125.0,-0.01281188603721482,29
R1228M,L-frontal,1175.0,0.06395138219878047,29
R1228M,L-frontal,1225.0,0.013686356484432933,29
R1228M,L-frontal,1275.0,0.03442435603868442,29
R1228M,L-frontal,1325.0,-0.012779722018250136,29
R1228M,L-frontal,1375.0,0.06213980686740879,29
R1228M,L-frontal,1425.0,0.09400727591640051,29
R1228M,L-frontal,1475.0,0.0092768143965943,29
R1228M,L-frontal,1525.0,0.013409066158534265,29
R1228M,L-frontal,1575.0,0.04224054819868771,29
R1228M,L-temporal,25.0,0.03088461354201179,6
R1228M,L-temporal,75.0,0.002771886348356294,6
R1228M,L-temporal,125.0,0.019289941385961174,6
R1228M,L-temporal,175.0,0.045967359049900715,6
R1228M,L-temporal,225.0,0.09790177945102717,6
R1228M,L-temporal,275.0,0.045411653733400524,6
R1228M,L-temporal,325.0,0.03140473847344094,6
R1228M,L-temporal,375.0,0.043906178895479674,6
R1228M,L-temporal,425.0,0.0512169521708541,6
R1228M,L-temporal,475.0,0.040679072147068486,6
R1228M,L-temporal,525.0,0.02861213645698946,6
R1228M,L-temporal,575.0,-0.022174192537100054,6
R1228M,L-temporal,625.0,-0.031017879565954743,6
R1228M,L-temporal,675.0,-0.02342269122644015,6
R1228M,L-temporal,725.0,-0.07663352267339958,6
R1228M,L-temporal,775.0,-0.031163057159851414,6
R1228M,L-temporal,825.0,0.06593498901728967,6
R1228M,L-temporal,875.0,0.026599605882826092,6
R1228M,L-temporal,925.0,-0.004344399682258213,6
R1228M,L-temporal,975.0,-0.023113229037542638,6
R1228M,L-temporal,1025.0,0.010121331766141162,6
R1228M,L-temporal,1075.0,0.04387360310175084,6
R1228M,L-temporal,1125.0,0.052337739999736864,6
R1228M,L-temporal,1175.0,0.06452007267027482,6
R1228M,L-temporal,1225.0,0.042605898500333285,6
R1228M,L-temporal,1275.0,0.06627005503111318,6
R1228M,L-temporal,1325.0,0.02056420006948415,6
R1228M,L-temporal,1375.0,0.06671585217201464,6
R1228M,L-temporal,1425.0,0.08791796344335216,6
R1228M,L-temporal,1475.0,0.016286288166133256,6
R1228M,L-temporal,1525.0,0.00905382055487737,6
R1228M,L-temporal,1575.0,0.05394270412733404,6
R1231M,R-frontal,25.0,-0.04579494849138656,28
R1231M,R-frontal,75.0,-0.03525062845368918,28
R1231M,R-frontal,125.0,-0.0686462833120716,28
R1231M,R-frontal,175.0,-0.04246135970700254,28
R1231M,R-frontal,225.0,0.01844896787986418,28
R1231M,R-frontal,275.0,-0.010345936425269209,28
R1231M,R-frontal,325.0,0.003816310630086017,28
R1231M,R-frontal,375.0,0.0026421974377560634,28
R1231M,R-frontal,425.0,0.03233898734775992,28
R1231M,R-frontal,475.0,0.01722648411751464,28
R1231M,R-frontal,525.0,-0.09919774704228461,28
R1231M,R-frontal,575.0,0.009543819174887806,28
R1231M,R-frontal,625.0,0.010142778279350843,28
R1231M,R-frontal,675.0,0.007472050812866828,28
R1231M,R-frontal,725.0,0.023053426974441082,28
R1231M,R-frontal,775.0,0.004474829774040215,28
R1231M,R-frontal,825.0,-0.07111216001831591,28
R1231M,R-frontal,875.0,-0.018123139832739894,28
R1231M,R-frontal,925.0,0.003996861480053259,28
R1231M,R-frontal,975.0,0.04395091908471816,28
R1231M,R-frontal,1025.0,0.08306662804427514,28
R1231M,R-frontal,1075.0,0.020904273253865936,28
R1231M,R-frontal,1125.0,0.015598532603709475,28
R1231M,R-frontal,1175.0,0.04660478711894193,28
R1231M,R-frontal,1225.0,0.023600983218561394,28
R1231M,R-frontal,1275.0,0.004580438487169798,28
R1231M,R-frontal,1325.0,-0.018232772978232694,28
R1231M,R-frontal,1375.0,-0.009099182944486415,28
R1231M,R-frontal,1425.0,-0.006209566245872909,28
R1231M,R-frontal,1475.0,-0.004763314546101017,28
R1231M,R-frontal,1525.0,-0.014751397381296048,28
R1231M,R-frontal,1575.0,0.01751130523197336,28
R1231M,R-parietal,25.0,0.009034660568653456,8
R1231M,R-parietal,75.0,0.04935784183901714,8
R1231M,R-parietal,125.0,0.032919833405587094,8
R1231M,R-parietal,175.0,0.005980988716623054,8
R1231M,R-parietal,225.0,0.007928587194598068,8
R1231M,R-parietal,275.0,-0.006349417647440724,8
R1231M,R-parietal,325.0,0.017992731957065914,8
R1231M,R-parietal,375.0,0.019220570297538927,8
R1231M,R-parietal,425.0,0.02276093027777808,8
R1231M,R-parietal,475.0,0.0363956561475766,8
R1231M,R-parietal,525.0,-0.011886544260576828,8
R1231M,R-parietal,575.0,0.01822975070807039,8
R1231M,R-parietal,625.0,0.02106630105412591,8
R1231M,R-parietal,675.0,-0.003411012108909652,8
R1231M,R-parietal,725.0,-0.008787182470894352,8
R1231M,R-parietal,775.0,0.02917425689117132,8
R1231M,R-parietal,825.0,0.029233129334287226,8
R1231M,R-parietal,875.0,0.010817195472213534,8
R1231M,R-parietal,925.0,0.010597268270043066,8
R1231M,R-parietal,975.0,0.047049798686226094,8
R1231M,R-parietal,1025.0,0.05970669304418632,8
R1231M,R-parietal,1075.0,0.0955172412185937,8
R1231M,R-parietal,1125.0,0.035122617503322,8
R1231M,R-parietal,1175.0,0.04869988984666483,8
R1231M,R-parietal,1225.0,0.01784114372760864,8
R1231M,R-parietal,1275.0,0.02535703321738058,8
R1231M,R-parietal,1325.0,0.03238031341698312,8
R1231M,R-parietal,1375.0,0.037263297351213115,8
R1231M,R-parietal,1425.0,0.035168850918292555,8
R1231M,R-parietal,1475.0,0.08128410476173892,8
R1231M,R-parietal,1525.0,0.06258503013058377,8
R1231M,R-parietal,1575.0,-0.0008294105198500771,8
R1232N,L-frontal,25.0,0.03390876086702157,12
R1232N,L-frontal,75.0,0.06089996981815626,12
R1232N,L-frontal,125.0,0.029005391524574622,12
R1232N,L-frontal,175.0,0.0014586520162507978,12
R1232N,L-frontal,225.0,-0.03863906507891815,12
R1232N,L-frontal,275.0,-0.012372226298321203,12
R1232N,L-frontal,325.0,-0.022739138252017427,12
R1232N,L-frontal,375.0,-0.018733762741833398,12
R1232N,L-frontal,425.0,0.06120675066457939,12
R1232N,L-frontal,475.0,0.013340625831289052,12
R1232N,L-frontal,525.0,0.02785571253533482,12
R1232N,L-frontal,575.0,0.039271762225662525,12
R1232N,L-frontal,625.0,0.04332870276139101,12
R1232N,L-frontal,675.0,0.024251467984338308,12
R1232N,L-frontal,725.0,0.0150165988964249,12
R1232N,L-frontal,775.0,0.06091325943540995,12
R1232N,L-frontal,825.0,0.03778307112795858,12
R1232N,L-frontal,875.0,0.010192061619180584,12
R1232N,L-frontal,925.0,-0.03487229086725576,12
R1232N,L-frontal,975.0,-0.0023533829132729722,12
R1232N,L-frontal,1025.0,-0.02359049877140784,12
R1232N,L-frontal,1075.0,-0.02162347372346393,12
R1232N,L-frontal,1125.0,-0.001982140579362574,12
R1232N,L-frontal,1175.0,-0.022542919227962283,12
R1232N,L-frontal,1225.0,-0.009968949502576438,12
R1232N,L-frontal,1275.0,-0.002901567635516777,12
R1232N,L-frontal,1325.0,0.029363530473772586,12
R1232N,L-frontal,1375.0,0.02549114443094902,12
R1232N,L-frontal,1425.0,-0.021695315779947332,12
R1232N,L-frontal,1475.0,-0.007562846892293566,12
R1232N,L-frontal,1525.0,-0.03029600951055036,12
R1232N,L-frontal,1575.0,-0.010500217203052572,12
R1232N,L-parietal,25.0,0.006199903570676886,13
R1232N,L-parietal,75.0,-0.00422826764274974,13
R1232N,L-parietal,125.0,-0.057283514274609454,13
R1232N,L-parietal,175.0,-0.010497165580064825,13
R1232N,L-parietal,225.0,-0.04493490189915184,13
R1232N,L-parietal,275.0,-0.01791695685548793,13
R1232N,L-parietal,325.0,-0.02409600554815008,13
R1232N,L-parietal,375.0,-0.034857132781660076,13
R1232N,L-parietal,425.0,-0.0227928933384589,13
R1232N,L-parietal,475.0,-0.0016793110689272918,13
R1232N,L-parietal,525.0,0.006770957485371081,13
R1232N,L-parietal,575.0,-0.01126504093222219,13
R1232N,L-parietal,625.0,0.06764968780879944,13
R1232N,L-parietal,675.0,-0.003446381332573002,13
R1232N,L-parietal,725.0,-0.0219377862511385,13
R1232N,L-parietal,775.0,0.014398947141773387,13
R1232N,L-parietal,825.0,-0.0014227011719854337,13
R1232N,L-parietal,875.0,-0.0020919193317195427,13
R1232N,L-parietal,925.0,-0.029808207206253236,13
R1232N,L-parietal,975.0,-0.010597212327280716,13
R1232N,L-parietal,1025.0,-0.04069160026083162,13
R1232N,L-parietal,1075.0,-0.034716266482721185,13
R1232N,L-parietal,1125.0,0.013468812950043964,13
R1232N,L-parietal,1175.0,0.028705586657485703,13
R1232N,L-parietal,1225.0,0.00890736213852401,13
R1232N,L-parietal,1275.0,0.008548651377412252,13
R1232N,L-parietal,1325.0,0.014508231174605249,13
R1232N,L-parietal,1375.0,0.03391370016607503,13
R1232N,L-parietal,1425.0,-0.011134371739116347,13
R1232N,L-parietal,1475.0,-0.034673401627137695,13
R1232N,L-parietal,1525.0,-0.03296921051313768,13
R1232N,L-parietal,1575.0,-0.029601460100717007,13
R1232N,L-temporal,25.0,0.017153541429679866,17
R1232N,L-temporal,75.0,0.02358720770352704,17
R1232N,L-temporal,125.0,-0.025127284482620606,17
R1232N,L-temporal,175.0,-0.03145553526721565,17
R1232N,L-temporal,225.0,-0.04222398984323436,17
R1232N,L-temporal,275.0,-0.01785611904310919,17
R1232N,L-temporal,325.0,-0.018302237153725615,17
R1232N,L-temporal,375.0,0.008778795226986501,17
R1232N,L-temporal,425.0,0.015143471188808086,17
R1232N,L-temporal,475.0,0.018971170104112207,17
R1232N,L-temporal,525.0,-0.02491871791258264,17
R1232N,L-temporal,575.0,0.029397247549718022,17
R1232N,L-temporal,625.0,0.055555425167263785,17
R1232N,L-temporal,675.0,0.01595577117102156,17
R1232N,L-temporal,725.0,-0.018866571229044723,17
R1232N,L-temporal,775.0,0.02059014833924396,17
R1232N,L-temporal,825.0,-0.04207524766701027,17
R1232N,L-temporal,875.0,-0.0636689909445939,17
R1232N,L-temporal,925.0,-0.012907855678310246,17
R1232N,L-temporal,975.0,-0.011836148296407327,17
R1232N,L-temporal,1025.0,-0.07251521375252316,17
R1232N,L-temporal,1075.0,-0.06008459080193435,17
R1232N,L-temporal,1125.0,-0.037569251323080824,17
R1232N,L-temporal,1175.0,-0.08146641144326379,17
R1232N,L-temporal,1225.0,-0.039313472050077396,17
R1232N,L-temporal,1275.0,-0.03577459175897207,17
R1232N,L-temporal,1325.0,-0.029540911498689478,17
R1232N,L-temporal,1375.0,-0.016360877906010877,17
R1232N,L-temporal,1425.0,-0.0285433624851895,17
R1232N,L-temporal,1475.0,0.00012757530615227006,17
R1232N,L-temporal,1525.0,-0.04370081513289827,17
R1232N,L-temporal,1575.0,-0.049138150956161586,17
R1232N,R-frontal,25.0,0.05372787668371093,12
R1232N,R-frontal,75.0,0.03133109343267039,12
R1232N,R-frontal,125.0,-0.00977528504892742,12
R1232N,R-frontal,175.0,-0.04158190300824304,12
R1232N,R-frontal,225.0,-0.016047722164317713,12
R1232N,R-frontal,275.0,0.019771411588545947,12
R1232N,R-frontal,325.0,-0.011960156549929117,12
R1232N,R-frontal,375.0,-0.01177520756785141,12
R1232N,R-frontal,425.0,0.014556462190708783,12
R1232N,R-frontal,475.0,0.005905953275133577,12
R1232N,R-frontal,525.0,0.002252225783265153,12
R1232N,R-frontal,575.0,-0.004632070264661775,12
R1232N,R-frontal,625.0,0.03268400252267191,12
R1232N,R-frontal,675.0,-0.017237530014156212,12
R1232N,R-frontal,725.0,-0.016970035817120855,12
R1232N,R-frontal,775.0,0.03473503315705109,12
R1232N,R-frontal,825.0,-0.03254067338586159,12
R1232N,R-frontal,875.0,-0.017687609693465448,12
R1232N,R-frontal,925.0,-0.06315203886238173,12
R1232N,R-frontal,975.0,-0.05674141514154076,12
R1232N,R-frontal,1025.0,-0.04394171191600032,12
R1232N,R-frontal,1075.0,-0.05023017695445339,12
R1232N,R-frontal,1125.0,-0.06633538178313994,12
R1232N,R-frontal,1175.0,-0.04594679265415025,12
R1232N,R-frontal,1225.0,-0.021451023079605683,12
R1232N,R-frontal,1275.0,-0.007277555379905406,12
R1232N,R-frontal,1325.0,0.020127557545601377,12
R1232N,R-frontal,1375.0,0.009435830504056381,12
R1232N,R-frontal,1425.0,-0.0168115464263881,12
R1232N,R-frontal,1475.0,0.027268388045762686,12
R1232N,R-frontal,1525.0,-0.03940946425549922,12
R1232N,R-frontal,1575.0,0.009739385799847764,12
R1232N,R-parietal,25.0,0.019213773225888478,12
R1232N,R-parietal,75.0,0.005744573624465666,12
R1232N,R-parietal,125.0,-0.016248664044926083,12
R1232N,R-parietal,175.0,-0.04284160473812506,12
R1232N,R-parietal,225.0,-0.04215743105405024,12
R1232N,R-parietal,275.0,-0.012958089894331283,12
R1232N,R-parietal,325.0,-0.027552982070405584,12
R1232N,R-parietal,375.0,0.002467089857438369,12
R1232N,R-parietal,425.0,-0.001211848851962774,12
R1232N,R-parietal,475.0,-0.014585871811563273,12
R1232N,R-parietal,525.0,0.004594114136089535,12
R1232N,R-parietal,575.0,-0.019599459888905223,12
R1232N,R-parietal,625.0,0.03421295751978338,12
R1232N,R-parietal,675.0,-0.03750491584547137,12
R1232N,R-parietal,725.0,-0.04219573520348011,12
R1232N,R-parietal,775.0,0.04081426687653423,12
R1232N,R-parietal,825.0,-0.03217276309998587,12
R1232N,R-parietal,875.0,-0.012763629951194178,12
R1232N,R-parietal,925.0,-0.02583970915434547,12
R1232N,R-parietal,975.0,-0.025790103573060854,12
R1232N,R-parietal,1025.0,-0.05049137515725762,12
R1232N,R-parietal,1075.0,-0.05429395527711733,12
R1232N,R-parietal,1125.0,-0.01983882229013263,12
R1232N,R-parietal,1175.0,-0.036244067527274264,12
R1232N,R-parietal,1225.0,-0.044601813484473285,12
R1232N,R-parietal,1275.0,-0.06769089979432179,12
R1232N,R-parietal,1325.0,-0.008527839505029722,12
R1232N,R-parietal,1375.0,0.011611159479912543,12
R1232N,R-parietal,1425.0,-0.007926695390040884,12
R1232N,R-parietal,1475.0,0.017059411143628248,12
R1232N,R-parietal,1525.0,-0.022259200981637153,12
R1232N,R-parietal,1575.0,-0.033480314272224664,12
R1232N,R-temporal,25.0,0.04392222790284951,14
R1232N,R-temporal,75.0,0.04237111707545721,14
R1232N,R-temporal,125.0,-0.0313420561061088,14
R1232N,R-temporal,175.0,-0.012793802226182347,14
R1232N,R-temporal,225.0,0.02226842058656909,14
R1232N,R-temporal,275.0,0.005243275769385173,14
R1232N,R-temporal,325.0,-0.008908855947127254,14
R1232N,R-temporal,375.0,-0.01467393532345348,14
R1232N,R-temporal,425.0,-0.012691458092405258,14
R1232N,R-temporal,475.0,0.029907047259700118,14
R1232N,R-temporal,525.0,0.008403746623629192,14
R1232N,R-temporal,575.0,0.018136821793718123,14
R1232N,R-temporal,625.0,0.02030911222417883,14
R1232N,R-temporal,675.0,-0.0028171648047652003,14
R1232N,R-temporal,725.0,0.02508192094601942,14
R1232N,R-temporal,775.0,0.001892242857597265,14
R1232N,R-temporal,825.0,-0.03792162051221216,14
R1232N,R-temporal,875.0,0.006098567136126353,14
R1232N,R-temporal,925.0,-0.022493674797160555,14
R1232N,R-temporal,975.0,-0.04317240230635728,14
R1232N,R-temporal,1025.0,-0.03906966218263349,14
R1232N,R-temporal,1075.0,-0.041412178433691674,14
R1232N,R-temporal,1125.0,-0.007815668286483552,14
R1232N,R-temporal,1175.0,-0.06603793440981019,14
R1232N,R-temporal,1225.0,-0.023757588570445597,14
R1232N,R-temporal,1275.0,-0.015636643363083045,14
R1232N,R-temporal,1325.0,0.014024177404356287,14
R1232N,R-temporal,1375.0,0.004877985477931792,14
R1232N,R-temporal,1425.0,-0.02631845558570864,14
R1232N,R-temporal,1475.0,-0.016917403359656042,14
R1232N,R-temporal,1525.0,-0.04675677373096756,14
R1232N,R-temporal,1575.0,-0.01582278772209147,14
R1234D,L-frontal,25.0,-0.03559393822814369,4
R1234D,L-frontal,75.0,0.008201898000714913,4
R1234D,L-frontal,125.0,-0.06765224647008959,4
R1234D,L-frontal,175.0,0.018195130804211396,4
R1234D,L-frontal,225.0,-0.023709094497908874,4
R1234D,L-frontal,275.0,0.047111974680049386,4
R1234D,L-frontal,325.0,0.15439559827250096,4
R1234D,L-frontal,375.0,0.2218393806084761,4
R1234D,L-frontal,425.0,0.26945088604006984,4
R1234D,L-frontal,475.0,0.29880160518758514,4
R1234D,L-frontal,525.0,0.20470490155965052,4
R1234D,L-frontal,575.0,0.24409589788562103,4
R1234D,L-frontal,625.0,0.20461476258501746,4
R1234D,L-frontal,675.0,0.12509399668634086,4
R1234D,L-frontal,725.0,0.1236208269741253,4
R1234D,L-frontal,775.0,0.12357220366505078,4
R1234D,L-frontal,825.0,0.09574457108296967,4
R1234D,L-frontal,875.0,0.08180347012397401,4
R1234D,L-frontal,925.0,0.08942379299008905,4
R1234D,L-frontal,975.0,0.07621257180090829,4
R1234D,L-frontal,1025.0,-0.00826337438295775,4
R1234D,L-frontal,1075.0,-0.022615819544792165,4
R1234D,L-frontal,1125.0,0.02929943665465165,4
R1234D,L-frontal,1175.0,-0.007538697572796405,4
R1234D,L-frontal,1225.0,0.02544541458069754,4
R1234D,L-frontal,1275.0,-0.03459331475448603,4
R1234D,L-frontal,1325.0,0.05834422759337904,4
R1234D,L-frontal,1375.0,0.06725520160023346,4
R1234D,L-frontal,1425.0,-0.02570421123894958,4
R1234D,L-frontal,1475.0,0.06694969907051129,4
R1234D,L-frontal,1525.0,0.03792838713182564,4
R1234D,L-frontal,1575.0,-0.036229816652049496,4
R1234D,L-occipital,25.0,-0.010653186301333458,7
R1234D,L-occipital,75.0,0.02251106689725915,7
R1234D,L-occipital,125.0,0.14392318970500392,7
R1234D,L-occipital,175.0,0.5563784832025405,7
R1234D,L-occipital,225.0,0.5936134936333332,7
R1234D,L-occipital,275.0,0.6747619579851918,7
R1234D,L-occipital,325.0,0.6742472200282402,7
R1234D,L-occipital,375.0,0.5504071602262675,7
R1234D,L-occipital,425.0,0.4266299278141793,7
R1234D,L-occipital,475.0,0.34511867225086873,7
R1234D,L-occipital,525.0,0.29977632248906155,7
R1234D,L-occipital,575.0,0.26836927105638897,7
R1234D,L-occipital,625.0,0.2138765770163538,7
R1234D,L-occipital,675.0,0.09932576871707462,7
R1234D,L-occipital,725.0,0.07293127385309708,7
R1234D,L-occipital,775.0,0.09640977104239581,7
R1234D,L-occipital,825.0,0.032710535206968774,7
R1234D,L-occipital,875.0,0.09595939455136372,7
R1234D,L-occipital,925.0,0.03955948453532811,7
R1234D,L-occipital,975.0,0.02992883337086719,7
R1234D,L-occipital,1025.0,0.046697934714539424,7
R1234D,L-occipital,1075.0,-0.012850742056017809,7
R1234D,L-occipital,1125.0,0.04851051171419055,7
R1234D,L-occipital,1175.0,0.008004135133855873,7
R1234D,L-occipital,1225.0,0.031509948047535256,7
R1234D,L-occipital,1275.0,0.028288847471369595,7
R1234D,L-occipital,1325.0,0.023275514725530858,7
R1234D,L-occipital,1375.0,0.05191921958262326,7
R1234D,L-occipital,1425.0,-0.004822729742779542,7
R1234D,L-occipital,1475.0,0.04969874530051418,7
R1234D,L-occipital,1525.0,0.08810160445245556,7
R1234D,L-occipital,1575.0,0.05896899683063498,7
R1234D,L-parietal,25.0,-0.019333837596591404,8
R1234D,L-parietal,75.0,0.01624717165609159,8
R1234D,L-parietal,125.0,0.010443832988437134,8
R1234D,L-parietal,175.0,-0.013821072384511777,8
R1234D,L-parietal,225.0,-0.0056457845859168194,8
R1234D,L-parietal,275.0,-0.03532183956864124,8
R1234D,L-parietal,325.0,0.0020012872120196614,8
R1234D,L-parietal,375.0,-0.01571698000615873,8
R1234D,L-parietal,425.0,0.009102945560443868,8
R1234D,L-parietal,475.0,0.027173745336644257,8
R1234D,L-parietal,525.0,0.004639905726167168,8
R1234D,L-parietal,575.0,0.021775591568258305,8
R1234D,L-parietal,625.0,-0.03063534482956014,8
R1234D,L-parietal,675.0,-0.050507047263137324,8
R1234D,L-parietal,725.0,-0.05529042560869091,8
R1234D,L-parietal,775.0,0.007736552293816143,8
R1234D,L-parietal,825.0,0.0024668425165636602,8
R1234D,L-parietal,875.0,0.04658480132896295,8
R1234D,L-parietal,925.0,0.020828664519920555,8
R1234D,L-parietal,975.0,-0.00016852478757649163,8
R1234D,L-parietal,1025.0,-0.005180392293958835,8
R1234D,L-parietal,1075.0,-0.038851243296736115,8
R1234D,L-parietal,1125.0,-0.028265014913907354,8
R1234D,L-parietal,1175.0,-0.0064224692687955415,8
R1234D,L-parietal,1225.0,-0.013184592036046206,8
R1234D,L-parietal,1275.0,-0.004866266193022346,8
R1234D,L-parietal,1325.0,-0.01719264308827118,8
R1234D,L-parietal,1375.0,0.02204173533032176,8
R1234D,L-parietal,1425.0,-0.035292467399978864,8
R1234D,L-parietal,1475.0,-0.008157222479036049,8
R1234D,L-parietal,1525.0,-0.00447244695053552,8
R1234D,L-parietal,1575.0,-0.04321401835713442,8
R1234D,L-temporal,25.0,-0.02769775474794879,37
R1234D,L-temporal,75.0,-0.004427910172793255,37
R1234D,L-temporal,125.0,-0.028334206435770858,37
R1234D,L-temporal,175.0,-0.01159998913956533,37
R1234D,L-temporal,225.0,-0.03323216017170718,37
R1234D,L-temporal,275.0,0.006744333026856188,37
R1234D,L-temporal,325.0,0.037869815511663865,37
R1234D,L-temporal,375.0,0.0199252517374224,37
R1234D,L-temporal,425.0,-0.02295577785855195,37
R1234D,L-temporal,475.0,-0.006990290482249201,37
R1234D,L-temporal,525.0,-0.01926237158085561,37
R1234D,L-temporal,575.0,0.010142741433319608,37
R1234D,L-temporal,625.0,0.00946733944256019,37
R1234D,L-temporal,675.0,-0.013511905679496554,37
R1234D,L-temporal,725.0,-0.03297655342491758,37
R1234D,L-temporal,775.0,-0.015005605773741125,37
R1234D,L-temporal,825.0,0.0003748719050398917,37
R1234D,L-temporal,875.0,0.02354035287007329,37
R1234D,L-temporal,925.0,0.024480545752862747,37
R1234D,L-temporal,975.0,0.006024790687628397,37
R1234D,L-temporal,1025.0,0.027128799848029447,37
R1234D,L-temporal,1075.0,0.01822631108926254,37
R1234D,L-temporal,1125.0,0.012006341033692376,37
R1234D,L-temporal,1175.0,-0.017998512296902393,37
R1234D,L-temporal,1225.0,-0.022109241585626476,37
R1234D,L-temporal,1275.0,-0.011282839460533153,37
R1234D,L-temporal,1325.0,-0.004694336605683589,37
R1234D,L-temporal,1375.0,0.02053260415833192,37
R1234D,L-temporal,1425.0,-0.005608633917077191,37
R1234D,L-temporal,1475.0,-0.00811756760630091,37
R1234D,L-temporal,1525.0,-0.0072055498218004475,37
R1234D,L-temporal,1575.0,-0.0049457389987141226,37
R1234D,R-temporal,25.0,0.0011799878175202281,21
R1234D,R-temporal,75.0,0.04684605648825876,21
R1234D,R-temporal,125.0,-0.004504664286086874,21
R1234D,R-temporal,175.0,0.048545305853283954,21
R1234D,R-temporal,225.0,0.011281114143029205,21
R1234D,R-temporal,275.0,0.010235381171821763,21
R1234D,R-temporal,325.0,0.09355994131668924,21
R1234D,R-temporal,375.0,0.03433142709403891,21
R1234D,R-temporal,425.0,-0.002552750258005187,21
R1234D,R-temporal,475.0,0.053308243173174195,21
R1234D,R-temporal,525.0,-0.011984690153855736,21
R1234D,R-temporal,575.0,0.058721183782369825,21
R1234D,R-temporal,625.0,0.011911858773510777,21
R1234D,R-temporal,675.0,-0.06496212728627643,21
R1234D,R-temporal,725.0,-0.033764507653401235,21
R1234D,R-temporal,775.0,0.006969214850327143,21
R1234D,R-temporal,825.0,-0.039304821613270674,21
R1234D,R-temporal,875.0,0.05784917269367253,21
R1234D,R-temporal,925.0,0.02476736248451359,21
R1234D,R-temporal,975.0,-0.004594911282333151,21
R1234D,R-temporal,1025.0,-0.01389534707550472,21
R1234D,R-temporal,1075.0,-0.06323447697681553,21
R1234D,R-temporal,1125.0,-0.01115753769026931,21
R1234D,R-temporal,1175.0,-0.01976684659072702,21
R1234D,R-temporal,1225.0,0.0015133550584936193,21
R1234D,R-temporal,1275.0,-0.011608021196540898,21
R1234D,R-temporal,1325.0,-0.0061989143852633315,21
R1234D,R-temporal,1375.0,0.05687006647311757,21
R1234D,R-temporal,1425.0,-0.004519241413583332,21
R1234D,R-temporal,1475.0,0.030799186169751223,21
R1234D,R-temporal,1525.0,0.0037639803749738806,21
R1234D,R-temporal,1575.0,-0.06779286323478412,21
R1240T,L-frontal,25.0,0.045718301507748915,12
R1240T,L-frontal,75.0,-0.030690908895150772,12
R1240T,L-frontal,125.0,-0.06630814600354765,12
R1240T,L-frontal,175.0,-0.07337029011381037,12
R1240T,L-frontal,225.0,0.0013389310937255334,12
R1240T,L-frontal,275.0,-0.0052807102053937065,12
R1240T,L-frontal,325.0,0.010766785802443246,12
R1240T,L-frontal,375.0,-0.02660831795351083,12
R1240T,L-frontal,425.0,-0.1242382170203397,12
R1240T,L-frontal,475.0,-0.08957677556506471,12
R1240T,L-frontal,525.0,-0.08296529515314105,12
R1240T,L-frontal,575.0,-0.07123631927989368,12
R1240T,L-frontal,625.0,-0.14804807443181778,12
R1240T,L-frontal,675.0,-0.0043944491527727995,12
R1240T,L-frontal,725.0,-0.022855759404787988,12
R1240T,L-frontal,775.0,-0.050028779113160754,12
R1240T,L-frontal,825.0,-0.07500043847649106,12
R1240T,L-frontal,875.0,-0.031618805784328886,12
R1240T,L-frontal,925.0,0.07083250400974674,12
R1240T,L-frontal,975.0,0.0391987960619536,12
R1240T,L-frontal,1025.0,0.06429726805683311,12
R1240T,L-frontal,1075.0,0.0017039874726332536,12
R1240T,L-frontal,1125.0,-0.01441074167960032,12
R1240T,L-frontal,1175.0,0.07863660157989556,12
R1240T,L-frontal,1225.0,0.006915773432625785,12
R1240T,L-frontal,1275.0,0.025395325763951284,12
R1240T,L-frontal,1325.0,-0.012387515599627447,12
R1240T,L-frontal,1375.0,-0.025304261434308733,12
R1240T,L-frontal,1425.0,-0.014527172321754064,12
R1240T,L-frontal,1475.0,0.09830340857720722,12
R1240T,L-frontal,1525.0,0.018749656871142207,12
R1240T,L-frontal,1575.0,-0.06076575742871441,12
R1240T,L-occipital,25.0,0.1116890698685171,5
R1240T,L-occipital,75.0,0.04064790565338154,5
R1240T,L-occipital,125.0,0.10563596609550843,5
R1240T,L-occipital,175.0,0.1942450293423728,5
R1240T,L-occipital,225.0,0.37323867546830203,5
R1240T,L-occipital,275.0,0.28431253536406964,5
R1240T,L-occipital,325.0,0.3637929558891905,5
R1240T,L-occipital,375.0,0.29249582861642526,5
R1240T,L-occipital,425.0,0.07965568366880556,5
R1240T,L-occipital,475.0,0.13767647405864164,5
R1240T,L-occipital,525.0,0.11012500464161837,5
R1240T,L-occipital,575.0,0.07047915865183586,5
R1240T,L-occipital,625.0,-0.038791493938425424,5
R1240T,L-occipital,675.0,0.0664206391546168,5
R1240T,L-occipital,725.0,0.0709792187625107,5
R1240T,L-occipital,775.0,0.05958328209755241,5
R1240T,L-occipital,825.0,-0.046725338909467326,5
R1240T,L-occipital,875.0,-0.02975601105027681,5
R1240T,L-occipital,925.0,0.04745237126029628,5
R1240T,L-occipital,975.0,0.0403803010154735,5
R1240T,L-occipital,1025.0,0.1029873838064788,5
R1240T,L-occipital,1075.0,0.05339040560348772,5
R1240T,L-occipital,1125.0,0.05372150825555101,5
R1240T,L-occipital,1175.0,0.125690660517043,5
R1240T,L-occipital,1225.0,0.06858409777102263,5
R1240T,L-occipital,1275.0,0.02000727771982196,5
R1240T,L-occipital,1325.0,0.0034908752301309742,5
R1240T,L-occipital,1375.0,0.010884727365103205,5
R1240T,L-occipital,1425.0,0.058068484118076344,5
R1240T,L-occipital,1475.0,0.10422524056801215,5
R1240T,L-occipital,1525.0,0.037008246658392384,5
R1240T,L-occipital,1575.0,0.007794649526917524,5
R1240T,L-parietal,25.0,0.07824779480467861,14
R1240T,L-parietal,75.0,0.052633959954132434,14
R1240T,L-parietal,125.0,0.03195100512554916,14
R1240T,L-parietal,175.0,-0.0246527196817359,14
R1240T,L-parietal,225.0,0.11967660191046008,14
R1240T,L-parietal,275.0,0.02501364278605939,14
R1240T,L-parietal,325.0,0.12341952748283011,14
R1240T,L-parietal,375.0,0.0571173945594124,14
R1240T,L-parietal,425.0,-0.06351141733773728,14
R1240T,L-parietal,475.0,0.034381894114587246,14
R1240T,L-parietal,525.0,0.006346461724992563,14
R1240T,L-parietal,575.0,-0.032353016265981284,14
R1240T,L-parietal,625.0,-0.07197740105877264,14
R1240T,L-parietal,675.0,0.03493912321293383,14
R1240T,L-parietal,725.0,0.05407650725584628,14
R1240T,L-parietal,775.0,-0.004528329343003938,14
R1240T,L-parietal,825.0,-0.07978347051842004,14
R1240T,L-parietal,875.0,-0.05150222946800762,14
R1240T,L-parietal,925.0,0.05802929728567086,14
R1240T,L-parietal,975.0,0.03771311165488273,14
R1240T,L-parietal,1025.0,0.05389673438946061,14
R1240T,L-parietal,1075.0,-0.00998128989846503,14
R1240T,L-parietal,1125.0,0.012949521034220092,14
R1240T,L-parietal,1175.0,0.12605345625194614,14
R1240T,L-parietal,1225.0,0.031145080366728077,14
R1240T,L-parietal,1275.0,-0.003232227077277542,14
R1240T,L-parietal,1325.0,-0.05486482558170131,14
R1240T,L-parietal,1375.0,-0.017698809862233943,14
R1240T,L-parietal,1425.0,0.03919022414760095,14
R1240T,L-parietal,1475.0,0.10308510516630427,14
R1240T,L-parietal,1525.0,-0.0008825730522220599,14
R1240T,L-parietal,1575.0,-0.012256691597326261,14
R1240T,L-temporal,25.0,0.05773717223134674,31
R1240T,L-temporal,75.0,-0.0025935824055670414,31
R1240T,L-temporal,125.0,-0.03756460421906921,31
R1240T,L-temporal,175.0,-0.0710032176169167,31
R1240T,L-temporal,225.0,0.05258391442379637,31
R1240T,L-temporal,275.0,-0.010259171264034072,31
R1240T,L-temporal,325.0,0.10153331082561708,31
R1240T,L-temporal,375.0,0.01811979715632686,31
R1240T,L-temporal,425.0,-0.09210258050350742,31
R1240T,L-temporal,475.0,0.03337256374199678,31
R1240T,L-temporal,525.0,-0.01173465534209433,31
R1240T,L-temporal,575.0,-0.046253696060802645,31
R1240T,L-temporal,625.0,-0.09621709855189499,31
R1240T,L-temporal,675.0,0.04813183890019855,31
R1240T,L-temporal,725.0,0.01072969451786016,31
R1240T,L-temporal,775.0,-0.026007605343178607,31
R1240T,L-temporal,825.0,-0.09077269423660825,31
R1240T,L-temporal,875.0,-0.030491343998606174,31
R1240T,L-temporal,925.0,0.05539493670457509,31
R1240T,L-temporal,975.0,0.004489105613034974,31
R1240T,L-temporal,1025.0,0.03871136597703112,31
R1240T,L-temporal,1075.0,0.01338673698419998,31
R1240T,L-temporal,1125.0,0.025937131030538123,31
R1240T,L-temporal,1175.0,0.1039159413207238,31
R1240T,L-temporal,1225.0,-0.002129698543853817,31
R1240T,L-temporal,1275.0,-0.005290036644402711,31
R1240T,L-temporal,1325.0,-0.04741360948850452,31
R1240T,L-temporal,1375.0,-0.018152852001914372,31
R1240T,L-temporal,1425.0,0.03735511544380791,31
R1240T,L-temporal,1475.0,0.05575609486870471,31
R1240T,L-temporal,1525.0,-0.0022125676491226913,31
R1240T,L-temporal,1575.0,0.0076637617063704516,31
R1240T,R-temporal,25.0,0.039993328157531545,4
R1240T,R-temporal,75.0,0.028925978238791377,4
R1240T,R-temporal,125.0,-0.013508460376352175,4
R1240T,R-temporal,175.0,-0.1133453323128733,4
R1240T,R-temporal,225.0,0.0045372849248552696,4
R1240T,R-temporal,275.0,-0.06272613865052648,4
R1240T,R-temporal,325.0,0.0448889646019629,4
R1240T,R-temporal,375.0,0.0508962171883154,4
R1240T,R-temporal,425.0,-0.11543732374226967,4
R1240T,R-temporal,475.0,-0.01722265884797127,4
R1240T,R-temporal,525.0,-0.061899105779016,4
R1240T,R-temporal,575.0,-0.05666648925490506,4
R1240T,R-temporal,625.0,-0.06894022403819768,4
R1240T,R-temporal,675.0,-0.019375864370743436,4
R1240T,R-temporal,725.0,-0.013071540994841015,4
R1240T,R-temporal,775.0,-0.02892613760075099,4
R1240T,R-temporal,825.0,-0.12559273679182947,4
R1240T,R-temporal,875.0,-0.03750848481353728,4
R1240T,R-temporal,925.0,0.03218037726259849,4
R1240T,R-temporal,975.0,0.06573398360789212,4
R1240T,R-temporal,1025.0,0.056342443276815424,4
R1240T,R-temporal,1075.0,-0.04346589363043661,4
R1240T,R-temporal,1125.0,-0.009179324035423791,4
R1240T,R-temporal,1175.0,0.09408171631094008,4
R1240T,R-temporal,1225.0,0.06778734012581203,4
R1240T,R-temporal,1275.0,0.04110693082102842,4
R1240T,R-temporal,1325.0,0.024886622033212867,4
R1240T,R-temporal,1375.0,-0.00497487245744738,4
R1240T,R-temporal,1425.0,0.03943125684116355,4
R1240T,R-temporal,1475.0,0.06548152859223504,4
R1240T,R-temporal,1525.0,0.06254922322859813,4
R1240T,R-temporal,1575.0,-0.01780924666449373,4
R1243T,L-frontal,25.0,0.06963812057572079,20
R1243T,L-frontal,75.0,0.057898877477911094,20
R1243T,L-frontal,125.0,-0.01789058084919078,20
R1243T,L-frontal,175.0,-0.009231007833210954,20
R1243T,L-frontal,225.0,-0.02093777651672233,20
R1243T,L-frontal,275.0,0.0020468069831659167,20
R1243T,L-frontal,325.0,-0.018005600904351004,20
R1243T,L-frontal,375.0,0.011625046277958026,20
R1243T,L-frontal,425.0,0.03621471777857574,20
R1243T,L-frontal,475.0,-0.04287994926788742,20
R1243T,L-frontal,525.0,0.06030598761074772,20
R1243T,L-frontal,575.0,0.05630479739590055,20
R1243T,L-frontal,625.0,0.04673698650680082,20
R1243T,L-frontal,675.0,-0.024015613529413525,20
R1243T,L-frontal,725.0,0.07806596859487025,20
R1243T,L-frontal,775.0,0.08644218752492486,20
R1243T,L-frontal,825.0,0.04898852883908976,20
R1243T,L-frontal,875.0,0.08393563258933401,20
R1243T,L-frontal,925.0,0.03719109209732531,20
R1243T,L-frontal,975.0,0.05112368411502329,20
R1243T,L-frontal,1025.0,0.07918711535963593,20
R1243T,L-frontal,1075.0,0.07409045553115265,20
R1243T,L-frontal,1125.0,0.0059966421158248115,20
R1243T,L-frontal,1175.0,-0.020322444186818923,20
R1243T,L-frontal,1225.0,0.02544302015226322,20
R1243T,L-frontal,1275.0,0.03393906665107606,20
R1243T,L-frontal,1325.0,0.015319345070268211,20
R1243T,L-frontal,1375.0,0.011224003060230713,20
R1243T,L-frontal,1425.0,0.041956141810485806,20
R1243T,L-frontal,1475.0,-0.016400225446817403,20
R1243T,L-frontal,1525.0,0.025755076085610035,20
R1243T,L-frontal,1575.0,0.06904727316372505,20
R1243T,L-parietal,25.0,0.0475554518681994,9
R1243T,L-parietal,75.0,0.1078025576041095,9
R1243T,L-parietal,125.0,0.025407978274765115,9
R1243T,L-parietal,175.0,0.00923855981717333,9
R1243T,L-parietal,225.0,-0.023578113857194032,9
R1243T,L-parietal,275.0,0.008941622607273726,9
R1243T,L-parietal,325.0,-0.009558774778292499,9
R1243T,L-parietal,375.0,0.0059814059713462825,9
R1243T,L-parietal,425.0,0.06361374341143756,9
R1243T,L-parietal,475.0,-0.049940074678040534,9
R1243T,L-parietal,525.0,0.054024111849985866,9
R1243T,L-parietal,575.0,0.0350682726728225,9
R1243T,L-parietal,625.0,0.03893383151533858,9
R1243T,L-parietal,675.0,-0.03390708377622204,9
R1243T,L-parietal,725.0,0.06831466516023953,9
R1243T,L-parietal,775.0,0.07134250328128876,9
R1243T,L-parietal,825.0,0.04072382120437858,9
R1243T,L-parietal,875.0,0.07416759066252891,9
R1243T,L-parietal,925.0,0.019258741810736044,9
R1243T,L-parietal,975.0,0.03696216245024515,9
R1243T,L-parietal,1025.0,0.0785565455663435,9
R1243T,L-parietal,1075.0,0.055792121549486456,9
R1243T,L-parietal,1125.0,0.030746946653790352,9
R1243T,L-parietal,1175.0,-0.03976604591811279,9
R1243T,L-parietal,1225.0,0.016297139488201124,9
R1243T,L-parietal,1275.0,0.046574774568829705,9
R1243T,L-parietal,1325.0,0.0313423462594359,9
R1243T,L-parietal,1375.0,-0.010295257408014933,9
R1243T,L-parietal,1425.0,0.04597950236357477,9
R1243T,L-parietal,1475.0,-0.007517332975814849,9
R1243T,L-parietal,1525.0,0.02378792995113938,9
R1243T,L-parietal,1575.0,0.06551207721345083,9
R1243T,L-temporal,25.0,0.0519604042390074,27
R1243T,L-temporal,75.0,0.08197083266267516,27
R1243T,L-temporal,125.0,-0.021177683412281476,27
R1243T,L-temporal,175.0,-0.0019701851126378294,27
R1243T,L-temporal,225.0,-0.018139664876554037,27
R1243T,L-temporal,275.0,0.009337151611424377,27
R1243T,L-temporal,325.0,-0.013322253981600286,27
R1243T,L-temporal,375.0,-0.006780027543532184,27
R1243T,L-temporal,425.0,0.04347978322457827,27
R1243T,L-temporal,475.0,-0.0342487172558434,27
R1243T,L-temporal,525.0,0.06035559316265351,27
R1243T,L-temporal,575.0,0.053616111801703885,27
R1243T,L-temporal,625.0,0.05858582600086924,27
R1243T,L-temporal,675.0,-0.011826165141289691,27
R1243T,L-temporal,725.0,0.07751314252432716,27
R1243T,L-temporal,775.0,0.07592668078338437,27
R1243T,L-temporal,825.0,0.038728241302302326,27
R1243T,L-temporal,875.0,0.0759421806566526,27
R1243T,L-temporal,925.0,0.021420016742018336,27
R1243T,L-temporal,975.0,0.0342841780365797,27
R1243T,L-temporal,1025.0,0.06114286680363249,27
R1243T,L-temporal,1075.0,0.06077253902423406,27
R1243T,L-temporal,1125.0,0.019220305662339603,27
R1243T,L-temporal,1175.0,-0.028744156448311447,27
R1243T,L-temporal,1225.0,0.022509258780257647,27
R1243T,L-temporal,1275.0,0.03531429209440515,27
R1243T,L-temporal,1325.0,0.016074691660153,27
R1243T,L-temporal,1375.0,-0.004180988371868092,27
R1243T,L-temporal,1425.0,0.03471055860657417,27
R1243T,L-temporal,1475.0,-0.01870533691334209,27
R1243T,L-temporal,1525.0,0.028865095216717578,27
R1243T,L-temporal,1575.0,0.05121290333227352,27
R1243T,R-temporal,25.0,0.01852730102415338,3
R1243T,R-temporal,75.0,0.037456955136326596,3
R1243T,R-temporal,125.0,-0.023261752389524697,3
R1243T,R-temporal,175.0,-0.023230274991670855,3
R1243T,R-temporal,225.0,-0.025381589394339907,3
R1243T,R-temporal,275.0,0.010273638257150546,3
R1243T,R-temporal,325.0,-0.03845287447066069,3
R1243T,R-temporal,375.0,0.023841769573134136,3
R1243T,R-temporal,425.0,0.056388405422761655,3
R1243T,R-temporal,475.0,-0.04817988354394429,3
R1243T,R-temporal,525.0,0.04799021182174157,3
R1243T,R-temporal,575.0,0.006389969840365903,3
R1243T,R-temporal,625.0,0.011090145544104249,3
R1243T,R-temporal,675.0,-0.01204337820055696,3
R1243T,R-temporal,725.0,0.08151133191212169,3
R1243T,R-temporal,775.0,0.08226164222545583,3
R1243T,R-temporal,825.0,0.08932257356198757,3
R1243T,R-temporal,875.0,0.08011786721541345,3
R1243T,R-temporal,925.0,0.049460782862036375,3
R1243T,R-temporal,975.0,0.055618022992428205,3
R1243T,R-temporal,1025.0,0.08029679110433487,3
R1243T,R-temporal,1075.0,0.06952760404811299,3
R1243T,R-temporal,1125.0,0.059417130760464794,3
R1243T,R-temporal,1175.0,0.01090912325157472,3
R1243T,R-temporal,1225.0,0.024115601902219643,3
R1243T,R-temporal,1275.0,0.06352305413168118,3
R1243T,R-temporal,1325.0,0.03653447527539458,3
R1243T,R-temporal,1375.0,0.00032972082552656126,3
R1243T,R-temporal,1425.0,0.022478000586806227,3
R1243T,R-temporal,1475.0,-0.02882210191312468,3
R1243T,R-temporal,1525.0,0.03184245151611693,3
R1243T,R-temporal,1575.0,0.05729629436263411,3
R1247P,L-frontal,25.0,0.023122082429646647,10
R1247P,L-frontal,75.0,0.030411957278176305,10
R1247P,L-frontal,125.0,-0.038621628037463294,10
R1247P,L-frontal,175.0,-0.013886955344540545,10
R1247P,L-frontal,225.0,0.005940658452280383,10
R1247P,L-frontal,275.0,-0.008873187860876501,10
R1247P,L-frontal,325.0,-0.0025705910950607506,10
R1247P,L-frontal,375.0,-0.036005835361442765,10
R1247P,L-frontal,425.0,-0.0406640379285121,10
R1247P,L-frontal,475.0,-0.10061913851260532,10
R1247P,L-frontal,525.0,-0.06768425767644161,10
R1247P,L-frontal,575.0,-0.034079196544022125,10
R1247P,L-frontal,625.0,-0.06204482591073427,10
R1247P,L-frontal,675.0,-0.022928641878658458,10
R1247P,L-frontal,725.0,-0.07803129907839304,10
R1247P,L-frontal,775.0,-0.060305440549268674,10
R1247P,L-frontal,825.0,-0.07348452928978536,10
R1247P,L-frontal,875.0,-0.03145384202132453,10
R1247P,L-frontal,925.0,-0.04594840996682462,10
R1247P,L-frontal,975.0,-0.025905239336569914,10
R1247P,L-frontal,1025.0,-0.036388861712939535,10
R1247P,L-frontal,1075.0,-0.008010762579516533,10
R1247P,L-frontal,1125.0,-0.0009014540932139319,10
R1247P,L-frontal,1175.0,-0.019515409036801747,10
R1247P,L-frontal,1225.0,0.007218617976396944,10
R1247P,L-frontal,1275.0,-0.04012668104293006,10
R1247P,L-frontal,1325.0,0.030669728309826727,10
R1247P,L-frontal,1375.0,-0.009067565932924392,10
R1247P,L-frontal,1425.0,0.009781741287386639,10
R1247P,L-frontal,1475.0,0.061915690488040874,10
R1247P,L-frontal,1525.0,0.035403318506435265,10
R1247P,L-frontal,1575.0,0.0023676874214631854,10
R1247P,L-temporal,25.0,0.0003355862945857213,5
R1247P,L-temporal,75.0,-0.03669174690110278,5
R1247P,L-temporal,125.0,-0.05939844950857416,5
R1247P,L-temporal,175.0,-0.0004596851500782692,5
R1247P,L-temporal,225.0,-0.027132131536169935,5
R1247P,L-temporal,275.0,0.025697434173680832,5
R1247P,L-temporal,325.0,0.0003264012234117625,5
R1247P,L-temporal,375.0,-0.009243104736177227,5
R1247P,L-temporal,425.0,0.07711261763885498,5
R1247P,L-temporal,475.0,0.0717018905192717,5
R1247P,L-temporal,525.0,0.054149629547536125,5
R1247P,L-temporal,575.0,-0.00618568957236561,5
R1247P,L-temporal,625.0,-0.013645913416761402,5
R1247P,L-temporal,675.0,0.004003997108472937,5
R1247P,L-temporal,725.0,-0.0837580344131892,5
R1247P,L-temporal,775.0,-0.08660156741215236,5
R1247P,L-temporal,825.0,-0.11166658843384339,5
R1247P,L-temporal,875.0,0.029835431132831207,5
R1247P,L-temporal,925.0,-0.05148629285341233,5
R1247P,L-temporal,975.0,-0.06085526049261952,5
R1247P,L-temporal,1025.0,-0.0297436156664752,5
R1247P,L-temporal,1075.0,-0.129454653803263,5
R1247P,L-temporal,1125.0,-0.08798454811986048,5
R1247P,L-temporal,1175.0,-0.042108622099583395,5
R1247P,L-temporal,1225.0,-0.11080433018382177,5
R1247P,L-temporal,1275.0,-0.010667822900522107,5
R1247P,L-temporal,1325.0,-0.007928701979839036,5
R1247P,L-temporal,1375.0,-0.09366458313370762,5
R1247P,L-temporal,1425.0,-0.037071553394574894,5
R1247P,L-temporal,1475.0,-0.03243411542315917,5
R1247P,L-temporal,1525.0,-0.0263144170953716,5
R1247P,L-temporal,1575.0,-0.0946062544454442,5
R1247P,R-frontal,25.0,-0.007766372875669442,5
R1247P,R-frontal,75.0,0.044603585983198746,5
R1247P,R-frontal,125.0,0.04113343204701571,5
R1247P,R-frontal,175.0,0.01474171111348356,5
R1247P,R-frontal,225.0,-0.009319550375737265,5
R1247P,R-frontal,275.0,-0.04961362200186599,5
R1247P,R-frontal,325.0,-0.06883665086787566,5
R1247P,R-frontal,375.0,-0.09642845092887012,5
R1247P,R-frontal,425.0,-0.010517360389224458,5
R1247P,R-frontal,475.0,0.017748056168602415,5
R1247P,R-frontal,525.0,-0.05389874003665309,5
R1247P,R-frontal,575.0,-0.009267674865417103,5
R1247P,R-frontal,625.0,0.08940498716938179,5
R1247P,R-frontal,675.0,0.06509995709659387,5
R1247P,R-frontal,725.0,0.0072116684946738575,5
R1247P,R-frontal,775.0,0.04361851733833451,5
R1247P,R-frontal,825.0,-0.00011170162077505843,5
R1247P,R-frontal,875.0,0.00637316333586925,5
R1247P,R-frontal,925.0,0.06179207007810698,5
R1247P,R-frontal,975.0,0.03252113868461089,5
R1247P,R-frontal,1025.0,0.05477236505837725,5
R1247P,R-frontal,1075.0,-0.024565194405880685,5
R1247P,R-frontal,1125.0,-0.018086953238770468,5
R1247P,R-frontal,1175.0,-0.0034878789064106976,5
R1247P,R-frontal,1225.0,0.025521445710210217,5
R1247P,R-frontal,1275.0,0.03225737654060792,5
R1247P,R-frontal,1325.0,-0.08120956545673179,5
R1247P,R-frontal,1375.0,-0.021417997375053382,5
R1247P,R-frontal,1425.0,-0.016819312476780722,5
R1247P,R-frontal,1475.0,-0.007066144085868459,5
R1247P,R-frontal,1525.0,-0.013894022963813438,5
R1247P,R-frontal,1575.0,0.013421926071637166,5
R1247P,R-temporal,25.0,-0.0009250801227305381,6
R1247P,R-temporal,75.0,0.05905900656594429,6
R1247P,R-temporal,125.0,0.05740766280681291,6
R1247P,R-temporal,175.0,-0.02146364262204256,6
R1247P,R-temporal,225.0,0.008597213285140945,6
R1247P,R-temporal,275.0,-0.01236595697131414,6
R1247P,R-temporal,325.0,-0.04833294112518926,6
R1247P,R-temporal,375.0,0.017206149462055738,6
R1247P,R-temporal,425.0,-0.02883698056819779,6
R1247P,R-temporal,475.0,-0.009543844396803391,6
R1247P,R-temporal,525.0,-0.023257463637521392,6
R1247P,R-temporal,575.0,0.044331972145642516,6
R1247P,R-temporal,625.0,7.752876272537391e-05,6
R1247P,R-temporal,675.0,-0.06026281118024962,6
R1247P,R-temporal,725.0,-0.028566451632472,6
R1247P,R-temporal,775.0,0.03323667662498633,6
R1247P,R-temporal,825.0,-0.012652000039777025,6
R1247P,R-temporal,875.0,-0.053264640383293566,6
R1247P,R-temporal,925.0,-0.07670242382004246,6
R1247P,R-temporal,975.0,0.022725763069961918,6
R1247P,R-temporal,1025.0,0.02480081697798846,6
R1247P,R-temporal,1075.0,-0.004286958292344294,6
R1247P,R-temporal,1125.0,0.0018951969225058513,6
R1247P,R-temporal,1175.0,0.031719232354228036,6
R1247P,R-temporal,1225.0,-0.02131075251271891,6
R1247P,R-temporal,1275.0,-0.04964335814368089,6
R1247P,R-temporal,1325.0,-0.041813640796017605,6
R1247P,R-temporal,1375.0,-0.02387572804333614,6
R1247P,R-temporal,1425.0,-0.08831565009309654,6
R1247P,R-temporal,1475.0,0.060259057379806184,6
R1247P,R-temporal,1525.0,0.02098117359460545,6
R1247P,R-temporal,1575.0,-0.008940578538707077,6
R1250N,L-frontal,25.0,0.00501916487095466,4
R1250N,L-frontal,75.0,-0.001181780479133556,4
R1250N,L-frontal,125.0,0.0030705360936467553,4
R1250N,L-frontal,175.0,-0.0007821846202664571,4
R1250N,L-frontal,225.0,-0.006449430777430923,4
R1250N,L-frontal,275.0,0.003846475556293403,4
R1250N,L-frontal,325.0,-0.021471347440577902,4
R1250N,L-frontal,375.0,-0.036497519843715895,4
R1250N,L-frontal,425.0,-0.026145707185259496,4
R1250N,L-frontal,475.0,-0.04760204889048085,4
R1250N,L-frontal,525.0,-0.027447112941804977,4
R1250N,L-frontal,575.0,-0.03751782962304733,4
R1250N,L-frontal,625.0,-0.05129929380414108,4
R1250N,L-frontal,675.0,-0.047390931790948186,4
R1250N,L-frontal,725.0,-0.07045980740188917,4
R1250N,L-frontal,775.0,-0.024771977175993786,4
R1250N,L-frontal,825.0,0.014870808855097907,4
R1250N,L-frontal,875.0,0.0373456131802416,4
R1250N,L-frontal,925.0,0.03713125177353728,4
R1250N,L-frontal,975.0,0.041053644223340055,4
R1250N,L-frontal,1025.0,0.025223829784641348,4
R1250N,L-frontal,1075.0,-0.005252949923165614,4
R1250N,L-frontal,1125.0,-0.011720838878165319,4
R1250N,L-frontal,1175.0,-0.021407834477663614,4
R1250N,L-frontal,1225.0,-0.04616547035690785,4
R1250N,L-frontal,1275.0,-0.027331488874524516,4
R1250N,L-frontal,1325.0,-0.02823105323091871,4
R1250N,L-frontal,1375.0,-0.022650243393725598,4
R1250N,L-frontal,1425.0,-0.0029911018989313165,4
R1250N,L-frontal,1475.0,0.005955386573010608,4
R1250N,L-frontal,1525.0,-0.006330957758099248,4
R1250N,L-frontal,1575.0,-0.04105805292392829,4
R1250N,L-occipital,25.0,-0.00805025039140794,4
R1250N,L-occipital,75.0,-0.01374164021163974,4
R1250N,L-occipital,125.0,-0.044307818889600434,4
R1250N,L-occipital,175.0,-0.02616645402611944,4
R1250N,L-occipital,225.0,-0.0680323361604885,4
R1250N,L-occipital,275.0,-0.03597014850837711,4
R1250N,L-occipital,325.0,-0.03814384110082403,4
R1250N,L-occipital,375.0,-0.046187340571670295,4
R1250N,L-occipital,425.0,-0.02187890040410246,4
R1250N,L-occipital,475.0,-0.048448559631057875,4
R1250N,L-occipital,525.0,-0.029259497516640035,4
R1250N,L-occipital,575.0,-0.0192586620794936,4
R1250N,L-occipital,625.0,-0.058193148693974725,4
R1250N,L-occipital,675.0,-0.024225428730417577,4
R1250N,L-occipital,725.0,-0.03117000845211747,4
R1250N,L-occipital,775.0,0.0025627187483466666,4
R1250N,L-occipital,825.0,0.03253088262344888,4
R1250N,L-occipital,875.0,0.03603649549220089,4
R1250N,L-occipital,925.0,0.051944861769067506,4
R1250N,L-occipital,975.0,0.04717348437116855,4
R1250N,L-occipital,1025.0,0.026654635621436353,4
R1250N,L-occipital,1075.0,0.03254748300544541,4
R1250N,L-occipital,1125.0,-0.017607308620692676,4
R1250N,L-occipital,1175.0,0.01311856709137766,4
R1250N,L-occipital,1225.0,-0.0016166513611623303,4
R1250N,L-occipital,1275.0,-0.007260066349943913,4
R1250N,L-occipital,1325.0,-0.008320120499861213,4
R1250N,L-occipital,1375.0,-0.004967594797834342,4
R1250N,L-occipital,1425.0,-0.009816985287728714,4
R1250N,L-occipital,1475.0,-0.014513536729230728,4
R1250N,L-occipital,1525.0,-0.03598645384267208,4
R1250N,L-occipital,1575.0,-0.05518431893017811,4
R1250N,R-frontal,25.0,0.007416248145347069,11
R1250N,R-frontal,75.0,-0.009860373937600357,11
R1250N,R-frontal,125.0,-0.019558539562364443,11
R1250N,R-frontal,175.0,-0.013595808426319977,11
R1250N,R-frontal,225.0,-0.012029237678121267,11
R1250N,R-frontal,275.0,-0.005674470034332134,11
R1250N,R-frontal,325.0,-0.012633099764595835,11
R1250N,R-frontal,375.0,-0.030645202835491634,11
R1250N,R-frontal,425.0,-0.04307657996220324,11
R1250N,R-frontal,475.0,-0.0468264724208902,11
R1250N,R-frontal,525.0,-0.04615494907593951,11
R1250N,R-frontal,575.0,-0.032433777679107,11
R1250N,R-frontal,625.0,-0.05975417337353388,11
R1250N,R-frontal,675.0,-0.061417748747052275,11
R1250N,R-frontal,725.0,-0.057404170926377486,11
R1250N,R-frontal,775.0,-0.02743011091811003,11
R1250N,R-frontal,825.0,0.0037975456029195652,11
R1250N,R-frontal,875.0,0.01703310545934887,11
R1250N,R-frontal,925.0,0.027300178427720943,11
R1250N,R-frontal,975.0,0.027119167516311837,11
R1250N,R-frontal,1025.0,0.00857199940070593,11
R1250N,R-frontal,1075.0,-0.0036894210278836407,11
R1250N,R-frontal,1125.0,-0.02005839947782929,11
R1250N,R-frontal,1175.0,-0.04127445763520437,11
R1250N,R-frontal,1225.0,-0.03821234985090783,11
R1250N,R-frontal,1275.0,-0.044674953002665,11
R1250N,R-frontal,1325.0,-0.04092769173122323,11
R1250N,R-frontal,1375.0,-0.006181485810163093,11
R1250N,R-frontal,1425.0,-0.023422109303713325,11
R1250N,R-frontal,1475.0,0.0032123930646948463,11
R1250N,R-frontal,1525.0,-0.032430910920664434,11
R1250N,R-frontal,1575.0,-0.061745974798469015,11
R1250N,R-occipital,25.0,0.0030104325717334114,32
R1250N,R-occipital,75.0,-0.0007396168495072911,32
R1250N,R-occipital,125.0,0.1399061958021844,32
R1250N,R-occipital,175.0,0.17034107756870887,32
R1250N,R-occipital,225.0,0.0830541361069681,32
R1250N,R-occipital,275.0,0.10698907068670033,32
R1250N,R-occipital,325.0,0.12592215687958058,32
R1250N,R-occipital,375.0,0.13251445730091574,32
R1250N,R-occipital,425.0,0.11783211265528287,32
R1250N,R-occipital,475.0,0.09643972791174317,32
R1250N,R-occipital,525.0,0.1012902597680297,32
R1250N,R-occipital,575.0,0.09426854357082096,32
R1250N,R-occipital,625.0,0.047001003396793264,32
R1250N,R-occipital,675.0,0.04291541771224395,32
R1250N,R-occipital,725.0,0.029088218143799225,32
R1250N,R-occipital,775.0,0.047849072493135844,32
R1250N,R-occipital,825.0,0.06701502790579063,32
R1250N,R-occipital,875.0,0.07446159877971426,32
R1250N,R-occipital,925.0,0.0779988693539282,32
R1250N,R-occipital,975.0,0.061271186124343124,32
R1250N,R-occipital,1025.0,0.0625840360665775,32
R1250N,R-occipital,1075.0,0.05761406222988112,32
R1250N,R-occipital,1125.0,0.0517219302878727,32
R1250N,R-occipital,1175.0,0.033851678175541945,32
R1250N,R-occipital,1225.0,0.039495531921749316,32
R1250N,R-occipital,1275.0,0.035818021542644476,32
R1250N,R-occipital,1325.0,0.046308479019782786,32
R1250N,R-occipital,1375.0,0.07977586847195998,32
R1250N,R-occipital,1425.0,0.06405030392883938,32
R1250N,R-occipital,1475.0,0.07653551577829698,32
R1250N,R-occipital,1525.0,0.04916949384615298,32
R1250N,R-occipital,1575.0,0.02873768935355191,32
R1250N,R-parietal,25.0,-0.0017779059574088135,49
R1250N,R-parietal,75.0,-0.004298756782775606,49
R1250N,R-parietal,125.0,0.0005332589691718926,49
R1250N,R-parietal,175.0,-0.006616573123566091,49
R1250N,R-parietal,225.0,-0.013561307476165461,49
R1250N,R-parietal,275.0,-0.006847632433419057,49
R1250N,R-parietal,325.0,-0.010931059252399239,49
R1250N,R-parietal,375.0,-0.024819907126116144,49
R1250N,R-parietal,425.0,-0.03415987930466726,49
R1250N,R-parietal,475.0,-0.04658119985397367,49
R1250N,R-parietal,525.0,-0.041531218529127834,49
R1250N,R-parietal,575.0,-0.03509708754079031,49
R1250N,R-parietal,625.0,-0.06664987969019613,49
R1250N,R-parietal,675.0,-0.07276138411089582,49
R1250N,R-parietal,725.0,-0.05775589243230959,49
R1250N,R-parietal,775.0,-0.029397023745278823,49
R1250N,R-parietal,825.0,0.00946470703874017,49
R1250N,R-parietal,875.0,0.030719619682639365,49
R1250N,R-parietal,925.0,0.037682025370359494,49
R1250N,R-parietal,975.0,0.025214855121956144,49
R1250N,R-parietal,1025.0,0.011603674535025496,49
R1250N,R-parietal,1075.0,-0.005980137464150484,49
R1250N,R-parietal,1125.0,-0.016566569653434126,49
R1250N,R-parietal,1175.0,-0.03582398696249871,49
R1250N,R-parietal,1225.0,-0.03627238737158043,49
R1250N,R-parietal,1275.0,-0.027648369329528556,49
R1250N,R-parietal,1325.0,-0.03249537099045564,49
R1250N,R-parietal,1375.0,-0.021767093668378163,49
R1250N,R-parietal,1425.0,-0.01835469641458686,49
R1250N,R-parietal,1475.0,0.003823342021029293,49
R1250N,R-parietal,1525.0,-0.023730708346591172,49
R1250N,R-parietal,1575.0,-0.05166299504697453,49
R1250N,R-temporal,25.0,0.006909049455604133,15
R1250N,R-temporal,75.0,-0.002982448189300194,15
R1250N,R-temporal,125.0,-0.017477863736773184,15
R1250N,R-temporal,175.0,-0.007388119048041966,15
R1250N,R-temporal,225.0,-0.009657302933740446,15
R1250N,R-temporal,275.0,-0.010252432026878958,15
R1250N,R-temporal,325.0,-0.009997403594572152,15
R1250N,R-temporal,375.0,-0.02498170043518675,15
R1250N,R-temporal,425.0,-0.03085280568627021,15
R1250N,R-temporal,475.0,-0.041187622057248394,15
R1250N,R-temporal,525.0,-0.05218313830661625,15
R1250N,R-temporal,575.0,-0.04231809019090231,15
R1250N,R-temporal,625.0,-0.06332591154978404,15
R1250N,R-temporal,675.0,-0.06088897775692749,15
R1250N,R-temporal,725.0,-0.06847030936633881,15
R1250N,R-temporal,775.0,-0.022707221205999734,15
R1250N,R-temporal,825.0,0.002670258363839741,15
R1250N,R-temporal,875.0,0.024895103665484655,15
R1250N,R-temporal,925.0,0.024767371132650262,15
R1250N,R-temporal,975.0,0.03435766347929717,15
R1250N,R-temporal,1025.0,0.01836615703312688,15
R1250N,R-temporal,1075.0,-0.005955352809303976,15
R1250N,R-temporal,1125.0,-0.016170280612604733,15
R1250N,R-temporal,1175.0,-0.038242723064511146,15
R1250N,R-temporal,1225.0,-0.03638369169737085,15
R1250N,R-temporal,1275.0,-0.04010582963555112,15
R1250N,R-temporal,1325.0,-0.03381876877854895,15
R1250N,R-temporal,1375.0,0.000875106164726232,15
R1250N,R-temporal,1425.0,-0.007496804016136654,15
R1250N,R-temporal,1475.0,0.013268169599921277,15
R1250N,R-temporal,1525.0,-0.027579185259622236,15
R1250N,R-temporal,1575.0,-0.07122694130032475,15
R1264P,L-frontal,25.0,-0.01938639796650659,3
R1264P,L-frontal,75.0,0.029904931706928244,3
R1264P,L-frontal,125.0,-0.056871456413373656,3
R1264P,L-frontal,175.0,0.012647794783433815,3
R1264P,L-frontal,225.0,0.07532178792425483,3
R1264P,L-frontal,275.0,0.04996205175460724,3
R1264P,L-frontal,325.0,-0.09209435116526792,3
R1264P,L-frontal,375.0,-0.02161163131523834,3
R1264P,L-frontal,425.0,-0.002566071911944213,3
R1264P,L-frontal,475.0,-0.04840405265905137,3
R1264P,L-frontal,525.0,-0.13966262272399443,3
R1264P,L-frontal,575.0,-0.11014469745667925,3
R1264P,L-frontal,625.0,-0.09793993543813802,3
R1264P,L-frontal,675.0,-0.16583467599030352,3
R1264P,L-frontal,725.0,-0.06185793287072617,3
R1264P,L-frontal,775.0,-0.047610581953645335,3
R1264P,L-frontal,825.0,-0.007947329169425761,3
R1264P,L-frontal,875.0,0.0641275479375223,3
R1264P,L-frontal,925.0,-0.022951751871850497,3
R1264P,L-frontal,975.0,-0.005115572570525947,3
R1264P,L-frontal,1025.0,0.084142419371026,3
R1264P,L-frontal,1075.0,-0.010380768252896364,3
R1264P,L-frontal,1125.0,-0.07877355406771495,3
R1264P,L-frontal,1175.0,-0.08011387887702659,3
R1264P,L-frontal,1225.0,-0.12532400846445022,3
R1264P,L-frontal,1275.0,-0.05465627020890242,3
R1264P,L-frontal,1325.0,0.05178941054355951,3
R1264P,L-frontal,1375.0,0.038327068604348064,3
R1264P,L-frontal,1425.0,-0.005810479702647415,3
R1264P,L-frontal,1475.0,0.036404173140054834,3
R1264P,L-frontal,1525.0,0.013960312002379812,3
R1264P,L-frontal,1575.0,0.004034624093338907,3
R1264P,L-occipital,25.0,0.12279419095050026,6
R1264P,L-occipital,75.0,0.06293930003186184,6
R1264P,L-occipital,125.0,0.16229494560789856,6
R1264P,L-occipital,175.0,0.286530878205543,6
R1264P,L-occipital,225.0,0.12932070204281623,6
R1264P,L-occipital,275.0,0.16109093885038644,6
R1264P,L-occipital,325.0,0.12199113309103397,6
R1264P,L-occipital,375.0,0.16685002427169016,6
R1264P,L-occipital,425.0,0.1364118528759555,6
R1264P,L-occipital,475.0,0.14666735213787538,6
R1264P,L-occipital,525.0,0.13033609667110893,6
R1264P,L-occipital,575.0,0.04856439686574654,6
R1264P,L-occipital,625.0,-0.00874569213792586,6
R1264P,L-occipital,675.0,-0.10407416655976837,6
R1264P,L-occipital,725.0,-0.070817131983355,6
R1264P,L-occipital,775.0,-0.0714110342316021,6
R1264P,L-occipital,825.0,-0.04022655203569765,6
R1264P,L-occipital,875.0,-0.0980243620032603,6
R1264P,L-occipital,925.0,-0.10313894592925456,6
R1264P,L-occipital,975.0,-0.06547886468672502,6
R1264P,L-occipital,1025.0,0.01951526234400708,6
R1264P,L-occipital,1075.0,0.044573372933293776,6
R1264P,L-occipital,1125.0,0.013920721983815642,6
R1264P,L-occipital,1175.0,0.05536294240305526,6
R1264P,L-occipital,1225.0,-0.026082924139552918,6
R1264P,L-occipital,1275.0,0.020980017048982558,6
R1264P,L-occipital,1325.0,0.006926171019834742,6
R1264P,L-occipital,1375.0,-0.018171509439103856,6
R1264P,L-occipital,1425.0,-0.09908563642361647,6
R1264P,L-occipital,1475.0,-0.06950423942434208,6
R1264P,L-occipital,1525.0,-0.019275343839541322,6
R1264P,L-occipital,1575.0,-0.015126948146725402,6
R1264P,L-temporal,25.0,-0.0048046960754259726,7
R1264P,L-temporal,75.0,0.0741698651674505,7
R1264P,L-temporal,125.0,0.11884643046319855,7
R1264P,L-temporal,175.0,0.34579499029089217,7
R1264P,L-temporal,225.0,0.2794689692806905,7
R1264P,L-temporal,275.0,0.35476912370718344,7
R1264P,L-temporal,325.0,0.36370251617561383,7
R1264P,L-temporal,375.0,0.29521879340881624,7
R1264P,L-temporal,425.0,0.26336098724701135,7
R1264P,L-temporal,475.0,0.23886988628267275,7
R1264P,L-temporal,525.0,0.15716075083024758,7
R1264P,L-temporal,575.0,0.13057031010112644,7
R1264P,L-temporal,625.0,0.01062585520741113,7
R1264P,L-temporal,675.0,0.0030852192687551255,7
R1264P,L-temporal,725.0,-0.06327919035383031,7
R1264P,L-temporal,775.0,-0.048683857118863284,7
R1264P,L-temporal,825.0,-0.0041660655659570495,7
R1264P,L-temporal,875.0,0.03056192291378976,7
R1264P,L-temporal,925.0,-0.0719186390658616,7
R1264P,L-temporal,975.0,-0.04953748023822129,7
R1264P,L-temporal,1025.0,-0.06406157345239145,7
R1264P,L-temporal,1075.0,-0.054417383908813476,7
R1264P,L-temporal,1125.0,-0.10471110237504341,7
R1264P,L-temporal,1175.0,-0.024285104871967462,7
R1264P,L-temporal,1225.0,-0.018203290447179134,7
R1264P,L-temporal,1275.0,-0.04682408419109467,7
R1264P,L-temporal,1325.0,0.003079989207616709,7
R1264P,L-temporal,1375.0,-0.059859486990928946,7
R1264P,L-temporal,1425.0,-0.025628723676874385,7
R1264P,L-temporal,1475.0,-0.037129272645201175,7
R1264P,L-temporal,1525.0,-0.061500701250804715,7
R1264P,L-temporal,1575.0,-0.08797214105030395,7
R1274T,L-temporal,25.0,0.037143498691214444,9
R1274T,L-temporal,75.0,-0.010690010522392629,9
R1274T,L-temporal,125.0,-0.0470693068612599,9
R1274T,L-temporal,175.0,-0.03156326948690331,9
R1274T,L-temporal,225.0,0.01602532013746868,9
R1274T,L-temporal,275.0,0.02039527831460977,9
R1274T,L-temporal,325.0,-0.014292059300112545,9
R1274T,L-temporal,375.0,-0.009442589227687183,9
R1274T,L-temporal,425.0,0.02030617439855695,9
R1274T,L-temporal,475.0,-0.003307809231151221,9
R1274T,L-temporal,525.0,0.017835283931768555,9
R1274T,L-temporal,575.0,-0.014509147102562674,9
R1274T,L-temporal,625.0,-0.005916564625818972,9
R1274T,L-temporal,675.0,-0.010474193747675718,9
R1274T,L-temporal,725.0,0.040996674442310956,9
R1274T,L-temporal,775.0,-0.036715680362986815,9
R1274T,L-temporal,825.0,-0.01667965165272766,9
R1274T,L-temporal,875.0,-0.04834370520434367,9
R1274T,L-temporal,925.0,-0.046929531648031264,9
R1274T,L-temporal,975.0,-0.03555442483017398,9
R1274T,L-temporal,1025.0,-0.047706399630245415,9
R1274T,L-temporal,1075.0,0.040355135595985046,9
R1274T,L-temporal,1125.0,0.0489186607485648,9
R1274T,L-temporal,1175.0,-0.006155287838325173,9
R1274T,L-temporal,1225.0,-0.041110847645902525,9
R1274T,L-temporal,1275.0,0.029037496087441685,9
R1274T,L-temporal,1325.0,0.02693241188707076,9
R1274T,L-temporal,1375.0,0.006625038738257123,9
R1274T,L-temporal,1425.0,-0.03448553443533932,9
R1274T,L-temporal,1475.0,0.015095633042782006,9
R1274T,L-temporal,1525.0,0.03588065249556325,9
R1274T,L-temporal,1575.0,0.05681030128173156,9
R1274T,R-frontal,25.0,0.03935367558206832,14
R1274T,R-frontal,75.0,-0.008849045347399236,14
R1274T,R-frontal,125.0,0.006861604502831041,14
R1274T,R-frontal,175.0,0.060384586238799796,14
R1274T,R-frontal,225.0,0.042310248357350144,14
R1274T,R-frontal,275.0,0.03871661210457143,14
R1274T,R-frontal,325.0,0.03205812715705536,14
R1274T,R-frontal,375.0,0.0077952534935742295,14
R1274T,R-frontal,425.0,0.020427262819171944,14
R1274T,R-frontal,475.0,-0.02740954377855442,14
R1274T,R-frontal,525.0,0.0046201765995916915,14
R1274T,R-frontal,575.0,-0.011985980965164745,14
R1274T,R-frontal,625.0,-0.025341112756342318,14
R1274T,R-frontal,675.0,-0.045262624486451554,14
R1274T,R-frontal,725.0,0.017836582106248028,14
R1274T,R-frontal,775.0,-0.045233809319451916,14
R1274T,R-frontal,825.0,-0.05642149221084192,14
R1274T,R-frontal,875.0,-0.01023165361400387,14
R1274T,R-frontal,925.0,-0.001085719354283008,14
R1274T,R-frontal,975.0,0.007732937061007255,14
R1274T,R-frontal,1025.0,-0.022897377553690167,14
R1274T,R-frontal,1075.0,0.009776036397599315,14
R1274T,R-frontal,1125.0,0.003186195962682496,14
R1274T,R-frontal,1175.0,0.04880954464575168,14
R1274T,R-frontal,1225.0,-0.046639642205374976,14
R1274T,R-frontal,1275.0,-0.004568188084803746,14
R1274T,R-frontal,1325.0,0.011391406785919904,14
R1274T,R-frontal,1375.0,0.007767106170772669,14
R1274T,R-frontal,1425.0,0.00802381717180666,14
R1274T,R-frontal,1475.0,0.023402347706156585,14
R1274T,R-frontal,1525.0,0.021069258224134184,14
R1274T,R-frontal,1575.0,0.0018634092015293155,14
R1274T,R-temporal,25.0,-0.0060174733256789,10
R1274T,R-temporal,75.0,0.02212062595042632,10
R1274T,R-temporal,125.0,-0.04354197598514066,10
R1274T,R-temporal,175.0,-0.013829388908931492,10
R1274T,R-temporal,225.0,-0.020667700877936155,10
R1274T,R-temporal,275.0,-0.023144948067563936,10
R1274T,R-temporal,325.0,-0.040366904066120285,10
R1274T,R-temporal,375.0,-0.007597181369867136,10
R1274T,R-temporal,425.0,-0.04958795490702817,10
R1274T,R-temporal,475.0,-0.04886067330072334,10
R1274T,R-temporal,525.0,0.016710922544092833,10
R1274T,R-temporal,575.0,0.005024786468416204,10
R1274T,R-temporal,625.0,0.021789995053566033,10
R1274T,R-temporal,675.0,0.01694903888978272,10
R1274T,R-temporal,725.0,-0.006859676583841278,10
R1274T,R-temporal,775.0,-0.024260887198129005,10
R1274T,R-temporal,825.0,-0.02830915427439932,10
R1274T,R-temporal,875.0,-0.04257286264079535,10
R1274T,R-temporal,925.0,-0.020775480131029905,10
R1274T,R-temporal,975.0,-0.07995468558260822,10
R1274T,R-temporal,1025.0,-0.05288749494659811,10
R1274T,R-temporal,1075.0,-0.01411564343245858,10
R1274T,R-temporal,1125.0,0.03271402441262826,10
R1274T,R-temporal,1175.0,-0.0006849756876113076,10
R1274T,R-temporal,1225.0,-0.025730193957898446,10
R1274T,R-temporal,1275.0,0.029858193246855253,10
R1274T,R-temporal,1325.0,0.011723474768876854,10
R1274T,R-temporal,1375.0,-0.0033004108493176754,10
R1274T,R-temporal,1425.0,-0.005315760072414626,10
R1274T,R-temporal,1475.0,-0.00564278459225977,10
R1274T,R-temporal,1525.0,0.06771565241976218,10
R1274T,R-temporal,1575.0,0.04348704357654544,10
R1275D,L-frontal,25.0,0.03126633468749999,6
R1275D,L-frontal,75.0,0.0580297423345878,6
R1275D,L-frontal,125.0,0.10086260266765425,6
R1275D,L-frontal,175.0,0.34286820147524866,6
R1275D,L-frontal,225.0,0.4752655303272016,6
R1275D,L-frontal,275.0,0.5424290997779788,6
R1275D,L-frontal,325.0,0.6237929125886136,6
R1275D,L-frontal,375.0,0.5732695250021407,6
R1275D,L-frontal,425.0,0.5863872020489344,6
R1275D,L-frontal,475.0,0.5457742993283128,6
R1275D,L-frontal,525.0,0.4711888127383553,6
R1275D,L-frontal,575.0,0.43145973151716577,6
R1275D,L-frontal,625.0,0.4045971278195826,6
R1275D,L-frontal,675.0,0.3698233450993797,6
R1275D,L-frontal,725.0,0.40592533328805896,6
R1275D,L-frontal,775.0,0.3424586458845491,6
R1275D,L-frontal,825.0,0.3667920358295161,6
R1275D,L-frontal,875.0,0.30884839065691233,6
R1275D,L-frontal,925.0,0.30156748571256803,6
R1275D,L-frontal,975.0,0.2763997983664031,6
R1275D,L-frontal,1025.0,0.2703560413276031,6
R1275D,L-frontal,1075.0,0.2620196451231297,6
R1275D,L-frontal,1125.0,0.2243590237911817,6
R1275D,L-frontal,1175.0,0.1719370741896058,6
R1275D,L-frontal,1225.0,0.13030922094883776,6
R1275D,L-frontal,1275.0,0.15418784796199422,6
R1275D,L-frontal,1325.0,0.1281332822857064,6
R1275D,L-frontal,1375.0,0.09618137696792155,6
R1275D,L-frontal,1425.0,0.10563280292862692,6
R1275D,L-frontal,1475.0,0.08475589423937196,6
R1275D,L-frontal,1525.0,0.08433029850472427,6
R1275D,L-frontal,1575.0,0.03841755939649289,6
R1275D,R-frontal,25.0,-0.028367603114031494,16
R1275D,R-frontal,75.0,0.0336936830702317,16
R1275D,R-frontal,125.0,0.021566194174611773,16
R1275D,R-frontal,175.0,0.022151204663495967,16
R1275D,R-frontal,225.0,0.0025727488355777673,16
R1275D,R-frontal,275.0,0.03237965930914584,16
R1275D,R-frontal,325.0,-0.0007332972731690841,16
R1275D,R-frontal,375.0,-0.007505951352177283,16
R1275D,R-frontal,425.0,-0.00896022287359128,16
R1275D,R-frontal,475.0,-0.021964021770836444,16
R1275D,R-frontal,525.0,-0.03004695940482452,16
R1275D,R-frontal,575.0,-0.0033831925891314573,16
R1275D,R-frontal,625.0,0.002658448490925722,16
R1275D,R-frontal,675.0,0.008296289187205857,16
R1275D,R-frontal,725.0,0.01950449624418147,16
R1275D,R-frontal,775.0,0.025275726326005575,16
R1275D,R-frontal,825.0,0.019243906312348867,16
R1275D,R-frontal,875.0,0.04462210922585943,16
R1275D,R-frontal,925.0,0.01808080820232224,16
R1275D,R-frontal,975.0,0.016453972500898705,16
R1275D,R-frontal,1025.0,0.011533828301038936,16
R1275D,R-frontal,1075.0,0.034895561862940405,16
R1275D,R-frontal,1125.0,0.0329237816480554,16
R1275D,R-frontal,1175.0,0.008756435503688972,16
R1275D,R-frontal,1225.0,-0.00793304001518788,16
R1275D,R-frontal,1275.0,0.004808189051155589,16
R1275D,R-frontal,1325.0,-0.009169062136292063,16
R1275D,R-frontal,1375.0,-0.009430157407998931,16
R1275D,R-frontal,1425.0,0.009227112486964444,16
R1275D,R-frontal,1475.0,-0.0008829527783597718,16
R1275D,R-frontal,1525.0,-0.005804076598450577,16
R1275D,R-frontal,1575.0,-0.006084153261789564,16
R1275D,R-parietal,25.0,-0.024749922885481227,11
R1275D,R-parietal,75.0,0.019645750174507096,11
R1275D,R-parietal,125.0,0.09288713320777499,11
R1275D,R-parietal,175.0,0.22897056838024185,11
R1275D,R-parietal,225.0,0.14387624773903937,11
R1275D,R-parietal,275.0,0.110460579404926,11
R1275D,R-parietal,325.0,0.12433367421197139,11
R1275D,R-parietal,375.0,0.1326918160512733,11
R1275D,R-parietal,425.0,0.10108659066982818,11
R1275D,R-parietal,475.0,0.11839570783504648,11
R1275D,R-parietal,525.0,0.10977232523689616,11
R1275D,R-parietal,575.0,0.10267637930899363,11
R1275D,R-parietal,625.0,0.09246770788781472,11
R1275D,R-parietal,675.0,0.11763304933274145,11
R1275D,R-parietal,725.0,0.15556779382674812,11
R1275D,R-parietal,775.0,0.10346714163135574,11
R1275D,R-parietal,825.0,0.1136392952836844,11
R1275D,R-parietal,875.0,0.0806862482309869,11
R1275D,R-parietal,925.0,0.07977455910588512,11
R1275D,R-parietal,975.0,0.07177951321912102,11
R1275D,R-parietal,1025.0,0.07491251161681844,11
R1275D,R-parietal,1075.0,0.04168598496557766,11
R1275D,R-parietal,1125.0,0.04760191014518993,11
R1275D,R-parietal,1175.0,0.044912528693240354,11
R1275D,R-parietal,1225.0,0.05572659373604293,11
R1275D,R-parietal,1275.0,0.05299583659048445,11
R1275D,R-parietal,1325.0,0.02712646390328866,11
R1275D,R-parietal,1375.0,0.007815042632958224,11
R1275D,R-parietal,1425.0,0.04651183433895568,11
R1275D,R-parietal,1475.0,0.048361118309431815,11
R1275D,R-parietal,1525.0,0.030570932145643034,11
R1275D,R-parietal,1575.0,0.02963078943729468,11
R1281E,L-frontal,25.0,-0.0013710555989826696,3
R1281E,L-frontal,75.0,-0.03240706298188605,3
R1281E,L-frontal,125.0,-0.08678771087173565,3
R1281E,L-frontal,175.0,-0.04337317601769556,3
R1281E,L-frontal,225.0,-0.033879940028523715,3
R1281E,L-frontal,275.0,0.014419072949915956,3
R1281E,L-frontal,325.0,-0.04334812245792449,3
R1281E,L-frontal,375.0,-0.023530613872138662,3
R1281E,L-frontal,425.0,-0.05240413761951659,3
R1281E,L-frontal,475.0,-0.03158485816763112,3
R1281E,L-frontal,525.0,-0.02153916732766217,3
R1281E,L-frontal,575.0,0.017305519283220713,3
R1281E,L-frontal,625.0,0.008918620918512983,3
R1281E,L-frontal,675.0,0.060711662443855896,3
R1281E,L-frontal,725.0,0.07185758750907703,3
R1281E,L-frontal,775.0,0.011530676461334951,3
R1281E,L-frontal,825.0,-0.004047825171251,3
R1281E,L-frontal,875.0,-0.027065463215547036,3
R1281E,L-frontal,925.0,-0.038480109669810574,3
R1281E,L-frontal,975.0,0.016051395833803148,3
R1281E,L-frontal,1025.0,0.0021936464946578985,3
R1281E,L-frontal,1075.0,-0.09672632677725462,3
R1281E,L-frontal,1125.0,-0.020383003768571304,3
R1281E,L-frontal,1175.0,-0.0353015756447195,3
R1281E,L-frontal,1225.0,-0.05921187757694659,3
R1281E,L-frontal,1275.0,-0.017084650015869136,3
R1281E,L-frontal,1325.0,-0.030619551989920706,3
R1281E,L-frontal,1375.0,-0.027296921866762733,3
R1281E,L-frontal,1425.0,-0.0220394857773067,3
R1281E,L-frontal,1475.0,-0.008953749840279239,3
R1281E,L-frontal,1525.0,-0.026609440943738877,3
R1281E,L-frontal,1575.0,-0.017614881703450224,3
R1281E,L-temporal,25.0,-0.016600455282960568,25
R1281E,L-temporal,75.0,-0.00240394629001066,25
R1281E,L-temporal,125.0,-0.03648586960733208,25
R1281E,L-temporal,175.0,-0.031270282459613045,25
R1281E,L-temporal,225.0,0.014754315910130681,25
R1281E,L-temporal,275.0,0.016456168367751697,25
R1281E,L-temporal,325.0,0.02231261687173282,25
R1281E,L-temporal,375.0,0.021518446590702497,25
R1281E,L-temporal,425.0,0.014325407334543062,25
R1281E,L-temporal,475.0,0.013257081352004055,25
R1281E,L-temporal,525.0,0.018452440698878053,25
R1281E,L-temporal,575.0,-0.0021670324142290037,25
R1281E,L-temporal,625.0,0.008827327595716526,25
R1281E,L-temporal,675.0,0.030828606381357627,25
R1281E,L-temporal,725.0,0.009667440498577233,25
R1281E,L-temporal,775.0,0.03044879243973091,25
R1281E,L-temporal,825.0,0.005814004660296756,25
R1281E,L-temporal,875.0,-0.0022490363359103168,25
R1281E,L-temporal,925.0,0.008354638514542472,25
R1281E,L-temporal,975.0,0.00777672359953097,25
R1281E,L-temporal,1025.0,0.007971807799705646,25
R1281E,L-temporal,1075.0,-0.003905615681271576,25
R1281E,L-temporal,1125.0,0.00549831736971409,25
R1281E,L-temporal,1175.0,0.003680246906982462,25
R1281E,L-temporal,1225.0,0.0018307238809510016,25
R1281E,L-temporal,1275.0,-0.014408263649556082,25
R1281E,L-temporal,1325.0,-0.009201551747893957,25
R1281E,L-temporal,1375.0,0.0022641131808283184,25
R1281E,L-temporal,1425.0,-0.003816271186523173,25
R1281E,L-temporal,1475.0,-0.001968647518641352,25
R1281E,L-temporal,1525.0,0.008711957179931902,25
R1281E,L-temporal,1575.0,0.00234511051766508,25
R1281E,R-temporal,25.0,-0.030459282934195017,4
R1281E,R-temporal,75.0,-0.06850556477785058,4
R1281E,R-temporal,125.0,-0.10302241859493008,4
R1281E,R-temporal,175.0,-0.05756822091108435,4
R1281E,R-temporal,225.0,-0.04738465381002248,4
R1281E,R-temporal,275.0,-0.03022557724832496,4
R1281E,R-temporal,325.0,-0.0498658460310174,4
R1281E,R-temporal,375.0,-0.07017174430136497,4
R1281E,R-temporal,425.0,-0.042249384664166556,4
R1281E,R-temporal,475.0,-0.06144154517752971,4
R1281E,R-temporal,525.0,-0.02067355112259575,4
R1281E,R-temporal,575.0,0.0021529371666077967,4
R1281E,R-temporal,625.0,-0.032353024881072896,4
R1281E,R-temporal,675.0,0.014879587185551948,4
R1281E,R-temporal,725.0,0.01816342137876549,4
R1281E,R-temporal,775.0,0.015922867125587072,4
R1281E,R-temporal,825.0,0.028910875400589092,4
R1281E,R-temporal,875.0,-0.018803663169485115,4
R1281E,R-temporal,925.0,0.024403747189601137,4
R1281E,R-temporal,975.0,0.033433740392093056,4
R1281E,R-temporal,1025.0,-0.01677549050302432,4
R1281E,R-temporal,1075.0,-0.035086179554268154,4
R1281E,R-temporal,1125.0,-0.000509179525020578,4
R1281E,R-temporal,1175.0,-0.010085223957873915,4
R1281E,R-temporal,1225.0,-0.03214612110594174,4
R1281E,R-temporal,1275.0,-0.05229031186140802,4
R1281E,R-temporal,1325.0,-0.042559212010582825,4
R1281E,R-temporal,1375.0,-0.04377126863524416,4
R1281E,R-temporal,1425.0,-0.007902176123443957,4
R1281E,R-temporal,1475.0,-0.046564726621114695,4
R1281E,R-temporal,1525.0,-0.05690057933043147,4
R1281E,R-temporal,1575.0,-0.015849144118131687,4
R1283T,L-temporal,25.0,-0.026487015681827018,7
R1283T,L-temporal,75.0,-0.050126500884748446,7
R1283T,L-temporal,125.0,-0.04021903867941815,7
R1283T,L-temporal,175.0,-0.052315910436171266,7
R1283T,L-temporal,225.0,-0.04714553814003924,7
R1283T,L-temporal,275.0,-0.019974068181031552,7
R1283T,L-temporal,325.0,0.0088647156087875,7
R1283T,L-temporal,375.0,0.00119466494907229,7
R1283T,L-temporal,425.0,0.02470917564933129,7
R1283T,L-temporal,475.0,-0.018593227872824462,7
R1283T,L-temporal,525.0,-0.05012469151954667,7
R1283T,L-temporal,575.0,0.006699421527477177,7
R1283T,L-temporal,625.0,-0.02408687712517647,7
R1283T,L-temporal,675.0,-0.01552380483039938,7
R1283T,L-temporal,725.0,-0.03757935897694228,7
R1283T,L-temporal,775.0,-0.045030066614396805,7
R1283T,L-temporal,825.0,-0.06748035008960947,7
R1283T,L-temporal,875.0,-0.019920241364706354,7
R1283T,L-temporal,925.0,-0.03582067625642881,7
R1283T,L-temporal,975.0,-0.07233624839061682,7
R1283T,L-temporal,1025.0,-0.04234244456849207,7
R1283T,L-temporal,1075.0,-0.020827875386657955,7
R1283T,L-temporal,1125.0,-0.034853153579935764,7
R1283T,L-temporal,1175.0,-0.008967111340050127,7
R1283T,L-temporal,1225.0,-0.021311964554918992,7
R1283T,L-temporal,1275.0,0.0013313316957919731,7
R1283T,L-temporal,1325.0,-0.005625859837756732,7
R1283T,L-temporal,1375.0,-0.041020224000901155,7
R1283T,L-temporal,1425.0,0.00931108888479766,7
R1283T,L-temporal,1475.0,0.04247317413160556,7
R1283T,L-temporal,1525.0,-0.015312469631642659,7
R1283T,L-temporal,1575.0,0.030548745910758394,7
R1283T,R-occipital,25.0,0.0076260038615395265,5
R1283T,R-occipital,75.0,0.03787407383955085,5
R1283T,R-occipital,125.0,0.022166037772680093,5
R1283T,R-occipital,175.0,-0.019026876265749264,5
R1283T,R-occipital,225.0,0.017246881515515004,5
R1283T,R-occipital,275.0,0.05418519215399009,5
R1283T,R-occipital,325.0,0.03709849580352901,5
R1283T,R-occipital,375.0,-0.011317442297844737,5
R1283T,R-occipital,425.0,0.045250532585815934,5
R1283T,R-occipital,475.0,-0.031932147207612116,5
R1283T,R-occipital,525.0,-0.007161819303807759,5
R1283T,R-occipital,575.0,0.0221361715110295,5
R1283T,R-occipital,625.0,-0.09930950047362821,5
R1283T,R-occipital,675.0,-0.06667503263050814,5
R1283T,R-occipital,725.0,-0.024639406232734556,5
R1283T,R-occipital,775.0,-0.003930398609372045,5
R1283T,R-occipital,825.0,-0.04271657603020714,5
R1283T,R-occipital,875.0,-0.046527269604963964,5
R1283T,R-occipital,925.0,-0.07490062010604594,5
R1283T,R-occipital,975.0,-0.08024008471653671,5
R1283T,R-occipital,1025.0,-0.025022732895682846,5
R1283T,R-occipital,1075.0,-0.0014779943328477201,5
R1283T,R-occipital,1125.0,0.0008744521250350593,5
R1283T,R-occipital,1175.0,0.0310398533010174,5
R1283T,R-occipital,1225.0,0.04636139635607874,5
R1283T,R-occipital,1275.0,0.029362181715660497,5
R1283T,R-occipital,1325.0,0.02128552632075508,5
R1283T,R-occipital,1375.0,-0.040252280350022165,5
R1283T,R-occipital,1425.0,0.0030511047861942224,5
R1283T,R-occipital,1475.0,0.0799936944163592,5
R1283T,R-occipital,1525.0,-0.0032644887636918045,5
R1283T,R-occipital,1575.0,-0.02489517784041941,5
R1283T,R-temporal,25.0,-0.009709297950604859,17
R1283T,R-temporal,75.0,0.006949323624796645,17
R1283T,R-temporal,125.0,-0.00336459352665988,17
R1283T,R-temporal,175.0,-0.01526528068383409,17
R1283T,R-temporal,225.0,-0.04788630553439627,17
R1283T,R-temporal,275.0,-0.020253187272277304,17
R1283T,R-temporal,325.0,-0.030378708466791353,17
R1283T,R-temporal,375.0,-0.03567695286774313,17
R1283T,R-temporal,425.0,0.002058482858981827,17
R1283T,R-temporal,475.0,-0.027812205813935408,17
R1283T,R-temporal,525.0,-0.012023052043729077,17
R1283T,R-temporal,575.0,0.0060868290686516505,17
R1283T,R-temporal,625.0,-0.011342030978772977,17
R1283T,R-temporal,675.0,-0.01696319411158245,17
R1283T,R-temporal,725.0,-0.0032124679580393246,17
R1283T,R-temporal,775.0,-0.02317931915275465,17
R1283T,R-temporal,825.0,-0.013890051662487381,17
R1283T,R-temporal,875.0,-0.017390622098175407,17
R1283T,R-temporal,925.0,-0.027063876989404514,17
R1283T,R-temporal,975.0,-0.02676068692565428,17
R1283T,R-temporal,1025.0,-0.007390537943732177,17
R1283T,R-temporal,1075.0,-0.04429875267365047,17
R1283T,R-temporal,1125.0,-0.05907193828552357,17
R1283T,R-temporal,1175.0,-0.03957581214407807,17
R1283T,R-temporal,1225.0,0.0010107884323926994,17
R1283T,R-temporal,1275.0,0.027175588218199157,17
R1283T,R-temporal,1325.0,0.009805129595931942,17
R1283T,R-temporal,1375.0,-0.0029126777260833365,17
R1283T,R-temporal,1425.0,-0.013934489694526781,17
R1283T,R-temporal,1475.0,0.019461805748653336,17
R1283T,R-temporal,1525.0,0.005166359087077526,17
R1283T,R-temporal,1575.0,0.00025002194955514795,17
R1286J,L-frontal,25.0,0.03541643864771992,6
R1286J,L-frontal,75.0,-0.04316049944362735,6
R1286J,L-frontal,125.0,0.010436166111400259,6
R1286J,L-frontal,175.0,-0.0009590006609922725,6
R1286J,L-frontal,225.0,-0.02717461299569467,6
R1286J,L-frontal,275.0,0.012534945856675084,6
R1286J,L-frontal,325.0,0.132369538197999,6
R1286J,L-frontal,375.0,0.08303528732326854,6
R1286J,L-frontal,425.0,0.01641603321380432,6
R1286J,L-frontal,475.0,-0.02943329822034194,6
R1286J,L-frontal,525.0,0.026599303873656194,6
R1286J,L-frontal,575.0,0.027108301048146006,6
R1286J,L-frontal,625.0,0.028544177896989226,6
R1286J,L-frontal,675.0,0.00801511142268707,6
R1286J,L-frontal,725.0,0.03833040613135597,6
R1286J,L-frontal,775.0,-0.004388824386802555,6
R1286J,L-frontal,825.0,-0.011269477623833677,6
R1286J,L-frontal,875.0,0.030116007476204118,6
R1286J,L-frontal,925.0,0.01006126046728502,6
R1286J,L-frontal,975.0,0.012858859921279706,6
R1286J,L-frontal,1025.0,-0.015555338087917618,6
R1286J,L-frontal,1075.0,-0.031027451285121507,6
R1286J,L-frontal,1125.0,-0.014126907652790845,6
R1286J,L-frontal,1175.0,0.07003949303343454,6
R1286J,L-frontal,1225.0,0.005781418662605148,6
R1286J,L-frontal,1275.0,-0.0035092806922205383,6
R1286J,L-frontal,1325.0,0.016313038360521018,6
R1286J,L-frontal,1375.0,0.05294543619706232,6
R1286J,L-frontal,1425.0,-0.04197237197717526,6
R1286J,L-frontal,1475.0,0.02851803606996722,6
R1286J,L-frontal,1525.0,-0.005072643910888186,6
R1286J,L-frontal,1575.0,-0.03058463326893156,6
R1286J,L-parietal,25.0,0.02473660676232915,16
R1286J,L-parietal,75.0,-0.04708621152322581,16
R1286J,L-parietal,125.0,-0.049510922513783806,16
R1286J,L-parietal,175.0,-0.006940404858007853,16
R1286J,L-parietal,225.0,0.010485625912867521,16
R1286J,L-parietal,275.0,0.015341317001268107,16
R1286J,L-parietal,325.0,0.004175571402983376,16
R1286J,L-parietal,375.0,0.03411285551882374,16
R1286J,L-parietal,425.0,-0.000589899223528219,16
R1286J,L-parietal,475.0,-0.01855408790266143,16
R1286J,L-parietal,525.0,0.0025671107815336074,16
R1286J,L-parietal,575.0,0.035435420473360006,16
R1286J,L-parietal,625.0,-0.013040940956988555,16
R1286J,L-parietal,675.0,0.009677416924881835,16
R1286J,L-parietal,725.0,-0.00041378480717813287,16
R1286J,L-parietal,775.0,0.024854345941069295,16
R1286J,L-parietal,825.0,0.022450069986047178,16
R1286J,L-parietal,875.0,0.024178975126072505,16
R1286J,L-parietal,925.0,-0.0032702676785322377,16
R1286J,L-parietal,975.0,0.007578207143143341,16
R1286J,L-parietal,1025.0,0.009401044024740419,16
R1286J,L-parietal,1075.0,-0.005499904040405086,16
R1286J,L-parietal,1125.0,0.04876915479201967,16
R1286J,L-parietal,1175.0,0.052203971384988446,16
R1286J,L-parietal,1225.0,-0.0047026929129779516,16
R1286J,L-parietal,1275.0,-0.000658050168625818,16
R1286J,L-parietal,1325.0,0.018251726234679376,16
R1286J,L-parietal,1375.0,0.017588246678720092,16
R1286J,L-parietal,1425.0,-0.02016616051455721,16
R1286J,L-parietal,1475.0,-0.02701665808640411,16
R1286J,L-parietal,1525.0,-0.02131955076289574,16
R1286J,L-parietal,1575.0,-0.0148274228825097,16
R1286J,L-temporal,25.0,-0.027410327184674302,8
R1286J,L-temporal,75.0,0.011186998733818204,8
R1286J,L-temporal,125.0,-0.05293050108850596,8
R1286J,L-temporal,175.0,-0.0008613759373746234,8
R1286J,L-temporal,225.0,0.02532024051442014,8
R1286J,L-temporal,275.0,-0.02791185957152585,8
R1286J,L-temporal,325.0,0.02199560906641715,8
R1286J,L-temporal,375.0,0.04099028202905212,8
R1286J,L-temporal,425.0,0.12517218639809938,8
R1286J,L-temporal,475.0,0.02454081139299237,8
R1286J,L-temporal,525.0,0.011390876011510556,8
R1286J,L-temporal,575.0,-0.06739757804168373,8
R1286J,L-temporal,625.0,-0.03491764079587049,8
R1286J,L-temporal,675.0,-0.04263669697580816,8
R1286J,L-temporal,725.0,-0.022051343617861003,8
R1286J,L-temporal,775.0,-0.003183025609048453,8
R1286J,L-temporal,825.0,-0.018240024668521482,8
R1286J,L-temporal,875.0,-0.026755676436696102,8
R1286J,L-temporal,925.0,0.026945611360701123,8
R1286J,L-temporal,975.0,0.004016600402920643,8
R1286J,L-temporal,1025.0,-0.0033699184602895053,8
R1286J,L-temporal,1075.0,0.010594052046872592,8
R1286J,L-temporal,1125.0,0.03993345129459179,8
R1286J,L-temporal,1175.0,-0.014348281276741273,8
R1286J,L-temporal,1225.0,-0.029583426411464324,8
R1286J,L-temporal,1275.0,0.029238568479758094,8
R1286J,L-temporal,1325.0,0.019686938813553635,8
R1286J,L-temporal,1375.0,-0.025504719430740848,8
R1286J,L-temporal,1425.0,-0.0656936920009721,8
R1286J,L-temporal,1475.0,0.05858273006180423,8
R1286J,L-temporal,1525.0,-0.05699802401143174,8
R1286J,L-temporal,1575.0,-0.015938369967780034,8
R1288P,L-parietal,25.0,-0.07578588079436094,3
R1288P,L-parietal,75.0,0.006401513550927854,3
R1288P,L-parietal,125.0,-0.044895849922455856,3
R1288P,L-parietal,175.0,0.059383022990055136,3
R1288P,L-parietal,225.0,0.014399956225419154,3
R1288P,L-parietal,275.0,-0.06968403159035669,3
R1288P,L-parietal,325.0,0.050122196984705915,3
R1288P,L-parietal,375.0,0.04768083567426066,3
R1288P,L-parietal,425.0,0.034901676492856845,3
R1288P,L-parietal,475.0,0.08531144646280599,3
R1288P,L-parietal,525.0,0.01755820862715365,3
R1288P,L-parietal,575.0,-0.0025607023030414303,3
R1288P,L-parietal,625.0,0.09437669627440497,3
R1288P,L-parietal,675.0,0.025571371751292774,3
R1288P,L-parietal,725.0,0.0030564718798631366,3
R1288P,L-parietal,775.0,0.021040008073141506,3
R1288P,L-parietal,825.0,0.06434309325882163,3
R1288P,L-parietal,875.0,0.052100976386681784,3
R1288P,L-parietal,925.0,0.09370550782599257,3
R1288P,L-parietal,975.0,0.06039304360427842,3
R1288P,L-parietal,1025.0,0.01585619446760073,3
R1288P,L-parietal,1075.0,-0.010851943795408853,3
R1288P,L-parietal,1125.0,-0.032309633675551376,3
R1288P,L-parietal,1175.0,-0.007595282985460532,3
R1288P,L-parietal,1225.0,-0.004076878220329736,3
R1288P,L-parietal,1275.0,0.0419743582712076,3
R1288P,L-parietal,1325.0,-0.06272222004880346,3
R1288P,L-parietal,1375.0,-0.0643850399965339,3
R1288P,L-parietal,1425.0,0.003270600401586285,3
R1288P,L-parietal,1475.0,0.06009386836670428,3
R1288P,L-parietal,1525.0,0.09670156543931353,3
R1288P,L-parietal,1575.0,-0.12264529804910157,3
R1288P,L-temporal,25.0,-0.035172261877332536,7
R1288P,L-temporal,75.0,-0.022960942611828305,7
R1288P,L-temporal,125.0,-0.011936670312357399,7
R1288P,L-temporal,175.0,-0.0027533120376462363,7
R1288P,L-temporal,225.0,0.02158634302725058,7
R1288P,L-temporal,275.0,0.09883684224999044,7
R1288P,L-temporal,325.0,0.045007973966149514,7
R1288P,L-temporal,375.0,0.02665203845426308,7
R1288P,L-temporal,425.0,0.03455665347769564,7
R1288P,L-temporal,475.0,0.03095528667043157,7
R1288P,L-temporal,525.0,0.0149586778054663,7
R1288P,L-temporal,575.0,-0.0015515528817560073,7
R1288P,L-temporal,625.0,-0.005397592760765283,7
R1288P,L-temporal,675.0,0.05595021962454892,7
R1288P,L-temporal,725.0,0.10963495103001912,7
R1288P,L-temporal,775.0,0.09386898502997308,7
R1288P,L-temporal,825.0,0.05161278615635536,7
R1288P,L-temporal,875.0,-0.0058417258439621336,7
R1288P,L-temporal,925.0,0.050492465452103605,7
R1288P,L-temporal,975.0,0.05765233878073624,7
R1288P,L-temporal,1025.0,0.03341187036409352,7
R1288P,L-temporal,1075.0,0.04012457527433626,7
R1288P,L-temporal,1125.0,-0.007562565983749533,7
R1288P,L-temporal,1175.0,0.01616993833487183,7
R1288P,L-temporal,1225.0,0.02627944168105138,7
R1288P,L-temporal,1275.0,-0.007192643145289092,7
R1288P,L-temporal,1325.0,0.04374386280040399,7
R1288P,L-temporal,1375.0,0.06436071000766534,7
R1288P,L-temporal,1425.0,0.03437361475669487,7
R1288P,L-temporal,1475.0,-0.07624596497157761,7
R1288P,L-temporal,1525.0,-0.014039109134094428,7
R1288P,L-temporal,1575.0,0.01771395119557527,7
R1288P,R-frontal,25.0,-0.08240331408190411,4
R1288P,R-frontal,75.0,-0.03509236127779029,4
R1288P,R-frontal,125.0,-0.08518259231807707,4
R1288P,R-frontal,175.0,0.023584799672464053,4
R1288P,R-frontal,225.0,0.10008222159747768,4
R1288P,R-frontal,275.0,0.07248831726770325,4
R1288P,R-frontal,325.0,-0.04985875512958289,4
R1288P,R-frontal,375.0,0.053045932029762224,4
R1288P,R-frontal,425.0,-0.054231506101020586,4
R1288P,R-frontal,475.0,-0.04749203178008371,4
R1288P,R-frontal,525.0,-0.05890039699483353,4
R1288P,R-frontal,575.0,0.011896640045612151,4
R1288P,R-frontal,625.0,-0.056129874073958766,4
R1288P,R-frontal,675.0,-0.006635845213007266,4
R1288P,R-frontal,725.0,0.004726794498922911,4
R1288P,R-frontal,775.0,0.06988300497562311,4
R1288P,R-frontal,825.0,-0.0005127430756955847,4
R1288P,R-frontal,875.0,-0.06860073670753142,4
R1288P,R-frontal,925.0,0.05953875161511311,4
R1288P,R-frontal,975.0,0.013992059569075538,4
R1288P,R-frontal,1025.0,0.04039535521016233,4
R1288P,R-frontal,1075.0,-0.040599592187240754,4
R1288P,R-frontal,1125.0,-0.06706192878831985,4
R1288P,R-frontal,1175.0,-0.023797186783267643,4
R1288P,R-frontal,1225.0,-0.02044201275760317,4
R1288P,R-frontal,1275.0,-0.0747217062749171,4
R1288P,R-frontal,1325.0,0.022388871354751084,4
R1288P,R-frontal,1375.0,0.0634133945896567,4
R1288P,R-frontal,1425.0,-0.10187528250092581,4
R1288P,R-frontal,1475.0,-0.10506025838810312,4
R1288P,R-frontal,1525.0,-0.03155220279114759,4
R1288P,R-frontal,1575.0,-0.03442030846641416,4
R1288P,R-occipital,25.0,-0.01987707488634695,4
R1288P,R-occipital,75.0,0.12214265268090391,4
R1288P,R-occipital,125.0,0.13411661636763889,4
R1288P,R-occipital,175.0,0.10678607609227846,4
R1288P,R-occipital,225.0,0.059109281327110616,4
R1288P,R-occipital,275.0,0.0816052010820976,4
R1288P,R-occipital,325.0,0.02420085836531189,4
R1288P,R-occipital,375.0,0.02253111772560817,4
R1288P,R-occipital,425.0,-0.043098628840628345,4
R1288P,R-occipital,475.0,-0.00976448405677113,4
R1288P,R-occipital,525.0,-0.06684910520494321,4
R1288P,R-occipital,575.0,0.06713551419361523,4
R1288P,R-occipital,625.0,0.07550327098196943,4
R1288P,R-occipital,675.0,0.03879722255103655,4
R1288P,R-occipital,725.0,0.023332307683103414,4
R1288P,R-occipital,775.0,0.04926914741285785,4
R1288P,R-occipital,825.0,-0.032046377483462514,4
R1288P,R-occipital,875.0,0.03036056288388917,4
R1288P,R-occipital,925.0,0.038055710117526224,4
R1288P,R-occipital,975.0,0.08975912254966183,4
R1288P,R-occipital,1025.0,0.06840054177239628,4
R1288P,R-occipital,1075.0,0.011198598793812048,4
R1288P,R-occipital,1125.0,0.034766916960900895,4
R1288P,R-occipital,1175.0,0.016341077900663678,4
R1288P,R-occipital,1225.0,-0.008919601664199866,4
R1288P,R-occipital,1275.0,0.08195492619768749,4
R1288P,R-occipital,1325.0,0.06073743338642259,4
R1288P,R-occipital,1375.0,0.043274309527807274,4
R1288P,R-occipital,1425.0,-0.035465323076667374,4
R1288P,R-occipital,1475.0,-0.059438681690306326,4
R1288P,R-occipital,1525.0,-0.02264997465902642,4
R1288P,R-occipital,1575.0,-0.008489444567585441,4
R1288P,R-temporal,25.0,-0.018795527879685022,3
R1288P,R-temporal,75.0,-0.05959377366035105,3
R1288P,R-temporal,125.0,0.013089187210568648,3
R1288P,R-temporal,175.0,0.03437565211939445,3
R1288P,R-temporal,225.0,-0.00021107207392238175,3
R1288P,R-temporal,275.0,-0.030391559890984063,3
R1288P,R-temporal,325.0,-0.04228777842712669,3
R1288P,R-temporal,375.0,-0.09511866613717063,3
R1288P,R-temporal,425.0,-0.054988514543543456,3
R1288P,R-temporal,475.0,-0.14579964718351285,3
R1288P,R-temporal,525.0,-0.004591855491745637,3
R1288P,R-temporal,575.0,-0.009110350471216888,3
R1288P,R-temporal,625.0,-0.04142142801617089,3
R1288P,R-temporal,675.0,0.02894377765409145,3
R1288P,R-temporal,725.0,0.03907735528259539,3
R1288P,R-temporal,775.0,0.025295912287740724,3
R1288P,R-temporal,825.0,-0.05784098296815573,3
R1288P,R-temporal,875.0,-0.01076172549095425,3
R1288P,R-temporal,925.0,0.05288803656653938,3
R1288P,R-temporal,975.0,-0.002577497502531496,3
R1288P,R-temporal,1025.0,0.030211323892757668,3
R1288P,R-temporal,1075.0,-0.0023908239282509854,3
R1288P,R-temporal,1125.0,0.08609784910001587,3
R1288P,R-temporal,1175.0,-0.00881850215772597,3
R1288P,R-temporal,1225.0,-0.041467273146493316,3
R1288P,R-temporal,1275.0,0.03285947050414917,3
R1288P,R-temporal,1325.0,0.036335069490093415,3
R1288P,R-temporal,1375.0,-0.008037712384204488,3
R1288P,R-temporal,1425.0,0.060466285197976345,3
R1288P,R-temporal,1475.0,0.04301095600723568,3
R1288P,R-temporal,1525.0,-0.03284590706966289,3
R1288P,R-temporal,1575.0,0.03678048579648694,3
R1291M,L-frontal,25.0,-0.06255365039132346,23
R1291M,L-frontal,75.0,-0.08115006109741016,23
R1291M,L-frontal,125.0,-0.04230718790518953,23
R1291M,L-frontal,175.0,-0.029655985117445112,23
R1291M,L-frontal,225.0,0.05486225400913764,23
R1291M,L-frontal,275.0,0.07323579557846316,23
R1291M,L-frontal,325.0,0.06288987166566642,23
R1291M,L-frontal,375.0,0.06586037529615782,23
R1291M,L-frontal,425.0,0.07431299104486504,23
R1291M,L-frontal,475.0,0.09194285405142617,23
R1291M,L-frontal,525.0,0.15235096549382177,23
R1291M,L-frontal,575.0,0.10526222479966968,23
R1291M,L-frontal,625.0,0.105452464558865,23
R1291M,L-frontal,675.0,0.10908077934614288,23
R1291M,L-frontal,725.0,0.0790761055269775,23
R1291M,L-frontal,775.0,0.06236665088729221,23
R1291M,L-frontal,825.0,0.07719802067035063,23
R1291M,L-frontal,875.0,0.056387493827106706,23
R1291M,L-frontal,925.0,-3.5815320150983654e-05,23
R1291M,L-frontal,975.0,-0.005622304879650136,23
R1291M,L-frontal,1025.0,-0.00840009243326129,23
R1291M,L-frontal,1075.0,0.006341476099121113,23
R1291M,L-frontal,1125.0,0.032638944689794946,23
R1291M,L-frontal,1175.0,0.024720716275810725,23
R1291M,L-frontal,1225.0,-0.019101755031474467,23
R1291M,L-frontal,1275.0,-0.04615902887770855,23
R1291M,L-frontal,1325.0,0.024976371524999555,23
R1291M,L-frontal,1375.0,-0.047959634238040366,23
R1291M,L-frontal,1425.0,-0.02903695143137568,23
R1291M,L-frontal,1475.0,0.02816706805232427,23
R1291M,L-frontal,1525.0,0.02303763315836661,23
R1291M,L-frontal,1575.0,0.03251687957748088,23
R1291M,L-parietal,25.0,0.009315511916747113,22
R1291M,L-parietal,75.0,0.019065258930885308,22
R1291M,L-parietal,125.0,-0.010407314057183023,22
R1291M,L-parietal,175.0,-0.06355896939456399,22
R1291M,L-parietal,225.0,-0.0007609501703359166,22
R1291M,L-parietal,275.0,0.01633885820256238,22
R1291M,L-parietal,325.0,0.03529938161907927,22
R1291M,L-parietal,375.0,0.029673704922297504,22
R1291M,L-parietal,425.0,0.0441400226702102,22
R1291M,L-parietal,475.0,0.06465631270447253,22
R1291M,L-parietal,525.0,0.09154032592803044,22
R1291M,L-parietal,575.0,0.10524722299123859,22
R1291M,L-parietal,625.0,0.11156637900186381,22
R1291M,L-parietal,675.0,0.12570290179985505,22
R1291M,L-parietal,725.0,0.14498113745849628,22
R1291M,L-parietal,775.0,0.07479720418291524,22
R1291M,L-parietal,825.0,0.08129833306739097,22
R1291M,L-parietal,875.0,0.07622873338484198,22
R1291M,L-parietal,925.0,0.05486814277123739,22
R1291M,L-parietal,975.0,0.0006275573832781903,22
R1291M,L-parietal,1025.0,0.03410181113850053,22
R1291M,L-parietal,1075.0,0.049851281191392885,22
R1291M,L-parietal,1125.0,0.021898562303208087,22
R1291M,L-parietal,1175.0,-0.0051949865701020476,22
R1291M,L-parietal,1225.0,0.027421481408832726,22
R1291M,L-parietal,1275.0,-0.0472181094929891,22
R1291M,L-parietal,1325.0,0.027092988078453183,22
R1291M,L-parietal,1375.0,0.004475264935208271,22
R1291M,L-parietal,1425.0,0.008869535589258752,22
R1291M,L-parietal,1475.0,0.01562629664898152,22
R1291M,L-parietal,1525.0,0.03303130077024583,22
R1291M,L-parietal,1575.0,0.040883798186490336,22
R1291M,L-temporal,25.0,-0.02231088147603022,31
R1291M,L-temporal,75.0,-0.023045553464350412,31
R1291M,L-temporal,125.0,-0.003066292335102128,31
R1291M,L-temporal,175.0,0.03692819144929503,31
R1291M,L-temporal,225.0,0.10591698557928746,31
R1291M,L-temporal,275.0,0.11966978036916488,31
R1291M,L-temporal,325.0,0.15179217978766907,31
R1291M,L-temporal,375.0,0.13330284488995936,31
R1291M,L-temporal,425.0,0.12940605979969522,31
R1291M,L-temporal,475.0,0.1489285117002587,31
R1291M,L-temporal,525.0,0.10600854973316381,31
R1291M,L-temporal,575.0,0.08414746932609979,31
R1291M,L-temporal,625.0,0.06852624909785018,31
R1291M,L-temporal,675.0,0.007638268167624794,31
R1291M,L-temporal,725.0,0.007322823339080244,31
R1291M,L-temporal,775.0,-0.020381760511919707,31
R1291M,L-temporal,825.0,0.017068750145092997,31
R1291M,L-temporal,875.0,0.020751340979131123,31
R1291M,L-temporal,925.0,0.053405410955945316,31
R1291M,L-temporal,975.0,0.029934057310971932,31
R1291M,L-temporal,1025.0,0.04625776505956813,31
R1291M,L-temporal,1075.0,0.029613507725047068,31
R1291M,L-temporal,1125.0,0.008347309281231279,31
R1291M,L-temporal,1175.0,0.020543559950372638,31
R1291M,L-temporal,1225.0,-0.030710261793676294,31
R1291M,L-temporal,1275.0,-0.028120521091877387,31
R1291M,L-temporal,1325.0,0.006552611516140442,31
R1291M,L-temporal,1375.0,-0.016242900828811142,31
R1291M,L-temporal,1425.0,0.011205599683134124,31
R1291M,L-temporal,1475.0,0.020648367716080952,31
R1291M,L-temporal,1525.0,0.045581254353799776,31
R1291M,L-temporal,1575.0,0.04375073531949892,31
R1292E,L-temporal,25.0,-0.03589115392707749,3
R1292E,L-temporal,75.0,0.0001702756898902547,3
R1292E,L-temporal,125.0,-0.02060573999329005,3
R1292E,L-temporal,175.0,-0.010017048509258324,3
R1292E,L-temporal,225.0,0.00983603472810543,3
R1292E,L-temporal,275.0,-0.018086497647496726,3
R1292E,L-temporal,325.0,-0.060564975146260504,3
R1292E,L-temporal,375.0,-0.08768229762757614,3
R1292E,L-temporal,425.0,-0.10785179254603923,3
R1292E,L-temporal,475.0,-0.06601042329152454,3
R1292E,L-temporal,525.0,-0.07706107293817964,3
R1292E,L-temporal,575.0,-0.0652123687555799,3
R1292E,L-temporal,625.0,-0.044948205116265454,3
R1292E,L-temporal,675.0,-0.06278357160155439,3
R1292E,L-temporal,725.0,-0.052405835146430844,3
R1292E,L-temporal,775.0,-0.054949949590833526,3
R1292E,L-temporal,825.0,-0.032211035341941203,3
R1292E,L-temporal,875.0,-0.019591387086578444,3
R1292E,L-temporal,925.0,0.0036287094214727186,3
R1292E,L-temporal,975.0,-0.05597091007610075,3
R1292E,L-temporal,1025.0,-0.03704906813653285,3
R1292E,L-temporal,1075.0,-0.033164116841008125,3
R1292E,L-temporal,1125.0,-0.023959631157252803,3
R1292E,L-temporal,1175.0,-0.004086834170870135,3
R1292E,L-temporal,1225.0,-0.031281011491396817,3
R1292E,L-temporal,1275.0,-0.044425883128317877,3
R1292E,L-temporal,1325.0,-0.031906259485719575,3
R1292E,L-temporal,1375.0,-0.0421643957119602,3
R1292E,L-temporal,1425.0,-0.032413571302892435,3
R1292E,L-temporal,1475.0,-0.052524131055998256,3
R1292E,L-temporal,1525.0,-0.011857685997357252,3
R1292E,L-temporal,1575.0,-0.02900384093573553,3
R1292E,R-parietal,25.0,-0.051110991249422665,5
R1292E,R-parietal,75.0,-0.04070105062305464,5
R1292E,R-parietal,125.0,-0.046935834925078454,5
R1292E,R-parietal,175.0,-0.034622017058030606,5
R1292E,R-parietal,225.0,0.02846554551195768,5
R1292E,R-parietal,275.0,0.00888338224759979,5
R1292E,R-parietal,325.0,0.0029954730363070613,5
R1292E,R-parietal,375.0,-0.06441771894578958,5
R1292E,R-parietal,425.0,-0.07275580596045614,5
R1292E,R-parietal,475.0,-0.07452701478524246,5
R1292E,R-parietal,525.0,-0.029743691430287832,5
R1292E,R-parietal,575.0,-0.05475757352919743,5
R1292E,R-parietal,625.0,-0.06246552000227516,5
R1292E,R-parietal,675.0,-0.08464611039894188,5
R1292E,R-parietal,725.0,-0.07181784527512378,5
R1292E,R-parietal,775.0,-0.07065455116694615,5
R1292E,R-parietal,825.0,-0.0772450233801946,5
R1292E,R-parietal,875.0,-0.07840687791237082,5
R1292E,R-parietal,925.0,-0.02705431117865756,5
R1292E,R-parietal,975.0,-0.04756976954584831,5
R1292E,R-parietal,1025.0,-0.04284449018037621,5
R1292E,R-parietal,1075.0,-0.0798475902926281,5
R1292E,R-parietal,1125.0,-0.05118840750363711,5
R1292E,R-parietal,1175.0,-0.09604069076197784,5
R1292E,R-parietal,1225.0,-0.04740016232418419,5
R1292E,R-parietal,1275.0,-0.08484850224699031,5
R1292E,R-parietal,1325.0,-0.009386842547955755,5
R1292E,R-parietal,1375.0,-0.04151473751402411,5
R1292E,R-parietal,1425.0,-0.047572501691174586,5
R1292E,R-parietal,1475.0,-0.014776043249937615,5
R1292E,R-parietal,1525.0,-0.022477683219942812,5
R1292E,R-parietal,1575.0,0.008373553781980566,5
R1292E,R-temporal,25.0,-0.05709208562847982,13
R1292E,R-temporal,75.0,-0.030324461324860125,13
R1292E,R-temporal,125.0,-0.02302078834050472,13
R1292E,R-temporal,175.0,-0.032082684499219305,13
R1292E,R-temporal,225.0,0.0038900461870790123,13
R1292E,R-temporal,275.0,0.020434663769991205,13
R1292E,R-temporal,325.0,0.01371407516100388,13
R1292E,R-temporal,375.0,-0.02135114680280748,13
R1292E,R-temporal,425.0,-0.02214137056922594,13
R1292E,R-temporal,475.0,-0.032070406176917594,13
R1292E,R-temporal,525.0,0.012677426044543211,13
R1292E,R-temporal,575.0,0.0031656689781505406,13
R1292E,R-temporal,625.0,-0.031175447577888402,13
R1292E,R-temporal,675.0,-0.057381602010450214,13
R1292E,R-temporal,725.0,-0.0048947180943641885,13
R1292E,R-temporal,775.0,-0.018894009555743572,13
R1292E,R-temporal,825.0,-0.021049846301363067,13
R1292E,R-temporal,875.0,-0.04434501538934273,13
R1292E,R-temporal,925.0,0.003701340161580468,13
R1292E,R-temporal,975.0,0.011133797430547803,13
R1292E,R-temporal,1025.0,-0.020251472402863478,13
R1292E,R-temporal,1075.0,-0.01768719190065374,13
R1292E,R-temporal,1125.0,-0.010713437788766798,13
R1292E,R-temporal,1175.0,-0.030090273804885062,13
R1292E,R-temporal,1225.0,-0.016484356316084824,13
R1292E,R-temporal,1275.0,-0.0392312352125138,13
R1292E,R-temporal,1325.0,-0.02018453463882723,13
R1292E,R-temporal,1375.0,-0.024954033177356356,13
R1292E,R-temporal,1425.0,-0.01783284543665457,13
R1292E,R-temporal,1475.0,-0.026025626953692246,13
R1292E,R-temporal,1525.0,-0.03703013949155723,13
R1292E,R-temporal,1575.0,-0.010365376520799439,13
R1293P,L-frontal,25.0,-0.020071307655287623,5
R1293P,L-frontal,75.0,-0.04612138547028034,5
R1293P,L-frontal,125.0,-0.026920207625494064,5
R1293P,L-frontal,175.0,0.008126218462565048,5
R1293P,L-frontal,225.0,0.0694403402700443,5
R1293P,L-frontal,275.0,0.07648743536654466,5
R1293P,L-frontal,325.0,0.03544310970176934,5
R1293P,L-frontal,375.0,0.0258262454739553,5
R1293P,L-frontal,425.0,0.08374808179606033,5
R1293P,L-frontal,475.0,0.029167670319077722,5
R1293P,L-frontal,525.0,-0.04667190532330013,5
R1293P,L-frontal,575.0,-0.02083113303635127,5
R1293P,L-frontal,625.0,-0.02411703169718106,5
R1293P,L-frontal,675.0,-0.03659684652642549,5
R1293P,L-frontal,725.0,-0.05634889297983918,5
R1293P,L-frontal,775.0,-0.03322267237449644,5
R1293P,L-frontal,825.0,-0.006792650561372534,5
R1293P,L-frontal,875.0,-0.03495301906442635,5
R1293P,L-frontal,925.0,-0.029073195729377423,5
R1293P,L-frontal,975.0,-0.007811301806641915,5
R1293P,L-frontal,1025.0,-0.05415576763832437,5
R1293P,L-frontal,1075.0,-0.042170736640050034,5
R1293P,L-frontal,1125.0,-0.040551148245085177,5
R1293P,L-frontal,1175.0,0.014215978404665982,5
R1293P,L-frontal,1225.0,-0.024482557203897574,5
R1293P,L-frontal,1275.0,-0.06382328371259052,5
R1293P,L-frontal,1325.0,-0.0196693187027668,5
R1293P,L-frontal,1375.0,-0.03528317587448828,5
R1293P,L-frontal,1425.0,0.019636288848435626,5
R1293P,L-frontal,1475.0,0.014809496915174086,5
R1293P,L-frontal,1525.0,-0.04306104084632152,5
R1293P,L-frontal,1575.0,0.030758198599205023,5
R1293P,L-temporal,25.0,-0.03834569456449511,8
R1293P,L-temporal,75.0,-0.02936743689109653,8
R1293P,L-temporal,125.0,-0.024870580486591496,8
R1293P,L-temporal,175.0,0.06205100077220919,8
R1293P,L-temporal,225.0,0.04686759961872655,8
R1293P,L-temporal,275.0,0.06075033311997278,8
R1293P,L-temporal,325.0,0.05871002899668688,8
R1293P,L-temporal,375.0,0.035452282885504,8
R1293P,L-temporal,425.0,0.05791472465421093,8
R1293P,L-temporal,475.0,0.04609338701864604,8
R1293P,L-temporal,525.0,-0.024629407125495814,8
R1293P,L-temporal,575.0,0.016561664806455795,8
R1293P,L-temporal,625.0,0.014354285671217666,8
R1293P,L-temporal,675.0,0.0239963061754299,8
R1293P,L-temporal,725.0,-0.015581755195445258,8
R1293P,L-temporal,775.0,-0.050516663165566605,8
R1293P,L-temporal,825.0,-0.017292993509908497,8
R1293P,L-temporal,875.0,-0.01629803965536241,8
R1293P,L-temporal,925.0,-0.025113348151793315,8
R1293P,L-temporal,975.0,0.007130479313968745,8
R1293P,L-temporal,1025.0,-0.014286141020737688,8
R1293P,L-temporal,1075.0,0.004841650196115249,8
R1293P,L-temporal,1125.0,-0.02224250457508215,8
R1293P,L-temporal,1175.0,0.011827177564939374,8
R1293P,L-temporal,1225.0,0.0034816353974723,8
R1293P,L-temporal,1275.0,-0.006047884463792572,8
R1293P,L-temporal,1325.0,-0.017870073290366065,8
R1293P,L-temporal,1375.0,-0.015996229606000473,8
R1293P,L-temporal,1425.0,-0.020096642956985544,8
R1293P,L-temporal,1475.0,-0.029156676586545503,8
R1293P,L-temporal,1525.0,0.005930883456280869,8
R1293P,L-temporal,1575.0,0.008695670241162651,8
R1293P,R-frontal,25.0,-0.06792344946082818,4
R1293P,R-frontal,75.0,-0.1169349507232933,4
R1293P,R-frontal,125.0,-0.10019258356470218,4
R1293P,R-frontal,175.0,-0.08364613154432243,4
R1293P,R-frontal,225.0,-0.08791085857626153,4
R1293P,R-frontal,275.0,-0.048852282583279096,4
R1293P,R-frontal,325.0,-0.0651804084456894,4
R1293P,R-frontal,375.0,-0.0763968769128443,4
R1293P,R-frontal,425.0,-0.038156615928360414,4
R1293P,R-frontal,475.0,0.0002458966821601554,4
R1293P,R-frontal,525.0,-0.053970552641090574,4
R1293P,R-frontal,575.0,-0.01011977775211624,4
R1293P,R-frontal,625.0,-0.0156838532503854,4
R1293P,R-frontal,675.0,-0.015438997865709066,4
R1293P,R-frontal,725.0,-0.07121703409937408,4
R1293P,R-frontal,775.0,-0.07971264056711881,4
R1293P,R-frontal,825.0,-0.08642538523486094,4
R1293P,R-frontal,875.0,-0.06715801119250851,4
R1293P,R-frontal,925.0,-0.04528797627260926,4
R1293P,R-frontal,975.0,-0.028883020460017603,4
R1293P,R-frontal,1025.0,-0.03693083792580655,4
R1293P,R-frontal,1075.0,-0.050765979508408436,4
R1293P,R-frontal,1125.0,-0.017289751568536457,4
R1293P,R-frontal,1175.0,-0.011760861376267017,4
R1293P,R-frontal,1225.0,-0.008313496198494174,4
R1293P,R-frontal,1275.0,0.030165442188534158,4
R1293P,R-frontal,1325.0,-0.03944783072127901,4
R1293P,R-frontal,1375.0,0.0315095074295666,4
R1293P,R-frontal,1425.0,0.06304681536068771,4
R1293P,R-frontal,1475.0,0.018659206514602546,4
R1293P,R-frontal,1525.0,0.05458612943692804,4
R1293P,R-frontal,1575.0,0.049475989683110996,4
R1293P,R-occipital,25.0,-0.08546347289076313,9
R1293P,R-occipital,75.0,-0.13346897879856984,9
R1293P,R-occipital,125.0,-0.07869220143284289,9
R1293P,R-occipital,175.0,-0.017910535383185,9
R1293P,R-occipital,225.0,-0.06671562691175971,9
R1293P,R-occipital,275.0,-0.05514821929735438,9
R1293P,R-occipital,325.0,-0.045129330352500524,9
R1293P,R-occipital,375.0,-0.06435355897725564,9
R1293P,R-occipital,425.0,-0.005291565373918649,9
R1293P,R-occipital,475.0,-0.04115277854745731,9
R1293P,R-occipital,525.0,-0.0796653080701024,9
R1293P,R-occipital,575.0,-0.011144399662173423,9
R1293P,R-occipital,625.0,-0.04070553749994542,9
R1293P,R-occipital,675.0,-0.005915330527673253,9
R1293P,R-occipital,725.0,-0.08542833447183062,9
R1293P,R-occipital,775.0,-0.11875205824568913,9
R1293P,R-occipital,825.0,-0.08135233100673936,9
R1293P,R-occipital,875.0,-0.06672385620661249,9
R1293P,R-occipital,925.0,-0.02188859581752157,9
R1293P,R-occipital,975.0,-0.033889269970170756,9
R1293P,R-occipital,1025.0,-0.011907885026734925,9
R1293P,R-occipital,1075.0,-0.03805219282754382,9
R1293P,R-occipital,1125.0,-0.02117921180821619,9
R1293P,R-occipital,1175.0,0.009709950137109513,9
R1293P,R-occipital,1225.0,0.01053440777436843,9
R1293P,R-occipital,1275.0,0.03252430586693771,9
R1293P,R-occipital,1325.0,-0.0010943707121964974,9
R1293P,R-occipital,1375.0,0.040872009352935564,9
R1293P,R-occipital,1425.0,0.07352983690329469,9
R1293P,R-occipital,1475.0,0.06602342284300924,9
R1293P,R-occipital,1525.0,0.034111679018691846,9
R1293P,R-occipital,1575.0,0.1082810494141472,9
R1293P,R-temporal,25.0,-0.08622757083324753,4
R1293P,R-temporal,75.0,-0.1306008100378493,4
R1293P,R-temporal,125.0,-0.15499687705449264,4
R1293P,R-temporal,175.0,-0.09847793830963208,4
R1293P,R-temporal,225.0,-0.11797516591961796,4
R1293P,R-temporal,275.0,-0.12303878178877914,4
R1293P,R-temporal,325.0,-0.10678250143838805,4
R1293P,R-temporal,375.0,-0.109663731601639,4
R1293P,R-temporal,425.0,-0.05463066829615492,4
R1293P,R-temporal,475.0,-0.06961308349607592,4
R1293P,R-temporal,525.0,-0.07850076176142276,4
R1293P,R-temporal,575.0,-0.027661715784814016,4
R1293P,R-temporal,625.0,-0.058651342144039983,4
R1293P,R-temporal,675.0,-0.016969741000871705,4
R1293P,R-temporal,725.0,-0.05359612060556142,4
R1293P,R-temporal,775.0,-0.08013971662115199,4
R1293P,R-temporal,825.0,-0.05676258428043166,4
R1293P,R-temporal,875.0,-0.08008620073605371,4
R1293P,R-temporal,925.0,-0.030316892688842464,4
R1293P,R-temporal,975.0,-0.019946234507342817,4
R1293P,R-temporal,1025.0,0.007085666314979305,4
R1293P,R-temporal,1075.0,-0.037780401736958694,4
R1293P,R-temporal,1125.0,-0.029887171594149217,4
R1293P,R-temporal,1175.0,0.006739557237009863,4
R1293P,R-temporal,1225.0,0.01747892364133134,4
R1293P,R-temporal,1275.0,0.034228187289214784,4
R1293P,R-temporal,1325.0,-0.012522586545847295,4
R1293P,R-temporal,1375.0,0.017149830495660975,4
R1293P,R-temporal,1425.0,0.057479338347953546,4
R1293P,R-temporal,1475.0,0.046669052334328276,4
R1293P,R-temporal,1525.0,0.0243915276945739,4
R1293P,R-temporal,1575.0,0.08030772661559674,4
R1297T,L-parietal,25.0,0.009207453868702588,4
R1297T,L-parietal,75.0,0.05988583724039703,4
R1297T,L-parietal,125.0,-0.09227149295963706,4
R1297T,L-parietal,175.0,-0.04896046857903165,4
R1297T,L-parietal,225.0,0.0032283759395370024,4
R1297T,L-parietal,275.0,0.08035941965082802,4
R1297T,L-parietal,325.0,-0.005347311388166014,4
R1297T,L-parietal,375.0,-0.03431793112655117,4
R1297T,L-parietal,425.0,-0.11189933816129805,4
R1297T,L-parietal,475.0,0.07991178478853797,4
R1297T,L-parietal,525.0,0.062179576085279395,4
R1297T,L-parietal,575.0,0.013055100152150017,4
R1297T,L-parietal,625.0,-0.017003795872589822,4
R1297T,L-parietal,675.0,0.03528129704171445,4
R1297T,L-parietal,725.0,-0.01789471735323251,4
R1297T,L-parietal,775.0,-0.02620564656153504,4
R1297T,L-parietal,825.0,0.03576564786075681,4
R1297T,L-parietal,875.0,0.05305174384746284,4
R1297T,L-parietal,925.0,0.05828728583286115,4
R1297T,L-parietal,975.0,-0.0032276259548560463,4
R1297T,L-parietal,1025.0,0.049060263730172346,4
R1297T,L-parietal,1075.0,0.014851024500242858,4
R1297T,L-parietal,1125.0,-0.0343176048701567,4
R1297T,L-parietal,1175.0,0.03219002650035275,4
R1297T,L-parietal,1225.0,0.020866172544612097,4
R1297T,L-parietal,1275.0,0.0678410556659619,4
R1297T,L-parietal,1325.0,-0.033950551133979955,4
R1297T,L-parietal,1375.0,0.09065232660937134,4
R1297T,L-parietal,1425.0,0.08300495992756055,4
R1297T,L-parietal,1475.0,0.0013822972171063002,4
R1297T,L-parietal,1525.0,0.07220836619307239,4
R1297T,L-parietal,1575.0,0.09448698946212512,4
R1297T,L-temporal,25.0,0.012249400913144717,18
R1297T,L-temporal,75.0,0.06051095896934852,18
R1297T,L-temporal,125.0,-0.0907220579120608,18
R1297T,L-temporal,175.0,-0.04551058055208621,18
R1297T,L-temporal,225.0,-0.005079275900405886,18
R1297T,L-temporal,275.0,0.082092454569696,18
R1297T,L-temporal,325.0,-0.006365603491537361,18
R1297T,L-temporal,375.0,-0.037282734959262716,18
R1297T,L-temporal,425.0,-0.10742641797354292,18
R1297T,L-temporal,475.0,0.06866042265076043,18
R1297T,L-temporal,525.0,0.05173751502155257,18
R1297T,L-temporal,575.0,0.02003144657197521,18
R1297T,L-temporal,625.0,-0.01767031147257079,18
R1297T,L-temporal,675.0,0.03534550193001143,18
R1297T,L-temporal,725.0,-0.008061170916788367,18
R1297T,L-temporal,775.0,-0.01860662626726365,18
R1297T,L-temporal,825.0,0.04071522225016557,18
R1297T,L-temporal,875.0,0.058751402364384225,18
R1297T,L-temporal,925.0,0.05287455350643901,18
R1297T,L-temporal,975.0,-0.007761592895663991,18
R1297T,L-temporal,1025.0,0.03784297744281113,18
R1297T,L-temporal,1075.0,0.018912719098711464,18
R1297T,L-temporal,1125.0,-0.017983640702391147,18
R1297T,L-temporal,1175.0,0.03817635621074985,18
R1297T,L-temporal,1225.0,0.03152961775884542,18
R1297T,L-temporal,1275.0,0.06928625074539628,18
R1297T,L-temporal,1325.0,-0.013631933734704818,18
R1297T,L-temporal,1375.0,0.08906295464634459,18
R1297T,L-temporal,1425.0,0.07548375081940653,18
R1297T,L-temporal,1475.0,-0.001769370445913609,18
R1297T,L-temporal,1525.0,0.06139475005627432,18
R1297T,L-temporal,1575.0,0.08857434919889946,18
R1297T,R-parietal,25.0,0.0208314339567664,9
R1297T,R-parietal,75.0,0.04906554739543049,9
R1297T,R-parietal,125.0,-0.09837547600455905,9
R1297T,R-parietal,175.0,-0.04591939034746801,9
R1297T,R-parietal,225.0,-0.018845757970860997,9
R1297T,R-parietal,275.0,0.10065968597273513,9
R1297T,R-parietal,325.0,-0.004281125696780843,9
R1297T,R-parietal,375.0,-0.04521171100611058,9
R1297T,R-parietal,425.0,-0.10198041747479863,9
R1297T,R-parietal,475.0,0.07274296066889963,9
R1297T,R-parietal,525.0,0.04699235999824201,9
R1297T,R-parietal,575.0,0.024409357208579584,9
R1297T,R-parietal,625.0,-0.028452610117083,9
R1297T,R-parietal,675.0,0.03140199932173844,9
R1297T,R-parietal,725.0,-0.022439111555745878,9
R1297T,R-parietal,775.0,-0.009736397448832926,9
R1297T,R-parietal,825.0,0.03187807289723596,9
R1297T,R-parietal,875.0,0.06866084526252904,9
R1297T,R-parietal,925.0,0.04439205373134206,9
R1297T,R-parietal,975.0,-0.016454625274677233,9
R1297T,R-parietal,1025.0,0.031965049815841064,9
R1297T,R-parietal,1075.0,0.018661988973335538,9
R1297T,R-parietal,1125.0,-0.036236895585755005,9
R1297T,R-parietal,1175.0,0.0396587950346096,9
R1297T,R-parietal,1225.0,0.016857198750441647,9
R1297T,R-parietal,1275.0,0.05675064281914396,9
R1297T,R-parietal,1325.0,-0.01083044184860895,9
R1297T,R-parietal,1375.0,0.08821284040593197,9
R1297T,R-parietal,1425.0,0.06629703747430228,9
R1297T,R-parietal,1475.0,0.004595979763020028,9
R1297T,R-parietal,1525.0,0.07990057736856264,9
R1297T,R-parietal,1575.0,0.08731992611511573,9
R1297T,R-temporal,25.0,0.006234663944655944,12
R1297T,R-temporal,75.0,0.05556028125880206,12
R1297T,R-temporal,125.0,-0.09076907150154906,12
R1297T,R-temporal,175.0,-0.0459137378632952,12
R1297T,R-temporal,225.0,-0.0012885793823323346,12
R1297T,R-temporal,275.0,0.07485676510981056,12
R1297T,R-temporal,325.0,-0.009643106963273666,12
R1297T,R-temporal,375.0,-0.049145141997280935,12
R1297T,R-temporal,425.0,-0.10222392658495043,12
R1297T,R-temporal,475.0,0.05128934428658757,12
R1297T,R-temporal,525.0,0.04975506630987647,12
R1297T,R-temporal,575.0,0.015478955036207954,12
R1297T,R-temporal,625.0,-0.019256206097183433,12
R1297T,R-temporal,675.0,0.024946839387405943,12
R1297T,R-temporal,725.0,-0.01006531759855929,12
R1297T,R-temporal,775.0,-0.025758297757784262,12
R1297T,R-temporal,825.0,0.03495310560579019,12
R1297T,R-temporal,875.0,0.03434884470292888,12
R1297T,R-temporal,925.0,0.03805145361922576,12
R1297T,R-temporal,975.0,-0.021670505196575027,12
R1297T,R-temporal,1025.0,0.032645131022934405,12
R1297T,R-temporal,1075.0,0.01937779068217366,12
R1297T,R-temporal,1125.0,-0.023715996413284906,12
R1297T,R-temporal,1175.0,0.03439773812722859,12
R1297T,R-temporal,1225.0,0.02933772086486333,12
R1297T,R-temporal,1275.0,0.06296577178096666,12
R1297T,R-temporal,1325.0,-0.03238106241268829,12
R1297T,R-temporal,1375.0,0.08872466344941915,12
R1297T,R-temporal,1425.0,0.08461839512297721,12
R1297T,R-temporal,1475.0,-0.009182194364411434,12
R1297T,R-temporal,1525.0,0.05895585218518453,12
R1297T,R-temporal,1575.0,0.08557159340933411,12
R1298E,L-frontal,25.0,-0.0001765770782968624,11
R1298E,L-frontal,75.0,0.0035735980719567057,11
R1298E,L-frontal,125.0,0.037680463303905,11
R1298E,L-frontal,175.0,0.0923304831914637,11
R1298E,L-frontal,225.0,0.05608292214051345,11
R1298E,L-frontal,275.0,0.08848194483359757,11
R1298E,L-frontal,325.0,0.04559566224382547,11
R1298E,L-frontal,375.0,0.0410743369082713,11
R1298E,L-frontal,425.0,0.03916883306558434,11
R1298E,L-frontal,475.0,0.014272335313198688,11
R1298E,L-frontal,525.0,-0.018165630621692973,11
R1298E,L-frontal,575.0,-0.0384868936663634,11
R1298E,L-frontal,625.0,-0.08059235888759267,11
R1298E,L-frontal,675.0,-0.08092386729902441,11
R1298E,L-frontal,725.0,-0.07115373816783079,11
R1298E,L-frontal,775.0,-0.015088609889212628,11
R1298E,L-frontal,825.0,-0.030271603993993493,11
R1298E,L-frontal,875.0,-0.01183101558943263,11
R1298E,L-frontal,925.0,0.004800272446692988,11
R1298E,L-frontal,975.0,0.03892304105886847,11
R1298E,L-frontal,1025.0,-0.0010843167139031574,11
R1298E,L-frontal,1075.0,-0.019536380624548974,11
R1298E,L-frontal,1125.0,-0.019819750693096834,11
R1298E,L-frontal,1175.0,-0.03306554812010391,11
R1298E,L-frontal,1225.0,0.025407018758010092,11
R1298E,L-frontal,1275.0,0.01179749329891968,11
R1298E,L-frontal,1325.0,0.04387497916549475,11
R1298E,L-frontal,1375.0,0.03744929934792504,11
R1298E,L-frontal,1425.0,-0.01319045206910553,11
R1298E,L-frontal,1475.0,0.044797210412939444,11
R1298E,L-frontal,1525.0,0.0125832418314905,11
R1298E,L-frontal,1575.0,-0.01508561398562367,11
R1298E,L-parietal,25.0,-0.04722536584000778,3
R1298E,L-parietal,75.0,-0.046636753860279996,3
R1298E,L-parietal,125.0,-0.01260448166594109,3
R1298E,L-parietal,175.0,0.03426357675610991,3
R1298E,L-parietal,225.0,-0.04652515565874283,3
R1298E,L-parietal,275.0,-0.006439749368697195,3
R1298E,L-parietal,325.0,0.039931875964418,3
R1298E,L-parietal,375.0,0.1452409880535627,3
R1298E,L-parietal,425.0,0.09216295875745471,3
R1298E,L-parietal,475.0,0.2705803061147442,3
R1298E,L-parietal,525.0,0.31762738058942647,3
R1298E,L-parietal,575.0,0.3895843655185011,3
R1298E,L-parietal,625.0,0.36179988168430444,3
R1298E,L-parietal,675.0,0.4124536441626449,3
R1298E,L-parietal,725.0,0.36598863523867137,3
R1298E,L-parietal,775.0,0.3247187230820951,3
R1298E,L-parietal,825.0,0.39325437554138704,3
R1298E,L-parietal,875.0,0.3081391179029902,3
R1298E,L-parietal,925.0,0.3575542455856811,3
R1298E,L-parietal,975.0,0.3211699674958652,3
R1298E,L-parietal,1025.0,0.2401906270371487,3
R1298E,L-parietal,1075.0,0.2650705853702189,3
R1298E,L-parietal,1125.0,0.23018427533383332,3
R1298E,L-parietal,1175.0,0.168519326234439,3
R1298E,L-parietal,1225.0,0.14149431613838512,3
R1298E,L-parietal,1275.0,0.0661506318827232,3
R1298E,L-parietal,1325.0,0.16539415129789686,3
R1298E,L-parietal,1375.0,0.1343013767567829,3
R1298E,L-parietal,1425.0,0.11777831724680017,3
R1298E,L-parietal,1475.0,0.0016973368447349934,3
R1298E,L-parietal,1525.0,0.03587908525941797,3
R1298E,L-parietal,1575.0,0.0061024202736386255,3
R1298E,L-temporal,25.0,-0.01216607961610993,24
R1298E,L-temporal,75.0,0.011251690924267579,24
R1298E,L-temporal,125.0,0.026279041343683543,24
R1298E,L-temporal,175.0,0.062027082043376223,24
R1298E,L-temporal,225.0,0.03352709404983339,24
R1298E,L-temporal,275.0,0.06554228865802193,24
R1298E,L-temporal,325.0,0.05240724052869525,24
R1298E,L-temporal,375.0,0.05159682295316623,24
R1298E,L-temporal,425.0,0.029452230553984465,24
R1298E,L-temporal,475.0,0.02095786893411938,24
R1298E,L-temporal,525.0,0.0011546003709487355,24
R1298E,L-temporal,575.0,0.033810077168068144,24
R1298E,L-temporal,625.0,-0.01248137366053217,24
R1298E,L-temporal,675.0,0.004887884211827512,24
R1298E,L-temporal,725.0,-0.0159075422990474,24
R1298E,L-temporal,775.0,0.009874398342851616,24
R1298E,L-temporal,825.0,0.011348372574942818,24
R1298E,L-temporal,875.0,0.013035174056294325,24
R1298E,L-temporal,925.0,0.006595522206587434,24
R1298E,L-temporal,975.0,0.005087321031915207,24
R1298E,L-temporal,1025.0,-0.006068899012465759,24
R1298E,L-temporal,1075.0,-0.009047449077151602,24
R1298E,L-temporal,1125.0,0.00889041919406532,24
R1298E,L-temporal,1175.0,-0.0031416607235136887,24
R1298E,L-temporal,1225.0,0.023698615763408273,24
R1298E,L-temporal,1275.0,0.043826479770028466,24
R1298E,L-temporal,1325.0,0.026758575784896207,24
R1298E,L-temporal,1375.0,0.0494289407673015,24
R1298E,L-temporal,1425.0,0.02843369628959927,24
R1298E,L-temporal,1475.0,0.0410387517437827,24
R1298E,L-temporal,1525.0,0.011793087232973612,24
R1298E,L-temporal,1575.0,0.012279461166769194,24
R1298E,R-temporal,25.0,-0.02114811083260129,3
R1298E,R-temporal,75.0,0.02026355807573332,3
R1298E,R-temporal,125.0,0.05979261095686814,3
R1298E,R-temporal,175.0,-0.024829654769467396,3
R1298E,R-temporal,225.0,0.026604552797000667,3
R1298E,R-temporal,275.0,-0.03565035906399217,3
R1298E,R-temporal,325.0,-0.04932005556101865,3
R1298E,R-temporal,375.0,-0.01912711595523008,3
R1298E,R-temporal,425.0,-0.01870895041654083,3
R1298E,R-temporal,475.0,-0.054592602591166405,3
R1298E,R-temporal,525.0,-0.033702394698937536,3
R1298E,R-temporal,575.0,-0.01677870670687696,3
R1298E,R-temporal,625.0,-0.014844678957618955,3
R1298E,R-temporal,675.0,-0.04299192464246068,3
R1298E,R-temporal,725.0,-0.023447052818365965,3
R1298E,R-temporal,775.0,0.0332673942522987,3
R1298E,R-temporal,825.0,-0.02853374172107659,3
R1298E,R-temporal,875.0,-0.038101755666027894,3
R1298E,R-temporal,925.0,-0.010014738981751705,3
R1298E,R-temporal,975.0,-0.03837613799012037,3
R1298E,R-temporal,1025.0,-0.03145038101949173,3
R1298E,R-temporal,1075.0,-0.035894232723347144,3
R1298E,R-temporal,1125.0,-0.0013507007359272692,3
R1298E,R-temporal,1175.0,0.017792396144573612,3
R1298E,R-temporal,1225.0,0.013602099957906079,3
R1298E,R-temporal,1275.0,0.0035669556003144662,3
R1298E,R-temporal,1325.0,0.008299370996619615,3
R1298E,R-temporal,1375.0,0.00933797379759471,3
R1298E,R-temporal,1425.0,-0.011901274347827487,3
R1298E,R-temporal,1475.0,0.00571158008428625,3
R1298E,R-temporal,1525.0,-0.023430232868050724,3
R1298E,R-temporal,1575.0,0.0031815138566645153,3
R1299T,L-frontal,25.0,-0.015425293260317906,11
R1299T,L-frontal,75.0,-0.015293287553492683,11
R1299T,L-frontal,125.0,-0.021953715790766052,11
R1299T,L-frontal,175.0,-0.025650695225064666,11
R1299T,L-frontal,225.0,-0.022170315536705912,11
R1299T,L-frontal,275.0,0.008700522548634472,11
R1299T,L-frontal,325.0,-0.03949074926198129,11
R1299T,L-frontal,375.0,-0.06414969242780437,11
R1299T,L-frontal,425.0,-0.11283915666097584,11
R1299T,L-frontal,475.0,-0.11389238179271265,11
R1299T,L-frontal,525.0,-0.09382950993090117,11
R1299T,L-frontal,575.0,-0.08128534605156096,11
R1299T,L-frontal,625.0,-0.07048836631063671,11
R1299T,L-frontal,675.0,-0.0468769019034128,11
R1299T,L-frontal,725.0,-0.032107174245047145,11
R1299T,L-frontal,775.0,-0.01382042521583383,11
R1299T,L-frontal,825.0,-0.019174106056470238,11
R1299T,L-frontal,875.0,0.0016257933213574347,11
R1299T,L-frontal,925.0,-0.012846479100609865,11
R1299T,L-frontal,975.0,-0.00055982587656353,11
R1299T,L-frontal,1025.0,-0.020325316581236597,11
R1299T,L-frontal,1075.0,-0.004587148233639726,11
R1299T,L-frontal,1125.0,-0.022185289993782085,11
R1299T,L-frontal,1175.0,-0.00915167012832071,11
R1299T,L-frontal,1225.0,0.000276807683898902,11
R1299T,L-frontal,1275.0,-0.007319911121600655,11
R1299T,L-frontal,1325.0,0.0013222445557510183,11
R1299T,L-frontal,1375.0,0.010983348913134544,11
R1299T,L-frontal,1425.0,0.0005718814168669852,11
R1299T,L-frontal,1475.0,-0.01885023433359682,11
R1299T,L-frontal,1525.0,-0.03498986928063074,11
R1299T,L-frontal,1575.0,-0.020928735760677372,11
R1299T,L-temporal,25.0,-0.03505067360667841,12
R1299T,L-temporal,75.0,-0.04124296109139258,12
R1299T,L-temporal,125.0,-0.0638070159112742,12
R1299T,L-temporal,175.0,-0.03016716875595413,12
R1299T,L-temporal,225.0,0.020740352535746184,12
R1299T,L-temporal,275.0,0.04491702713535101,12
R1299T,L-temporal,325.0,0.02211558202086433,12
R1299T,L-temporal,375.0,-0.03393826566775556,12
R1299T,L-temporal,425.0,-0.05893207668127884,12
R1299T,L-temporal,475.0,-0.06159181534120903,12
R1299T,L-temporal,525.0,-0.04984318207860067,12
R1299T,L-temporal,575.0,-0.03130419809915963,12
R1299T,L-temporal,625.0,-0.004928819197238961,12
R1299T,L-temporal,675.0,-0.01061397531625389,12
R1299T,L-temporal,725.0,-0.010861434019884916,12
R1299T,L-temporal,775.0,-0.0026675012144992557,12
R1299T,L-temporal,825.0,0.0022095680270812646,12
R1299T,L-temporal,875.0,0.014639734048162108,12
R1299T,L-temporal,925.0,0.024817624229242292,12
R1299T,L-temporal,975.0,0.02678992384041136,12
R1299T,L-temporal,1025.0,0.020549798713814543,12
R1299T,L-temporal,1075.0,0.014223171981675707,12
R1299T,L-temporal,1125.0,0.019009793957655136,12
R1299T,L-temporal,1175.0,-0.004612670497884309,12
R1299T,L-temporal,1225.0,0.008648754775028545,12
R1299T,L-temporal,1275.0,0.0039372714603790925,12
R1299T,L-temporal,1325.0,0.0020950113226689605,12
R1299T,L-temporal,1375.0,-0.030013989573093588,12
R1299T,L-temporal,1425.0,-0.02010171325347269,12
R1299T,L-temporal,1475.0,-0.0187881737305587,12
R1299T,L-temporal,1525.0,-0.029280809830564174,12
R1299T,L-temporal,1575.0,-0.014130012773462387,12
R1299T,R-frontal,25.0,-0.034317781948981316,4
R1299T,R-frontal,75.0,-0.0014314603914363615,4
R1299T,R-frontal,125.0,-0.009290308743474543,4
R1299T,R-frontal,175.0,-0.04406366810389455,4
R1299T,R-frontal,225.0,-0.06058031982127317,4
R1299T,R-frontal,275.0,-0.0421622462463514,4
R1299T,R-frontal,325.0,-0.06167296743105262,4
R1299T,R-frontal,375.0,-0.057409317312308666,4
R1299T,R-frontal,425.0,-0.052095008029157855,4
R1299T,R-frontal,475.0,-0.09480885174728328,4
R1299T,R-frontal,525.0,-0.0839712752047282,4
R1299T,R-frontal,575.0,-0.0687012982155282,4
R1299T,R-frontal,625.0,-0.05071569611771238,4
R1299T,R-frontal,675.0,-0.06416352997216222,4
R1299T,R-frontal,725.0,-0.05387512479029176,4
R1299T,R-frontal,775.0,-0.03196466821382451,4
R1299T,R-frontal,825.0,-0.04876281574731638,4
R1299T,R-frontal,875.0,-0.04747448996974908,4
R1299T,R-frontal,925.0,-0.05695016814778945,4
R1299T,R-frontal,975.0,-0.027320781252172598,4
R1299T,R-frontal,1025.0,-0.03007593727415248,4
R1299T,R-frontal,1075.0,-0.027563211214198642,4
R1299T,R-frontal,1125.0,-0.03220093048139288,4
R1299T,R-frontal,1175.0,-0.022891436390167545,4
R1299T,R-frontal,1225.0,-0.015349231841164619,4
R1299T,R-frontal,1275.0,-0.015822366786807193,4
R1299T,R-frontal,1325.0,-0.02244805000745528,4
R1299T,R-frontal,1375.0,-0.006750463875075366,4
R1299T,R-frontal,1425.0,-0.016796129360329228,4
R1299T,R-frontal,1475.0,-0.016772547724327187,4
R1299T,R-frontal,1525.0,-0.027845355750260238,4
R1299T,R-frontal,1575.0,-0.015556385255120781,4
R1299T,R-occipital,25.0,-0.045255908424447065,3
R1299T,R-occipital,75.0,-0.0346362264042769,3
R1299T,R-occipital,125.0,0.6110116581468724,3
R1299T,R-occipital,175.0,0.7312172213192539,3
R1299T,R-occipital,225.0,0.6138780675940835,3
R1299T,R-occipital,275.0,0.5771784686287018,3
R1299T,R-occipital,325.0,0.48059360240299015,3
R1299T,R-occipital,375.0,0.38924950073525705,3
R1299T,R-occipital,425.0,0.32436994933231544,3
R1299T,R-occipital,475.0,0.20074455067468974,3
R1299T,R-occipital,525.0,0.08795934264351102,3
R1299T,R-occipital,575.0,0.0741937076740513,3
R1299T,R-occipital,625.0,-0.02673579551125219,3
R1299T,R-occipital,675.0,-0.028208929978266583,3
R1299T,R-occipital,725.0,-0.015806282692634233,3
R1299T,R-occipital,775.0,0.010191459225403245,3
R1299T,R-occipital,825.0,0.042079291698233594,3
R1299T,R-occipital,875.0,0.0635436135331245,3
R1299T,R-occipital,925.0,0.08096401327915123,3
R1299T,R-occipital,975.0,0.061088617923835686,3
R1299T,R-occipital,1025.0,0.045430483024080225,3
R1299T,R-occipital,1075.0,0.0648976707722504,3
R1299T,R-occipital,1125.0,0.07144961839376456,3
R1299T,R-occipital,1175.0,0.05182961380030906,3
R1299T,R-occipital,1225.0,0.08050200341723573,3
R1299T,R-occipital,1275.0,0.049420261867282315,3
R1299T,R-occipital,1325.0,0.05012103686219769,3
R1299T,R-occipital,1375.0,0.07060452050016318,3
R1299T,R-occipital,1425.0,0.10162240213437639,3
R1299T,R-occipital,1475.0,0.09622633192892877,3
R1299T,R-occipital,1525.0,0.12529950845902374,3
R1299T,R-occipital,1575.0,0.08988108138675499,3
R1299T,R-temporal,25.0,-0.00212754756725829,14
R1299T,R-temporal,75.0,0.0037078355048084585,14
R1299T,R-temporal,125.0,0.0006200960886549171,14
R1299T,R-temporal,175.0,0.008560984838433908,14
R1299T,R-temporal,225.0,0.009262794451050159,14
R1299T,R-temporal,275.0,0.012930975732515799,14
R1299T,R-temporal,325.0,-0.004343601107093448,14
R1299T,R-temporal,375.0,-0.00713396281671167,14
R1299T,R-temporal,425.0,-0.013331267739460934,14
R1299T,R-temporal,475.0,-0.008678300616625783,14
R1299T,R-temporal,525.0,-0.026009369644632557,14
R1299T,R-temporal,575.0,-0.024763381396785987,14
R1299T,R-temporal,625.0,-0.020979996982013163,14
R1299T,R-temporal,675.0,-0.02945633067796471,14
R1299T,R-temporal,725.0,-0.025752229242085523,14
R1299T,R-temporal,775.0,-0.005782890642466204,14
R1299T,R-temporal,825.0,-0.014680052513112276,14
R1299T,R-temporal,875.0,-0.013567857222420321,14
R1299T,R-temporal,925.0,-0.003497635689395086,14
R1299T,R-temporal,975.0,0.004213324922377497,14
R1299T,R-temporal,1025.0,-0.00367114134407261,14
R1299T,R-temporal,1075.0,0.009059503844926936,14
R1299T,R-temporal,1125.0,-0.005740535306777615,14
R1299T,R-temporal,1175.0,0.012776341168376901,14
R1299T,R-temporal,1225.0,-0.0010245109531310237,14
R1299T,R-temporal,1275.0,0.005436682815024502,14
R1299T,R-temporal,1325.0,-0.020275249185819244,14
R1299T,R-temporal,1375.0,-0.016789891439197385,14
R1299T,R-temporal,1425.0,-0.011511198829162747,14
R1299T,R-temporal,1475.0,-0.0028433639922253134,14
R1299T,R-temporal,1525.0,-0.01604142926708677,14
R1299T,R-temporal,1575.0,-0.011913327789067087,14
R1304N,L-frontal,25.0,-0.08069579253165259,15
R1304N,L-frontal,75.0,-0.10459051700328713,15
R1304N,L-frontal,125.0,-0.08889983408949813,15
R1304N,L-frontal,175.0,-0.07021426003842338,15
R1304N,L-frontal,225.0,-0.12445691778697456,15
R1304N,L-frontal,275.0,-0.14858749700700352,15
R1304N,L-frontal,325.0,-0.18006170424236206,15
R1304N,L-frontal,375.0,-0.20646592029940086,15
R1304N,L-frontal,425.0,-0.18833843770647324,15
R1304N,L-frontal,475.0,-0.1828213170557865,15
R1304N,L-frontal,525.0,-0.14496311181515412,15
R1304N,L-frontal,575.0,-0.15881376558620589,15
R1304N,L-frontal,625.0,-0.15400752198970596,15
R1304N,L-frontal,675.0,-0.13129341236440842,15
R1304N,L-frontal,725.0,-0.12919273526631178,15
R1304N,L-frontal,775.0,-0.11792102253360719,15
R1304N,L-frontal,825.0,-0.11940773052877826,15
R1304N,L-frontal,875.0,-0.09380089390992352,15
R1304N,L-frontal,925.0,-0.12920395397597217,15
R1304N,L-frontal,975.0,-0.1344688924123374,15
R1304N,L-frontal,1025.0,-0.11114236059349757,15
R1304N,L-frontal,1075.0,-0.15423604073853422,15
R1304N,L-frontal,1125.0,-0.1365415767140964,15
R1304N,L-frontal,1175.0,-0.1413578655937092,15
R1304N,L-frontal,1225.0,-0.1476970692568157,15
R1304N,L-frontal,1275.0,-0.10812899428281222,15
R1304N,L-frontal,1325.0,-0.11000520592364418,15
R1304N,L-frontal,1375.0,0.0003718129500171863,15
R1304N,L-frontal,1425.0,0.07995563430192924,15
R1304N,L-frontal,1475.0,0.04420233393613068,15
R1304N,L-frontal,1525.0,0.001255310460979401,15
R1304N,L-frontal,1575.0,0.07427679541430271,15
R1304N,R-frontal,25.0,-0.07317216719393282,65
R1304N,R-frontal,75.0,-0.06621166459068696,65
R1304N,R-frontal,125.0,-0.07213504800811517,65
R1304N,R-frontal,175.0,-0.0792891938867091,65
R1304N,R-frontal,225.0,-0.11237477288605836,65
R1304N,R-frontal,275.0,-0.11913461774550825,65
R1304N,R-frontal,325.0,-0.13776832246915344,65
R1304N,R-frontal,375.0,-0.13056325106396113,65
R1304N,R-frontal,425.0,-0.07474666664989575,65
R1304N,R-frontal,475.0,-0.07882566544567297,65
R1304N,R-frontal,525.0,-0.03620567591158941,65
R1304N,R-frontal,575.0,-0.0403015746674413,65
R1304N,R-frontal,625.0,-0.036707135609269054,65
R1304N,R-frontal,675.0,-0.029975011333368985,65
R1304N,R-frontal,725.0,-0.050471258899107016,65
R1304N,R-frontal,775.0,-0.03587143749462805,65
R1304N,R-frontal,825.0,-0.06065179097588487,65
R1304N,R-frontal,875.0,-0.04095960932606742,65
R1304N,R-frontal,925.0,-0.07064218030704875,65
R1304N,R-frontal,975.0,-0.07126543615759436,65
R1304N,R-frontal,1025.0,-0.06340325452765454,65
R1304N,R-frontal,1075.0,-0.0952938988058866,65
R1304N,R-frontal,1125.0,-0.08627585273954151,65
R1304N,R-frontal,1175.0,-0.06427788640124661,65
R1304N,R-frontal,1225.0,-0.09022242334382949,65
R1304N,R-frontal,1275.0,-0.06106417068091901,65
R1304N,R-frontal,1325.0,-0.09122909727930799,65
R1304N,R-frontal,1375.0,0.0018255159050992453,65
R1304N,R-frontal,1425.0,0.0368299800641022,65
R1304N,R-frontal,1475.0,0.012825241578363412,65
R1304N,R-frontal,1525.0,-0.021222898904554168,65
R1304N,R-frontal,1575.0,0.04572538904641486,65
R1308T,L-frontal,25.0,-0.006383978281028938,11
R1308T,L-frontal,75.0,-0.009525409540287043,11
R1308T,L-frontal,125.0,-0.001836704560866987,11
R1308T,L-frontal,175.0,0.017651555178176324,11
R1308T,L-frontal,225.0,-0.009938213425312955,11
R1308T,L-frontal,275.0,0.005965908648820243,11
R1308T,L-frontal,325.0,-0.004791617728464092,11
R1308T,L-frontal,375.0,-0.012967560377722821,11
R1308T,L-frontal,425.0,-0.00766120970313946,11
R1308T,L-frontal,475.0,-0.021096153346979507,11
R1308T,L-frontal,525.0,0.01225081283223975,11
R1308T,L-frontal,575.0,0.03474122788626496,11
R1308T,L-frontal,625.0,0.026940486013085404,11
R1308T,L-frontal,675.0,0.031047885025514546,11
R1308T,L-frontal,725.0,-0.004886351015747573,11
R1308T,L-frontal,775.0,0.008836302812711418,11
R1308T,L-frontal,825.0,0.003903313030087204,11
R1308T,L-frontal,875.0,0.004656536801221,11
R1308T,L-frontal,925.0,0.02987255264010721,11
R1308T,L-frontal,975.0,0.033800225091644875,11
R1308T,L-frontal,1025.0,0.013483378086835713,11
R1308T,L-frontal,1075.0,0.026330103481081345,11
R1308T,L-frontal,1125.0,0.012649220755716496,11
R1308T,L-frontal,1175.0,0.007627804028804482,11
R1308T,L-frontal,1225.0,0.020922326554944852,11
R1308T,L-frontal,1275.0,0.03110222547160676,11
R1308T,L-frontal,1325.0,0.017800913619779705,11
R1308T,L-frontal,1375.0,0.03194324347294161,11
R1308T,L-frontal,1425.0,-0.005385919733145271,11
R1308T,L-frontal,1475.0,0.00841549574676845,11
R1308T,L-frontal,1525.0,0.02814313962025964,11
R1308T,L-frontal,1575.0,0.013808672916563097,11
R1308T,L-occipital,25.0,0.023018281166358647,5
R1308T,L-occipital,75.0,0.04187149732827298,5
R1308T,L-occipital,125.0,0.4867095696289514,5
R1308T,L-occipital,175.0,0.5069637130913771,5
R1308T,L-occipital,225.0,0.5752893517546411,5
R1308T,L-occipital,275.0,0.6052807095896728,5
R1308T,L-occipital,325.0,0.45659113218259667,5
R1308T,L-occipital,375.0,0.3398434839685921,5
R1308T,L-occipital,425.0,0.26632497228962443,5
R1308T,L-occipital,475.0,0.24332749605695608,5
R1308T,L-occipital,525.0,0.20736101380597147,5
R1308T,L-occipital,575.0,0.1578758062537254,5
R1308T,L-occipital,625.0,0.10839531391032042,5
R1308T,L-occipital,675.0,-0.01660552302962779,5
R1308T,L-occipital,725.0,0.04456066907238531,5
R1308T,L-occipital,775.0,0.0371801463854667,5
R1308T,L-occipital,825.0,0.0007928097042742943,5
R1308T,L-occipital,875.0,0.033697283075494515,5
R1308T,L-occipital,925.0,0.030687356157242253,5
R1308T,L-occipital,975.0,-0.007517417329333048,5
R1308T,L-occipital,1025.0,0.014957375028378229,5
R1308T,L-occipital,1075.0,0.020321874972789877,5
R1308T,L-occipital,1125.0,-0.00869819758248547,5
R1308T,L-occipital,1175.0,0.012499807564092538,5
R1308T,L-occipital,1225.0,0.0054347993714760024,5
R1308T,L-occipital,1275.0,-0.01520086211212764,5
R1308T,L-occipital,1325.0,-0.005533782177047614,5
R1308T,L-occipital,1375.0,0.03720350904599416,5
R1308T,L-occipital,1425.0,0.022476891747572465,5
R1308T,L-occipital,1475.0,0.03576703300435489,5
R1308T,L-occipital,1525.0,0.03073019885678851,5
R1308T,L-occipital,1575.0,0.010767501202591252,5
R1308T,L-parietal,25.0,-0.0036644690557707,9
R1308T,L-parietal,75.0,0.02858290902855904,9
R1308T,L-parietal,125.0,0.10832061021261756,9
R1308T,L-parietal,175.0,0.14875191145113778,9
R1308T,L-parietal,225.0,0.12982462147792012,9
R1308T,L-parietal,275.0,0.09814839400035968,9
R1308T,L-parietal,325.0,0.10519338285338661,9
R1308T,L-parietal,375.0,0.07645413852047885,9
R1308T,L-parietal,425.0,0.032590687964502256,9
R1308T,L-parietal,475.0,0.00246512043111294,9
R1308T,L-parietal,525.0,0.009968351481830852,9
R1308T,L-parietal,575.0,-0.012893534449200328,9
R1308T,L-parietal,625.0,-0.005083601804297217,9
R1308T,L-parietal,675.0,-0.05243597222387998,9
R1308T,L-parietal,725.0,-0.005746916183759582,9
R1308T,L-parietal,775.0,-0.012773618308219393,9
R1308T,L-parietal,825.0,-0.004104445608694031,9
R1308T,L-parietal,875.0,0.0211078517552525,9
R1308T,L-parietal,925.0,0.0054678377960193265,9
R1308T,L-parietal,975.0,0.004891270914520569,9
R1308T,L-parietal,1025.0,-0.015021852825717536,9
R1308T,L-parietal,1075.0,0.00030221779389858904,9
R1308T,L-parietal,1125.0,0.033276343713238975,9
R1308T,L-parietal,1175.0,0.01626774824301744,9
R1308T,L-parietal,1225.0,0.03049617171170373,9
R1308T,L-parietal,1275.0,0.015843498647383103,9
R1308T,L-parietal,1325.0,0.03621607945280822,9
R1308T,L-parietal,1375.0,0.019716744534564297,9
R1308T,L-parietal,1425.0,0.03237911835098626,9
R1308T,L-parietal,1475.0,-0.0035709844569397544,9
R1308T,L-parietal,1525.0,-0.027425148337274958,9
R1308T,L-parietal,1575.0,0.0074119022168979,9
R1308T,L-temporal,25.0,0.0018078253044471109,14
R1308T,L-temporal,75.0,0.01024889870128039,14
R1308T,L-temporal,125.0,0.0009356195362004837,14
R1308T,L-temporal,175.0,0.03230284216743971,14
R1308T,L-temporal,225.0,0.08623884321602893,14
R1308T,L-temporal,275.0,0.11199686838002752,14
R1308T,L-temporal,325.0,0.11536269567626743,14
R1308T,L-temporal,375.0,0.08483849796694412,14
R1308T,L-temporal,425.0,0.07345401980159469,14
R1308T,L-temporal,475.0,0.06383124975644214,14
R1308T,L-temporal,525.0,0.09707154121409425,14
R1308T,L-temporal,575.0,0.06007971695115714,14
R1308T,L-temporal,625.0,0.053880080960501994,14
R1308T,L-temporal,675.0,0.0367123252151799,14
R1308T,L-temporal,725.0,0.03538734973640919,14
R1308T,L-temporal,775.0,0.016871037417138846,14
R1308T,L-temporal,825.0,0.02083568753643015,14
R1308T,L-temporal,875.0,0.022143978098695987,14
R1308T,L-temporal,925.0,0.019003012643438375,14
R1308T,L-temporal,975.0,0.0008952886646372441,14
R1308T,L-temporal,1025.0,-0.011130629827399081,14
R1308T,L-temporal,1075.0,-0.0008066863154325203,14
R1308T,L-temporal,1125.0,-0.012054173686118311,14
R1308T,L-temporal,1175.0,0.004423220650793266,14
R1308T,L-temporal,1225.0,0.011523027496917663,14
R1308T,L-temporal,1275.0,-0.008733721286716085,14
R1308T,L-temporal,1325.0,0.004876133745352353,14
R1308T,L-temporal,1375.0,0.034765165080813766,14
R1308T,L-temporal,1425.0,0.013180702496948669,14
R1308T,L-temporal,1475.0,-0.008597901793908127,14
R1308T,L-temporal,1525.0,-0.009566964289048607,14
R1308T,L-temporal,1575.0,-0.009390393512130496,14
R1308T,R-frontal,25.0,0.0038442885422862215,5
R1308T,R-frontal,75.0,0.01572081344764171,5
R1308T,R-frontal,125.0,0.03672487946164392,5
R1308T,R-frontal,175.0,0.09920825776452095,5
R1308T,R-frontal,225.0,0.09420016159147629,5
R1308T,R-frontal,275.0,0.07902997109998018,5
R1308T,R-frontal,325.0,0.06368551502741515,5
R1308T,R-frontal,375.0,-0.017317061368173164,5
R1308T,R-frontal,425.0,-0.03324113775804719,5
R1308T,R-frontal,475.0,-0.0690230916108314,5
R1308T,R-frontal,525.0,-0.08412183141674841,5
R1308T,R-frontal,575.0,-0.056342959734658624,5
R1308T,R-frontal,625.0,-0.04710180066407406,5
R1308T,R-frontal,675.0,-0.09609405707539839,5
R1308T,R-frontal,725.0,-0.06868869052017405,5
R1308T,R-frontal,775.0,-0.03460552308739945,5
R1308T,R-frontal,825.0,-0.045127617946127255,5
R1308T,R-frontal,875.0,-0.08513042402035902,5
R1308T,R-frontal,925.0,-0.014436359786196756,5
R1308T,R-frontal,975.0,-0.04543796953655245,5
R1308T,R-frontal,1025.0,-0.02012448351868179,5
R1308T,R-frontal,1075.0,-0.011872847173889553,5
R1308T,R-frontal,1125.0,0.010756737258816103,5
R1308T,R-frontal,1175.0,-0.009812675325245428,5
R1308T,R-frontal,1225.0,0.015563624949447866,5
R1308T,R-frontal,1275.0,0.0325271084346611,5
R1308T,R-frontal,1325.0,-0.009784204232322685,5
R1308T,R-frontal,1375.0,0.0004870809331317644,5
R1308T,R-frontal,1425.0,0.02053858503342857,5
R1308T,R-frontal,1475.0,-0.014661538841515775,5
R1308T,R-frontal,1525.0,-0.060113246132512434,5
R1308T,R-frontal,1575.0,-0.0013312198044611284,5
R1308T,R-parietal,25.0,-0.027380957730488868,4
R1308T,R-parietal,75.0,-0.014329275386937963,4
R1308T,R-parietal,125.0,0.02850574119669539,4
R1308T,R-parietal,175.0,-0.020280759789173076,4
R1308T,R-parietal,225.0,-0.025466588995475208,4
R1308T,R-parietal,275.0,-0.016551849600696507,4
R1308T,R-parietal,325.0,-0.03729563723575606,4
R1308T,R-parietal,375.0,0.018416269469100046,4
R1308T,R-parietal,425.0,-0.021411501929162836,4
R1308T,R-parietal,475.0,0.031397155933107476,4
R1308T,R-parietal,525.0,0.017232832884681235,4
R1308T,R-parietal,575.0,0.0038010669799224085,4
R1308T,R-parietal,625.0,-0.020117423658126687,4
R1308T,R-parietal,675.0,0.0069074004268693655,4
R1308T,R-parietal,725.0,-0.01603389552904358,4
R1308T,R-parietal,775.0,0.014423118060787362,4
R1308T,R-parietal,825.0,0.07297794728381775,4
R1308T,R-parietal,875.0,0.04576209024900143,4
R1308T,R-parietal,925.0,0.04896661471860753,4
R1308T,R-parietal,975.0,0.047858322537359825,4
R1308T,R-parietal,1025.0,0.10135147485918664,4
R1308T,R-parietal,1075.0,0.07363718703582968,4
R1308T,R-parietal,1125.0,0.0401103854301072,4
R1308T,R-parietal,1175.0,0.08317900018399715,4
R1308T,R-parietal,1225.0,0.08309464527875267,4
R1308T,R-parietal,1275.0,0.07869581476884084,4
R1308T,R-parietal,1325.0,0.07005625935032957,4
R1308T,R-parietal,1375.0,0.05686034115602158,4
R1308T,R-parietal,1425.0,0.04894820680419292,4
R1308T,R-parietal,1475.0,0.03465564957737503,4
R1308T,R-parietal,1525.0,0.029534200782367116,4
R1308T,R-parietal,1575.0,0.018737601941281976,4
R1308T,R-temporal,25.0,-0.03180481732196133,12
R1308T,R-temporal,75.0,0.005894698251146298,12
R1308T,R-temporal,125.0,0.027163404193453918,12
R1308T,R-temporal,175.0,0.003534157680316228,12
R1308T,R-temporal,225.0,0.0036999637328132625,12
R1308T,R-temporal,275.0,-0.0014696484880250733,12
R1308T,R-temporal,325.0,0.0035942192098953004,12
R1308T,R-temporal,375.0,0.0037223760654508126,12
R1308T,R-temporal,425.0,-0.03846015240091689,12
R1308T,R-temporal,475.0,-0.009964648482355737,12
R1308T,R-temporal,525.0,-0.008602783674660578,12
R1308T,R-temporal,575.0,-0.04268061316693888,12
R1308T,R-temporal,625.0,-0.021948388673234495,12
R1308T,R-temporal,675.0,-0.011820991441796514,12
R1308T,R-temporal,725.0,-0.021121713349352284,12
R1308T,R-temporal,775.0,-0.017771922499973204,12
R1308T,R-temporal,825.0,-0.040183788416930814,12
R1308T,R-temporal,875.0,-0.0017836976731860725,12
R1308T,R-temporal,925.0,-0.037243089911844406,12
R1308T,R-temporal,975.0,-0.007708634859025002,12
R1308T,R-temporal,1025.0,-0.02644862069526673,12
R1308T,R-temporal,1075.0,-0.04722360820368293,12
R1308T,R-temporal,1125.0,-0.003836058247072019,12
R1308T,R-temporal,1175.0,-0.014863817419638348,12
R1308T,R-temporal,1225.0,0.014189291831723861,12
R1308T,R-temporal,1275.0,-0.0249690861376913,12
R1308T,R-temporal,1325.0,-0.03767828510766142,12
R1308T,R-temporal,1375.0,-0.023886258052064402,12
R1308T,R-temporal,1425.0,-0.0284079237528664,12
R1308T,R-temporal,1475.0,-0.0023988198041389576,12
R1308T,R-temporal,1525.0,-0.03372384895082739,12
R1308T,R-temporal,1575.0,-0.048761350589249686,12
R1310J,L-parietal,25.0,-0.02024784101385583,5
R1310J,L-parietal,75.0,-0.037700161661530444,5
R1310J,L-parietal,125.0,-0.03980164961322753,5
R1310J,L-parietal,175.0,0.015817899985503252,5
R1310J,L-parietal,225.0,-0.006568702358195464,5
R1310J,L-parietal,275.0,-0.005909637262305764,5
R1310J,L-parietal,325.0,0.012431275929668192,5
R1310J,L-parietal,375.0,-0.005729573092165123,5
R1310J,L-parietal,425.0,-0.033053503710733526,5
R1310J,L-parietal,475.0,-0.030115764250074444,5
R1310J,L-parietal,525.0,0.004097359841418488,5
R1310J,L-parietal,575.0,0.03349290915293581,5
R1310J,L-parietal,625.0,-0.008014724119858456,5
R1310J,L-parietal,675.0,-0.056021112312612496,5
R1310J,L-parietal,725.0,0.003322030958999477,5
R1310J,L-parietal,775.0,0.008155496238808327,5
R1310J,L-parietal,825.0,-0.015279844720880764,5
R1310J,L-parietal,875.0,0.023825156721249574,5
R1310J,L-parietal,925.0,-0.0031360888178657382,5
R1310J,L-parietal,975.0,-0.001275382880942623,5
R1310J,L-parietal,1025.0,-0.028199274622436127,5
R1310J,L-parietal,1075.0,0.004780661112217896,5
R1310J,L-parietal,1125.0,-0.03932315773598738,5
R1310J,L-parietal,1175.0,-0.013493959388757576,5
R1310J,L-parietal,1225.0,-0.021781714623600457,5
R1310J,L-parietal,1275.0,-0.030684690295604,5
R1310J,L-parietal,1325.0,-0.03744194438480408,5
R1310J,L-parietal,1375.0,0.004466740661457436,5
R1310J,L-parietal,1425.0,-0.01758892888819314,5
R1310J,L-parietal,1475.0,-0.0017738205668850564,5
R1310J,L-parietal,1525.0,0.03232167836840494,5
R1310J,L-parietal,1575.0,-0.04795390181716887,5
R1310J,L-temporal,25.0,-0.011342163149910512,5
R1310J,L-temporal,75.0,-0.00102705266869242,5
R1310J,L-temporal,125.0,0.03540041319338548,5
R1310J,L-temporal,175.0,-0.0060609385076130715,5
R1310J,L-temporal,225.0,-0.045741321683404966,5
R1310J,L-temporal,275.0,0.011806319829475574,5
R1310J,L-temporal,325.0,-0.010087162635927507,5
R1310J,L-temporal,375.0,0.050102649247593466,5
R1310J,L-temporal,425.0,0.02383076731419557,5
R1310J,L-temporal,475.0,-0.06337915136194623,5
R1310J,L-temporal,525.0,-0.040270069051136205,5
R1310J,L-temporal,575.0,0.0004115913728846947,5
R1310J,L-temporal,625.0,0.06148104894035368,5
R1310J,L-temporal,675.0,0.013526373003106117,5
R1310J,L-temporal,725.0,0.06274324840439485,5
R1310J,L-temporal,775.0,0.03535669941855477,5
R1310J,L-temporal,825.0,0.05010613710729915,5
R1310J,L-temporal,875.0,-0.011691595690445845,5
R1310J,L-temporal,925.0,0.0886688767300217,5
R1310J,L-temporal,975.0,0.06421533095153913,5
R1310J,L-temporal,1025.0,0.030876777109126775,5
R1310J,L-temporal,1075.0,-0.01862789871359809,5
R1310J,L-temporal,1125.0,0.043317530401952464,5
R1310J,L-temporal,1175.0,0.07313607758555234,5
R1310J,L-temporal,1225.0,0.028990487656759052,5
R1310J,L-temporal,1275.0,0.03275290698288972,5
R1310J,L-temporal,1325.0,0.06679323402760977,5
R1310J,L-temporal,1375.0,0.06801514580413023,5
R1310J,L-temporal,1425.0,0.03694669160798847,5
R1310J,L-temporal,1475.0,0.07921403120698418,5
R1310J,L-temporal,1525.0,0.05487974412707788,5
R1310J,L-temporal,1575.0,0.07019469190112546,5
R1310J,R-frontal,25.0,0.020995759282510934,10
R1310J,R-frontal,75.0,0.003067249868126737,10
R1310J,R-frontal,125.0,-0.020226212301186007,10
R1310J,R-frontal,175.0,-0.01215000833947181,10
R1310J,R-frontal,225.0,0.0295997954741112,10
R1310J,R-frontal,275.0,0.042744977947808446,10
R1310J,R-frontal,325.0,0.01192919366462409,10
R1310J,R-frontal,375.0,-0.0063543074821432715,10
R1310J,R-frontal,425.0,-0.02142332368130339,10
R1310J,R-frontal,475.0,-0.02809480028722386,10
R1310J,R-frontal,525.0,-0.05987271984589686,10
R1310J,R-frontal,575.0,-0.07110620514387966,10
R1310J,R-frontal,625.0,-0.034573021641199124,10
R1310J,R-frontal,675.0,-0.0908020993333828,10
R1310J,R-frontal,725.0,-0.04515833150237726,10
R1310J,R-frontal,775.0,-0.021335791060851452,10
R1310J,R-frontal,825.0,-0.049147999950924275,10
R1310J,R-frontal,875.0,-0.0046601498048505895,10
R1310J,R-frontal,925.0,0.01438198758450368,10
R1310J,R-frontal,975.0,0.034042376055238445,10
R1310J,R-frontal,1025.0,0.05430575840915588,10
R1310J,R-frontal,1075.0,0.014412507189548446,10
R1310J,R-frontal,1125.0,0.011523306628289336,10
R1310J,R-frontal,1175.0,-0.0031042273890771856,10
R1310J,R-frontal,1225.0,0.007895009411119893,10
R1310J,R-frontal,1275.0,-0.0028112998220955684,10
R1310J,R-frontal,1325.0,-0.021567608101914985,10
R1310J,R-frontal,1375.0,-0.03259080259510302,10
R1310J,R-frontal,1425.0,-0.02170439174856735,10
R1310J,R-frontal,1475.0,0.004450523254438397,10
R1310J,R-frontal,1525.0,0.013882600223510714,10
R1310J,R-frontal,1575.0,-0.010697873587993146,10
R1310J,R-temporal,25.0,0.011108490274206335,7
R1310J,R-temporal,75.0,-0.04021190311618223,7
R1310J,R-temporal,125.0,0.03705185157980152,7
R1310J,R-temporal,175.0,-0.02470369299627421,7
R1310J,R-temporal,225.0,0.006502997035261658,7
R1310J,R-temporal,275.0,-0.015601167255678746,7
R1310J,R-temporal,325.0,0.023717157314955384,7
R1310J,R-temporal,375.0,0.02294808321751804,7
R1310J,R-temporal,425.0,0.009107143090984593,7
R1310J,R-temporal,475.0,0.022338927620887357,7
R1310J,R-temporal,525.0,-0.016963103819719976,7
R1310J,R-temporal,575.0,-0.04707821954714409,7
R1310J,R-temporal,625.0,0.013819004563866045,7
R1310J,R-temporal,675.0,0.028155523242036788,7
R1310J,R-temporal,725.0,0.018823737832689823,7
R1310J,R-temporal,775.0,-0.015501195742019306,7
R1310J,R-temporal,825.0,-0.007324271220322492,7
R1310J,R-temporal,875.0,0.0015172866294198611,7
R1310J,R-temporal,925.0,-0.05521614581756714,7
R1310J,R-temporal,975.0,-0.01869725685413407,7
R1310J,R-temporal,1025.0,-0.015111378888485278,7
R1310J,R-temporal,1075.0,-0.03654284766676314,7
R1310J,R-temporal,1125.0,-0.012211862328530396,7
R1310J,R-temporal,1175.0,0.0023079288340919013,7
R1310J,R-temporal,1225.0,-0.01404073369358624,7
R1310J,R-temporal,1275.0,-0.009739202016797384,7
R1310J,R-temporal,1325.0,-0.002668120669990428,7
R1310J,R-temporal,1375.0,0.06153378838647917,7
R1310J,R-temporal,1425.0,0.01989782731729628,7
R1310J,R-temporal,1475.0,0.036597746489633785,7
R1310J,R-temporal,1525.0,0.029635569775374283,7
R1310J,R-temporal,1575.0,0.05068653366770819,7
R1311T,L-parietal,25.0,0.003880218205760921,5
R1311T,L-parietal,75.0,-0.01757289673921241,5
R1311T,L-parietal,125.0,0.01647712838951548,5
R1311T,L-parietal,175.0,-0.032061382632971654,5
R1311T,L-parietal,225.0,0.014614354541139424,5
R1311T,L-parietal,275.0,-0.011724749236490441,5
R1311T,L-parietal,325.0,0.034139217139157824,5
R1311T,L-parietal,375.0,0.06632258316914937,5
R1311T,L-parietal,425.0,-0.0023228465862863146,5
R1311T,L-parietal,475.0,-0.014638188709644492,5
R1311T,L-parietal,525.0,-0.0034815411737616326,5
R1311T,L-parietal,575.0,0.08369232689794251,5
R1311T,L-parietal,625.0,0.013762966284897427,5
R1311T,L-parietal,675.0,0.019771313182516074,5
R1311T,L-parietal,725.0,-0.0010245482962111586,5
R1311T,L-parietal,775.0,-0.026870532182534556,5
R1311T,L-parietal,825.0,-0.019935894012904784,5
R1311T,L-parietal,875.0,0.04299580626461293,5
R1311T,L-parietal,925.0,0.007468865051629077,5
R1311T,L-parietal,975.0,0.033769929024368726,5
R1311T,L-parietal,1025.0,0.014238463289663425,5
R1311T,L-parietal,1075.0,0.006926503886554138,5
R1311T,L-parietal,1125.0,-0.050449161163974035,5
R1311T,L-parietal,1175.0,-0.00424187197167517,5
R1311T,L-parietal,1225.0,-0.048471214918585595,5
R1311T,L-parietal,1275.0,-0.004495878074819234,5
R1311T,L-parietal,1325.0,0.03672680849924885,5
R1311T,L-parietal,1375.0,0.03913927965364693,5
R1311T,L-parietal,1425.0,-0.01730260812754663,5
R1311T,L-parietal,1475.0,0.02206244009007487,5
R1311T,L-parietal,1525.0,0.012482896380305966,5
R1311T,L-parietal,1575.0,0.05886220951037868,5
R1311T,L-temporal,25.0,-0.053256448266678316,8
R1311T,L-temporal,75.0,-0.040399618887388376,8
R1311T,L-temporal,125.0,-0.027059392344880286,8
R1311T,L-temporal,175.0,-0.05475647984107836,8
R1311T,L-temporal,225.0,-0.025554475261609255,8
R1311T,L-temporal,275.0,0.017395304513104348,8
R1311T,L-temporal,325.0,0.019914793559483102,8
R1311T,L-temporal,375.0,-0.005621752800284133,8
R1311T,L-temporal,425.0,-0.01450907521016771,8
R1311T,L-temporal,475.0,-0.024390493946539697,8
R1311T,L-temporal,525.0,0.021884906122117413,8
R1311T,L-temporal,575.0,0.08081941225837246,8
R1311T,L-temporal,625.0,0.022325261318696353,8
R1311T,L-temporal,675.0,0.0028413739666553316,8
R1311T,L-temporal,725.0,-0.057513165651243356,8
R1311T,L-temporal,775.0,-0.019831019322004546,8
R1311T,L-temporal,825.0,0.03197610134504459,8
R1311T,L-temporal,875.0,0.015074347815428484,8
R1311T,L-temporal,925.0,-0.00996449393214167,8
R1311T,L-temporal,975.0,0.07780694475820982,8
R1311T,L-temporal,1025.0,0.04683511564543314,8
R1311T,L-temporal,1075.0,-0.04278252165894822,8
R1311T,L-temporal,1125.0,-0.008993091410992155,8
R1311T,L-temporal,1175.0,-4.05240053260314e-05,8
R1311T,L-temporal,1225.0,0.01421299128217468,8
R1311T,L-temporal,1275.0,0.0973531856097445,8
R1311T,L-temporal,1325.0,0.0639264376885832,8
R1311T,L-temporal,1375.0,0.028736906664511445,8
R1311T,L-temporal,1425.0,0.01580682725615794,8
R1311T,L-temporal,1475.0,0.025027768102660344,8
R1311T,L-temporal,1525.0,-0.040535630874421275,8
R1311T,L-temporal,1575.0,0.08319443075711606,8
R1311T,R-frontal,25.0,-0.06277982800016374,25
R1311T,R-frontal,75.0,-0.052545705596071676,25
R1311T,R-frontal,125.0,0.05354543776033477,25
R1311T,R-frontal,175.0,0.012304362039655499,25
R1311T,R-frontal,225.0,-0.031146070637658518,25
R1311T,R-frontal,275.0,-0.029857550916017037,25
R1311T,R-frontal,325.0,-0.023019202345177833,25
R1311T,R-frontal,375.0,0.006741338722490903,25
R1311T,R-frontal,425.0,0.013144470552270582,25
R1311T,R-frontal,475.0,-0.001997884690028081,25
R1311T,R-frontal,525.0,0.008621110321788845,25
R1311T,R-frontal,575.0,-0.00811602662783813,25
R1311T,R-frontal,625.0,0.01349894587247174,25
R1311T,R-frontal,675.0,0.011113735682260855,25
R1311T,R-frontal,725.0,0.029035181622121882,25
R1311T,R-frontal,775.0,0.03212448788721358,25
R1311T,R-frontal,825.0,0.03909317925833084,25
R1311T,R-frontal,875.0,0.02945136862263464,25
R1311T,R-frontal,925.0,0.024433110161824603,25
R1311T,R-frontal,975.0,0.04389491264929265,25
R1311T,R-frontal,1025.0,0.047606531417042824,25
R1311T,R-frontal,1075.0,0.02771281944400259,25
R1311T,R-frontal,1125.0,-0.006885047744108124,25
R1311T,R-frontal,1175.0,-0.03768227500464717,25
R1311T,R-frontal,1225.0,0.007266810477757997,25
R1311T,R-frontal,1275.0,-0.020325832823438875,25
R1311T,R-frontal,1325.0,-0.0068441887660449395,25
R1311T,R-frontal,1375.0,-0.03077793609510815,25
R1311T,R-frontal,1425.0,-0.04488501005667392,25
R1311T,R-frontal,1475.0,0.02207234160443077,25
R1311T,R-frontal,1525.0,0.014024767495043057,25
R1311T,R-frontal,1575.0,0.002824732789274491,25
R1311T,R-parietal,25.0,-0.052297237881073884,13
R1311T,R-parietal,75.0,-0.008743850119934289,13
R1311T,R-parietal,125.0,0.036877441126807124,13
R1311T,R-parietal,175.0,0.04010526850934034,13
R1311T,R-parietal,225.0,-0.025408456416757066,13
R1311T,R-parietal,275.0,0.030867923450233904,13
R1311T,R-parietal,325.0,0.07359810179061825,13
R1311T,R-parietal,375.0,0.10732615983481297,13
R1311T,R-parietal,425.0,0.0761165732595638,13
R1311T,R-parietal,475.0,0.07824311788224877,13
R1311T,R-parietal,525.0,0.07281389153684811,13
R1311T,R-parietal,575.0,0.13434556117157603,13
R1311T,R-parietal,625.0,0.08618688530356323,13
R1311T,R-parietal,675.0,0.12288632506512494,13
R1311T,R-parietal,725.0,0.14702402532959807,13
R1311T,R-parietal,775.0,0.10665383852693552,13
R1311T,R-parietal,825.0,0.10070569241202347,13
R1311T,R-parietal,875.0,0.10750242009457753,13
R1311T,R-parietal,925.0,0.08510884103379376,13
R1311T,R-parietal,975.0,0.06335239023344778,13
R1311T,R-parietal,1025.0,0.02180847605511764,13
R1311T,R-parietal,1075.0,0.04056236539504231,13
R1311T,R-parietal,1125.0,0.03793829992458406,13
R1311T,R-parietal,1175.0,0.03625228203888407,13
R1311T,R-parietal,1225.0,-0.0008800435712195836,13
R1311T,R-parietal,1275.0,-0.008371383845632713,13
R1311T,R-parietal,1325.0,0.002195616669769312,13
R1311T,R-parietal,1375.0,0.0236927436052584,13
R1311T,R-parietal,1425.0,0.018946845105189708,13
R1311T,R-parietal,1475.0,0.041307888689663605,13
R1311T,R-parietal,1525.0,0.035235815852977,13
R1311T,R-parietal,1575.0,-0.060105195102192595,13
R1311T,R-temporal,25.0,-0.09090759948733475,30
R1311T,R-temporal,75.0,-0.03375016527666001,30
R1311T,R-temporal,125.0,0.053901831473677345,30
R1311T,R-temporal,175.0,-0.02889308319003153,30
R1311T,R-temporal,225.0,-0.011124581073747213,30
R1311T,R-temporal,275.0,-0.022818475719363306,30
R1311T,R-temporal,325.0,-0.021282823822501722,30
R1311T,R-temporal,375.0,0.05819946156372976,30
R1311T,R-temporal,425.0,0.00033960907528327126,30
R1311T,R-temporal,475.0,0.008619926181538855,30
R1311T,R-temporal,525.0,0.034105972273602285,30
R1311T,R-temporal,575.0,0.0482467479078275,30
R1311T,R-temporal,625.0,0.031728719400395025,30
R1311T,R-temporal,675.0,0.08546453318494103,30
R1311T,R-temporal,725.0,0.0149008948951112,30
R1311T,R-temporal,775.0,0.014791851163567904,30
R1311T,R-temporal,825.0,0.011150428205718247,30
R1311T,R-temporal,875.0,-0.010993103773268625,30
R1311T,R-temporal,925.0,0.018057011734091973,30
R1311T,R-temporal,975.0,0.00416362347503396,30
R1311T,R-temporal,1025.0,0.048811783560836,30
R1311T,R-temporal,1075.0,-0.02866802857483058,30
R1311T,R-temporal,1125.0,0.00873801453856331,30
R1311T,R-temporal,1175.0,0.0026943083261017106,30
R1311T,R-temporal,1225.0,0.03662379852926743,30
R1311T,R-temporal,1275.0,-0.0013479364890006927,30
R1311T,R-temporal,1325.0,0.0012072601810536874,30
R1311T,R-temporal,1375.0,0.032207694665236826,30
R1311T,R-temporal,1425.0,-0.06235859995850592,30
R1311T,R-temporal,1475.0,-0.007019982440731865,30
R1311T,R-temporal,1525.0,-0.018516418546268756,30
R1311T,R-temporal,1575.0,-0.0747391731202804,30
R1313J,R-frontal,25.0,0.04031174313892191,16
R1313J,R-frontal,75.0,0.023449339116105344,16
R1313J,R-frontal,125.0,0.024666748053788264,16
R1313J,R-frontal,175.0,0.011287617118456647,16
R1313J,R-frontal,225.0,0.0038068711500178244,16
R1313J,R-frontal,275.0,-0.015456919553485441,16
R1313J,R-frontal,325.0,0.0002953625253171929,16
R1313J,R-frontal,375.0,0.01950630575714567,16
R1313J,R-frontal,425.0,0.008962703783918127,16
R1313J,R-frontal,475.0,0.04482133759492448,16
R1313J,R-frontal,525.0,-0.012327623394762401,16
R1313J,R-frontal,575.0,-0.026306482484600567,16
R1313J,R-frontal,625.0,0.007845718864384909,16
R1313J,R-frontal,675.0,0.017979066947920733,16
R1313J,R-frontal,725.0,0.029976256254730622,16
R1313J,R-frontal,775.0,0.009168067610073676,16
R1313J,R-frontal,825.0,0.013746046762355342,16
R1313J,R-frontal,875.0,0.0018705959013642533,16
R1313J,R-frontal,925.0,-0.004100780472754335,16
R1313J,R-frontal,975.0,0.006869164940362606,16
R1313J,R-frontal,1025.0,0.04947366532054806,16
R1313J,R-frontal,1075.0,-0.004269042286343589,16
R1313J,R-frontal,1125.0,-0.009392221608279494,16
R1313J,R-frontal,1175.0,0.011859602648321654,16
R1313J,R-frontal,1225.0,0.021137472097615108,16
R1313J,R-frontal,1275.0,0.013104774492235443,16
R1313J,R-frontal,1325.0,-0.0033556191611897796,16
R1313J,R-frontal,1375.0,0.0036357330141969743,16
R1313J,R-frontal,1425.0,0.062295082370945803,16
R1313J,R-frontal,1475.0,0.03543567090983052,16
R1313J,R-frontal,1525.0,0.023004855508677292,16
R1313J,R-frontal,1575.0,0.014033152282729902,16
R1313J,R-parietal,25.0,0.00557562436831035,12
R1313J,R-parietal,75.0,-0.023111805237552113,12
R1313J,R-parietal,125.0,-0.011606106108434428,12
R1313J,R-parietal,175.0,-0.033667921905284545,12
R1313J,R-parietal,225.0,-0.04263766932794603,12
R1313J,R-parietal,275.0,0.0074187627114854675,12
R1313J,R-parietal,325.0,0.036261566379494896,12
R1313J,R-parietal,375.0,0.025100899889582636,12
R1313J,R-parietal,425.0,-0.017139871273640677,12
R1313J,R-parietal,475.0,0.012733349709806286,12
R1313J,R-parietal,525.0,-0.03228773854608174,12
R1313J,R-parietal,575.0,-0.03177787277920112,12
R1313J,R-parietal,625.0,-0.025194255457541975,12
R1313J,R-parietal,675.0,-0.06578307664208155,12
R1313J,R-parietal,725.0,-0.009359363081930066,12
R1313J,R-parietal,775.0,-0.014996508048940713,12
R1313J,R-parietal,825.0,-0.019291081070531214,12
R1313J,R-parietal,875.0,-0.006362724116176571,12
R1313J,R-parietal,925.0,-0.024483465926294707,12
R1313J,R-parietal,975.0,0.00662699567973879,12
R1313J,R-parietal,1025.0,-0.0036507631447406977,12
R1313J,R-parietal,1075.0,-0.010750968142490982,12
R1313J,R-parietal,1125.0,-0.010015722562651359,12
R1313J,R-parietal,1175.0,0.04368165455975919,12
R1313J,R-parietal,1225.0,-0.02037295353606341,12
R1313J,R-parietal,1275.0,-0.021276542587838593,12
R1313J,R-parietal,1325.0,0.019740481204027497,12
R1313J,R-parietal,1375.0,0.01952081861591388,12
R1313J,R-parietal,1425.0,-0.025145967221535892,12
R1313J,R-parietal,1475.0,-0.019395472659109608,12
R1313J,R-parietal,1525.0,-0.010572328442865422,12
R1313J,R-parietal,1575.0,-0.06352477013251906,12
R1313J,R-temporal,25.0,-0.01695889488460221,25
R1313J,R-temporal,75.0,0.022566270197904435,25
R1313J,R-temporal,125.0,0.009378144317937081,25
R1313J,R-temporal,175.0,0.06234247565417868,25
R1313J,R-temporal,225.0,-0.005740669994931038,25
R1313J,R-temporal,275.0,0.08104875674250359,25
R1313J,R-temporal,325.0,0.019820774167517274,25
R1313J,R-temporal,375.0,0.029452846594426547,25
R1313J,R-temporal,425.0,0.009810838325531646,25
R1313J,R-temporal,475.0,0.0326815636851986,25
R1313J,R-temporal,525.0,-0.01326945199593421,25
R1313J,R-temporal,575.0,-0.017803023805795085,25
R1313J,R-temporal,625.0,0.017180013385523503,25
R1313J,R-temporal,675.0,-0.006550062663740426,25
R1313J,R-temporal,725.0,-0.0201678320420921,25
R1313J,R-temporal,775.0,0.022659549979203518,25
R1313J,R-temporal,825.0,-0.01119180238966842,25
R1313J,R-temporal,875.0,0.039052803617409336,25
R1313J,R-temporal,925.0,-0.006462670807454531,25
R1313J,R-temporal,975.0,0.00323641325240576,25
R1313J,R-temporal,1025.0,0.012854505466504861,25
R1313J,R-temporal,1075.0,0.03158978517991736,25
R1313J,R-temporal,1125.0,0.037196387450193616,25
R1313J,R-temporal,1175.0,-0.00791688760080557,25
R1313J,R-temporal,1225.0,-0.007218132241733327,25
R1313J,R-temporal,1275.0,-0.03059664525974174,25
R1313J,R-temporal,1325.0,0.02561189254960099,25
R1313J,R-temporal,1375.0,0.03615214492860075,25
R1313J,R-temporal,1425.0,0.0021891766348475466,25
R1313J,R-temporal,1475.0,-0.00024453920011672457,25
R1313J,R-temporal,1525.0,-0.015448576725271619,25
R1313J,R-temporal,1575.0,-0.007416288796941503,25
R1315T,L-frontal,25.0,-0.025478294854272672,13
R1315T,L-frontal,75.0,0.0027488533591713995,13
R1315T,L-frontal,125.0,-0.0020533155479630283,13
R1315T,L-frontal,175.0,0.12254711955884146,13
R1315T,L-frontal,225.0,0.064262661220339,13
R1315T,L-frontal,275.0,-0.030768741868012782,13
R1315T,L-frontal,325.0,-0.058196910652850035,13
R1315T,L-frontal,375.0,-0.08164616022614338,13
R1315T,L-frontal,425.0,-0.0683829583792742,13
R1315T,L-frontal,475.0,-0.06855640476198056,13
R1315T,L-frontal,525.0,-0.047932910858443804,13
R1315T,L-frontal,575.0,-0.05314328151661345,13
R1315T,L-frontal,625.0,-0.022003334838221995,13
R1315T,L-frontal,675.0,-0.034337553233761975,13
R1315T,L-frontal,725.0,-0.00464505350152413,13
R1315T,L-frontal,775.0,0.009701131781204995,13
R1315T,L-frontal,825.0,-0.012620765117015867,13
R1315T,L-frontal,875.0,0.02464379888820538,13
R1315T,L-frontal,925.0,-0.013614350368687907,13
R1315T,L-frontal,975.0,0.02971609135465407,13
R1315T,L-frontal,1025.0,0.031024891525782045,13
R1315T,L-frontal,1075.0,-0.001481048695546036,13
R1315T,L-frontal,1125.0,0.028840370136008566,13
R1315T,L-frontal,1175.0,0.039421592623504226,13
R1315T,L-frontal,1225.0,0.04113606960785006,13
R1315T,L-frontal,1275.0,0.052160135115853344,13
R1315T,L-frontal,1325.0,0.06256540594797404,13
R1315T,L-frontal,1375.0,0.030302231078627208,13
R1315T,L-frontal,1425.0,0.014853248190902576,13
R1315T,L-frontal,1475.0,0.04282410879461739,13
R1315T,L-frontal,1525.0,0.03365521402753213,13
R1315T,L-frontal,1575.0,0.02949948504281602,13
R1315T,L-occipital,25.0,0.003315243364986231,3
R1315T,L-occipital,75.0,0.05717005483077653,3
R1315T,L-occipital,125.0,0.2741937139731578,3
R1315T,L-occipital,175.0,1.156959044765866,3
R1315T,L-occipital,225.0,1.0991402023068704,3
R1315T,L-occipital,275.0,0.8430331011272969,3
R1315T,L-occipital,325.0,0.7312087693829986,3
R1315T,L-occipital,375.0,0.6511221459001137,3
R1315T,L-occipital,425.0,0.5082299516326103,3
R1315T,L-occipital,475.0,0.34148896925618133,3
R1315T,L-occipital,525.0,0.25310280677525093,3
R1315T,L-occipital,575.0,0.15321612618249983,3
R1315T,L-occipital,625.0,0.08814730506186863,3
R1315T,L-occipital,675.0,0.044943430498107784,3
R1315T,L-occipital,725.0,-0.01316634164044285,3
R1315T,L-occipital,775.0,0.0287150090544562,3
R1315T,L-occipital,825.0,-0.033417872950509624,3
R1315T,L-occipital,875.0,0.04125688275917413,3
R1315T,L-occipital,925.0,0.07055880470319496,3
R1315T,L-occipital,975.0,0.07624297690464853,3
R1315T,L-occipital,1025.0,0.07510491437551389,3
R1315T,L-occipital,1075.0,0.07106286349647446,3
R1315T,L-occipital,1125.0,0.043430679497058484,3
R1315T,L-occipital,1175.0,0.03874630420250288,3
R1315T,L-occipital,1225.0,0.06509124923170002,3
R1315T,L-occipital,1275.0,0.03225483304559051,3
R1315T,L-occipital,1325.0,0.07739188162550063,3
R1315T,L-occipital,1375.0,0.054354013291767665,3
R1315T,L-occipital,1425.0,0.03588228350576813,3
R1315T,L-occipital,1475.0,0.03673670761474096,3
R1315T,L-occipital,1525.0,0.044583675184000436,3
R1315T,L-occipital,1575.0,0.08180929490759531,3
R1315T,L-parietal,25.0,-0.032382416110669714,12
R1315T,L-parietal,75.0,-0.013292528584436178,12
R1315T,L-parietal,125.0,0.05189095749099664,12
R1315T,L-parietal,175.0,0.0802460349965272,12
R1315T,L-parietal,225.0,0.08650290963724916,12
R1315T,L-parietal,275.0,0.07054890315808056,12
R1315T,L-parietal,325.0,0.07572986983503201,12
R1315T,L-parietal,375.0,0.0780066285705266,12
R1315T,L-parietal,425.0,0.09207105260533362,12
R1315T,L-parietal,475.0,0.0669210163163091,12
R1315T,L-parietal,525.0,0.09742161686284447,12
R1315T,L-parietal,575.0,0.06701088432640342,12
R1315T,L-parietal,625.0,0.06232980745212039,12
R1315T,L-parietal,675.0,0.05272404008803128,12
R1315T,L-parietal,725.0,0.03400337899846543,12
R1315T,L-parietal,775.0,0.028073120715028255,12
R1315T,L-parietal,825.0,0.04592407736907026,12
R1315T,L-parietal,875.0,0.07067911678964524,12
R1315T,L-parietal,925.0,0.04843347133378768,12
R1315T,L-parietal,975.0,0.07008365393972428,12
R1315T,L-parietal,1025.0,0.06770988653600762,12
R1315T,L-parietal,1075.0,0.07907595971120815,12
R1315T,L-parietal,1125.0,0.07431576696652395,12
R1315T,L-parietal,1175.0,0.06875145002369883,12
R1315T,L-parietal,1225.0,0.04346751971295834,12
R1315T,L-parietal,1275.0,0.07455275383224023,12
R1315T,L-parietal,1325.0,0.062401544185754144,12
R1315T,L-parietal,1375.0,0.053824210228073266,12
R1315T,L-parietal,1425.0,0.05959375672689247,12
R1315T,L-parietal,1475.0,0.05263408467561101,12
R1315T,L-parietal,1525.0,0.016202628091999526,12
R1315T,L-parietal,1575.0,0.00832527286686052,12
R1315T,L-temporal,25.0,-0.016125464892495858,23
R1315T,L-temporal,75.0,0.012247560741909273,23
R1315T,L-temporal,125.0,0.036210710699630194,23
R1315T,L-temporal,175.0,0.15462414791366594,23
R1315T,L-temporal,225.0,0.13769518626854504,23
R1315T,L-temporal,275.0,0.06340375127907363,23
R1315T,L-temporal,325.0,0.052557408168453,23
R1315T,L-temporal,375.0,0.03807513922101761,23
R1315T,L-temporal,425.0,0.02268205659876008,23
R1315T,L-temporal,475.0,0.013708021244881468,23
R1315T,L-temporal,525.0,0.02736289086769383,23
R1315T,L-temporal,575.0,0.03749211195674782,23
R1315T,L-temporal,625.0,0.01939945198832822,23
R1315T,L-temporal,675.0,0.035701230443831854,23
R1315T,L-temporal,725.0,0.0175957867249607,23
R1315T,L-temporal,775.0,0.03320382232056557,23
R1315T,L-temporal,825.0,0.03243348499188908,23
R1315T,L-temporal,875.0,-0.0066689607371013095,23
R1315T,L-temporal,925.0,-0.0046753706358651495,23
R1315T,L-temporal,975.0,0.028272751756189363,23
R1315T,L-temporal,1025.0,0.03225056257659416,23
R1315T,L-temporal,1075.0,0.015219801882438773,23
R1315T,L-temporal,1125.0,0.035206490634089246,23
R1315T,L-temporal,1175.0,0.022454157995682646,23
R1315T,L-temporal,1225.0,0.030892383192193885,23
R1315T,L-temporal,1275.0,0.013355679528773088,23
R1315T,L-temporal,1325.0,0.007308125051094389,23
R1315T,L-temporal,1375.0,-0.008102560327513206,23
R1315T,L-temporal,1425.0,0.0027496775455858637,23
R1315T,L-temporal,1475.0,0.019369021854181323,23
R1315T,L-temporal,1525.0,0.030314237825683737,23
R1315T,L-temporal,1575.0,0.03351369715570314,23
R1315T,R-frontal,25.0,-0.023809515390383826,4
R1315T,R-frontal,75.0,-0.03561968600348813,4
R1315T,R-frontal,125.0,0.00804125905912776,4
R1315T,R-frontal,175.0,0.23566527366069884,4
R1315T,R-frontal,225.0,0.14959191672808142,4
R1315T,R-frontal,275.0,0.00915544077418969,4
R1315T,R-frontal,325.0,0.016331293310846814,4
R1315T,R-frontal,375.0,-0.026757835393771846,4
R1315T,R-frontal,425.0,-0.07276354013791243,4
R1315T,R-frontal,475.0,-0.06300251972094936,4
R1315T,R-frontal,525.0,-6.385425444302428e-07,4
R1315T,R-frontal,575.0,-0.0022553413463273705,4
R1315T,R-frontal,625.0,0.03547264458343545,4
R1315T,R-frontal,675.0,-0.00029670288734001075,4
R1315T,R-frontal,725.0,0.04713918197039933,4
R1315T,R-frontal,775.0,0.04084068219713018,4
R1315T,R-frontal,825.0,-0.0073592093311396645,4
R1315T,R-frontal,875.0,-0.009227908846963125,4
R1315T,R-frontal,925.0,-0.0010152595314583028,4
R1315T,R-frontal,975.0,-0.010362890139737568,4
R1315T,R-frontal,1025.0,-0.00368232803068976,4
R1315T,R-frontal,1075.0,-0.06349010264634225,4
R1315T,R-frontal,1125.0,-0.0009250344459566752,4
R1315T,R-frontal,1175.0,0.051117379396224974,4
R1315T,R-frontal,1225.0,0.045354667331044714,4
R1315T,R-frontal,1275.0,0.01205049403505361,4
R1315T,R-frontal,1325.0,-4.792669504949257e-05,4
R1315T,R-frontal,1375.0,-0.008222626842108548,4
R1315T,R-frontal,1425.0,-0.004474326382487565,4
R1315T,R-frontal,1475.0,-0.02016851720410247,4
R1315T,R-frontal,1525.0,-0.008632686169209437,4
R1315T,R-frontal,1575.0,-0.01089917608328023,4
R1315T,R-temporal,25.0,0.0037319226802220357,11
R1315T,R-temporal,75.0,0.025234650199131518,11
R1315T,R-temporal,125.0,-0.005906732118317475,11
R1315T,R-temporal,175.0,0.04914045664006938,11
R1315T,R-temporal,225.0,0.08192778243429004,11
R1315T,R-temporal,275.0,0.026264769351029452,11
R1315T,R-temporal,325.0,0.02756870326415585,11
R1315T,R-temporal,375.0,0.015259778596467644,11
R1315T,R-temporal,425.0,-0.011212666188305957,11
R1315T,R-temporal,475.0,-0.006665003034908595,11
R1315T,R-temporal,525.0,-0.00044432045952129846,11
R1315T,R-temporal,575.0,0.010830916419670645,11
R1315T,R-temporal,625.0,0.012595286821814605,11
R1315T,R-temporal,675.0,0.02083963781669447,11
R1315T,R-temporal,725.0,0.019154650079349123,11
R1315T,R-temporal,775.0,-0.00037859120774897596,11
R1315T,R-temporal,825.0,-0.00835817435356801,11
R1315T,R-temporal,875.0,0.004392477460150279,11
R1315T,R-temporal,925.0,-0.014788791010936974,11
R1315T,R-temporal,975.0,0.008699555156218942,11
R1315T,R-temporal,1025.0,0.014658912482264131,11
R1315T,R-temporal,1075.0,-0.005552442513018187,11
R1315T,R-temporal,1125.0,0.028430776484975773,11
R1315T,R-temporal,1175.0,0.050804020498022774,11
R1315T,R-temporal,1225.0,0.0381749852031144,11
R1315T,R-temporal,1275.0,0.030607712494523088,11
R1315T,R-temporal,1325.0,0.031152222183333324,11
R1315T,R-temporal,1375.0,0.014806392236051864,11
R1315T,R-temporal,1425.0,-0.0033088740496994176,11
R1315T,R-temporal,1475.0,0.014402509436748527,11
R1315T,R-temporal,1525.0,0.008005822954180121,11
R1315T,R-temporal,1575.0,0.0044756562390168226,11
R1316T,L-parietal,25.0,0.07089642758074066,4
R1316T,L-parietal,75.0,0.05724027267022487,4
R1316T,L-parietal,125.0,-0.02073552687338094,4
R1316T,L-parietal,175.0,-0.005930476807046413,4
R1316T,L-parietal,225.0,0.0055324855809123705,4
R1316T,L-parietal,275.0,0.014307706069794233,4
R1316T,L-parietal,325.0,-0.005769987370525812,4
R1316T,L-parietal,375.0,0.04209175704665147,4
R1316T,L-parietal,425.0,-0.0676704287305548,4
R1316T,L-parietal,475.0,0.006038169729989967,4
R1316T,L-parietal,525.0,-0.01606102273327115,4
R1316T,L-parietal,575.0,0.018225350602170603,4
R1316T,L-parietal,625.0,-0.06517857443168446,4
R1316T,L-parietal,675.0,-0.11184306448861364,4
R1316T,L-parietal,725.0,-0.04683739250134939,4
R1316T,L-parietal,775.0,-0.04907548780328196,4
R1316T,L-parietal,825.0,-0.09165809390835966,4
R1316T,L-parietal,875.0,-0.10743070051510833,4
R1316T,L-parietal,925.0,-0.06756341556048746,4
R1316T,L-parietal,975.0,-0.17286805031814717,4
R1316T,L-parietal,1025.0,-0.11008362911583856,4
R1316T,L-parietal,1075.0,-0.07222223797167882,4
R1316T,L-parietal,1125.0,-0.03112742943438571,4
R1316T,L-parietal,1175.0,-0.07442113498717581,4
R1316T,L-parietal,1225.0,0.028413880744491322,4
R1316T,L-parietal,1275.0,-0.019195590079375928,4
R1316T,L-parietal,1325.0,0.001048820631790487,4
R1316T,L-parietal,1375.0,-0.06578355482760911,4
R1316T,L-parietal,1425.0,-0.028757324856483937,4
R1316T,L-parietal,1475.0,-0.037182261641903275,4
R1316T,L-parietal,1525.0,-0.06566173500833755,4
R1316T,L-parietal,1575.0,-0.03892111799086535,4
R1316T,L-temporal,25.0,-0.030828913155357376,14
R1316T,L-temporal,75.0,0.015228845998396287,14
R1316T,L-temporal,125.0,-0.031021695244044523,14
R1316T,L-temporal,175.0,0.0035824396284680343,14
R1316T,L-temporal,225.0,0.008402774586431749,14
R1316T,L-temporal,275.0,0.018651822343579993,14
R1316T,L-temporal,325.0,0.04249158464205828,14
R1316T,L-temporal,375.0,0.07957887950279377,14
R1316T,L-temporal,425.0,0.03833727498499847,14
R1316T,L-temporal,475.0,0.0006190339288763288,14
R1316T,L-temporal,525.0,-0.0036433037562726353,14
R1316T,L-temporal,575.0,0.04413197005905045,14
R1316T,L-temporal,625.0,0.002797170584038993,14
R1316T,L-temporal,675.0,-0.021175196013027343,14
R1316T,L-temporal,725.0,0.01578814564994127,14
R1316T,L-temporal,775.0,-0.02113427677758517,14
R1316T,L-temporal,825.0,0.05563095761518027,14
R1316T,L-temporal,875.0,0.026868785932042956,14
R1316T,L-temporal,925.0,-0.03605238993890508,14
R1316T,L-temporal,975.0,-0.04144631755805175,14
R1316T,L-temporal,1025.0,0.007254467853167455,14
R1316T,L-temporal,1075.0,-0.023650621131647946,14
R1316T,L-temporal,1125.0,-0.04634922942751137,14
R1316T,L-temporal,1175.0,-0.00370002770087293,14
R1316T,L-temporal,1225.0,-0.029014357101768726,14
R1316T,L-temporal,1275.0,-0.04567625608449801,14
R1316T,L-temporal,1325.0,-0.028930759733240274,14
R1316T,L-temporal,1375.0,-0.0034095829404108768,14
R1316T,L-temporal,1425.0,-0.040425708609277244,14
R1316T,L-temporal,1475.0,0.0016964574653768963,14
R1316T,L-temporal,1525.0,-0.033045224700173584,14
R1316T,L-temporal,1575.0,-0.05564936778069459,14
R1316T,R-frontal,25.0,0.01449841078024941,17
R1316T,R-frontal,75.0,0.02456494185762453,17
R1316T,R-frontal,125.0,-0.0034484598592562595,17
R1316T,R-frontal,175.0,0.03054219498438732,17
R1316T,R-frontal,225.0,0.018546208984679916,17
R1316T,R-frontal,275.0,0.003969856868812981,17
R1316T,R-frontal,325.0,-0.004837069757963711,17
R1316T,R-frontal,375.0,0.02987592450464376,17
R1316T,R-frontal,425.0,-0.0030263680513915297,17
R1316T,R-frontal,475.0,0.022106531156743298,17
R1316T,R-frontal,525.0,-0.019041351567847743,17
R1316T,R-frontal,575.0,0.005823770251186302,17
R1316T,R-frontal,625.0,-0.014576894844975518,17
R1316T,R-frontal,675.0,-0.046528684681488845,17
R1316T,R-frontal,725.0,-0.018859988666805258,17
R1316T,R-frontal,775.0,-0.051455691757632656,17
R1316T,R-frontal,825.0,-0.01153820459579473,17
R1316T,R-frontal,875.0,-0.06160816719615846,17
R1316T,R-frontal,925.0,-0.06344637685066114,17
R1316T,R-frontal,975.0,-0.0027920080619834456,17
R1316T,R-frontal,1025.0,-0.02492705770271511,17
R1316T,R-frontal,1075.0,-0.022859315874226217,17
R1316T,R-frontal,1125.0,-0.006062152998742072,17
R1316T,R-frontal,1175.0,0.025751794301572418,17
R1316T,R-frontal,1225.0,-0.03230610469215764,17
R1316T,R-frontal,1275.0,-0.02018034561364629,17
R1316T,R-frontal,1325.0,-0.02105302644344437,17
R1316T,R-frontal,1375.0,0.005764666939816017,17
R1316T,R-frontal,1425.0,-0.016439698560441023,17
R1316T,R-frontal,1475.0,-0.03691449456013163,17
R1316T,R-frontal,1525.0,-0.033449372485321656,17
R1316T,R-frontal,1575.0,-0.033185130211511205,17
R1316T,R-parietal,25.0,0.05207884578447945,15
R1316T,R-parietal,75.0,0.06098845652411208,15
R1316T,R-parietal,125.0,-0.001523366487017112,15
R1316T,R-parietal,175.0,0.02364584163128985,15
R1316T,R-parietal,225.0,0.0007368787231327237,15
R1316T,R-parietal,275.0,0.016426747215999262,15
R1316T,R-parietal,325.0,0.036186332545781526,15
R1316T,R-parietal,375.0,0.08526160094566916,15
R1316T,R-parietal,425.0,0.04905623350829106,15
R1316T,R-parietal,475.0,0.042445694378201324,15
R1316T,R-parietal,525.0,0.03381018705186904,15
R1316T,R-parietal,575.0,0.035490222163871134,15
R1316T,R-parietal,625.0,0.009343112608331046,15
R1316T,R-parietal,675.0,-0.004690798057803204,15
R1316T,R-parietal,725.0,-0.00847332729368704,15
R1316T,R-parietal,775.0,-0.03601553135058275,15
R1316T,R-parietal,825.0,0.017624194596489794,15
R1316T,R-parietal,875.0,-0.020658765912692483,15
R1316T,R-parietal,925.0,-0.04261881889616541,15
R1316T,R-parietal,975.0,0.015646565538979692,15
R1316T,R-parietal,1025.0,0.031569839163930545,15
R1316T,R-parietal,1075.0,-0.01963011889898115,15
R1316T,R-parietal,1125.0,-0.0628576176041164,15
R1316T,R-parietal,1175.0,-0.029371627637897094,15
R1316T,R-parietal,1225.0,-0.04374495876671044,15
R1316T,R-parietal,1275.0,-0.0211302864273417,15
R1316T,R-parietal,1325.0,-0.0012806571490860882,15
R1316T,R-parietal,1375.0,-0.012650434213782983,15
R1316T,R-parietal,1425.0,0.006731355301012298,15
R1316T,R-parietal,1475.0,-0.01850138236712375,15
R1316T,R-parietal,1525.0,0.002691911121506334,15
R1316T,R-parietal,1575.0,-0.03378477870887968,15
R1316T,R-temporal,25.0,-0.02564287018057965,15
R1316T,R-temporal,75.0,0.0028126749933356627,15
R1316T,R-temporal,125.0,0.002392537990005888,15
R1316T,R-temporal,175.0,0.0739415452398926,15
R1316T,R-temporal,225.0,0.05076802084623342,15
R1316T,R-temporal,275.0,0.06668155574535158,15
R1316T,R-temporal,325.0,0.10083573522241164,15
R1316T,R-temporal,375.0,0.14459662738585957,15
R1316T,R-temporal,425.0,0.10223050021574302,15
R1316T,R-temporal,475.0,0.08769956275712482,15
R1316T,R-temporal,525.0,0.0437429963884347,15
R1316T,R-temporal,575.0,0.05300992706437416,15
R1316T,R-temporal,625.0,0.03271106097864325,15
R1316T,R-temporal,675.0,-0.014761932787845771,15
R1316T,R-temporal,725.0,-0.005895890897009784,15
R1316T,R-temporal,775.0,0.00978806341568692,15
R1316T,R-temporal,825.0,0.03447593117426879,15
R1316T,R-temporal,875.0,-0.006207318138042062,15
R1316T,R-temporal,925.0,-0.06943805150067325,15
R1316T,R-temporal,975.0,0.0040295151489849615,15
R1316T,R-temporal,1025.0,-0.0009613569960172217,15
R1316T,R-temporal,1075.0,-0.03584646264126892,15
R1316T,R-temporal,1125.0,-0.0253706206787203,15
R1316T,R-temporal,1175.0,0.016886948365303054,15
R1316T,R-temporal,1225.0,0.040299711854306274,15
R1316T,R-temporal,1275.0,0.001390920553903808,15
R1316T,R-temporal,1325.0,0.037610295517417305,15
R1316T,R-temporal,1375.0,0.038899972128819335,15
R1316T,R-temporal,1425.0,0.021889459688748898,15
R1316T,R-temporal,1475.0,0.013629963890914776,15
R1316T,R-temporal,1525.0,-0.0012921519549588432,15
R1316T,R-temporal,1575.0,-0.06933872573032449,15
R1317D,L-frontal,25.0,0.013867279962473349,9
R1317D,L-frontal,75.0,0.007636785017390909,9
R1317D,L-frontal,125.0,0.04002069134388482,9
R1317D,L-frontal,175.0,0.051776872429803,9
R1317D,L-frontal,225.0,0.06246702231362928,9
R1317D,L-frontal,275.0,0.0831575281855896,9
R1317D,L-frontal,325.0,0.08046534898716481,9
R1317D,L-frontal,375.0,0.0850286321307083,9
R1317D,L-frontal,425.0,0.10323749513342034,9
R1317D,L-frontal,475.0,0.10686665650935491,9
R1317D,L-frontal,525.0,0.055519756216140546,9
R1317D,L-frontal,575.0,0.0922193110982332,9
R1317D,L-frontal,625.0,0.08155574118949123,9
R1317D,L-frontal,675.0,0.05882151780048615,9
R1317D,L-frontal,725.0,0.049615568766731094,9
R1317D,L-frontal,775.0,0.03888995289829697,9
R1317D,L-frontal,825.0,0.0039013024023368775,9
R1317D,L-frontal,875.0,0.016321327180978548,9
R1317D,L-frontal,925.0,0.0631613247860012,9
R1317D,L-frontal,975.0,0.02315355324574015,9
R1317D,L-frontal,1025.0,0.0366699439388397,9
R1317D,L-frontal,1075.0,0.046559102166229056,9
R1317D,L-frontal,1125.0,0.060677588915119825,9
R1317D,L-frontal,1175.0,0.06754598190607639,9
R1317D,L-frontal,1225.0,0.04338475723958856,9
R1317D,L-frontal,1275.0,0.05309706122491018,9
R1317D,L-frontal,1325.0,0.016443708143220638,9
R1317D,L-frontal,1375.0,0.006642584649607304,9
R1317D,L-frontal,1425.0,0.0386612373947435,9
R1317D,L-frontal,1475.0,0.021696938857659918,9
R1317D,L-frontal,1525.0,-0.021082312222860652,9
R1317D,L-frontal,1575.0,0.00347165319531812,9
R1317D,L-occipital,25.0,0.026447231068332872,10
R1317D,L-occipital,75.0,0.020150263908194216,10
R1317D,L-occipital,125.0,0.08795462082733764,10
R1317D,L-occipital,175.0,0.28440526598673144,10
R1317D,L-occipital,225.0,0.28302644291568296,10
R1317D,L-occipital,275.0,0.28356304412026895,10
R1317D,L-occipital,325.0,0.23578125609101025,10
R1317D,L-occipital,375.0,0.19785697659180626,10
R1317D,L-occipital,425.0,0.14001418845637936,10
R1317D,L-occipital,475.0,0.14448028405016433,10
R1317D,L-occipital,525.0,0.09145026343953042,10
R1317D,L-occipital,575.0,0.03002968849131869,10
R1317D,L-occipital,625.0,0.030147688001826246,10
R1317D,L-occipital,675.0,-0.00253756660221219,10
R1317D,L-occipital,725.0,-0.010901913130170814,10
R1317D,L-occipital,775.0,-0.025880961956549688,10
R1317D,L-occipital,825.0,-0.03337234599927909,10
R1317D,L-occipital,875.0,-0.020551146602017588,10
R1317D,L-occipital,925.0,-0.010104734553243604,10
R1317D,L-occipital,975.0,0.008916926505590828,10
R1317D,L-occipital,1025.0,-0.012228492559908898,10
R1317D,L-occipital,1075.0,0.01918671800945276,10
R1317D,L-occipital,1125.0,0.023996548195788604,10
R1317D,L-occipital,1175.0,0.054715521340719754,10
R1317D,L-occipital,1225.0,0.05335617325727906,10
R1317D,L-occipital,1275.0,0.02589867501108724,10
R1317D,L-occipital,1325.0,0.00652309169156311,10
R1317D,L-occipital,1375.0,0.029572571124910563,10
R1317D,L-occipital,1425.0,0.012869321429586921,10
R1317D,L-occipital,1475.0,0.025869644400237535,10
R1317D,L-occipital,1525.0,-0.025146352939029747,10
R1317D,L-occipital,1575.0,-0.01877805988767941,10
R1317D,L-parietal,25.0,0.0036500896028635057,22
R1317D,L-parietal,75.0,0.021226749920886565,22
R1317D,L-parietal,125.0,0.03782592543052461,22
R1317D,L-parietal,175.0,0.047401454017416356,22
R1317D,L-parietal,225.0,0.03970542049970666,22
R1317D,L-parietal,275.0,0.0246785157106987,22
R1317D,L-parietal,325.0,0.007440937592065033,22
R1317D,L-parietal,375.0,0.005164218159830452,22
R1317D,L-parietal,425.0,0.002482360280752013,22
R1317D,L-parietal,475.0,0.01990774766678792,22
R1317D,L-parietal,525.0,-0.006326813102186816,22
R1317D,L-parietal,575.0,0.02362782716758869,22
R1317D,L-parietal,625.0,0.026264886369580312,22
R1317D,L-parietal,675.0,0.001691653517351436,22
R1317D,L-parietal,725.0,0.040152275667844906,22
R1317D,L-parietal,775.0,0.04498068341688256,22
R1317D,L-parietal,825.0,0.025269383187783358,22
R1317D,L-parietal,875.0,0.036428581729385116,22
R1317D,L-parietal,925.0,0.036852573849811415,22
R1317D,L-parietal,975.0,0.03497222812928157,22
R1317D,L-parietal,1025.0,0.02004484921894095,22
R1317D,L-parietal,1075.0,-0.006757491077906375,22
R1317D,L-parietal,1125.0,0.036129819573512814,22
R1317D,L-parietal,1175.0,0.03753557751393593,22
R1317D,L-parietal,1225.0,0.042891616188047994,22
R1317D,L-parietal,1275.0,0.04198788880259136,22
R1317D,L-parietal,1325.0,0.02372521644724719,22
R1317D,L-parietal,1375.0,0.010500283498352926,22
R1317D,L-parietal,1425.0,0.004263840439965902,22
R1317D,L-parietal,1475.0,0.01174484257964974,22
R1317D,L-parietal,1525.0,-0.002115937845772961,22
R1317D,L-parietal,1575.0,0.006317863775410709,22
R1317D,L-temporal,25.0,0.009552246697756948,27
R1317D,L-temporal,75.0,0.007789243942711947,27
R1317D,L-temporal,125.0,0.02759895965104981,27
R1317D,L-temporal,175.0,0.027133361123314784,27
R1317D,L-temporal,225.0,0.029417343298525123,27
R1317D,L-temporal,275.0,0.022888987431723153,27
R1317D,L-temporal,325.0,0.030238980930878585,27
R1317D,L-temporal,375.0,0.00033829762977137214,27
R1317D,L-temporal,425.0,0.02116809852162998,27
R1317D,L-temporal,475.0,0.024863637144283853,27
R1317D,L-temporal,525.0,-0.005402448580660609,27
R1317D,L-temporal,575.0,-0.0209000995751102,27
R1317D,L-temporal,625.0,-0.0033387083991396013,27
R1317D,L-temporal,675.0,-0.010010997638735229,27
R1317D,L-temporal,725.0,0.027239228901591802,27
R1317D,L-temporal,775.0,-0.0016941928910098835,27
R1317D,L-temporal,825.0,0.0024167174906524645,27
R1317D,L-temporal,875.0,-0.00328042213975131,27
R1317D,L-temporal,925.0,0.013956826777559087,27
R1317D,L-temporal,975.0,-0.01894365903086734,27
R1317D,L-temporal,1025.0,0.012548797259462506,27
R1317D,L-temporal,1075.0,0.024819134439505227,27
R1317D,L-temporal,1125.0,0.011547417386925732,27
R1317D,L-temporal,1175.0,0.02437049916302976,27
R1317D,L-temporal,1225.0,0.014081907093031669,27
R1317D,L-temporal,1275.0,0.024384818095472945,27
R1317D,L-temporal,1325.0,0.006932604793361805,27
R1317D,L-temporal,1375.0,-0.001275717504779857,27
R1317D,L-temporal,1425.0,0.0037368511757184236,27
R1317D,L-temporal,1475.0,0.008576150433516882,27
R1317D,L-temporal,1525.0,-0.01907459538147413,27
R1317D,L-temporal,1575.0,-0.01760760764141112,27
R1318N,L-frontal,25.0,-0.02326031224929693,37
R1318N,L-frontal,75.0,-0.05660751473909606,37
R1318N,L-frontal,125.0,-0.01900218947718498,37
R1318N,L-frontal,175.0,-0.026748529299964054,37
R1318N,L-frontal,225.0,-0.06530228493800924,37
R1318N,L-frontal,275.0,-0.07752913339853253,37
R1318N,L-frontal,325.0,-0.036099602294153946,37
R1318N,L-frontal,375.0,-0.0007199869155222343,37
R1318N,L-frontal,425.0,0.04059707626286168,37
R1318N,L-frontal,475.0,-0.01840017440239118,37
R1318N,L-frontal,525.0,-0.057774609223962534,37
R1318N,L-frontal,575.0,-0.03282927755370889,37
R1318N,L-frontal,625.0,-0.017205240069959615,37
R1318N,L-frontal,675.0,-0.019117258626754167,37
R1318N,L-frontal,725.0,-0.00752012255206236,37
R1318N,L-frontal,775.0,-0.027096179434031805,37
R1318N,L-frontal,825.0,2.0434045506447814e-05,37
R1318N,L-frontal,875.0,0.009936508530398798,37
R1318N,L-frontal,925.0,0.02272776081166479,37
R1318N,L-frontal,975.0,0.0029004147244030666,37
R1318N,L-frontal,1025.0,-0.016764753756249702,37
R1318N,L-frontal,1075.0,-0.01889381355017624,37
R1318N,L-frontal,1125.0,-0.0176178733575972,37
R1318N,L-frontal,1175.0,-0.01889567472403117,37
R1318N,L-frontal,1225.0,-0.01128071356537299,37
R1318N,L-frontal,1275.0,-0.02757525353041551,37
R1318N,L-frontal,1325.0,-0.03775134852326005,37
R1318N,L-frontal,1375.0,0.0025840342648434022,37
R1318N,L-frontal,1425.0,-0.015579409362832638,37
R1318N,L-frontal,1475.0,-0.04472647904251283,37
R1318N,L-frontal,1525.0,0.0009222480197981343,37
R1318N,L-frontal,1575.0,0.01241653026337133,37
R1318N,R-frontal,25.0,0.023882650725085736,42
R1318N,R-frontal,75.0,-0.017849272636475205,42
R1318N,R-frontal,125.0,0.0009665482352574299,42
R1318N,R-frontal,175.0,0.048770977124244774,42
R1318N,R-frontal,225.0,0.029124867648927796,42
R1318N,R-frontal,275.0,0.02697584028926033,42
R1318N,R-frontal,325.0,0.023518922495841317,42
R1318N,R-frontal,375.0,0.03047081398315627,42
R1318N,R-frontal,425.0,-0.0008977996414266037,42
R1318N,R-frontal,475.0,-0.024283858883585207,42
R1318N,R-frontal,525.0,-0.02600566268263223,42
R1318N,R-frontal,575.0,-0.012184232080685552,42
R1318N,R-frontal,625.0,0.005534117663215433,42
R1318N,R-frontal,675.0,0.004545346880540925,42
R1318N,R-frontal,725.0,0.019197437012516742,42
R1318N,R-frontal,775.0,0.006601766818873647,42
R1318N,R-frontal,825.0,0.005972576281992874,42
R1318N,R-frontal,875.0,-0.0038706384443784616,42
R1318N,R-frontal,925.0,0.024974439096100903,42
R1318N,R-frontal,975.0,0.009235368676044083,42
R1318N,R-frontal,1025.0,0.00919477852004239,42
R1318N,R-frontal,1075.0,0.007673220398602741,42
R1318N,R-frontal,1125.0,0.017347400869963107,42
R1318N,R-frontal,1175.0,0.006588530609311267,42
R1318N,R-frontal,1225.0,0.0013279050306603303,42
R1318N,R-frontal,1275.0,0.0034271326306926564,42
R1318N,R-frontal,1325.0,-0.024732488759963308,42
R1318N,R-frontal,1375.0,-0.00012523285304259804,42
R1318N,R-frontal,1425.0,-0.002231347922980898,42
R1318N,R-frontal,1475.0,0.006624992201647427,42
R1318N,R-frontal,1525.0,0.024020635975983223,42
R1318N,R-frontal,1575.0,0.008908538164508808,42
R1321M,R-frontal,25.0,-0.025493608110123106,17
R1321M,R-frontal,75.0,-0.036027419600965026,17
R1321M,R-frontal,125.0,-0.01807558494730202,17
R1321M,R-frontal,175.0,-0.012342388155892125,17
R1321M,R-frontal,225.0,-0.026815132604676467,17
R1321M,R-frontal,275.0,-0.018677544907562686,17
R1321M,R-frontal,325.0,-0.011207851122723019,17
R1321M,R-frontal,375.0,0.015997401538878294,17
R1321M,R-frontal,425.0,0.019410789870737653,17
R1321M,R-frontal,475.0,-0.012948678011964351,17
R1321M,R-frontal,525.0,-0.02882871367414977,17
R1321M,R-frontal,575.0,-0.009563840307555667,17
R1321M,R-frontal,625.0,-0.05152894273739411,17
R1321M,R-frontal,675.0,-0.0535939773324196,17
R1321M,R-frontal,725.0,-0.03066169451564642,17
R1321M,R-frontal,775.0,-0.009167882768190671,17
R1321M,R-frontal,825.0,-0.015955342828805293,17
R1321M,R-frontal,875.0,-0.030816748280790958,17
R1321M,R-frontal,925.0,0.005541072374590721,17
R1321M,R-frontal,975.0,-0.027655434996476037,17
R1321M,R-frontal,1025.0,-0.016355994852137148,17
R1321M,R-frontal,1075.0,-0.019941759308837754,17
R1321M,R-frontal,1125.0,-0.0371461598094335,17
R1321M,R-frontal,1175.0,-0.01192456676500612,17
R1321M,R-frontal,1225.0,-0.032607228300183956,17
R1321M,R-frontal,1275.0,0.011444247560048604,17
R1321M,R-frontal,1325.0,0.002424762353773063,17
R1321M,R-frontal,1375.0,0.012555831001118019,17
R1321M,R-frontal,1425.0,-0.012076298870722046,17
R1321M,R-frontal,1475.0,0.018561733778227882,17
R1321M,R-frontal,1525.0,-0.005369139548812682,17
R1321M,R-frontal,1575.0,0.013715453619129436,17
R1321M,R-parietal,25.0,0.04673794856538589,5
R1321M,R-parietal,75.0,-0.04050663524450874,5
R1321M,R-parietal,125.0,0.03523053543370502,5
R1321M,R-parietal,175.0,-0.05673235452270585,5
R1321M,R-parietal,225.0,0.02147549760940532,5
R1321M,R-parietal,275.0,-0.024211494869100472,5
R1321M,R-parietal,325.0,-0.003092500113127042,5
R1321M,R-parietal,375.0,-0.030601699667617138,5
R1321M,R-parietal,425.0,-0.025115122220311686,5
R1321M,R-parietal,475.0,-0.016596292776355926,5
R1321M,R-parietal,525.0,-0.07281231555214825,5
R1321M,R-parietal,575.0,-0.06058633104230364,5
R1321M,R-parietal,625.0,-0.04591333477064475,5
R1321M,R-parietal,675.0,-0.05635625298063175,5
R1321M,R-parietal,725.0,0.0062596241508815235,5
R1321M,R-parietal,775.0,-0.007471728053185217,5
R1321M,R-parietal,825.0,0.005279689306235689,5
R1321M,R-parietal,875.0,-0.016360470660069626,5
R1321M,R-parietal,925.0,0.007721320505833179,5
R1321M,R-parietal,975.0,0.007961692123501415,5
R1321M,R-parietal,1025.0,0.013991286379009139,5
R1321M,R-parietal,1075.0,-0.008044725130447558,5
R1321M,R-parietal,1125.0,-0.011077773776034302,5
R1321M,R-parietal,1175.0,-0.04012288851577619,5
R1321M,R-parietal,1225.0,-0.05129283855836989,5
R1321M,R-parietal,1275.0,-0.06414143948329301,5
R1321M,R-parietal,1325.0,-2.5309781598064056e-05,5
R1321M,R-parietal,1375.0,0.03751238208730999,5
R1321M,R-parietal,1425.0,0.014901326690920947,5
R1321M,R-parietal,1475.0,0.04143135546942175,5
R1321M,R-parietal,1525.0,0.04023886258613604,5
R1321M,R-parietal,1575.0,0.030139150309605362,5
R1323T,L-frontal,25.0,-0.027835272121520975,13
R1323T,L-frontal,75.0,-0.03967139996110322,13
R1323T,L-frontal,125.0,-0.018146352890743286,13
R1323T,L-frontal,175.0,-0.041704555458693164,13
R1323T,L-frontal,225.0,-0.06497531996645431,13
R1323T,L-frontal,275.0,-0.033453762135489146,13
R1323T,L-frontal,325.0,0.009501133515751985,13
R1323T,L-frontal,375.0,-0.00931411845045791,13
R1323T,L-frontal,425.0,0.0005683634643041455,13
R1323T,L-frontal,475.0,0.003888284629496132,13
R1323T,L-frontal,525.0,0.011204858387686836,13
R1323T,L-frontal,575.0,0.027949390539851716,13
R1323T,L-frontal,625.0,0.06613422656912044,13
R1323T,L-frontal,675.0,0.035779480144669855,13
R1323T,L-frontal,725.0,0.03949272431408129,13
R1323T,L-frontal,775.0,0.016405010919382536,13
R1323T,L-frontal,825.0,0.015533220529182983,13
R1323T,L-frontal,875.0,-0.012920466139858443,13
R1323T,L-frontal,925.0,0.003565329811541807,13
R1323T,L-frontal,975.0,0.04013813520230424,13
R1323T,L-frontal,1025.0,-0.015494094762724729,13
R1323T,L-frontal,1075.0,0.029927430420203384,13
R1323T,L-frontal,1125.0,0.021567047048210955,13
R1323T,L-frontal,1175.0,0.005813255652184827,13
R1323T,L-frontal,1225.0,-0.0006154288930422488,13
R1323T,L-frontal,1275.0,0.0088102381708564,13
R1323T,L-frontal,1325.0,-0.016283939818633186,13
R1323T,L-frontal,1375.0,-0.027545167349739167,13
R1323T,L-frontal,1425.0,0.0004466587123695995,13
R1323T,L-frontal,1475.0,0.016574015089296103,13
R1323T,L-frontal,1525.0,-0.0046061856537232045,13
R1323T,L-frontal,1575.0,0.0036913224478259845,13
R1323T,L-occipital,25.0,-0.037589197959717935,6
R1323T,L-occipital,75.0,-0.03241668889355148,6
R1323T,L-occipital,125.0,-0.01938028727393323,6
R1323T,L-occipital,175.0,-0.02297050048212583,6
R1323T,L-occipital,225.0,-0.04175903570996159,6
R1323T,L-occipital,275.0,-0.004173397601897187,6
R1323T,L-occipital,325.0,0.04347466591842671,6
R1323T,L-occipital,375.0,0.034843696233669674,6
R1323T,L-occipital,425.0,0.018996418697541668,6
R1323T,L-occipital,475.0,0.07647332823793769,6
R1323T,L-occipital,525.0,0.06300404291307561,6
R1323T,L-occipital,575.0,0.11840792624357192,6
R1323T,L-occipital,625.0,0.09844183408119078,6
R1323T,L-occipital,675.0,0.09518890215585137,6
R1323T,L-occipital,725.0,0.05446347988140251,6
R1323T,L-occipital,775.0,0.07247919596197781,6
R1323T,L-occipital,825.0,0.02955804881049301,6
R1323T,L-occipital,875.0,-0.020787872484829828,6
R1323T,L-occipital,925.0,0.0003179806220664426,6
R1323T,L-occipital,975.0,-0.012051504972862092,6
R1323T,L-occipital,1025.0,0.03214708497183665,6
R1323T,L-occipital,1075.0,0.05741630200432296,6
R1323T,L-occipital,1125.0,0.016024529617270092,6
R1323T,L-occipital,1175.0,0.0075375071070441155,6
R1323T,L-occipital,1225.0,0.024788624695369316,6
R1323T,L-occipital,1275.0,-0.028866433331278224,6
R1323T,L-occipital,1325.0,-0.06861468016205563,6
R1323T,L-occipital,1375.0,0.001840139458530785,6
R1323T,L-occipital,1425.0,-0.02711177098050029,6
R1323T,L-occipital,1475.0,0.01805731460869261,6
R1323T,L-occipital,1525.0,0.024907870704654684,6
R1323T,L-occipital,1575.0,-0.0033530970661857923,6
R1323T,L-parietal,25.0,0.010671740160355152,21
R1323T,L-parietal,75.0,-0.021647779912318532,21
R1323T,L-parietal,125.0,0.005607154278339738,21
R1323T,L-parietal,175.0,0.024888990655315784,21
R1323T,L-parietal,225.0,-0.007528863896776438,21
R1323T,L-parietal,275.0,0.04967899338859795,21
R1323T,L-parietal,325.0,0.07414278581374557,21
R1323T,L-parietal,375.0,0.07366900361872263,21
R1323T,L-parietal,425.0,0.07444402665642445,21
R1323T,L-parietal,475.0,0.07972410324861208,21
R1323T,L-parietal,525.0,0.06881074027542135,21
R1323T,L-parietal,575.0,0.08502462797594787,21
R1323T,L-parietal,625.0,0.09403226869934003,21
R1323T,L-parietal,675.0,0.060987418825518246,21
R1323T,L-parietal,725.0,0.05880564745330815,21
R1323T,L-parietal,775.0,0.04945134034072483,21
R1323T,L-parietal,825.0,0.025729427504123225,21
R1323T,L-parietal,875.0,0.021573049984482687,21
R1323T,L-parietal,925.0,0.010228175551349443,21
R1323T,L-parietal,975.0,0.03676097580635427,21
R1323T,L-parietal,1025.0,0.05417231238260924,21
R1323T,L-parietal,1075.0,0.020946272213001795,21
R1323T,L-parietal,1125.0,0.025369687396343325,21
R1323T,L-parietal,1175.0,0.010332637470787017,21
R1323T,L-parietal,1225.0,0.017835754361223016,21
R1323T,L-parietal,1275.0,0.009521044803383397,21
R1323T,L-parietal,1325.0,-0.00604815190604469,21
R1323T,L-parietal,1375.0,0.02437478248970217,21
R1323T,L-parietal,1425.0,0.016255146139178247,21
R1323T,L-parietal,1475.0,0.02354674739635022,21
R1323T,L-parietal,1525.0,-0.0030572615492215826,21
R1323T,L-parietal,1575.0,0.005484651896192738,21
R1323T,L-temporal,25.0,-0.00336080511630489,14
R1323T,L-temporal,75.0,-0.02884108088575047,14
R1323T,L-temporal,125.0,-0.02641904379475899,14
R1323T,L-temporal,175.0,-0.013816373853781526,14
R1323T,L-temporal,225.0,-0.05929440049075302,14
R1323T,L-temporal,275.0,-0.039266554528580085,14
R1323T,L-temporal,325.0,-0.012205909039667343,14
R1323T,L-temporal,375.0,0.00209346437814618,14
R1323T,L-temporal,425.0,-0.0037643885358151254,14
R1323T,L-temporal,475.0,0.028427301411550858,14
R1323T,L-temporal,525.0,0.025777097316030943,14
R1323T,L-temporal,575.0,0.02443187698862812,14
R1323T,L-temporal,625.0,0.05964483832661078,14
R1323T,L-temporal,675.0,0.02898080119459787,14
R1323T,L-temporal,725.0,0.026216395555474885,14
R1323T,L-temporal,775.0,-0.0345599574561958,14
R1323T,L-temporal,825.0,-0.02267364174257321,14
R1323T,L-temporal,875.0,-0.058587832155015826,14
R1323T,L-temporal,925.0,-0.0345783054272545,14
R1323T,L-temporal,975.0,-0.00592370460128133,14
R1323T,L-temporal,1025.0,-0.009320597155041048,14
R1323T,L-temporal,1075.0,-0.0428165827505721,14
R1323T,L-temporal,1125.0,-0.023639758793983397,14
R1323T,L-temporal,1175.0,-0.03441418318134015,14
R1323T,L-temporal,1225.0,-0.034849014929182125,14
R1323T,L-temporal,1275.0,-0.031387357057485514,14
R1323T,L-temporal,1325.0,-0.034601601463819964,14
R1323T,L-temporal,1375.0,0.0015342535906835103,14
R1323T,L-temporal,1425.0,0.007577858167378561,14
R1323T,L-temporal,1475.0,0.02210303958223566,14
R1323T,L-temporal,1525.0,-0.03273803429316383,14
R1323T,L-temporal,1575.0,-0.016923653581396806,14
R1323T,R-temporal,25.0,0.013690871186794868,5
R1323T,R-temporal,75.0,-4.085793498612468e-05,5
R1323T,R-temporal,125.0,-0.028830448941640496,5
R1323T,R-temporal,175.0,-0.004398498031133671,5
R1323T,R-temporal,225.0,-0.03419325125368767,5
R1323T,R-temporal,275.0,0.017092211386097043,5
R1323T,R-temporal,325.0,0.00015818578359767034,5
R1323T,R-temporal,375.0,0.006162177139963604,5
R1323T,R-temporal,425.0,0.02804496270712814,5
R1323T,R-temporal,475.0,-0.0048998520149679614,5
R1323T,R-temporal,525.0,-0.004643807569580342,5
R1323T,R-temporal,575.0,0.0001156012495076228,5
R1323T,R-temporal,625.0,0.06486841096388152,5
R1323T,R-temporal,675.0,0.003931380322653494,5
R1323T,R-temporal,725.0,0.013109076679645521,5
R1323T,R-temporal,775.0,0.0019704330692318266,5
R1323T,R-temporal,825.0,0.004941953278876463,5
R1323T,R-temporal,875.0,-0.025171543238245126,5
R1323T,R-temporal,925.0,-0.062467791117027605,5
R1323T,R-temporal,975.0,-0.024030865032843986,5
R1323T,R-temporal,1025.0,-0.03191585313555725,5
R1323T,R-temporal,1075.0,-0.02032277223854187,5
R1323T,R-temporal,1125.0,-0.010193550648963812,5
R1323T,R-temporal,1175.0,0.005379356334968586,5
R1323T,R-temporal,1225.0,-0.003479168768434771,5
R1323T,R-temporal,1275.0,-0.019802718591018356,5
R1323T,R-temporal,1325.0,-0.031206567622951726,5
R1323T,R-temporal,1375.0,-0.02630700461595717,5
R1323T,R-temporal,1425.0,-0.011697537823683468,5
R1323T,R-temporal,1475.0,-0.00872271559037652,5
R1323T,R-temporal,1525.0,0.007958494933489314,5
R1323T,R-temporal,1575.0,-0.022581100408771454,5
R1328E,L-frontal,25.0,-0.0005555691079511624,8
R1328E,L-frontal,75.0,0.0015025270707277345,8
R1328E,L-frontal,125.0,-0.0011875502615350305,8
R1328E,L-frontal,175.0,0.020014158122145007,8
R1328E,L-frontal,225.0,-0.05283817916792926,8
R1328E,L-frontal,275.0,-0.05305269984066664,8
R1328E,L-frontal,325.0,-0.04944207654776521,8
R1328E,L-frontal,375.0,-0.0566833689247849,8
R1328E,L-frontal,425.0,-0.07524974841122004,8
R1328E,L-frontal,475.0,-0.08554851345622672,8
R1328E,L-frontal,525.0,-0.04959189770657667,8
R1328E,L-frontal,575.0,-0.04542267938334081,8
R1328E,L-frontal,625.0,-0.03458505858593435,8
R1328E,L-frontal,675.0,-0.03940950182904559,8
R1328E,L-frontal,725.0,-0.05281387090601035,8
R1328E,L-frontal,775.0,-0.013967964627792208,8
R1328E,L-frontal,825.0,-0.017672036819262795,8
R1328E,L-frontal,875.0,-0.028029727868942873,8
R1328E,L-frontal,925.0,-0.016150503583087686,8
R1328E,L-frontal,975.0,-0.008456841962194341,8
R1328E,L-frontal,1025.0,0.00030417514421375233,8
R1328E,L-frontal,1075.0,-0.019371452472580132,8
R1328E,L-frontal,1125.0,-0.0032301549718885053,8
R1328E,L-frontal,1175.0,-0.0080711747561365,8
R1328E,L-frontal,1225.0,0.034002592368955545,8
R1328E,L-frontal,1275.0,-0.009070818075210669,8
R1328E,L-frontal,1325.0,0.002119303797781931,8
R1328E,L-frontal,1375.0,0.02866506139920733,8
R1328E,L-frontal,1425.0,0.002054859508383673,8
R1328E,L-frontal,1475.0,-0.003636363961523015,8
R1328E,L-frontal,1525.0,0.013790024963829181,8
R1328E,L-frontal,1575.0,0.019842611872979934,8
R1328E,L-occipital,25.0,0.02946251447549732,7
R1328E,L-occipital,75.0,0.029590400144337985,7
R1328E,L-occipital,125.0,0.03900393555137604,7
R1328E,L-occipital,175.0,-0.016922462956928636,7
R1328E,L-occipital,225.0,-0.008509971942838474,7
R1328E,L-occipital,275.0,-0.0022505958813248315,7
R1328E,L-occipital,325.0,-0.04375165243203381,7
R1328E,L-occipital,375.0,0.019045375550516965,7
R1328E,L-occipital,425.0,-0.019339183547893997,7
R1328E,L-occipital,475.0,-0.023475893294063268,7
R1328E,L-occipital,525.0,0.009881168064131045,7
R1328E,L-occipital,575.0,-0.008600792729396022,7
R1328E,L-occipital,625.0,0.035380898140936805,7
R1328E,L-occipital,675.0,0.027004577927484574,7
R1328E,L-occipital,725.0,0.01748099768010219,7
R1328E,L-occipital,775.0,0.047719021302770816,7
R1328E,L-occipital,825.0,-0.0067832988914946785,7
R1328E,L-occipital,875.0,-0.03122562593831153,7
R1328E,L-occipital,925.0,-0.012068436970752924,7
R1328E,L-occipital,975.0,0.01182477157951706,7
R1328E,L-occipital,1025.0,0.0301579123073367,7
R1328E,L-occipital,1075.0,-0.006740832784785488,7
R1328E,L-occipital,1125.0,0.0061767597817916214,7
R1328E,L-occipital,1175.0,-0.022142711230795076,7
R1328E,L-occipital,1225.0,0.016826697622239626,7
R1328E,L-occipital,1275.0,-0.014367451024530515,7
R1328E,L-occipital,1325.0,0.0005567621333717078,7
R1328E,L-occipital,1375.0,-0.01797493711212946,7
R1328E,L-occipital,1425.0,0.020473626392971594,7
R1328E,L-occipital,1475.0,-0.0314594961158469,7
R1328E,L-occipital,1525.0,-0.01952680925893069,7
R1328E,L-occipital,1575.0,-0.019101234556052015,7
R1328E,L-temporal,25.0,0.008805032568505395,27
R1328E,L-temporal,75.0,0.010703368298975037,27
R1328E,L-temporal,125.0,0.007251589102811218,27
R1328E,L-temporal,175.0,-0.013278833518100315,27
R1328E,L-temporal,225.0,-0.0020574172524915734,27
R1328E,L-temporal,275.0,0.028131791489871678,27
R1328E,L-temporal,325.0,0.015871103938471142,27
R1328E,L-temporal,375.0,-0.015839193521174244,27
R1328E,L-temporal,425.0,-0.0079830323793349,27
R1328E,L-temporal,475.0,0.002531769574399245,27
R1328E,L-temporal,525.0,0.023982781225713425,27
R1328E,L-temporal,575.0,0.00832643251050371,27
R1328E,L-temporal,625.0,0.025344535215536163,27
R1328E,L-temporal,675.0,0.009330733403480921,27
R1328E,L-temporal,725.0,0.013865768725954651,27
R1328E,L-temporal,775.0,0.005758069903889103,27
R1328E,L-temporal,825.0,-0.015364690479527716,27
R1328E,L-temporal,875.0,-0.002058189042406561,27
R1328E,L-temporal,925.0,0.001531984942470376,27
R1328E,L-temporal,975.0,0.0023382990816304522,27
R1328E,L-temporal,1025.0,0.021243435711793053,27
R1328E,L-temporal,1075.0,0.008846899452480642,27
R1328E,L-temporal,1125.0,0.006075835406786353,27
R1328E,L-temporal,1175.0,-0.034523533504306474,27
R1328E,L-temporal,1225.0,-0.0019462470137161575,27
R1328E,L-temporal,1275.0,-0.002419547362193301,27
R1328E,L-temporal,1325.0,0.006437512576267852,27
R1328E,L-temporal,1375.0,-0.006805863347144135,27
R1328E,L-temporal,1425.0,-0.021348269221114075,27
R1328E,L-temporal,1475.0,-0.0033924298922459145,27
R1328E,L-temporal,1525.0,-0.01439112073662806,27
R1328E,L-temporal,1575.0,0.009182255405357373,27
R1332M,L-temporal,25.0,-0.0019133407173741919,9
R1332M,L-temporal,75.0,-0.002144832270371837,9
R1332M,L-temporal,125.0,-0.03278971240112877,9
R1332M,L-temporal,175.0,0.008411175725580925,9
R1332M,L-temporal,225.0,0.01084183691079955,9
R1332M,L-temporal,275.0,-0.004827411051300852,9
R1332M,L-temporal,325.0,-0.010432533469953771,9
R1332M,L-temporal,375.0,0.028088167535202442,9
R1332M,L-temporal,425.0,-0.036963676552309616,9
R1332M,L-temporal,475.0,0.0054510011891657694,9
R1332M,L-temporal,525.0,0.0244185851125953,9
R1332M,L-temporal,575.0,0.005434891074331228,9
R1332M,L-temporal,625.0,9.05792780168221e-05,9
R1332M,L-temporal,675.0,-0.005057933056516201,9
R1332M,L-temporal,725.0,0.01873844915499275,9
R1332M,L-temporal,775.0,0.021230559193090307,9
R1332M,L-temporal,825.0,0.01735228895679375,9
R1332M,L-temporal,875.0,0.007254481105683764,9
R1332M,L-temporal,925.0,0.03427378572661924,9
R1332M,L-temporal,975.0,0.018599377389864984,9
R1332M,L-temporal,1025.0,0.052756526410600114,9
R1332M,L-temporal,1075.0,0.03087676149530716,9
R1332M,L-temporal,1125.0,0.06395923094044016,9
R1332M,L-temporal,1175.0,0.04401985067645888,9
R1332M,L-temporal,1225.0,0.044734969752766696,9
R1332M,L-temporal,1275.0,0.005563165233497441,9
R1332M,L-temporal,1325.0,0.012624332083921845,9
R1332M,L-temporal,1375.0,-0.014246311846994455,9
R1332M,L-temporal,1425.0,-0.03256355831947603,9
R1332M,L-temporal,1475.0,-0.009342971139884061,9
R1332M,L-temporal,1525.0,-0.0005280400289229717,9
R1332M,L-temporal,1575.0,0.00553025657539074,9
R1332M,R-frontal,25.0,-0.002556668106924599,3
R1332M,R-frontal,75.0,-0.03558449193971902,3
R1332M,R-frontal,125.0,-0.07743255137782222,3
R1332M,R-frontal,175.0,-0.08949325117342433,3
R1332M,R-frontal,225.0,-0.03141130570566246,3
R1332M,R-frontal,275.0,0.0027253855948974337,3
R1332M,R-frontal,325.0,-0.04977241012987205,3
R1332M,R-frontal,375.0,-0.010149694335018935,3
R1332M,R-frontal,425.0,-0.065646294986405,3
R1332M,R-frontal,475.0,0.024188909183241722,3
R1332M,R-frontal,525.0,0.05612178465969011,3
R1332M,R-frontal,575.0,0.019504633801746815,3
R1332M,R-frontal,625.0,0.013414464668973702,3
R1332M,R-frontal,675.0,0.017455223994157304,3
R1332M,R-frontal,725.0,0.04368359051707007,3
R1332M,R-frontal,775.0,0.040006457323803236,3
R1332M,R-frontal,825.0,0.07575503709843451,3
R1332M,R-frontal,875.0,0.020806638201340776,3
R1332M,R-frontal,925.0,0.00425227679133159,3
R1332M,R-frontal,975.0,0.02110564474991093,3
R1332M,R-frontal,1025.0,0.03206742699208972,3
R1332M,R-frontal,1075.0,0.03693425521428428,3
R1332M,R-frontal,1125.0,0.0800266680636766,3
R1332M,R-frontal,1175.0,0.06876877584039957,3
R1332M,R-frontal,1225.0,0.025447779658466157,3
R1332M,R-frontal,1275.0,-0.004562650584349434,3
R1332M,R-frontal,1325.0,0.07052637768459018,3
R1332M,R-frontal,1375.0,0.029702376175156323,3
R1332M,R-frontal,1425.0,-0.01675832098155929,3
R1332M,R-frontal,1475.0,0.049940114011844644,3
R1332M,R-frontal,1525.0,0.035299303125403476,3
R1332M,R-frontal,1575.0,0.012233237218853716,3
R1332M,R-temporal,25.0,0.0040508761162300335,9
R1332M,R-temporal,75.0,-0.01419223147980949,9
R1332M,R-temporal,125.0,-0.002578808094651236,9
R1332M,R-temporal,175.0,0.0247712996560661,9
R1332M,R-temporal,225.0,-0.036192539683161745,9
R1332M,R-temporal,275.0,0.005367280179372039,9
R1332M,R-temporal,325.0,0.03818157261907879,9
R1332M,R-temporal,375.0,0.04387111176071692,9
R1332M,R-temporal,425.0,-0.034659885237238966,9
R1332M,R-temporal,475.0,-0.0018721375743256088,9
R1332M,R-temporal,525.0,-0.008459894271183488,9
R1332M,R-temporal,575.0,-0.0473971306115634,9
R1332M,R-temporal,625.0,-0.012541063891747509,9
R1332M,R-temporal,675.0,-0.017073972069459556,9
R1332M,R-temporal,725.0,-0.030458948618402912,9
R1332M,R-temporal,775.0,0.008336287265135538,9
R1332M,R-temporal,825.0,0.006577687378030709,9
R1332M,R-temporal,875.0,0.017961279294171087,9
R1332M,R-temporal,925.0,0.022286254121825742,9
R1332M,R-temporal,975.0,0.011570994361403464,9
R1332M,R-temporal,1025.0,0.0035539646785564985,9
R1332M,R-temporal,1075.0,-0.04364162586596142,9
R1332M,R-temporal,1125.0,0.00212062060475974,9
R1332M,R-temporal,1175.0,0.045225464958527764,9
R1332M,R-temporal,1225.0,-0.01704546969024011,9
R1332M,R-temporal,1275.0,0.018038604354459236,9
R1332M,R-temporal,1325.0,0.03257186878298456,9
R1332M,R-temporal,1375.0,-0.005327918242635228,9
R1332M,R-temporal,1425.0,0.008422827519171231,9
R1332M,R-temporal,1475.0,0.00496969404000367,9
R1332M,R-temporal,1525.0,0.004087036515164618,9
R1332M,R-temporal,1575.0,-0.024346134263779115,9
R1334T,L-frontal,25.0,-0.03203078538359706,4
R1334T,L-frontal,75.0,-0.008130090790103258,4
R1334T,L-frontal,125.0,-0.02858426788974354,4
R1334T,L-frontal,175.0,0.015455856108669829,4
R1334T,L-frontal,225.0,-0.012510413856649673,4
R1334T,L-frontal,275.0,-0.002754175871723043,4
R1334T,L-frontal,325.0,0.010807234127619832,4
R1334T,L-frontal,375.0,-0.06956859641380651,4
R1334T,L-frontal,425.0,-0.055845052722943614,4
R1334T,L-frontal,475.0,-0.05989673239346392,4
R1334T,L-frontal,525.0,-0.07508564105579045,4
R1334T,L-frontal,575.0,-0.08259821277540005,4
R1334T,L-frontal,625.0,-0.05923944629631227,4
R1334T,L-frontal,675.0,-0.06135759198512409,4
R1334T,L-frontal,725.0,-0.027958753656542434,4
R1334T,L-frontal,775.0,-0.016760465980277306,4
R1334T,L-frontal,825.0,-0.07918376127170665,4
R1334T,L-frontal,875.0,-0.09216358531995555,4
R1334T,L-frontal,925.0,-0.044054069678613486,4
R1334T,L-frontal,975.0,-0.05243400569283414,4
R1334T,L-frontal,1025.0,-0.021866496502951208,4
R1334T,L-frontal,1075.0,-0.04230541055257401,4
R1334T,L-frontal,1125.0,-0.08071771193075368,4
R1334T,L-frontal,1175.0,-0.06591401251033932,4
R1334T,L-frontal,1225.0,-0.04407115211126146,4
R1334T,L-frontal,1275.0,0.005471717160520176,4
R1334T,L-frontal,1325.0,0.014004983267268725,4
R1334T,L-frontal,1375.0,-0.005962208186549503,4
R1334T,L-frontal,1425.0,-0.006702517670905595,4
R1334T,L-frontal,1475.0,-0.05664420608162812,4
R1334T,L-frontal,1525.0,-0.0549183004702391,4
R1334T,L-frontal,1575.0,0.005518892739095692,4
R1334T,L-occipital,25.0,-0.021696357456796517,3
R1334T,L-occipital,75.0,0.06527173615355185,3
R1334T,L-occipital,125.0,0.0858568165781785,3
R1334T,L-occipital,175.0,0.11657876270578953,3
R1334T,L-occipital,225.0,0.04891039545969741,3
R1334T,L-occipital,275.0,0.06666730909483355,3
R1334T,L-occipital,325.0,0.035861996969310216,3
R1334T,L-occipital,375.0,-0.02093423350324344,3
R1334T,L-occipital,425.0,0.000548979246366423,3
R1334T,L-occipital,475.0,0.022393548288745388,3
R1334T,L-occipital,525.0,-0.014166538627633991,3
R1334T,L-occipital,575.0,-0.039907769687065026,3
R1334T,L-occipital,625.0,0.014870849787967343,3
R1334T,L-occipital,675.0,0.008387949830510345,3
R1334T,L-occipital,725.0,-0.06927575315151803,3
R1334T,L-occipital,775.0,-0.07240113580387854,3
R1334T,L-occipital,825.0,-0.10651592627426121,3
R1334T,L-occipital,875.0,-0.01884631163679572,3
R1334T,L-occipital,925.0,-0.06602194162257188,3
R1334T,L-occipital,975.0,-0.046199274891101004,3
R1334T,L-occipital,1025.0,-0.041418211828664946,3
R1334T,L-occipital,1075.0,-0.10800615085396204,3
R1334T,L-occipital,1125.0,-0.040903175519409925,3
R1334T,L-occipital,1175.0,0.014512418521630743,3
R1334T,L-occipital,1225.0,0.01383696845326631,3
R1334T,L-occipital,1275.0,0.016947210145280115,3
R1334T,L-occipital,1325.0,0.047079784934699324,3
R1334T,L-occipital,1375.0,0.03748026755963456,3
R1334T,L-occipital,1425.0,-0.007267732628128358,3
R1334T,L-occipital,1475.0,0.003087678422026254,3
R1334T,L-occipital,1525.0,-0.027516720895638145,3
R1334T,L-occipital,1575.0,-0.01938827275014259,3
R1334T,L-parietal,25.0,0.024816051455894567,7
R1334T,L-parietal,75.0,0.007556637440345235,7
R1334T,L-parietal,125.0,-0.006790688486796734,7
R1334T,L-parietal,175.0,0.01971449899107876,7
R1334T,L-parietal,225.0,0.01776113641514426,7
R1334T,L-parietal,275.0,0.016980517610083085,7
R1334T,L-parietal,325.0,0.0235794318761389,7
R1334T,L-parietal,375.0,-0.04548811794919493,7
R1334T,L-parietal,425.0,-0.07918524438003202,7
R1334T,L-parietal,475.0,-0.10255304007823905,7
R1334T,L-parietal,525.0,-0.1041122781226568,7
R1334T,L-parietal,575.0,-0.09150698749757259,7
R1334T,L-parietal,625.0,-0.10341638390612992,7
R1334T,L-parietal,675.0,-0.034198640332281635,7
R1334T,L-parietal,725.0,-0.0759271470100441,7
R1334T,L-parietal,775.0,-0.049005349310321425,7
R1334T,L-parietal,825.0,-0.05652655153238511,7
R1334T,L-parietal,875.0,-0.05542536992200741,7
R1334T,L-parietal,925.0,-0.06310914000403851,7
R1334T,L-parietal,975.0,-0.06115649126915207,7
R1334T,L-parietal,1025.0,-0.08316518644319205,7
R1334T,L-parietal,1075.0,-0.08377132033103409,7
R1334T,L-parietal,1125.0,-0.05838173572047052,7
R1334T,L-parietal,1175.0,-0.03938586532690001,7
R1334T,L-parietal,1225.0,-0.0477912981768686,7
R1334T,L-parietal,1275.0,0.008609213154239544,7
R1334T,L-parietal,1325.0,-0.0026682031700073993,7
R1334T,L-parietal,1375.0,0.015397513577343688,7
R1334T,L-parietal,1425.0,-0.028590923962612955,7
R1334T,L-parietal,1475.0,-0.08552251326439815,7
R1334T,L-parietal,1525.0,-0.03758695811823449,7
R1334T,L-parietal,1575.0,-0.051334277690555395,7
R1334T,L-temporal,25.0,-0.019439370320945535,18
R1334T,L-temporal,75.0,-0.029407312256260223,18
R1334T,L-temporal,125.0,-0.00807705026082912,18
R1334T,L-temporal,175.0,0.03170240860310258,18
R1334T,L-temporal,225.0,0.006517556407909498,18
R1334T,L-temporal,275.0,0.015453407314757028,18
R1334T,L-temporal,325.0,-0.006283724487682182,18
R1334T,L-temporal,375.0,-0.03330620764268141,18
R1334T,L-temporal,425.0,-0.03526114971110748,18
R1334T,L-temporal,475.0,-0.05627869130107241,18
R1334T,L-temporal,525.0,-0.06249985959633713,18
R1334T,L-temporal,575.0,-0.07729416303574822,18
R1334T,L-temporal,625.0,-0.0756018950880396,18
R1334T,L-temporal,675.0,-0.05663764748312526,18
R1334T,L-temporal,725.0,-0.06943138927196692,18
R1334T,L-temporal,775.0,-0.07593595164284667,18
R1334T,L-temporal,825.0,-0.057040113315531826,18
R1334T,L-temporal,875.0,-0.09593221242957925,18
R1334T,L-temporal,925.0,-0.08922789920433655,18
R1334T,L-temporal,975.0,-0.05324066907202346,18
R1334T,L-temporal,1025.0,-0.06195707601314458,18
R1334T,L-temporal,1075.0,-0.08588986583267685,18
R1334T,L-temporal,1125.0,-0.045075690899248864,18
R1334T,L-temporal,1175.0,-0.04642785760291902,18
R1334T,L-temporal,1225.0,-0.06314375369054678,18
R1334T,L-temporal,1275.0,-0.02040175846260277,18
R1334T,L-temporal,1325.0,0.0012201052229279153,18
R1334T,L-temporal,1375.0,0.014569196025942937,18
R1334T,L-temporal,1425.0,-0.05349528451312349,18
R1334T,L-temporal,1475.0,-0.08767683732210557,18
R1334T,L-temporal,1525.0,-0.06489513573093125,18
R1334T,L-temporal,1575.0,-0.05285198112135982,18
R1334T,R-temporal,25.0,-0.011016370993654108,23
R1334T,R-temporal,75.0,-0.0021948361097274783,23
R1334T,R-temporal,125.0,-0.033918302841517464,23
R1334T,R-temporal,175.0,-0.009073545252552816,23
R1334T,R-temporal,225.0,-0.0472336901367353,23
R1334T,R-temporal,275.0,-0.04568535665051392,23
R1334T,R-temporal,325.0,-0.03937256720930975,23
R1334T,R-temporal,375.0,-0.08606591823300302,23
R1334T,R-temporal,425.0,-0.10119456287365268,23
R1334T,R-temporal,475.0,-0.12427877242108325,23
R1334T,R-temporal,525.0,-0.18321603795097116,23
R1334T,R-temporal,575.0,-0.1753035877398077,23
R1334T,R-temporal,625.0,-0.1553333794154149,23
R1334T,R-temporal,675.0,-0.13213443711919048,23
R1334T,R-temporal,725.0,-0.13314970145022106,23
R1334T,R-temporal,775.0,-0.14880840975804557,23
R1334T,R-temporal,825.0,-0.15706362320809922,23
R1334T,R-temporal,875.0,-0.14906653168584857,23
R1334T,R-temporal,925.0,-0.13446548078807458,23
R1334T,R-temporal,975.0,-0.15439688764397266,23
R1334T,R-temporal,1025.0,-0.12577083229343786,23
R1334T,R-temporal,1075.0,-0.11408162196777748,23
R1334T,R-temporal,1125.0,-0.08100103697730467,23
R1334T,R-temporal,1175.0,-0.0752407064893254,23
R1334T,R-temporal,1225.0,-0.05870311295149939,23
R1334T,R-temporal,1275.0,-0.02967518697765844,23
R1334T,R-temporal,1325.0,-0.056915026185636056,23
R1334T,R-temporal,1375.0,-0.04382503600877908,23
R1334T,R-temporal,1425.0,-0.042796359104441406,23
R1334T,R-temporal,1475.0,-0.06810153335059259,23
R1334T,R-temporal,1525.0,-0.08226471065104188,23
R1334T,R-temporal,1575.0,-0.08727935555107146,23
R1337E,L-frontal,25.0,0.018665931423297547,9
R1337E,L-frontal,75.0,0.0020324495258124764,9
R1337E,L-frontal,125.0,0.018039433212612335,9
R1337E,L-frontal,175.0,0.012535041493026935,9
R1337E,L-frontal,225.0,-0.0018158042064048998,9
R1337E,L-frontal,275.0,-0.0019459370275685132,9
R1337E,L-frontal,325.0,-0.03663241388886363,9
R1337E,L-frontal,375.0,-0.04858904816138759,9
R1337E,L-frontal,425.0,-0.05327554692860416,9
R1337E,L-frontal,475.0,-0.05038183554876473,9
R1337E,L-frontal,525.0,-0.04793214441524062,9
R1337E,L-frontal,575.0,-0.019441843512851623,9
R1337E,L-frontal,625.0,-0.01263359848851363,9
R1337E,L-frontal,675.0,0.03754248488193257,9
R1337E,L-frontal,725.0,-0.005833787203373145,9
R1337E,L-frontal,775.0,-0.002837481043017508,9
R1337E,L-frontal,825.0,0.01802022442125635,9
R1337E,L-frontal,875.0,0.03641005641679144,9
R1337E,L-frontal,925.0,0.015722609506773344,9
R1337E,L-frontal,975.0,-0.006026473377247665,9
R1337E,L-frontal,1025.0,-0.01676605966260332,9
R1337E,L-frontal,1075.0,-0.023952864557864866,9
R1337E,L-frontal,1125.0,-0.023064100855509792,9
R1337E,L-frontal,1175.0,-0.0027198034946270037,9
R1337E,L-frontal,1225.0,-0.004242825583140803,9
R1337E,L-frontal,1275.0,-0.0019256194741178638,9
R1337E,L-frontal,1325.0,0.002629525072346781,9
R1337E,L-frontal,1375.0,-0.0356288876638115,9
R1337E,L-frontal,1425.0,-0.010309489902966758,9
R1337E,L-frontal,1475.0,-0.03748736335191624,9
R1337E,L-frontal,1525.0,-0.05283492461603374,9
R1337E,L-frontal,1575.0,-0.04030022858538281,9
R1337E,L-occipital,25.0,-0.04755158699467377,7
R1337E,L-occipital,75.0,0.039295887852563625,7
R1337E,L-occipital,125.0,-0.004191559516666635,7
R1337E,L-occipital,175.0,0.1963395652301664,7
R1337E,L-occipital,225.0,0.07717129645069079,7
R1337E,L-occipital,275.0,-0.002314214617601943,7
R1337E,L-occipital,325.0,0.11672340862244503,7
R1337E,L-occipital,375.0,0.015193261738128952,7
R1337E,L-occipital,425.0,0.012162548940990999,7
R1337E,L-occipital,475.0,-0.03942880842003958,7
R1337E,L-occipital,525.0,-0.041741633884489406,7
R1337E,L-occipital,575.0,0.0173829153775354,7
R1337E,L-occipital,625.0,-0.02646457628918858,7
R1337E,L-occipital,675.0,-0.027794074826599117,7
R1337E,L-occipital,725.0,-0.041651717524289714,7
R1337E,L-occipital,775.0,-0.05144434595201127,7
R1337E,L-occipital,825.0,0.006618643082858532,7
R1337E,L-occipital,875.0,0.0014246230806632854,7
R1337E,L-occipital,925.0,-0.002690797269357992,7
R1337E,L-occipital,975.0,0.02680919268940121,7
R1337E,L-occipital,1025.0,0.014508196989059401,7
R1337E,L-occipital,1075.0,0.009026543547435779,7
R1337E,L-occipital,1125.0,0.01748458396558026,7
R1337E,L-occipital,1175.0,-0.0207133067804642,7
R1337E,L-occipital,1225.0,-0.013493150471692002,7
R1337E,L-occipital,1275.0,-0.029517500700748604,7
R1337E,L-occipital,1325.0,-0.0004830643638871598,7
R1337E,L-occipital,1375.0,-0.041426169834871684,7
R1337E,L-occipital,1425.0,-0.01066156810159456,7
R1337E,L-occipital,1475.0,0.008233437338879502,7
R1337E,L-occipital,1525.0,-0.010431454188159101,7
R1337E,L-occipital,1575.0,-0.0327512538092055,7
R1337E,L-temporal,25.0,-0.029391663983038722,26
R1337E,L-temporal,75.0,-0.0329455141928252,26
R1337E,L-temporal,125.0,-0.02962615196883568,26
R1337E,L-temporal,175.0,-0.046093219985776486,26
R1337E,L-temporal,225.0,-0.03565515302341903,26
R1337E,L-temporal,275.0,0.010643301673543092,26
R1337E,L-temporal,325.0,-0.007404863890276193,26
R1337E,L-temporal,375.0,0.009846672119889672,26
R1337E,L-temporal,425.0,0.02761924424442981,26
R1337E,L-temporal,475.0,0.012789721304835253,26
R1337E,L-temporal,525.0,0.008902270854713871,26
R1337E,L-temporal,575.0,0.03511969683074689,26
R1337E,L-temporal,625.0,0.001605161717972799,26
R1337E,L-temporal,675.0,0.02826639740226354,26
R1337E,L-temporal,725.0,-0.010985612499983626,26
R1337E,L-temporal,775.0,-0.0023228341275070234,26
R1337E,L-temporal,825.0,0.02254294735522678,26
R1337E,L-temporal,875.0,-0.047989458987724415,26
R1337E,L-temporal,925.0,-0.04330957900681949,26
R1337E,L-temporal,975.0,-0.012775094016570666,26
R1337E,L-temporal,1025.0,-0.049295536833614206,26
R1337E,L-temporal,1075.0,-0.03930692162509653,26
R1337E,L-temporal,1125.0,-0.04160969763513113,26
R1337E,L-temporal,1175.0,-0.027115448974572767,26
R1337E,L-temporal,1225.0,-0.047071846497191996,26
R1337E,L-temporal,1275.0,-0.02062202052085417,26
R1337E,L-temporal,1325.0,-0.02821873549388063,26
R1337E,L-temporal,1375.0,-0.009699528647040635,26
R1337E,L-temporal,1425.0,-0.03462768513660462,26
R1337E,L-temporal,1475.0,-0.04574707313714121,26
R1337E,L-temporal,1525.0,-0.03051085197317656,26
R1337E,L-temporal,1575.0,-0.023406886873448964,26
R1337E,R-temporal,25.0,-0.05585872627936356,5
R1337E,R-temporal,75.0,-0.05279909233912995,5
R1337E,R-temporal,125.0,0.023765720963346032,5
R1337E,R-temporal,175.0,-0.02301141721513128,5
R1337E,R-temporal,225.0,0.030239052719061982,5
R1337E,R-temporal,275.0,-0.029309174029310846,5
R1337E,R-temporal,325.0,-0.018289322831501774,5
R1337E,R-temporal,375.0,-0.09170073628204838,5
R1337E,R-temporal,425.0,-0.0616741249399186,5
R1337E,R-temporal,475.0,-0.03575451776862666,5
R1337E,R-temporal,525.0,-0.031715568879147824,5
R1337E,R-temporal,575.0,0.029680062133564312,5
R1337E,R-temporal,625.0,0.01279726823774747,5
R1337E,R-temporal,675.0,-0.0006175207127451648,5
R1337E,R-temporal,725.0,-0.011799703384204715,5
R1337E,R-temporal,775.0,-0.0232432349263123,5
R1337E,R-temporal,825.0,-0.035654507051288045,5
R1337E,R-temporal,875.0,-0.04982558302337568,5
R1337E,R-temporal,925.0,0.006540120059469373,5
R1337E,R-temporal,975.0,-0.08535235619170563,5
R1337E,R-temporal,1025.0,-0.02480656190108711,5
R1337E,R-temporal,1075.0,-0.0028585420332475167,5
R1337E,R-temporal,1125.0,-0.0439040633657572,5
R1337E,R-temporal,1175.0,-0.020913543155484028,5
R1337E,R-temporal,1225.0,-0.008643615225169246,5
R1337E,R-temporal,1275.0,-0.05302880377957107,5
R1337E,R-temporal,1325.0,-0.010915636572449797,5
R1337E,R-temporal,1375.0,-0.049104415720519615,5
R1337E,R-temporal,1425.0,-0.013181326071720895,5
R1337E,R-temporal,1475.0,0.006363203341582591,5
R1337E,R-temporal,1525.0,-0.05059592853316919,5
R1337E,R-temporal,1575.0,-0.06449609001920573,5
R1338T,L-frontal,25.0,-0.044710229138881535,5
R1338T,L-frontal,75.0,-0.04638598650248484,5
R1338T,L-frontal,125.0,0.08407982190521188,5
R1338T,L-frontal,175.0,0.06968099666596098,5
R1338T,L-frontal,225.0,0.05388312874960658,5
R1338T,L-frontal,275.0,0.04892035308960995,5
R1338T,L-frontal,325.0,0.09686028081337635,5
R1338T,L-frontal,375.0,0.0735770740333743,5
R1338T,L-frontal,425.0,0.05872434000878698,5
R1338T,L-frontal,475.0,0.08051157892121172,5
R1338T,L-frontal,525.0,0.06683347716795662,5
R1338T,L-frontal,575.0,0.08780014652200661,5
R1338T,L-frontal,625.0,0.09423402737450405,5
R1338T,L-frontal,675.0,0.048439377656874436,5
R1338T,L-frontal,725.0,0.014539568048137835,5
R1338T,L-frontal,775.0,0.06509180657302291,5
R1338T,L-frontal,825.0,0.0403128959448899,5
R1338T,L-frontal,875.0,0.011222638190311492,5
R1338T,L-frontal,925.0,0.028494415500917615,5
R1338T,L-frontal,975.0,0.04471741193010154,5
R1338T,L-frontal,1025.0,0.044767376271401246,5
R1338T,L-frontal,1075.0,0.02985174009730196,5
R1338T,L-frontal,1125.0,-0.011970818834746322,5
R1338T,L-frontal,1175.0,0.019114689845906186,5
R1338T,L-frontal,1225.0,-0.021616477711929802,5
R1338T,L-frontal,1275.0,0.032480826752723305,5
R1338T,L-frontal,1325.0,0.01618181442613877,5
R1338T,L-frontal,1375.0,-0.03191798884836734,5
R1338T,L-frontal,1425.0,-0.012202229261126426,5
R1338T,L-frontal,1475.0,-0.01686268805692969,5
R1338T,L-frontal,1525.0,0.051567698609693555,5
R1338T,L-frontal,1575.0,-0.039590760703046804,5
R1338T,L-parietal,25.0,-0.02594056224498519,19
R1338T,L-parietal,75.0,-0.01068785844671808,19
R1338T,L-parietal,125.0,0.039047386107443204,19
R1338T,L-parietal,175.0,0.05523637366643758,19
R1338T,L-parietal,225.0,0.029409752924923076,19
R1338T,L-parietal,275.0,0.04470188909030721,19
R1338T,L-parietal,325.0,0.06911568303887428,19
R1338T,L-parietal,375.0,0.06321133380189715,19
R1338T,L-parietal,425.0,0.026704360358759106,19
R1338T,L-parietal,475.0,0.0383529529984852,19
R1338T,L-parietal,525.0,0.051181946369918546,19
R1338T,L-parietal,575.0,0.02304853857588425,19
R1338T,L-parietal,625.0,0.00569458873105001,19
R1338T,L-parietal,675.0,0.022790669573837706,19
R1338T,L-parietal,725.0,0.03778189269946878,19
R1338T,L-parietal,775.0,0.06266160804523983,19
R1338T,L-parietal,825.0,0.02251388364848728,19
R1338T,L-parietal,875.0,0.019735867812296384,19
R1338T,L-parietal,925.0,0.02693076147605609,19
R1338T,L-parietal,975.0,0.027770767273955357,19
R1338T,L-parietal,1025.0,0.01583858540405565,19
R1338T,L-parietal,1075.0,0.003144188368413283,19
R1338T,L-parietal,1125.0,0.022459831070997728,19
R1338T,L-parietal,1175.0,0.015174643710420077,19
R1338T,L-parietal,1225.0,0.0149031883423148,19
R1338T,L-parietal,1275.0,0.0316950610979053,19
R1338T,L-parietal,1325.0,0.03370672478089104,19
R1338T,L-parietal,1375.0,0.006134908193773369,19
R1338T,L-parietal,1425.0,-0.022468913469800077,19
R1338T,L-parietal,1475.0,-0.005225956870661516,19
R1338T,L-parietal,1525.0,0.007711083865304481,19
R1338T,L-parietal,1575.0,-0.0037998341518184105,19
R1338T,R-frontal,25.0,-0.020309116601165012,24
R1338T,R-frontal,75.0,-0.009456806875850824,24
R1338T,R-frontal,125.0,0.049656260847594606,24
R1338T,R-frontal,175.0,0.06964284341179987,24
R1338T,R-frontal,225.0,0.05939194015180547,24
R1338T,R-frontal,275.0,0.05765629507375437,24
R1338T,R-frontal,325.0,0.09480703300299942,24
R1338T,R-frontal,375.0,0.07400504140528415,24
R1338T,R-frontal,425.0,0.07321163726376619,24
R1338T,R-frontal,475.0,0.07757683675108427,24
R1338T,R-frontal,525.0,0.053467835039223255,24
R1338T,R-frontal,575.0,0.065572365575867,24
R1338T,R-frontal,625.0,0.043678835854555315,24
R1338T,R-frontal,675.0,0.03976190903570184,24
R1338T,R-frontal,725.0,0.02489626953300639,24
R1338T,R-frontal,775.0,0.06276250070319743,24
R1338T,R-frontal,825.0,0.037731718160090244,24
R1338T,R-frontal,875.0,0.023705509056596935,24
R1338T,R-frontal,925.0,0.029100703685878887,24
R1338T,R-frontal,975.0,0.04534209155764841,24
R1338T,R-frontal,1025.0,0.02283891159551669,24
R1338T,R-frontal,1075.0,0.00995100021714027,24
R1338T,R-frontal,1125.0,0.005234704642525847,24
R1338T,R-frontal,1175.0,0.020829864795100402,24
R1338T,R-frontal,1225.0,0.035997538754845175,24
R1338T,R-frontal,1275.0,0.019851578859198575,24
R1338T,R-frontal,1325.0,0.016782633779656424,24
R1338T,R-frontal,1375.0,-0.0010986532280211436,24
R1338T,R-frontal,1425.0,-0.018227209952811258,24
R1338T,R-frontal,1475.0,-0.012466618991030546,24
R1338T,R-frontal,1525.0,0.02651548600108644,24
R1338T,R-frontal,1575.0,-0.00497935495192661,24
R1338T,R-parietal,25.0,-0.03106012505878247,23
R1338T,R-parietal,75.0,-0.009281981865461615,23
R1338T,R-parietal,125.0,0.07305825616644973,23
R1338T,R-parietal,175.0,0.07628493658627343,23
R1338T,R-parietal,225.0,0.06608375990504342,23
R1338T,R-parietal,275.0,0.08658481487593613,23
R1338T,R-parietal,325.0,0.12299738432962455,23
R1338T,R-parietal,375.0,0.10107489856830279,23
R1338T,R-parietal,425.0,0.10587661506828032,23
R1338T,R-parietal,475.0,0.09911353308838092,23
R1338T,R-parietal,525.0,0.08034989522220097,23
R1338T,R-parietal,575.0,0.07207136056491885,23
R1338T,R-parietal,625.0,0.06405831986358249,23
R1338T,R-parietal,675.0,0.05942488674088632,23
R1338T,R-parietal,725.0,0.049932251278966736,23
R1338T,R-parietal,775.0,0.08493049816663999,23
R1338T,R-parietal,825.0,0.04544295592985704,23
R1338T,R-parietal,875.0,0.06315436204312933,23
R1338T,R-parietal,925.0,0.06186271233630983,23
R1338T,R-parietal,975.0,0.04548865222718816,23
R1338T,R-parietal,1025.0,0.03797067989937181,23
R1338T,R-parietal,1075.0,0.04500247069769121,23
R1338T,R-parietal,1125.0,0.019823088275410433,23
R1338T,R-parietal,1175.0,0.033221135545560325,23
R1338T,R-parietal,1225.0,0.033596332994300114,23
R1338T,R-parietal,1275.0,0.03572797144268429,23
R1338T,R-parietal,1325.0,0.018477759914081515,23
R1338T,R-parietal,1375.0,0.01557763463894356,23
R1338T,R-parietal,1425.0,0.0025266121897055665,23
R1338T,R-parietal,1475.0,0.01680688638121788,23
R1338T,R-parietal,1525.0,0.025382897742804396,23
R1338T,R-parietal,1575.0,0.0010558818961457156,23
R1338T,R-temporal,25.0,-0.029694568562856443,6
R1338T,R-temporal,75.0,0.018109797035610806,6
R1338T,R-temporal,125.0,0.05501943723464844,6
R1338T,R-temporal,175.0,0.11551820898585696,6
R1338T,R-temporal,225.0,0.09999779240896277,6
R1338T,R-temporal,275.0,0.1677981823199157,6
R1338T,R-temporal,325.0,0.18991120171751216,6
R1338T,R-temporal,375.0,0.14157158320672392,6
R1338T,R-temporal,425.0,0.14172624499454708,6
R1338T,R-temporal,475.0,0.12258469341233125,6
R1338T,R-temporal,525.0,0.10710865751250627,6
R1338T,R-temporal,575.0,0.09347063000353541,6
R1338T,R-temporal,625.0,0.05868682994545162,6
R1338T,R-temporal,675.0,0.09275244910993737,6
R1338T,R-temporal,725.0,0.045951513670974165,6
R1338T,R-temporal,775.0,0.10959332854092262,6
R1338T,R-temporal,825.0,0.06578132433934945,6
R1338T,R-temporal,875.0,0.07290638223166267,6
R1338T,R-temporal,925.0,0.05958169078607051,6
R1338T,R-temporal,975.0,0.05993372509163688,6
R1338T,R-temporal,1025.0,0.032176167885504814,6
R1338T,R-temporal,1075.0,0.02338817395498539,6
R1338T,R-temporal,1125.0,0.04514632873375254,6
R1338T,R-temporal,1175.0,0.020493300118691108,6
R1338T,R-temporal,1225.0,0.027413449132190622,6
R1338T,R-temporal,1275.0,0.046186013403496644,6
R1338T,R-temporal,1325.0,0.04903111310687689,6
R1338T,R-temporal,1375.0,0.007004743746748736,6
R1338T,R-temporal,1425.0,0.0010457141858006818,6
R1338T,R-temporal,1475.0,-0.021958166356139938,6
R1338T,R-temporal,1525.0,0.042438475983369035,6
R1338T,R-temporal,1575.0,0.01772949224948121,6
R1341T,L-frontal,25.0,-0.021507343706176345,26
R1341T,L-frontal,75.0,-0.0034777496199029597,26
R1341T,L-frontal,125.0,-0.02140265269296153,26
R1341T,L-frontal,175.0,-0.006338479182000161,26
R1341T,L-frontal,225.0,0.015117865361998982,26
R1341T,L-frontal,275.0,0.005875119745898076,26
R1341T,L-frontal,325.0,0.02194783212804343,26
R1341T,L-frontal,375.0,0.025982786133680543,26
R1341T,L-frontal,425.0,0.012320420002272238,26
R1341T,L-frontal,475.0,0.007108502595332295,26
R1341T,L-frontal,525.0,0.00020591690923412164,26
R1341T,L-frontal,575.0,0.012589506680513797,26
R1341T,L-frontal,625.0,0.023115444638158563,26
R1341T,L-frontal,675.0,0.021496025780595788,26
R1341T,L-frontal,725.0,0.014240783484368065,26
R1341T,L-frontal,775.0,0.02512698551510825,26
R1341T,L-frontal,825.0,-0.005926520054753913,26
R1341T,L-frontal,875.0,0.003331841023135822,26
R1341T,L-frontal,925.0,0.008577729826689308,26
R1341T,L-frontal,975.0,0.012495825699926081,26
R1341T,L-frontal,1025.0,0.005290427795520598,26
R1341T,L-frontal,1075.0,-0.006866980035318627,26
R1341T,L-frontal,1125.0,-0.00926594701991516,26
R1341T,L-frontal,1175.0,9.158360157540225e-05,26
R1341T,L-frontal,1225.0,-0.013735181025398245,26
R1341T,L-frontal,1275.0,-0.011740900641623682,26
R1341T,L-frontal,1325.0,0.005441454344508491,26
R1341T,L-frontal,1375.0,-0.0011385392608145944,26
R1341T,L-frontal,1425.0,0.013162651519545666,26
R1341T,L-frontal,1475.0,0.009063804554055917,26
R1341T,L-frontal,1525.0,-0.010368487845089683,26
R1341T,L-frontal,1575.0,-0.0016795693900985753,26
R1341T,L-temporal,25.0,-0.020124572481969596,8
R1341T,L-temporal,75.0,-0.004535263972638761,8
R1341T,L-temporal,125.0,-0.014309763229579742,8
R1341T,L-temporal,175.0,0.006222447964316186,8
R1341T,L-temporal,225.0,0.01341008925709572,8
R1341T,L-temporal,275.0,0.028889028610525894,8
R1341T,L-temporal,325.0,0.06150532304267972,8
R1341T,L-temporal,375.0,0.0385017895627489,8
R1341T,L-temporal,425.0,0.044674757012295105,8
R1341T,L-temporal,475.0,0.011762738109256994,8
R1341T,L-temporal,525.0,0.019187648198585417,8
R1341T,L-temporal,575.0,0.03826145652673892,8
R1341T,L-temporal,625.0,0.0028263887195803705,8
R1341T,L-temporal,675.0,0.002777061372755623,8
R1341T,L-temporal,725.0,-0.0048499031838722395,8
R1341T,L-temporal,775.0,0.024607440856155266,8
R1341T,L-temporal,825.0,-0.01412246900836917,8
R1341T,L-temporal,875.0,-0.04764889476909666,8
R1341T,L-temporal,925.0,-0.027602247537209038,8
R1341T,L-temporal,975.0,-0.05384465695766539,8
R1341T,L-temporal,1025.0,-0.05475497397204973,8
R1341T,L-temporal,1075.0,-0.024075001812211456,8
R1341T,L-temporal,1125.0,-0.055173755760472044,8
R1341T,L-temporal,1175.0,-0.04174373707882652,8
R1341T,L-temporal,1225.0,-0.032399005902048326,8
R1341T,L-temporal,1275.0,-0.03949760678389521,8
R1341T,L-temporal,1325.0,-0.05358283499792145,8
R1341T,L-temporal,1375.0,-0.037072322235410765,8
R1341T,L-temporal,1425.0,-0.02764026779008373,8
R1341T,L-temporal,1475.0,-0.0383718117180529,8
R1341T,L-temporal,1525.0,-0.04083105486174957,8
R1341T,L-temporal,1575.0,-0.01017283607403989,8
R1341T,R-frontal,25.0,-0.009526546249488774,17
R1341T,R-frontal,75.0,-0.006480941047213823,17
R1341T,R-frontal,125.0,-0.014157046061544857,17
R1341T,R-frontal,175.0,0.006056309437173656,17
R1341T,R-frontal,225.0,0.020835972097868995,17
R1341T,R-frontal,275.0,0.015963141314971133,17
R1341T,R-frontal,325.0,0.02002665980204881,17
R1341T,R-frontal,375.0,0.034065618804283895,17
R1341T,R-frontal,425.0,0.02634178619346847,17
R1341T,R-frontal,475.0,0.009278533209499285,17
R1341T,R-frontal,525.0,0.021917700511565778,17
R1341T,R-frontal,575.0,0.020258197289553276,17
R1341T,R-frontal,625.0,0.032356720272942105,17
R1341T,R-frontal,675.0,0.028099400707385876,17
R1341T,R-frontal,725.0,-0.000348337864126262,17
R1341T,R-frontal,775.0,0.03125905843104132,17
R1341T,R-frontal,825.0,0.019093953418045255,17
R1341T,R-frontal,875.0,-0.0006481918597904972,17
R1341T,R-frontal,925.0,-0.022288003483893894,17
R1341T,R-frontal,975.0,-0.01627750164386046,17
R1341T,R-frontal,1025.0,-0.0038066788518586925,17
R1341T,R-frontal,1075.0,-0.00011305609902472823,17
R1341T,R-frontal,1125.0,-0.013674540067087185,17
R1341T,R-frontal,1175.0,-0.02272791160194742,17
R1341T,R-frontal,1225.0,-0.026121480106409998,17
R1341T,R-frontal,1275.0,-0.0066265076994161875,17
R1341T,R-frontal,1325.0,-0.0015711763584312598,17
R1341T,R-frontal,1375.0,0.012921207979220002,17
R1341T,R-frontal,1425.0,0.002419831407634071,17
R1341T,R-frontal,1475.0,0.005569245960530585,17
R1341T,R-frontal,1525.0,-0.014501331802615477,17
R1341T,R-frontal,1575.0,0.005947504459717049,17
R1341T,R-temporal,25.0,-0.031132323325235,9
R1341T,R-temporal,75.0,-0.015691353320502206,9
R1341T,R-temporal,125.0,-0.015017995283675558,9
R1341T,R-temporal,175.0,-0.018738003883352793,9
R1341T,R-temporal,225.0,-0.008804752775777445,9
R1341T,R-temporal,275.0,0.003670084228275498,9
R1341T,R-temporal,325.0,0.03699646886481128,9
R1341T,R-temporal,375.0,0.03808298174979471,9
R1341T,R-temporal,425.0,0.026622611102432518,9
R1341T,R-temporal,475.0,0.012026013610688637,9
R1341T,R-temporal,525.0,0.008333646803681295,9
R1341T,R-temporal,575.0,0.039014514169658496,9
R1341T,R-temporal,625.0,0.033292556620066055,9
R1341T,R-temporal,675.0,0.02526004645466704,9
R1341T,R-temporal,725.0,0.005991608970823326,9
R1341T,R-temporal,775.0,0.02059700369181016,9
R1341T,R-temporal,825.0,0.0184650019676223,9
R1341T,R-temporal,875.0,0.010682619548820629,9
R1341T,R-temporal,925.0,0.012140102814132683,9
R1341T,R-temporal,975.0,0.01818846205331703,9
R1341T,R-temporal,1025.0,0.0019083602838196804,9
R1341T,R-temporal,1075.0,0.02429483687169951,9
R1341T,R-temporal,1125.0,0.0057310365528645685,9
R1341T,R-temporal,1175.0,-0.0273094228300418,9
R1341T,R-temporal,1225.0,-0.008016606690676505,9
R1341T,R-temporal,1275.0,0.01874751827683005,9
R1341T,R-temporal,1325.0,0.013155617357347778,9
R1341T,R-temporal,1375.0,0.011739172246941227,9
R1341T,R-temporal,1425.0,-0.021577648550918798,9
R1341T,R-temporal,1475.0,0.010944807101399313,9
R1341T,R-temporal,1525.0,0.004582798050608443,9
R1341T,R-temporal,1575.0,0.028102239561776692,9
R1342M,L-frontal,25.0,-0.007740423813700456,11
R1342M,L-frontal,75.0,-0.010271455479131199,11
R1342M,L-frontal,125.0,-0.009355141152147752,11
R1342M,L-frontal,175.0,-0.06961914841991683,11
R1342M,L-frontal,225.0,-0.031496230846276736,11
R1342M,L-frontal,275.0,-0.019041453788305785,11
R1342M,L-frontal,325.0,-0.08820827909783018,11
R1342M,L-frontal,375.0,-0.09435550452242615,11
R1342M,L-frontal,425.0,-0.138721854946023,11
R1342M,L-frontal,475.0,-0.10305358047188772,11
R1342M,L-frontal,525.0,-0.03165053695234446,11
R1342M,L-frontal,575.0,-0.0319722255572669,11
R1342M,L-frontal,625.0,-0.024027439760474487,11
R1342M,L-frontal,675.0,0.013344502681725344,11
R1342M,L-frontal,725.0,0.01273132525115383,11
R1342M,L-frontal,775.0,0.00431560100308705,11
R1342M,L-frontal,825.0,-0.036273130472842426,11
R1342M,L-frontal,875.0,-0.06898670910569439,11
R1342M,L-frontal,925.0,-0.021144722188325846,11
R1342M,L-frontal,975.0,-0.014791703124052672,11
R1342M,L-frontal,1025.0,0.01586123627258459,11
R1342M,L-frontal,1075.0,0.03855490189318298,11
R1342M,L-frontal,1125.0,-0.018440944712155728,11
R1342M,L-frontal,1175.0,-0.02587553703366068,11
R1342M,L-frontal,1225.0,-0.03648839622196887,11
R1342M,L-frontal,1275.0,0.0032597730413077824,11
R1342M,L-frontal,1325.0,-0.018471850487273067,11
R1342M,L-frontal,1375.0,0.004713012367469005,11
R1342M,L-frontal,1425.0,-0.007542964414880865,11
R1342M,L-frontal,1475.0,-0.010674732624668344,11
R1342M,L-frontal,1525.0,-0.0039017463056187553,11
R1342M,L-frontal,1575.0,0.005669058377263159,11
R1342M,L-temporal,25.0,-0.03274306109126968,7
R1342M,L-temporal,75.0,-0.010557251822466768,7
R1342M,L-temporal,125.0,-0.025430657415259794,7
R1342M,L-temporal,175.0,-0.0559885361404807,7
R1342M,L-temporal,225.0,-0.026439910207041648,7
R1342M,L-temporal,275.0,-0.008920177968711866,7
R1342M,L-temporal,325.0,0.08481125854980175,7
R1342M,L-temporal,375.0,0.055557921373775965,7
R1342M,L-temporal,425.0,-0.04184396978079737,7
R1342M,L-temporal,475.0,0.006263235973182913,7
R1342M,L-temporal,525.0,-0.03111772858479415,7
R1342M,L-temporal,575.0,0.015724993310661812,7
R1342M,L-temporal,625.0,0.03528848118202031,7
R1342M,L-temporal,675.0,0.032214318837688154,7
R1342M,L-temporal,725.0,0.016584165795641138,7
R1342M,L-temporal,775.0,0.041666471868156404,7
R1342M,L-temporal,825.0,0.007525151261641172,7
R1342M,L-temporal,875.0,-0.030133142364545857,7
R1342M,L-temporal,925.0,0.07722715904883548,7
R1342M,L-temporal,975.0,0.030007134792066976,7
R1342M,L-temporal,1025.0,-0.010156314741627991,7
R1342M,L-temporal,1075.0,0.008185503250422178,7
R1342M,L-temporal,1125.0,0.06429736543316945,7
R1342M,L-temporal,1175.0,-0.0016585546093278397,7
R1342M,L-temporal,1225.0,-0.011611505012172809,7
R1342M,L-temporal,1275.0,0.05737566920154646,7
R1342M,L-temporal,1325.0,-0.046256610295903035,7
R1342M,L-temporal,1375.0,-0.004909171365192404,7
R1342M,L-temporal,1425.0,0.014231479076516942,7
R1342M,L-temporal,1475.0,-0.008394129505871905,7
R1342M,L-temporal,1525.0,0.0339325654034828,7
R1342M,L-temporal,1575.0,0.0159944276764871,7
R1346T,L-frontal,25.0,-0.005744593928417563,11
R1346T,L-frontal,75.0,0.00843563784584763,11
R1346T,L-frontal,125.0,-0.015700143038307135,11
R1346T,L-frontal,175.0,0.027935314309039696,11
R1346T,L-frontal,225.0,-0.020968873001485696,11
R1346T,L-frontal,275.0,-0.04486844947317718,11
R1346T,L-frontal,325.0,-0.06783745678488287,11
R1346T,L-frontal,375.0,-0.08512442519554318,11
R1346T,L-frontal,425.0,-0.07660697840739135,11
R1346T,L-frontal,475.0,-0.11846949351671045,11
R1346T,L-frontal,525.0,-0.08075001144153955,11
R1346T,L-frontal,575.0,-0.07834901494132447,11
R1346T,L-frontal,625.0,-0.042379592464451686,11
R1346T,L-frontal,675.0,-0.04136732786246995,11
R1346T,L-frontal,725.0,-0.05217296872098364,11
R1346T,L-frontal,775.0,-0.039769909750335106,11
R1346T,L-frontal,825.0,-0.03015001020580863,11
R1346T,L-frontal,875.0,-0.023616022847978757,11
R1346T,L-frontal,925.0,-0.05147074851305475,11
R1346T,L-frontal,975.0,-0.009053867311605674,11
R1346T,L-frontal,1025.0,-0.04083426306048626,11
R1346T,L-frontal,1075.0,-0.016148131982615836,11
R1346T,L-frontal,1125.0,-0.029696303573685433,11
R1346T,L-frontal,1175.0,-0.05610518516849341,11
R1346T,L-frontal,1225.0,-0.033171750503837465,11
R1346T,L-frontal,1275.0,-0.030065036263760194,11
R1346T,L-frontal,1325.0,-0.025738779404967816,11
R1346T,L-frontal,1375.0,-0.009122795219950165,11
R1346T,L-frontal,1425.0,-0.016075804973172698,11
R1346T,L-frontal,1475.0,0.01949263966603674,11
R1346T,L-frontal,1525.0,0.015359598361721662,11
R1346T,L-frontal,1575.0,0.028686230695690852,11
R1346T,L-occipital,25.0,-0.01875582126328147,4
R1346T,L-occipital,75.0,-0.0179263378732071,4
R1346T,L-occipital,125.0,-0.006215996518501913,4
R1346T,L-occipital,175.0,0.04383800409950672,4
R1346T,L-occipital,225.0,-0.02396099104394635,4
R1346T,L-occipital,275.0,-0.013135316604927267,4
R1346T,L-occipital,325.0,0.023460271001347264,4
R1346T,L-occipital,375.0,0.011639843145972585,4
R1346T,L-occipital,425.0,-0.015727926124971623,4
R1346T,L-occipital,475.0,-0.03759354009199409,4
R1346T,L-occipital,525.0,0.012747198849873824,4
R1346T,L-occipital,575.0,-0.0313877601500203,4
R1346T,L-occipital,625.0,0.03989182307763375,4
R1346T,L-occipital,675.0,0.0247198880455932,4
R1346T,L-occipital,725.0,-0.003917045669557831,4
R1346T,L-occipital,775.0,-0.08729597250282309,4
R1346T,L-occipital,825.0,0.019137778236744868,4
R1346T,L-occipital,875.0,0.03812124831589965,4
R1346T,L-occipital,925.0,0.030113988985953237,4
R1346T,L-occipital,975.0,-0.01057768827776751,4
R1346T,L-occipital,1025.0,0.019084407920191167,4
R1346T,L-occipital,1075.0,-0.011356202743900106,4
R1346T,L-occipital,1125.0,0.011705017475123427,4
R1346T,L-occipital,1175.0,-0.012820592461441406,4
R1346T,L-occipital,1225.0,0.05285504437062553,4
R1346T,L-occipital,1275.0,0.007698981868476948,4
R1346T,L-occipital,1325.0,-0.00730376365632974,4
R1346T,L-occipital,1375.0,-0.03173093680309607,4
R1346T,L-occipital,1425.0,0.03922529730699102,4
R1346T,L-occipital,1475.0,0.04245198453194053,4
R1346T,L-occipital,1525.0,-0.01862083502816214,4
R1346T,L-occipital,1575.0,0.03462896504852664,4
R1346T,L-parietal,25.0,-0.05297555866762581,10
R1346T,L-parietal,75.0,-0.03055702307997858,10
R1346T,L-parietal,125.0,-0.021349845180022163,10
R1346T,L-parietal,175.0,-0.01344587535869179,10
R1346T,L-parietal,225.0,-0.04705801589091827,10
R1346T,L-parietal,275.0,-0.030337646712914862,10
R1346T,L-parietal,325.0,-0.04308764022455462,10
R1346T,L-parietal,375.0,-0.024548436501992406,10
R1346T,L-parietal,425.0,-0.030667606364952832,10
R1346T,L-parietal,475.0,-0.01831748702619967,10
R1346T,L-parietal,525.0,-0.0357667903292927,10
R1346T,L-parietal,575.0,-0.07738159253838406,10
R1346T,L-parietal,625.0,-0.038094867723947975,10
R1346T,L-parietal,675.0,-0.021274959822204606,10
R1346T,L-parietal,725.0,-0.013614065017046397,10
R1346T,L-parietal,775.0,-0.01106854239816594,10
R1346T,L-parietal,825.0,-0.011897115375740244,10
R1346T,L-parietal,875.0,0.010974587529536289,10
R1346T,L-parietal,925.0,0.011149694967435364,10
R1346T,L-parietal,975.0,-0.03495553751086315,10
R1346T,L-parietal,1025.0,-0.03451050359869567,10
R1346T,L-parietal,1075.0,-0.032850054392455245,10
R1346T,L-parietal,1125.0,-0.030841906046085173,10
R1346T,L-parietal,1175.0,0.0014516502778336529,10
R1346T,L-parietal,1225.0,-0.04286839846350225,10
R1346T,L-parietal,1275.0,-0.03829349658889254,10
R1346T,L-parietal,1325.0,-0.011192842987412637,10
R1346T,L-parietal,1375.0,-0.034085353596571395,10
R1346T,L-parietal,1425.0,-0.019800734103128128,10
R1346T,L-parietal,1475.0,0.0014823986574970208,10
R1346T,L-parietal,1525.0,-0.03229061014382926,10
R1346T,L-parietal,1575.0,0.013800404137472872,10
R1346T,L-temporal,25.0,-0.010119172713311057,20
R1346T,L-temporal,75.0,0.011162913455238841,20
R1346T,L-temporal,125.0,-0.0027953317337609256,20
R1346T,L-temporal,175.0,0.04579578690536509,20
R1346T,L-temporal,225.0,-0.0038108972487063187,20
R1346T,L-temporal,275.0,0.030768967582169036,20
R1346T,L-temporal,325.0,0.015947986213514558,20
R1346T,L-temporal,375.0,0.027594423112997916,20
R1346T,L-temporal,425.0,0.014454379642244077,20
R1346T,L-temporal,475.0,-0.009274639557834561,20
R1346T,L-temporal,525.0,-0.01565682308743864,20
R1346T,L-temporal,575.0,-0.020677327047298178,20
R1346T,L-temporal,625.0,0.004113440430370036,20
R1346T,L-temporal,675.0,0.0032015529433513288,20
R1346T,L-temporal,725.0,-0.013292873548027374,20
R1346T,L-temporal,775.0,-0.02086484871330799,20
R1346T,L-temporal,825.0,0.0055121883324874945,20
R1346T,L-temporal,875.0,0.0010350150288744144,20
R1346T,L-temporal,925.0,0.001626365674025084,20
R1346T,L-temporal,975.0,0.01597501094343886,20
R1346T,L-temporal,1025.0,0.019663168631154526,20
R1346T,L-temporal,1075.0,0.00969040592729376,20
R1346T,L-temporal,1125.0,-0.005940135487690468,20
R1346T,L-temporal,1175.0,-0.012061945497312019,20
R1346T,L-temporal,1225.0,0.0022311283315279555,20
R1346T,L-temporal,1275.0,-0.00045572175781649193,20
R1346T,L-temporal,1325.0,0.001774430679794403,20
R1346T,L-temporal,1375.0,0.008179504414353047,20
R1346T,L-temporal,1425.0,0.00955285774599937,20
R1346T,L-temporal,1475.0,0.008444280367773373,20
R1346T,L-temporal,1525.0,0.008614025807422123,20
R1346T,L-temporal,1575.0,0.023332603805781883,20
R1346T,R-temporal,25.0,-0.04105459634333819,27
R1346T,R-temporal,75.0,-0.023759051628385517,27
R1346T,R-temporal,125.0,-0.013798901350662683,27
R1346T,R-temporal,175.0,0.031733213977439945,27
R1346T,R-temporal,225.0,-0.011834449076830691,27
R1346T,R-temporal,275.0,9.275065229786677e-05,27
R1346T,R-temporal,325.0,0.024378674875998794,27
R1346T,R-temporal,375.0,0.037087073896647886,27
R1346T,R-temporal,425.0,0.03217375708704182,27
R1346T,R-temporal,475.0,0.028213267079395598,27
R1346T,R-temporal,525.0,0.02114808913773046,27
R1346T,R-temporal,575.0,0.0070419248382600315,27
R1346T,R-temporal,625.0,0.002315637822711662,27
R1346T,R-temporal,675.0,-0.0007898139476286128,27
R1346T,R-temporal,725.0,0.022912201134536955,27
R1346T,R-temporal,775.0,-0.009110905645658692,27
R1346T,R-temporal,825.0,-0.023753312150928643,27
R1346T,R-temporal,875.0,0.01354896063254278,27
R1346T,R-temporal,925.0,0.0036028162381881858,27
R1346T,R-temporal,975.0,-0.02020598434052019,27
R1346T,R-temporal,1025.0,-0.010613684527515165,27
R1346T,R-temporal,1075.0,-0.0035595300943237883,27
R1346T,R-temporal,1125.0,-0.0021470864228812325,27
R1346T,R-temporal,1175.0,-0.010196323037375866,27
R1346T,R-temporal,1225.0,-0.009947108749770476,27
R1346T,R-temporal,1275.0,-0.015624546965397031,27
R1346T,R-temporal,1325.0,-0.02287724892981049,27
R1346T,R-temporal,1375.0,0.013838633019780786,27
R1346T,R-temporal,1425.0,0.031469967231277866,27
R1346T,R-temporal,1475.0,0.01416615228640019,27
R1346T,R-temporal,1525.0,0.0018313808895289228,27
R1346T,R-temporal,1575.0,0.02573381448824116,27
R1349T,L-frontal,25.0,0.07786463174714221,28
R1349T,L-frontal,75.0,0.05626424582659347,28
R1349T,L-frontal,125.0,0.06249324366345947,28
R1349T,L-frontal,175.0,0.06839540783209012,28
R1349T,L-frontal,225.0,0.06719625087737761,28
R1349T,L-frontal,275.0,0.049046784149049165,28
R1349T,L-frontal,325.0,0.00907788218614167,28
R1349T,L-frontal,375.0,-0.04973431966111215,28
R1349T,L-frontal,425.0,-0.12597534625668935,28
R1349T,L-frontal,475.0,-0.07841079152260336,28
R1349T,L-frontal,525.0,-0.05477282827705456,28
R1349T,L-frontal,575.0,-0.02993803900867974,28
R1349T,L-frontal,625.0,-0.05403795829595249,28
R1349T,L-frontal,675.0,-0.1019672998111171,28
R1349T,L-frontal,725.0,-0.10557289191122696,28
R1349T,L-frontal,775.0,-0.1244334381915232,28
R1349T,L-frontal,825.0,-0.09227622067853289,28
R1349T,L-frontal,875.0,0.005856912213225367,28
R1349T,L-frontal,925.0,0.026490919210415385,28
R1349T,L-frontal,975.0,0.028857018239403648,28
R1349T,L-frontal,1025.0,0.027643856100921245,28
R1349T,L-frontal,1075.0,-0.011949352689803811,28
R1349T,L-frontal,1125.0,-0.07139008696680367,28
R1349T,L-frontal,1175.0,-0.11070084225636198,28
R1349T,L-frontal,1225.0,-0.08461688703265502,28
R1349T,L-frontal,1275.0,0.02599744438655257,28
R1349T,L-frontal,1325.0,0.07191768658960669,28
R1349T,L-frontal,1375.0,0.07651691095067101,28
R1349T,L-frontal,1425.0,0.03565830445959533,28
R1349T,L-frontal,1475.0,-0.0099551333516979,28
R1349T,L-frontal,1525.0,-0.03545876568289976,28
R1349T,L-frontal,1575.0,-0.00972761065184132,28
R1349T,L-occipital,25.0,0.08110380640835602,3
R1349T,L-occipital,75.0,0.08123111029785883,3
R1349T,L-occipital,125.0,0.12100740660646277,3
R1349T,L-occipital,175.0,0.28965706552135156,3
R1349T,L-occipital,225.0,0.15459041175660113,3
R1349T,L-occipital,275.0,0.36374137645766996,3
R1349T,L-occipital,325.0,0.31036855448708406,3
R1349T,L-occipital,375.0,0.3401680601359783,3
R1349T,L-occipital,425.0,0.19467034221379453,3
R1349T,L-occipital,475.0,0.16041868293712855,3
R1349T,L-occipital,525.0,0.11495610190939809,3
R1349T,L-occipital,575.0,0.09498673488807981,3
R1349T,L-occipital,625.0,0.04143976920433188,3
R1349T,L-occipital,675.0,-0.0468452108745181,3
R1349T,L-occipital,725.0,-0.015738646764390057,3
R1349T,L-occipital,775.0,0.09460705928614944,3
R1349T,L-occipital,825.0,0.16697339902745637,3
R1349T,L-occipital,875.0,0.13635126485711124,3
R1349T,L-occipital,925.0,0.09407160778597767,3
R1349T,L-occipital,975.0,0.03985866134593516,3
R1349T,L-occipital,1025.0,0.0773075742466392,3
R1349T,L-occipital,1075.0,-0.040792532645821604,3
R1349T,L-occipital,1125.0,-0.014414279652006192,3
R1349T,L-occipital,1175.0,0.009586768134397563,3
R1349T,L-occipital,1225.0,0.020179532646545217,3
R1349T,L-occipital,1275.0,0.06130910011079691,3
R1349T,L-occipital,1325.0,0.03793927816814372,3
R1349T,L-occipital,1375.0,0.16487655291088216,3
R1349T,L-occipital,1425.0,0.17710144794825097,3
R1349T,L-occipital,1475.0,0.1488586948584518,3
R1349T,L-occipital,1525.0,0.014633283803244813,3
R1349T,L-occipital,1575.0,0.07207131190509726,3
R1349T,L-parietal,25.0,0.08368769116023173,13
R1349T,L-parietal,75.0,0.03176313632263024,13
R1349T,L-parietal,125.0,0.10066246455590563,13
R1349T,L-parietal,175.0,0.14051012106118874,13
R1349T,L-parietal,225.0,0.12720461729795435,13
R1349T,L-parietal,275.0,0.08907969887785677,13
R1349T,L-parietal,325.0,0.04110550276644753,13
R1349T,L-parietal,375.0,-0.05492788683236111,13
R1349T,L-parietal,425.0,-0.04780289989703794,13
R1349T,L-parietal,475.0,-0.02287338189219743,13
R1349T,L-parietal,525.0,-0.027232045858043057,13
R1349T,L-parietal,575.0,-0.08660700737470428,13
R1349T,L-parietal,625.0,-0.08833976413466417,13
R1349T,L-parietal,675.0,-0.07354328277137148,13
R1349T,L-parietal,725.0,-0.11844608586187484,13
R1349T,L-parietal,775.0,-0.07891148942431675,13
R1349T,L-parietal,825.0,-0.08816076782673049,13
R1349T,L-parietal,875.0,-0.015887299036284695,13
R1349T,L-parietal,925.0,-0.019668777231779715,13
R1349T,L-parietal,975.0,0.013383718994964959,13
R1349T,L-parietal,1025.0,-0.03530532303143063,13
R1349T,L-parietal,1075.0,-0.050564229943190764,13
R1349T,L-parietal,1125.0,-0.07577343134187006,13
R1349T,L-parietal,1175.0,-0.07120638609574659,13
R1349T,L-parietal,1225.0,-0.022231662001656674,13
R1349T,L-parietal,1275.0,0.033424294475017005,13
R1349T,L-parietal,1325.0,-0.008224147244404945,13
R1349T,L-parietal,1375.0,0.024781909424960637,13
R1349T,L-parietal,1425.0,0.02884142955800279,13
R1349T,L-parietal,1475.0,-0.009631287667728493,13
R1349T,L-parietal,1525.0,-0.04809838300704906,13
R1349T,L-parietal,1575.0,0.007266621781102294,13
R1349T,L-temporal,25.0,0.006802605891362037,16
R1349T,L-temporal,75.0,0.012600724498056578,16
R1349T,L-temporal,125.0,0.005817921167116894,16
R1349T,L-temporal,175.0,0.005828106858721809,16
R1349T,L-temporal,225.0,0.0766256680788052,16
R1349T,L-temporal,275.0,0.017377882911634477,16
R1349T,L-temporal,325.0,-0.03897246475175777,16
R1349T,L-temporal,375.0,-0.0029063026609111847,16
R1349T,L-temporal,425.0,-0.06146970510405661,16
R1349T,L-temporal,475.0,-0.016964816858955043,16
R1349T,L-temporal,525.0,0.0005508282139471887,16
R1349T,L-temporal,575.0,-0.054828368417870026,16
R1349T,L-temporal,625.0,-0.029281701954526722,16
R1349T,L-temporal,675.0,-0.08854911918841173,16
R1349T,L-temporal,725.0,-0.061915111861896854,16
R1349T,L-temporal,775.0,-0.06152100311109104,16
R1349T,L-temporal,825.0,-0.02553080806032184,16
R1349T,L-temporal,875.0,-0.03339140349165585,16
R1349T,L-temporal,925.0,-0.03754698719547427,16
R1349T,L-temporal,975.0,-0.03217508517253699,16
R1349T,L-temporal,1025.0,-0.04726119329410686,16
R1349T,L-temporal,1075.0,-0.0647777164489909,16
R1349T,L-temporal,1125.0,-0.05686562456544214,16
R1349T,L-temporal,1175.0,-0.08331866348569285,16
R1349T,L-temporal,1225.0,-0.006498633323907638,16
R1349T,L-temporal,1275.0,0.023827255948011487,16
R1349T,L-temporal,1325.0,0.02571336325177301,16
R1349T,L-temporal,1375.0,-0.01311792507329936,16
R1349T,L-temporal,1425.0,0.008822212357089843,16
R1349T,L-temporal,1475.0,-0.013054999916146478,16
R1349T,L-temporal,1525.0,0.0054092251819481815,16
R1349T,L-temporal,1575.0,0.035846938882811846,16
R1349T,R-parietal,25.0,0.028144836003995338,4
R1349T,R-parietal,75.0,0.008484205724688927,4
R1349T,R-parietal,125.0,0.08838999419039573,4
R1349T,R-parietal,175.0,0.04534304248159485,4
R1349T,R-parietal,225.0,0.05380950173320966,4
R1349T,R-parietal,275.0,0.0436765053503777,4
R1349T,R-parietal,325.0,0.09991552607713292,4
R1349T,R-parietal,375.0,0.03949330567455637,4
R1349T,R-parietal,425.0,-0.01820940506740632,4
R1349T,R-parietal,475.0,0.04006491993403593,4
R1349T,R-parietal,525.0,0.0712246948372221,4
R1349T,R-parietal,575.0,-0.016685446757270045,4
R1349T,R-parietal,625.0,-0.04116588228314952,4
R1349T,R-parietal,675.0,0.0015755466770469738,4
R1349T,R-parietal,725.0,0.0016698442080388745,4
R1349T,R-parietal,775.0,-0.056771990895365,4
R1349T,R-parietal,825.0,-0.03983367199348395,4
R1349T,R-parietal,875.0,0.03335381608330821,4
R1349T,R-parietal,925.0,0.045216005540980014,4
R1349T,R-parietal,975.0,-0.022961100037747192,4
R1349T,R-parietal,1025.0,-0.05674025409578839,4
R1349T,R-parietal,1075.0,0.025697511595954483,4
R1349T,R-parietal,1125.0,0.06773546544026149,4
R1349T,R-parietal,1175.0,-0.008281641877839842,4
R1349T,R-parietal,1225.0,-8.090861065258512e-05,4
R1349T,R-parietal,1275.0,0.05534390295874965,4
R1349T,R-parietal,1325.0,-0.012079245464667376,4
R1349T,R-parietal,1375.0,0.020136399125654368,4
R1349T,R-parietal,1425.0,0.04315028926749884,4
R1349T,R-parietal,1475.0,0.011339466537517532,4
R1349T,R-parietal,1525.0,-0.03848866937236113,4
R1349T,R-parietal,1575.0,-0.0854504319027121,4
R1349T,R-temporal,25.0,0.060528788931779515,3
R1349T,R-temporal,75.0,0.09897856307801679,3
R1349T,R-temporal,125.0,0.08311924581243872,3
R1349T,R-temporal,175.0,0.010933982753718458,3
R1349T,R-temporal,225.0,0.012331520340376012,3
R1349T,R-temporal,275.0,-0.027751287982092466,3
R1349T,R-temporal,325.0,-0.02630517163420704,3
R1349T,R-temporal,375.0,0.018694781601131943,3
R1349T,R-temporal,425.0,-0.08447477757744037,3
R1349T,R-temporal,475.0,0.07017221110544035,3
R1349T,R-temporal,525.0,-0.0024162286216179336,3
R1349T,R-temporal,575.0,-0.05539408401125757,3
R1349T,R-temporal,625.0,0.007656906586644095,3
R1349T,R-temporal,675.0,0.0016441279341500353,3
R1349T,R-temporal,725.0,-0.056430827665667156,3
R1349T,R-temporal,775.0,-0.025082999314614884,3
R1349T,R-temporal,825.0,0.023166958014936814,3
R1349T,R-temporal,875.0,-0.07382404722813951,3
R1349T,R-temporal,925.0,-0.007687495457458532,3
R1349T,R-temporal,975.0,0.04480115645278513,3
R1349T,R-temporal,1025.0,-0.038252722403076395,3
R1349T,R-temporal,1075.0,0.06402009002189345,3
R1349T,R-temporal,1125.0,0.0019524649849273351,3
R1349T,R-temporal,1175.0,0.014389765713296802,3
R1349T,R-temporal,1225.0,0.04760970353390775,3
R1349T,R-temporal,1275.0,-0.014695538901840575,3
R1349T,R-temporal,1325.0,-0.01997879389049264,3
R1349T,R-temporal,1375.0,0.03640238899344683,3
R1349T,R-temporal,1425.0,0.030632252448724275,3
R1349T,R-temporal,1475.0,0.008399701203704387,3
R1349T,R-temporal,1525.0,0.0005350382875751915,3
R1349T,R-temporal,1575.0,-0.035185044121256566,3
R1351M,R-frontal,25.0,-0.007441521034584189,16
R1351M,R-frontal,75.0,0.006624162317160877,16
R1351M,R-frontal,125.0,-0.01754348062724813,16
R1351M,R-frontal,175.0,-0.0025447738478630933,16
R1351M,R-frontal,225.0,-0.036375830058326106,16
R1351M,R-frontal,275.0,-0.015611289492523953,16
R1351M,R-frontal,325.0,0.0036781362954861237,16
R1351M,R-frontal,375.0,-0.04015163554667351,16
R1351M,R-frontal,425.0,0.03879904031296173,16
R1351M,R-frontal,475.0,-0.009915577498309822,16
R1351M,R-frontal,525.0,-0.0022252756748973625,16
R1351M,R-frontal,575.0,-0.031065722669466136,16
R1351M,R-frontal,625.0,0.021250556211521762,16
R1351M,R-frontal,675.0,0.009120897784974734,16
R1351M,R-frontal,725.0,0.022372113231639575,16
R1351M,R-frontal,775.0,-0.027276794455414328,16
R1351M,R-frontal,825.0,0.0026674051881420413,16
R1351M,R-frontal,875.0,0.014789809437910481,16
R1351M,R-frontal,925.0,-0.009067203615070546,16
R1351M,R-frontal,975.0,0.01324027762804205,16
R1351M,R-frontal,1025.0,0.040098657649360374,16
R1351M,R-frontal,1075.0,0.02777234260851205,16
R1351M,R-frontal,1125.0,0.00340812182847048,16
R1351M,R-frontal,1175.0,0.012041775489097392,16
R1351M,R-frontal,1225.0,0.011651304096971729,16
R1351M,R-frontal,1275.0,0.008913053405295128,16
R1351M,R-frontal,1325.0,0.009036612988458311,16
R1351M,R-frontal,1375.0,0.007026468592440911,16
R1351M,R-frontal,1425.0,0.05762490981119948,16
R1351M,R-frontal,1475.0,-0.0015426446723533667,16
R1351M,R-frontal,1525.0,0.009567742055428534,16
R1351M,R-frontal,1575.0,-0.016419406337459624,16
R1351M,R-occipital,25.0,-0.0066243594591933385,11
R1351M,R-occipital,75.0,-0.029262306450366326,11
R1351M,R-occipital,125.0,-0.007552531604394746,11
R1351M,R-occipital,175.0,-0.014867448062232986,11
R1351M,R-occipital,225.0,0.0030065113934927543,11
R1351M,R-occipital,275.0,-0.0030927974945010456,11
R1351M,R-occipital,325.0,0.009025171061166298,11
R1351M,R-occipital,375.0,0.010425045270023822,11
R1351M,R-occipital,425.0,0.011109799439539134,11
R1351M,R-occipital,475.0,-0.03040691107522433,11
R1351M,R-occipital,525.0,-0.032498965740154734,11
R1351M,R-occipital,575.0,0.04700949629775942,11
R1351M,R-occipital,625.0,-0.027314744160714076,11
R1351M,R-occipital,675.0,0.027537034705523676,11
R1351M,R-occipital,725.0,-0.02369504127671065,11
R1351M,R-occipital,775.0,0.05565603658302478,11
R1351M,R-occipital,825.0,0.00814639576594871,11
R1351M,R-occipital,875.0,-0.027301523140395176,11
R1351M,R-occipital,925.0,-0.022294466502380844,11
R1351M,R-occipital,975.0,-0.01210832909895031,11
R1351M,R-occipital,1025.0,-0.009437738150871849,11
R1351M,R-occipital,1075.0,0.011090410072692068,11
R1351M,R-occipital,1125.0,0.029795994833711606,11
R1351M,R-occipital,1175.0,0.05095957399979256,11
R1351M,R-occipital,1225.0,-0.007037912356442902,11
R1351M,R-occipital,1275.0,-0.023008017738744432,11
R1351M,R-occipital,1325.0,-0.04496403318798703,11
R1351M,R-occipital,1375.0,0.05172650147628852,11
R1351M,R-occipital,1425.0,0.0001545453627091323,11
R1351M,R-occipital,1475.0,0.023854640371669164,11
R1351M,R-occipital,1525.0,0.032609549912473966,11
R1351M,R-occipital,1575.0,-0.0014732056538676458,11
R1351M,R-parietal,25.0,-0.07436879821097284,5
R1351M,R-parietal,75.0,-0.024035515032475457,5
R1351M,R-parietal,125.0,-0.011594984643948989,5
R1351M,R-parietal,175.0,0.09119230409640126,5
R1351M,R-parietal,225.0,0.017103525893755245,5
R1351M,R-parietal,275.0,0.03925749725699502,5
R1351M,R-parietal,325.0,-0.00305572547143759,5
R1351M,R-parietal,375.0,-0.050056832990650404,5
R1351M,R-parietal,425.0,0.03812705204675189,5
R1351M,R-parietal,475.0,0.040188548355574644,5
R1351M,R-parietal,525.0,0.03527587889792534,5
R1351M,R-parietal,575.0,0.013509903410177557,5
R1351M,R-parietal,625.0,-0.08586337710459764,5
R1351M,R-parietal,675.0,0.020991956866638902,5
R1351M,R-parietal,725.0,-0.0201772242416179,5
R1351M,R-parietal,775.0,-0.020888324690356876,5
R1351M,R-parietal,825.0,-0.021036195877823575,5
R1351M,R-parietal,875.0,0.01927772316199665,5
R1351M,R-parietal,925.0,0.007289302501982374,5
R1351M,R-parietal,975.0,-0.0051177593766654535,5
R1351M,R-parietal,1025.0,0.0414479954655172,5
R1351M,R-parietal,1075.0,0.017344509423283617,5
R1351M,R-parietal,1125.0,-0.0024025457886023673,5
R1351M,R-parietal,1175.0,0.012675555433423497,5
R1351M,R-parietal,1225.0,0.05622638901125705,5
R1351M,R-parietal,1275.0,0.01528365881379668,5
R1351M,R-parietal,1325.0,0.031238189489187402,5
R1351M,R-parietal,1375.0,0.011500251244272114,5
R1351M,R-parietal,1425.0,0.02245563871867509,5
R1351M,R-parietal,1475.0,-0.0472959621064698,5
R1351M,R-parietal,1525.0,0.02651964455375474,5
R1351M,R-parietal,1575.0,-0.010510029778078817,5
R1351M,R-temporal,25.0,0.012821396704416024,38
R1351M,R-temporal,75.0,-0.02263636566281285,38
R1351M,R-temporal,125.0,-0.013896685888425025,38
R1351M,R-temporal,175.0,0.013713357153182512,38
R1351M,R-temporal,225.0,-0.007923871541556528,38
R1351M,R-temporal,275.0,0.026571640115387537,38
R1351M,R-temporal,325.0,-0.02721794557033464,38
R1351M,R-temporal,375.0,-0.0184251642102837,38
R1351M,R-temporal,425.0,-0.009991742355396654,38
R1351M,R-temporal,475.0,-0.018678172028408616,38
R1351M,R-temporal,525.0,-0.004729306612856618,38
R1351M,R-temporal,575.0,-0.013401932642724683,38
R1351M,R-temporal,625.0,-0.015147773091603492,38
R1351M,R-temporal,675.0,-0.027150778625823557,38
R1351M,R-temporal,725.0,-0.014419555930932604,38
R1351M,R-temporal,775.0,0.008796083416971629,38
R1351M,R-temporal,825.0,-0.007079831223061132,38
R1351M,R-temporal,875.0,0.012405997999855615,38
R1351M,R-temporal,925.0,0.004718513213370748,38
R1351M,R-temporal,975.0,-0.00043114891560201577,38
R1351M,R-temporal,1025.0,0.008919492354785003,38
R1351M,R-temporal,1075.0,-0.010728275776227661,38
R1351M,R-temporal,1125.0,-0.02980437815035889,38
R1351M,R-temporal,1175.0,-0.00027251380230840883,38
R1351M,R-temporal,1225.0,-0.01451900183018899,38
R1351M,R-temporal,1275.0,-0.012021370144041118,38
R1351M,R-temporal,1325.0,-0.002680041705357326,38
R1351M,R-temporal,1375.0,0.0013938600886915398,38
R1351M,R-temporal,1425.0,-0.00806784217240046,38
R1351M,R-temporal,1475.0,-0.009901325405734398,38
R1351M,R-temporal,1525.0,-0.020121846678739324,38
R1351M,R-temporal,1575.0,-0.021150267166874837,38
R1367D,L-temporal,25.0,-0.04229433194397422,13
R1367D,L-temporal,75.0,-0.052300257831977386,13
R1367D,L-temporal,125.0,-0.03991966949119978,13
R1367D,L-temporal,175.0,-0.008762837733602046,13
R1367D,L-temporal,225.0,0.004690408315157179,13
R1367D,L-temporal,275.0,-0.0095946639129005,13
R1367D,L-temporal,325.0,-0.013257534926555254,13
R1367D,L-temporal,375.0,0.0036193348821212667,13
R1367D,L-temporal,425.0,0.003508405664639118,13
R1367D,L-temporal,475.0,-0.02728258701194689,13
R1367D,L-temporal,525.0,0.018238411863626847,13
R1367D,L-temporal,575.0,-0.011086865375242958,13
R1367D,L-temporal,625.0,0.0005505663086991178,13
R1367D,L-temporal,675.0,-0.006305570656467334,13
R1367D,L-temporal,725.0,-0.0019627398848563672,13
R1367D,L-temporal,775.0,0.015541793963853905,13
R1367D,L-temporal,825.0,0.04342610701178927,13
R1367D,L-temporal,875.0,0.03239542335562082,13
R1367D,L-temporal,925.0,-0.025243404082042023,13
R1367D,L-temporal,975.0,0.015969858496579746,13
R1367D,L-temporal,1025.0,0.01502662436129403,13
R1367D,L-temporal,1075.0,0.006334731334294395,13
R1367D,L-temporal,1125.0,0.004463570929650565,13
R1367D,L-temporal,1175.0,0.0201122978220764,13
R1367D,L-temporal,1225.0,-0.017736373128059795,13
R1367D,L-temporal,1275.0,0.01087636672557821,13
R1367D,L-temporal,1325.0,0.02229382513429702,13
R1367D,L-temporal,1375.0,-0.012686680314953323,13
R1367D,L-temporal,1425.0,-0.019416367360910167,13
R1367D,L-temporal,1475.0,-0.008180583869914375,13
R1367D,L-temporal,1525.0,0.023480288576687085,13
R1367D,L-temporal,1575.0,0.04219215626938382,13
R1367D,R-temporal,25.0,-0.020917942876181213,10
R1367D,R-temporal,75.0,-0.03411352899427803,10
R1367D,R-temporal,125.0,0.0845522571150467,10
R1367D,R-temporal,175.0,0.059817524736322694,10
R1367D,R-temporal,225.0,0.06450613897637592,10
R1367D,R-temporal,275.0,0.08809112982685707,10
R1367D,R-temporal,325.0,0.008529839851750995,10
R1367D,R-temporal,375.0,-0.04918134947619777,10
R1367D,R-temporal,425.0,-0.046979975081981595,10
R1367D,R-temporal,475.0,-0.07205645917811362,10
R1367D,R-temporal,525.0,-0.06943690747609717,10
R1367D,R-temporal,575.0,-0.0548346773488223,10
R1367D,R-temporal,625.0,-0.03874405939409083,10
R1367D,R-temporal,675.0,-0.04274630894369964,10
R1367D,R-temporal,725.0,-0.011456371815101268,10
R1367D,R-temporal,775.0,-0.029248774608801653,10
R1367D,R-temporal,825.0,-0.027157576456240496,10
R1367D,R-temporal,875.0,-0.04989946346033821,10
R1367D,R-temporal,925.0,-0.013788439810114354,10
R1367D,R-temporal,975.0,0.00026924061229811614,10
R1367D,R-temporal,1025.0,0.03701941731315799,10
R1367D,R-temporal,1075.0,0.031098726824123783,10
R1367D,R-temporal,1125.0,0.016764576235056155,10
R1367D,R-temporal,1175.0,0.03588300148001929,10
R1367D,R-temporal,1225.0,0.026458449883932266,10
R1367D,R-temporal,1275.0,-0.009944715800691072,10
R1367D,R-temporal,1325.0,-0.012408434740242256,10
R1367D,R-temporal,1375.0,-0.00656111249166908,10
R1367D,R-temporal,1425.0,-0.008379761578201226,10
R1367D,R-temporal,1475.0,-0.02326777638392499,10
R1367D,R-temporal,1525.0,0.028801863813741592,10
R1367D,R-temporal,1575.0,0.01636364337539962,10
